customer_id,full_name,email,phone,age,gender,city,customer_segment,signup_date,is_premium
1,Ananya Nair,ananya.nair95@yahoo.com,9826600539,26,M,Hyderabad,Loyal,2023-03-04,1
2,Ananya Sharma,ananya.sharma84@yahoo.com,9868820204,53,F,Bangalore,Loyal,2022-12-06,1
3,Deepak Verma,deepak.verma20@gmail.com,9398362082,45,M,Bangalore,Occasional,2022-01-11,0
4,Sneha Shah,sneha.shah6@yahoo.com,9384027113,40,M,Chennai,Loyal,2023-08-14,0
5,Divya Shah,divya.shah9@gmail.com,9856528252,54,F,Jaipur,Occasional,2024-05-07,0
6,Nisha Nair,nisha.nair59@yahoo.com,9398471886,24,F,Delhi,Occasional,2022-05-04,0
7,Asha Reddy,asha.reddy22@gmail.com,9781802744,22,M,Delhi,Occasional,2022-11-22,0
8,Pallavi Nair,pallavi.nair5@yahoo.com,9345938494,38,M,Delhi,Occasional,2023-02-24,0
9,Vikas Mehta,vikas.mehta83@gmail.com,9524806516,31,F,Delhi,Loyal,2024-05-31,1
10,Sunita Iyer,sunita.iyer29@yahoo.com,9488690725,55,F,Delhi,New,2023-02-13,0
11,Nisha Kumar,nisha.kumar88@gmail.com,9950488739,27,F,Mumbai,Occasional,2022-03-15,0
12,Tarun Reddy,tarun.reddy93@gmail.com,9830448745,53,M,Mumbai,Occasional,2023-12-29,0
13,Sneha Rao,sneha.rao1@yahoo.com,9587182120,45,F,Pune,New,2023-06-13,0
14,Deepak Verma,deepak.verma39@yahoo.com,9771410971,50,M,Pune,Occasional,2024-02-17,0
15,Deepak Verma,deepak.verma77@gmail.com,9100614068,52,M,Bangalore,Loyal,2023-08-04,1
16,Ananya Patel,ananya.patel11@yahoo.com,9184564737,33,M,Kolkata,Churned,2023-04-23,0
17,Deepak Gupta,deepak.gupta22@gmail.com,9690347116,26,F,Chennai,Churned,2024-04-07,0
18,Pallavi Joshi,pallavi.joshi84@gmail.com,9821218382,37,F,Pune,Occasional,2022-11-26,0
19,Ananya Singh,ananya.singh71@gmail.com,9731691672,39,M,Pune,Occasional,2023-01-21,0
20,Ananya Singh,ananya.singh66@gmail.com,9176082500,20,M,Delhi,Loyal,2022-04-02,0
21,Aditya Das,aditya.das53@gmail.com,9967043303,33,F,Mumbai,Loyal,2024-06-06,1
22,Nisha Patel,nisha.patel94@gmail.com,9532311310,24,M,Bangalore,Occasional,2023-12-27,0
23,Riya Pillai,riya.pillai36@gmail.com,9297018781,26,F,Pune,Occasional,2022-10-23,0
24,Sneha Patel,sneha.patel97@yahoo.com,9200140141,52,M,Pune,Loyal,2024-05-04,1
25,Vikas Patel,vikas.patel50@gmail.com,9102314313,28,F,Bangalore,Occasional,2023-09-15,0
26,Manish Das,manish.das28@yahoo.com,9418587604,27,F,Chennai,Occasional,2023-10-20,0
27,Priya Patel,priya.patel68@gmail.com,9639931481,55,F,Bangalore,Occasional,2023-05-03,0
28,Rahul Singh,rahul.singh73@gmail.com,9228727266,33,F,Jaipur,Loyal,2022-10-16,0
29,Aditya Mehta,aditya.mehta92@gmail.com,9819112790,34,F,Hyderabad,Occasional,2024-06-25,0
30,Siddharth Mehta,siddharth.mehta80@yahoo.com,9592080329,22,M,Delhi,Loyal,2023-04-12,0
31,Amit Shah,amit.shah37@gmail.com,9496776692,22,F,Mumbai,Occasional,2023-02-16,0
32,Arjun Rao,arjun.rao15@yahoo.com,9383968123,24,F,Pune,New,2024-04-01,0
33,Neha Joshi,neha.joshi82@yahoo.com,9838194420,39,F,Chennai,Loyal,2023-03-14,0
34,Rahul Iyer,rahul.iyer43@yahoo.com,9103807155,35,M,Delhi,Churned,2022-03-20,0
35,Riya Iyer,riya.iyer10@yahoo.com,9220123666,53,M,Hyderabad,Occasional,2023-11-18,0
36,Gaurav Shah,gaurav.shah56@gmail.com,9259014493,55,M,Hyderabad,Loyal,2022-02-25,1
37,Vikas Shah,vikas.shah14@gmail.com,9816114302,31,F,Pune,New,2022-03-03,0
38,Pallavi Nair,pallavi.nair4@gmail.com,9542697755,28,F,Bangalore,Churned,2022-08-29,0
39,Rekha Nair,rekha.nair90@gmail.com,9945436943,35,F,Kolkata,New,2023-10-02,0
40,Rohan Pillai,rohan.pillai30@gmail.com,9981044229,40,M,Pune,Churned,2022-12-12,0
41,Nisha Singh,nisha.singh66@gmail.com,9788785773,35,M,Hyderabad,Occasional,2023-03-09,0
42,Sneha Reddy,sneha.reddy5@gmail.com,9385042337,29,M,Jaipur,Occasional,2022-02-12,0
43,Pooja Kumar,pooja.kumar33@gmail.com,9304095531,42,M,Bangalore,New,2023-05-03,0
44,Asha Joshi,asha.joshi86@yahoo.com,9175133802,41,F,Bangalore,Occasional,2024-04-16,0
45,Sunita Rao,sunita.rao53@gmail.com,9816070802,50,M,Hyderabad,New,2022-07-13,0
46,Pooja Kapoor,pooja.kapoor39@gmail.com,9711072118,29,M,Hyderabad,New,2022-10-26,0
47,Pooja Mehta,pooja.mehta87@gmail.com,9574765466,47,F,Pune,Occasional,2022-11-23,0
48,Asha Singh,asha.singh82@yahoo.com,9812807629,36,M,Bangalore,Churned,2022-09-21,0
49,Asha Rao,asha.rao4@gmail.com,9258220114,32,F,Mumbai,Churned,2022-12-31,0
50,Siddharth Iyer,siddharth.iyer90@gmail.com,9871318048,54,F,Jaipur,New,2022-04-24,0
51,Vikas Kumar,vikas.kumar90@gmail.com,9288856883,45,F,Delhi,Loyal,2022-01-09,1
52,Amit Pillai,amit.pillai41@yahoo.com,9739362057,51,M,Delhi,New,2023-12-11,0
53,Pooja Pillai,pooja.pillai34@yahoo.com,9583258726,28,F,Pune,New,2024-02-24,0
54,Swati Nair,swati.nair92@gmail.com,9183197117,35,F,Pune,Occasional,2024-03-20,0
55,Rahul Gupta,rahul.gupta89@gmail.com,9511281012,27,F,Delhi,Occasional,2024-04-19,0
56,Riya Pillai,riya.pillai54@gmail.com,9322086735,44,M,Mumbai,Occasional,2023-05-30,0
57,Nisha Kapoor,nisha.kapoor39@yahoo.com,9477698143,48,M,Chennai,Churned,2022-01-31,0
58,Riya Nair,riya.nair56@gmail.com,9393062061,49,F,Pune,Churned,2023-10-13,0
59,Sunita Verma,sunita.verma69@gmail.com,9768143326,47,F,Delhi,New,2023-09-21,0
60,Rahul Iyer,rahul.iyer7@gmail.com,9295130056,26,F,Delhi,New,2022-02-12,0
61,Deepak Kapoor,deepak.kapoor11@gmail.com,9370874491,35,F,Delhi,Occasional,2023-06-09,0
62,Ananya Singh,ananya.singh26@yahoo.com,9365518424,20,M,Chennai,Loyal,2023-06-28,0
63,Aditya Joshi,aditya.joshi48@gmail.com,9923450567,47,M,Delhi,Occasional,2022-06-27,0
64,Deepak Verma,deepak.verma4@yahoo.com,9721358005,37,M,Hyderabad,New,2022-06-27,0
65,Nikhil Joshi,nikhil.joshi81@gmail.com,9841541582,22,M,Bangalore,Churned,2023-08-07,0
66,Rekha Patel,rekha.patel85@gmail.com,9559967386,40,M,Hyderabad,Occasional,2022-07-08,0
67,Gaurav Das,gaurav.das82@yahoo.com,9488896443,24,F,Bangalore,Occasional,2023-10-15,0
68,Sunita Reddy,sunita.reddy56@yahoo.com,9599154414,52,F,Bangalore,Loyal,2022-10-01,0
69,Vikram Pillai,vikram.pillai79@yahoo.com,9711871397,33,F,Delhi,Occasional,2022-05-15,0
70,Kavya Das,kavya.das34@gmail.com,9956665975,31,M,Delhi,Occasional,2023-05-20,0
71,Riya Sharma,riya.sharma31@yahoo.com,9191926217,51,F,Pune,New,2023-03-06,0
72,Sachin Das,sachin.das38@gmail.com,9199915275,46,M,Bangalore,New,2024-01-10,0
73,Meera Das,meera.das55@yahoo.com,9469106688,53,M,Hyderabad,Occasional,2024-06-22,0
74,Vikram Rao,vikram.rao93@gmail.com,9229553265,34,F,Bangalore,Occasional,2023-12-06,0
75,Rohan Joshi,rohan.joshi76@yahoo.com,9878017216,48,M,Mumbai,Occasional,2022-10-15,0
76,Gaurav Joshi,gaurav.joshi23@gmail.com,9487493096,36,F,Bangalore,Occasional,2022-06-06,0
77,Priya Rao,priya.rao2@gmail.com,9210152642,26,F,Hyderabad,Loyal,2022-03-12,0
78,Vikram Das,vikram.das63@gmail.com,9530256336,25,M,Bangalore,Loyal,2022-03-21,0
79,Divya Singh,divya.singh98@gmail.com,9699226355,33,M,Mumbai,Loyal,2024-05-24,0
80,Siddharth Pillai,siddharth.pillai40@gmail.com,9560452529,37,M,Hyderabad,New,2023-08-14,0
81,Deepak Joshi,deepak.joshi11@gmail.com,9809129316,31,M,Mumbai,Churned,2022-06-04,0
82,Pooja Pillai,pooja.pillai30@gmail.com,9135046782,48,M,Mumbai,Loyal,2022-01-05,1
83,Pallavi Reddy,pallavi.reddy15@gmail.com,9556489494,55,F,Pune,Loyal,2022-12-29,0
84,Priya Verma,priya.verma73@yahoo.com,9904187231,37,M,Kolkata,New,2022-04-21,0
85,Manish Kapoor,manish.kapoor64@gmail.com,9679800791,35,M,Bangalore,Occasional,2023-04-18,0
86,Neha Reddy,neha.reddy87@yahoo.com,9345805719,19,M,Bangalore,Churned,2023-05-16,0
87,Aditya Patel,aditya.patel84@gmail.com,9657233178,29,F,Bangalore,Churned,2023-02-23,0
88,Sachin Das,sachin.das53@gmail.com,9473620340,23,F,Delhi,Churned,2023-11-09,0
89,Pooja Das,pooja.das98@gmail.com,9973559879,36,F,Hyderabad,Churned,2023-05-28,0
90,Sneha Kapoor,sneha.kapoor70@gmail.com,9806157458,50,M,Bangalore,Occasional,2023-05-18,0
91,Sachin Pillai,sachin.pillai71@gmail.com,9386749454,21,F,Mumbai,Occasional,2024-02-14,0
92,Sneha Sharma,sneha.sharma71@gmail.com,9433665422,33,F,Delhi,Churned,2024-01-23,0
93,Siddharth Kumar,siddharth.kumar38@gmail.com,9869446962,27,F,Delhi,Occasional,2022-06-26,0
94,Ananya Pillai,ananya.pillai25@yahoo.com,9511872350,53,F,Delhi,New,2024-01-04,0
95,Vikram Iyer,vikram.iyer1@gmail.com,9386874458,39,M,Bangalore,Churned,2022-04-19,0
96,Nisha Gupta,nisha.gupta45@gmail.com,9620057604,46,M,Delhi,New,2024-01-31,0
97,Nisha Joshi,nisha.joshi30@yahoo.com,9511211819,33,M,Chennai,Occasional,2023-05-15,0
98,Manish Kapoor,manish.kapoor5@gmail.com,9631855083,42,F,Delhi,Occasional,2024-01-05,0
99,Nisha Pillai,nisha.pillai2@yahoo.com,9590622789,24,M,Jaipur,Occasional,2022-06-05,0
100,Rahul Das,rahul.das89@gmail.com,9769219685,34,M,Delhi,New,2022-08-28,0
101,Nikhil Mehta,nikhil.mehta80@gmail.com,9138546365,49,M,Mumbai,Occasional,2024-04-08,0
102,Sunita Singh,sunita.singh82@yahoo.com,9916440738,45,M,Hyderabad,Churned,2022-12-20,0
103,Vikas Sharma,vikas.sharma8@gmail.com,9954852540,20,M,Mumbai,Loyal,2023-04-11,1
104,Asha Verma,asha.verma79@yahoo.com,9184791618,28,F,Mumbai,Occasional,2024-05-29,0
105,Amit Nair,amit.nair33@yahoo.com,9593460064,47,M,Hyderabad,Occasional,2024-06-24,0
106,Asha Verma,asha.verma76@gmail.com,9471048258,22,F,Pune,Occasional,2023-03-23,0
107,Nisha Rao,nisha.rao14@gmail.com,9618840705,30,F,Jaipur,New,2023-12-11,0
108,Arjun Kapoor,arjun.kapoor88@yahoo.com,9707661655,35,M,Bangalore,New,2023-04-04,0
109,Gaurav Rao,gaurav.rao46@gmail.com,9961067882,32,M,Jaipur,Churned,2024-02-11,0
110,Sachin Kumar,sachin.kumar57@gmail.com,9946764061,20,M,Mumbai,Occasional,2022-08-01,0
111,Karan Iyer,karan.iyer70@yahoo.com,9241905500,29,F,Delhi,Loyal,2023-04-04,1
112,Vikram Das,vikram.das15@gmail.com,9963538119,36,M,Bangalore,Occasional,2022-09-13,0
113,Nisha Kapoor,nisha.kapoor51@gmail.com,9196961971,53,M,Mumbai,New,2022-12-17,0
114,Aditya Kapoor,aditya.kapoor30@gmail.com,9824600232,41,M,Bangalore,Occasional,2023-02-12,0
115,Pallavi Nair,pallavi.nair39@yahoo.com,9852775879,22,F,Hyderabad,Churned,2023-05-25,0
116,Divya Das,divya.das69@gmail.com,9352114611,25,M,Mumbai,Loyal,2022-02-27,0
117,Pooja Gupta,pooja.gupta63@yahoo.com,9995171130,44,M,Hyderabad,New,2024-04-19,0
118,Rohan Pillai,rohan.pillai13@yahoo.com,9489431174,46,F,Kolkata,Occasional,2023-07-30,0
119,Priya Kapoor,priya.kapoor59@gmail.com,9231167999,35,F,Delhi,Churned,2023-07-12,0
120,Priya Mehta,priya.mehta73@gmail.com,9945011302,33,F,Mumbai,New,2022-02-03,0
121,Rohan Nair,rohan.nair77@gmail.com,9946799779,39,F,Pune,New,2024-06-29,0
122,Riya Reddy,riya.reddy4@gmail.com,9809805235,29,M,Pune,Loyal,2022-07-21,1
123,Kavya Reddy,kavya.reddy54@gmail.com,9896413702,21,F,Chennai,New,2022-01-25,0
124,Tarun Kumar,tarun.kumar79@gmail.com,9337887233,46,M,Chennai,Occasional,2023-07-17,0
125,Divya Pillai,divya.pillai52@gmail.com,9614302907,19,M,Chennai,Churned,2024-03-21,0
126,Rahul Singh,rahul.singh9@gmail.com,9259272239,38,M,Mumbai,New,2023-11-21,0
127,Nikhil Rao,nikhil.rao56@gmail.com,9750072069,47,M,Hyderabad,New,2023-05-21,0
128,Sunita Joshi,sunita.joshi53@gmail.com,9345343109,45,F,Hyderabad,Churned,2024-05-06,0
129,Karan Iyer,karan.iyer20@yahoo.com,9501902658,38,M,Bangalore,Occasional,2022-05-28,0
130,Rahul Iyer,rahul.iyer17@gmail.com,9971630639,24,M,Bangalore,Loyal,2022-05-13,0
131,Pooja Shah,pooja.shah77@gmail.com,9408839723,45,M,Bangalore,Occasional,2022-07-09,0
132,Asha Das,asha.das72@gmail.com,9475932035,32,M,Mumbai,Occasional,2022-08-29,0
133,Nisha Sharma,nisha.sharma35@yahoo.com,9293720285,35,M,Chennai,New,2023-10-29,0
134,Kavya Gupta,kavya.gupta19@yahoo.com,9174716780,54,F,Delhi,Occasional,2022-01-10,0
135,Rohan Kapoor,rohan.kapoor21@gmail.com,9466034277,44,F,Jaipur,Loyal,2024-04-04,0
136,Vikas Patel,vikas.patel80@gmail.com,9910069356,27,F,Chennai,New,2022-05-12,0
137,Swati Pillai,swati.pillai97@gmail.com,9331465414,44,M,Mumbai,Occasional,2023-10-21,0
138,Tarun Rao,tarun.rao77@gmail.com,9524410834,20,F,Delhi,Loyal,2024-01-26,1
139,Divya Mehta,divya.mehta96@gmail.com,9634063428,25,M,Kolkata,New,2023-02-01,0
140,Tarun Shah,tarun.shah6@gmail.com,9896760809,22,F,Mumbai,Occasional,2022-12-24,0
141,Aditya Iyer,aditya.iyer82@gmail.com,9861818706,54,F,Bangalore,Loyal,2023-05-02,1
142,Gaurav Shah,gaurav.shah32@gmail.com,9213669678,23,F,Mumbai,Occasional,2023-12-16,0
143,Sunita Mehta,sunita.mehta22@gmail.com,9936571442,32,M,Delhi,Loyal,2023-04-27,0
144,Meera Gupta,meera.gupta33@gmail.com,9257243284,33,M,Bangalore,Loyal,2023-06-27,0
145,Deepak Das,deepak.das75@gmail.com,9915911873,47,M,Chennai,New,2022-10-03,0
146,Nisha Mehta,nisha.mehta61@gmail.com,9173321814,27,F,Kolkata,New,2023-05-18,0
147,Meera Singh,meera.singh5@gmail.com,9585238820,37,F,Delhi,Occasional,2022-03-29,0
148,Neha Kapoor,neha.kapoor95@yahoo.com,9695192667,47,M,Pune,Loyal,2022-05-21,1
149,Neha Das,neha.das58@gmail.com,9166436383,50,F,Chennai,New,2023-05-15,0
150,Tarun Verma,tarun.verma57@yahoo.com,9859803019,20,F,Pune,Occasional,2022-05-12,0
151,Meera Rao,meera.rao44@yahoo.com,9931575232,42,F,Bangalore,New,2023-07-20,0
152,Rahul Mehta,rahul.mehta50@gmail.com,9828404274,24,M,Mumbai,New,2023-06-04,0
153,Karan Singh,karan.singh40@yahoo.com,9475617211,55,F,Chennai,New,2022-08-22,0
154,Divya Kapoor,divya.kapoor90@yahoo.com,9819532005,39,F,Hyderabad,Occasional,2022-05-12,0
155,Rahul Iyer,rahul.iyer47@gmail.com,9119574893,50,M,Chennai,New,2024-03-28,0
156,Rohan Nair,rohan.nair38@yahoo.com,9182855381,26,F,Kolkata,Occasional,2024-01-26,0
157,Priya Mehta,priya.mehta20@gmail.com,9504499880,26,M,Mumbai,New,2024-03-28,0
158,Sunita Pillai,sunita.pillai87@yahoo.com,9491163514,20,F,Pune,New,2022-09-15,0
159,Ananya Nair,ananya.nair25@gmail.com,9996696177,37,F,Jaipur,New,2023-11-29,0
160,Deepak Rao,deepak.rao54@yahoo.com,9666355637,42,M,Kolkata,Churned,2023-12-19,0
161,Nisha Reddy,nisha.reddy71@yahoo.com,9498585961,21,F,Chennai,New,2022-08-03,0
162,Divya Singh,divya.singh66@gmail.com,9582452834,28,M,Hyderabad,Occasional,2022-07-13,0
163,Gaurav Pillai,gaurav.pillai7@gmail.com,9545492166,40,M,Bangalore,Churned,2022-12-11,0
164,Meera Nair,meera.nair92@yahoo.com,9206389694,19,M,Delhi,Occasional,2022-05-07,0
165,Pallavi Das,pallavi.das79@gmail.com,9581682167,26,F,Chennai,Loyal,2023-03-22,1
166,Sunita Iyer,sunita.iyer39@gmail.com,9355164255,25,M,Delhi,New,2024-05-02,0
167,Rahul Kumar,rahul.kumar3@yahoo.com,9675583372,49,M,Delhi,New,2023-12-12,0
168,Pooja Sharma,pooja.sharma54@gmail.com,9712745501,40,F,Bangalore,New,2023-03-29,0
169,Rahul Sharma,rahul.sharma82@gmail.com,9146744734,42,F,Hyderabad,Occasional,2023-07-15,0
170,Rekha Singh,rekha.singh85@yahoo.com,9886989426,40,F,Delhi,New,2023-07-09,0
171,Amit Patel,amit.patel83@gmail.com,9463512350,40,M,Chennai,New,2023-06-01,0
172,Sachin Verma,sachin.verma59@gmail.com,9868847524,26,M,Chennai,Occasional,2024-01-14,0
173,Karan Rao,karan.rao70@gmail.com,9975535611,50,F,Mumbai,New,2022-03-07,0
174,Meera Patel,meera.patel48@gmail.com,9233654018,39,M,Mumbai,New,2023-03-21,0
175,Karan Verma,karan.verma67@gmail.com,9494435754,49,F,Delhi,Occasional,2023-08-24,0
176,Neha Verma,neha.verma14@gmail.com,9444898148,52,M,Mumbai,Occasional,2023-10-31,0
177,Kavya Pillai,kavya.pillai94@yahoo.com,9145478504,40,F,Hyderabad,Occasional,2023-10-24,0
178,Sachin Patel,sachin.patel66@yahoo.com,9490102359,22,F,Delhi,Churned,2023-03-03,0
179,Nisha Pillai,nisha.pillai31@yahoo.com,9172191273,20,F,Hyderabad,Churned,2022-08-10,0
180,Priya Gupta,priya.gupta57@yahoo.com,9499446327,46,M,Delhi,Occasional,2024-05-31,0
181,Karan Reddy,karan.reddy95@gmail.com,9127824235,33,M,Bangalore,Occasional,2023-09-11,0
182,Vikram Reddy,vikram.reddy37@yahoo.com,9756998124,46,F,Bangalore,Churned,2022-07-02,0
183,Nisha Singh,nisha.singh57@yahoo.com,9865975088,46,F,Jaipur,Occasional,2022-07-30,0
184,Asha Shah,asha.shah38@yahoo.com,9682152066,22,M,Chennai,Churned,2023-05-12,0
185,Rekha Shah,rekha.shah26@yahoo.com,9230311939,50,F,Pune,New,2022-09-28,0
186,Riya Shah,riya.shah79@yahoo.com,9239340792,47,M,Delhi,Occasional,2023-07-15,0
187,Tarun Iyer,tarun.iyer17@yahoo.com,9179189225,44,M,Mumbai,Occasional,2024-01-14,0
188,Meera Gupta,meera.gupta99@yahoo.com,9295381429,53,M,Hyderabad,Occasional,2024-03-14,0
189,Gaurav Kumar,gaurav.kumar22@gmail.com,9426551245,51,F,Bangalore,Churned,2022-03-28,0
190,Vikas Rao,vikas.rao82@yahoo.com,9310777576,23,M,Kolkata,Occasional,2024-03-17,0
191,Rahul Verma,rahul.verma22@yahoo.com,9265564833,55,M,Delhi,New,2024-04-08,0
192,Priya Sharma,priya.sharma99@gmail.com,9788755699,23,M,Chennai,New,2024-05-25,0
193,Neha Sharma,neha.sharma83@yahoo.com,9411032572,49,M,Hyderabad,New,2023-10-10,0
194,Divya Pillai,divya.pillai57@gmail.com,9269737590,22,M,Bangalore,New,2023-09-23,0
195,Karan Mehta,karan.mehta98@gmail.com,9240409084,40,F,Bangalore,Occasional,2022-08-12,0
196,Sneha Reddy,sneha.reddy13@gmail.com,9251266214,46,F,Bangalore,Occasional,2023-12-26,0
197,Ananya Verma,ananya.verma41@gmail.com,9874305759,38,M,Kolkata,Churned,2023-10-12,0
198,Swati Rao,swati.rao51@gmail.com,9196689473,49,M,Mumbai,Churned,2023-12-27,0
199,Priya Patel,priya.patel84@yahoo.com,9741580895,36,F,Jaipur,Occasional,2023-07-03,0
200,Pooja Gupta,pooja.gupta52@gmail.com,9920184955,34,M,Delhi,Loyal,2022-06-16,1
201,Divya Singh,divya.singh98@gmail.com,9583564328,42,M,Bangalore,Loyal,2024-05-09,0
202,Sneha Kapoor,sneha.kapoor47@yahoo.com,9698967370,41,M,Hyderabad,New,2022-07-19,0
203,Priya Patel,priya.patel43@yahoo.com,9866213410,20,F,Mumbai,Occasional,2024-02-16,0
204,Amit Mehta,amit.mehta79@yahoo.com,9521931770,38,F,Bangalore,Loyal,2024-03-11,1
205,Swati Rao,swati.rao43@yahoo.com,9495521185,48,M,Delhi,New,2024-04-06,0
206,Neha Das,neha.das30@yahoo.com,9720230209,34,M,Jaipur,New,2022-02-11,0
207,Amit Nair,amit.nair15@gmail.com,9852178601,20,M,Bangalore,Loyal,2023-08-14,1
208,Pooja Das,pooja.das27@gmail.com,9656931857,21,F,Delhi,Occasional,2022-11-13,0
209,Karan Verma,karan.verma70@gmail.com,9467570835,47,M,Jaipur,Occasional,2023-08-09,0
210,Neha Das,neha.das72@gmail.com,9399580835,30,F,Chennai,New,2023-02-15,0
211,Manish Joshi,manish.joshi45@gmail.com,9615185000,49,M,Kolkata,Churned,2023-03-25,0
212,Sneha Kapoor,sneha.kapoor19@gmail.com,9930071496,43,M,Kolkata,New,2023-03-24,0
213,Pallavi Pillai,pallavi.pillai26@yahoo.com,9329766590,34,F,Delhi,New,2023-06-23,0
214,Amit Kumar,amit.kumar7@yahoo.com,9360337343,55,F,Delhi,New,2023-02-26,0
215,Sneha Iyer,sneha.iyer88@yahoo.com,9207959268,39,F,Bangalore,New,2022-03-23,0
216,Pooja Das,pooja.das37@gmail.com,9911653317,48,F,Mumbai,New,2022-09-03,0
217,Sachin Nair,sachin.nair54@yahoo.com,9287974375,52,M,Hyderabad,Churned,2022-05-19,0
218,Rekha Das,rekha.das2@gmail.com,9140229006,29,M,Mumbai,Churned,2023-09-09,0
219,Divya Pillai,divya.pillai18@yahoo.com,9630334421,52,M,Hyderabad,Churned,2023-06-05,0
220,Karan Verma,karan.verma24@gmail.com,9871588919,47,M,Bangalore,Loyal,2022-06-24,1
221,Kavya Kapoor,kavya.kapoor12@gmail.com,9452108572,45,M,Delhi,New,2022-10-28,0
222,Karan Nair,karan.nair31@gmail.com,9511859868,18,M,Mumbai,Churned,2024-01-12,0
223,Sunita Sharma,sunita.sharma31@gmail.com,9843854609,34,M,Delhi,Occasional,2024-06-23,0
224,Asha Rao,asha.rao79@gmail.com,9494647257,25,M,Mumbai,Occasional,2023-09-22,0
225,Sunita Shah,sunita.shah97@gmail.com,9605547798,44,M,Kolkata,Occasional,2023-12-08,0
226,Asha Singh,asha.singh91@gmail.com,9667121569,51,F,Hyderabad,Occasional,2023-01-20,0
227,Vikas Joshi,vikas.joshi22@gmail.com,9260902774,54,M,Kolkata,Loyal,2024-04-30,0
228,Swati Singh,swati.singh8@gmail.com,9968326513,50,F,Mumbai,Occasional,2024-06-24,0
229,Riya Pillai,riya.pillai33@yahoo.com,9525146690,37,M,Bangalore,Occasional,2022-03-31,0
230,Pooja Shah,pooja.shah9@yahoo.com,9164698991,22,M,Chennai,New,2022-03-12,0
231,Deepak Gupta,deepak.gupta58@yahoo.com,9510684364,44,M,Bangalore,Occasional,2022-10-07,0
232,Amit Shah,amit.shah51@gmail.com,9676876906,25,F,Kolkata,Occasional,2024-04-17,0
233,Deepak Sharma,deepak.sharma93@gmail.com,9823164961,37,F,Chennai,Occasional,2022-01-06,0
234,Siddharth Shah,siddharth.shah93@yahoo.com,9302379343,27,M,Bangalore,New,2023-01-20,0
235,Ananya Joshi,ananya.joshi5@gmail.com,9737742679,22,M,Mumbai,New,2022-01-25,0
236,Sunita Patel,sunita.patel70@gmail.com,9351619881,43,F,Hyderabad,Churned,2023-01-16,0
237,Divya Nair,divya.nair77@yahoo.com,9720058859,54,M,Pune,Loyal,2024-02-22,0
238,Ananya Iyer,ananya.iyer72@yahoo.com,9165452764,37,M,Delhi,Churned,2024-03-20,0
239,Riya Das,riya.das86@gmail.com,9790755362,21,M,Pune,Churned,2023-10-26,0
240,Amit Rao,amit.rao69@gmail.com,9910048118,42,F,Bangalore,New,2023-09-27,0
241,Rekha Pillai,rekha.pillai54@gmail.com,9543109075,21,M,Pune,Occasional,2022-08-13,0
242,Karan Singh,karan.singh69@yahoo.com,9199282456,46,M,Mumbai,Occasional,2022-11-12,0
243,Nisha Singh,nisha.singh86@gmail.com,9877716824,30,M,Mumbai,Occasional,2022-03-03,0
244,Divya Sharma,divya.sharma16@yahoo.com,9896152940,31,F,Bangalore,Churned,2023-06-02,0
245,Nikhil Nair,nikhil.nair37@gmail.com,9932701695,53,M,Chennai,Churned,2022-11-14,0
246,Meera Das,meera.das93@gmail.com,9962017778,47,M,Bangalore,Occasional,2023-02-11,0
247,Karan Iyer,karan.iyer95@gmail.com,9337591250,20,M,Pune,Churned,2023-07-30,0
248,Sunita Iyer,sunita.iyer43@gmail.com,9310659326,36,F,Delhi,Churned,2024-06-18,0
249,Sachin Mehta,sachin.mehta83@yahoo.com,9876914430,34,F,Bangalore,Occasional,2024-05-05,0
250,Kavya Gupta,kavya.gupta70@yahoo.com,9297619784,52,F,Bangalore,New,2023-07-02,0
251,Gaurav Patel,gaurav.patel81@gmail.com,9247630403,18,F,Kolkata,Occasional,2022-04-26,0
252,Siddharth Shah,siddharth.shah86@yahoo.com,9784755860,21,M,Hyderabad,Loyal,2024-02-25,0
253,Riya Iyer,riya.iyer93@gmail.com,9668457864,18,M,Hyderabad,Loyal,2024-04-06,0
254,Rekha Verma,rekha.verma20@gmail.com,9663054538,24,M,Mumbai,New,2023-10-31,0
255,Vikram Kapoor,vikram.kapoor59@gmail.com,9535968611,23,M,Hyderabad,Occasional,2023-07-05,0
256,Sachin Patel,sachin.patel49@gmail.com,9507231644,23,F,Jaipur,Occasional,2022-05-06,0
257,Rahul Das,rahul.das13@yahoo.com,9707583925,45,M,Mumbai,Loyal,2022-09-24,0
258,Swati Reddy,swati.reddy36@yahoo.com,9834899763,20,M,Delhi,Churned,2024-05-30,0
259,Arjun Joshi,arjun.joshi92@yahoo.com,9907727084,55,F,Bangalore,Loyal,2023-05-04,0
260,Gaurav Kapoor,gaurav.kapoor97@yahoo.com,9512151733,52,M,Delhi,New,2024-05-30,0
261,Tarun Shah,tarun.shah30@yahoo.com,9569319938,21,M,Chennai,New,2022-05-02,0
262,Deepak Mehta,deepak.mehta58@gmail.com,9941328406,19,M,Delhi,New,2023-09-09,0
263,Kavya Kapoor,kavya.kapoor32@yahoo.com,9417161302,23,M,Delhi,Churned,2023-11-02,0
264,Sunita Kapoor,sunita.kapoor12@gmail.com,9214408183,38,M,Mumbai,Loyal,2022-08-28,1
265,Rahul Verma,rahul.verma72@gmail.com,9698058121,45,F,Delhi,Occasional,2022-07-25,0
266,Rahul Mehta,rahul.mehta53@gmail.com,9413368711,42,M,Mumbai,Loyal,2024-05-10,1
267,Aditya Verma,aditya.verma35@gmail.com,9249078381,42,F,Kolkata,Churned,2023-01-13,0
268,Vikram Iyer,vikram.iyer10@gmail.com,9940381893,37,F,Bangalore,Loyal,2023-11-07,0
269,Siddharth Kumar,siddharth.kumar51@gmail.com,9107266407,26,M,Chennai,Occasional,2022-10-31,0
270,Siddharth Mehta,siddharth.mehta39@gmail.com,9246162540,45,M,Hyderabad,New,2023-05-27,0
271,Kavya Kapoor,kavya.kapoor89@yahoo.com,9889065340,38,M,Kolkata,Occasional,2023-05-04,0
272,Nikhil Reddy,nikhil.reddy73@gmail.com,9222286118,43,M,Jaipur,New,2023-05-22,0
273,Arjun Pillai,arjun.pillai38@yahoo.com,9956508307,31,F,Jaipur,Loyal,2024-05-04,1
274,Amit Rao,amit.rao20@yahoo.com,9807233980,33,M,Pune,New,2024-02-15,0
275,Aditya Kapoor,aditya.kapoor54@gmail.com,9842716738,52,M,Chennai,Loyal,2024-01-15,0
276,Neha Singh,neha.singh86@gmail.com,9806094391,24,F,Delhi,Churned,2024-04-14,0
277,Deepak Mehta,deepak.mehta13@gmail.com,9111325589,45,M,Hyderabad,Loyal,2023-09-13,0
278,Ananya Pillai,ananya.pillai99@yahoo.com,9597210335,41,F,Bangalore,New,2024-06-12,0
279,Swati Kumar,swati.kumar15@yahoo.com,9192185888,36,F,Hyderabad,Loyal,2022-02-08,0
280,Tarun Das,tarun.das57@yahoo.com,9204821934,40,F,Delhi,Occasional,2022-11-18,0
281,Rekha Kumar,rekha.kumar14@yahoo.com,9795752405,19,M,Bangalore,Loyal,2022-03-11,1
282,Riya Verma,riya.verma60@gmail.com,9557810637,39,M,Jaipur,Occasional,2022-09-29,0
283,Nikhil Sharma,nikhil.sharma55@gmail.com,9735873300,30,F,Delhi,Loyal,2023-11-03,0
284,Aditya Kumar,aditya.kumar42@gmail.com,9492767278,52,F,Mumbai,New,2022-04-08,0
285,Tarun Mehta,tarun.mehta76@gmail.com,9521490916,42,M,Mumbai,New,2024-01-31,0
286,Gaurav Rao,gaurav.rao18@gmail.com,9821672704,55,M,Delhi,Occasional,2022-09-26,0
287,Manish Gupta,manish.gupta77@gmail.com,9549080818,50,F,Delhi,Loyal,2023-08-03,1
288,Riya Verma,riya.verma24@gmail.com,9250642261,49,M,Mumbai,New,2022-09-27,0
289,Arjun Das,arjun.das50@yahoo.com,9975331448,26,F,Bangalore,Loyal,2023-07-12,0
290,Manish Pillai,manish.pillai73@gmail.com,9188766909,49,F,Bangalore,New,2023-10-08,0
291,Ananya Rao,ananya.rao96@yahoo.com,9707362554,28,F,Chennai,Occasional,2023-03-03,0
292,Sneha Reddy,sneha.reddy97@gmail.com,9682014641,52,M,Bangalore,Occasional,2024-06-08,0
293,Sneha Nair,sneha.nair34@gmail.com,9582896428,37,M,Hyderabad,Occasional,2023-10-23,0
294,Deepak Nair,deepak.nair45@yahoo.com,9839951555,31,M,Chennai,Occasional,2022-07-02,0
295,Rekha Joshi,rekha.joshi45@gmail.com,9712112671,31,M,Hyderabad,Occasional,2022-08-05,0
296,Divya Reddy,divya.reddy97@yahoo.com,9245587477,50,M,Bangalore,Loyal,2023-03-31,0
297,Manish Gupta,manish.gupta42@yahoo.com,9863854401,33,F,Jaipur,Churned,2022-07-17,0
298,Amit Reddy,amit.reddy10@yahoo.com,9585322421,44,F,Chennai,New,2024-01-31,0
299,Sunita Reddy,sunita.reddy42@gmail.com,9624033772,41,F,Pune,Loyal,2024-03-11,0
300,Sachin Shah,sachin.shah28@yahoo.com,9527044165,22,M,Pune,Loyal,2023-12-14,0
301,Karan Gupta,karan.gupta44@yahoo.com,9946434607,54,F,Bangalore,Occasional,2023-03-17,0
302,Arjun Kumar,arjun.kumar1@yahoo.com,9590182620,28,F,Chennai,Loyal,2023-12-15,1
303,Kavya Reddy,kavya.reddy11@gmail.com,9368853440,23,M,Jaipur,Churned,2023-04-14,0
304,Sachin Rao,sachin.rao12@yahoo.com,9803821904,32,F,Kolkata,Loyal,2023-09-08,1
305,Tarun Pillai,tarun.pillai44@yahoo.com,9846891707,18,M,Bangalore,Loyal,2022-12-18,0
306,Ananya Kapoor,ananya.kapoor41@gmail.com,9210811807,23,M,Bangalore,Loyal,2022-04-21,1
307,Sachin Gupta,sachin.gupta2@yahoo.com,9704829337,22,M,Delhi,New,2022-07-26,0
308,Sachin Gupta,sachin.gupta57@yahoo.com,9837194815,44,M,Mumbai,Occasional,2022-11-27,0
309,Aditya Kapoor,aditya.kapoor18@gmail.com,9437695739,40,F,Mumbai,Loyal,2022-07-11,0
310,Deepak Sharma,deepak.sharma78@gmail.com,9655928892,37,F,Delhi,New,2023-03-19,0
311,Rekha Nair,rekha.nair31@gmail.com,9221057584,49,F,Chennai,Occasional,2022-03-26,0
312,Meera Mehta,meera.mehta54@gmail.com,9710293796,26,F,Bangalore,Occasional,2022-01-19,0
313,Arjun Singh,arjun.singh6@yahoo.com,9331652222,18,M,Hyderabad,New,2022-04-24,0
314,Sachin Iyer,sachin.iyer82@gmail.com,9188506190,45,F,Kolkata,Occasional,2023-03-22,0
315,Rahul Joshi,rahul.joshi51@gmail.com,9450845460,27,M,Hyderabad,Occasional,2023-04-27,0
316,Divya Iyer,divya.iyer12@yahoo.com,9362508142,33,M,Chennai,New,2022-04-13,0
317,Divya Verma,divya.verma18@yahoo.com,9860102491,25,M,Mumbai,New,2022-03-27,0
318,Tarun Reddy,tarun.reddy96@yahoo.com,9236290703,28,M,Mumbai,Churned,2024-03-23,0
319,Karan Iyer,karan.iyer34@yahoo.com,9168582026,35,M,Delhi,Churned,2022-02-15,0
320,Tarun Shah,tarun.shah22@gmail.com,9708689346,21,F,Bangalore,Loyal,2023-12-09,1
321,Ananya Sharma,ananya.sharma6@gmail.com,9362585121,20,M,Mumbai,New,2022-06-29,0
322,Riya Iyer,riya.iyer54@yahoo.com,9366570563,32,M,Delhi,Loyal,2022-02-24,1
323,Tarun Patel,tarun.patel67@yahoo.com,9963651372,29,F,Pune,New,2022-07-05,0
324,Nisha Rao,nisha.rao71@gmail.com,9192755745,37,M,Kolkata,Loyal,2023-12-24,1
325,Siddharth Shah,siddharth.shah26@yahoo.com,9929587172,55,F,Delhi,New,2023-01-12,0
326,Arjun Iyer,arjun.iyer45@yahoo.com,9681479730,19,F,Bangalore,New,2022-08-22,0
327,Arjun Kapoor,arjun.kapoor68@yahoo.com,9320325776,37,M,Hyderabad,Loyal,2023-06-05,1
328,Manish Reddy,manish.reddy67@gmail.com,9348541776,23,M,Jaipur,Churned,2022-08-10,0
329,Aditya Kumar,aditya.kumar51@gmail.com,9784205125,50,F,Pune,Occasional,2022-05-12,0
330,Ananya Rao,ananya.rao51@yahoo.com,9959870518,34,M,Bangalore,Occasional,2022-07-23,0
331,Ananya Singh,ananya.singh99@gmail.com,9937450959,30,F,Chennai,Occasional,2023-02-27,0
332,Karan Iyer,karan.iyer99@gmail.com,9484708210,25,M,Mumbai,Loyal,2023-12-25,1
333,Rekha Rao,rekha.rao42@gmail.com,9997567367,20,F,Delhi,Loyal,2022-09-02,0
334,Asha Rao,asha.rao52@yahoo.com,9133374137,34,F,Jaipur,Occasional,2022-03-18,0
335,Siddharth Kumar,siddharth.kumar8@yahoo.com,9112838650,26,M,Bangalore,New,2022-05-28,0
336,Meera Singh,meera.singh10@gmail.com,9377906552,55,M,Jaipur,Loyal,2023-09-15,1
337,Rahul Mehta,rahul.mehta7@gmail.com,9594989531,25,M,Kolkata,Occasional,2022-07-20,0
338,Swati Sharma,swati.sharma46@gmail.com,9285550328,42,F,Bangalore,New,2023-09-06,0
339,Priya Nair,priya.nair71@gmail.com,9542373256,36,F,Mumbai,Occasional,2022-08-19,0
340,Rohan Nair,rohan.nair92@gmail.com,9510704185,52,M,Mumbai,Occasional,2023-10-14,0
341,Tarun Mehta,tarun.mehta4@gmail.com,9293075824,42,M,Bangalore,Occasional,2024-05-28,0
342,Priya Das,priya.das75@yahoo.com,9923390510,51,M,Mumbai,Churned,2023-03-13,0
343,Vikram Patel,vikram.patel50@gmail.com,9956191734,32,M,Jaipur,Loyal,2023-01-10,0
344,Rekha Shah,rekha.shah90@gmail.com,9855326778,55,M,Pune,Loyal,2023-05-10,0
345,Riya Rao,riya.rao12@gmail.com,9140763261,29,F,Mumbai,Churned,2024-02-04,0
346,Arjun Mehta,arjun.mehta92@gmail.com,9465887237,30,F,Hyderabad,Loyal,2024-01-13,0
347,Aditya Gupta,aditya.gupta10@gmail.com,9491797490,25,M,Pune,Loyal,2022-08-18,0
348,Karan Gupta,karan.gupta82@yahoo.com,9950234433,28,F,Delhi,Loyal,2023-04-14,0
349,Ananya Verma,ananya.verma89@gmail.com,9888121101,42,M,Mumbai,Churned,2023-07-09,0
350,Nikhil Patel,nikhil.patel79@gmail.com,9441682804,29,M,Mumbai,Loyal,2024-06-08,0
351,Ananya Shah,ananya.shah12@yahoo.com,9783100341,38,F,Kolkata,Loyal,2022-05-01,0
352,Vikram Joshi,vikram.joshi33@yahoo.com,9476326283,33,M,Chennai,Occasional,2022-01-18,0
353,Sunita Iyer,sunita.iyer49@gmail.com,9629442753,28,F,Chennai,Loyal,2023-11-12,1
354,Sachin Nair,sachin.nair5@gmail.com,9179144854,28,F,Pune,New,2024-06-16,0
355,Karan Verma,karan.verma10@gmail.com,9885963005,42,F,Delhi,Churned,2022-04-26,0
356,Manish Sharma,manish.sharma56@gmail.com,9752102334,45,F,Pune,Loyal,2024-01-20,1
357,Sunita Reddy,sunita.reddy13@gmail.com,9355065530,36,M,Mumbai,Loyal,2024-05-10,0
358,Arjun Iyer,arjun.iyer85@yahoo.com,9984652998,23,M,Pune,Loyal,2023-07-15,0
359,Rahul Das,rahul.das51@gmail.com,9942754807,25,M,Mumbai,Occasional,2023-03-30,0
360,Nikhil Verma,nikhil.verma24@gmail.com,9496642020,41,F,Pune,Occasional,2024-04-25,0
361,Gaurav Reddy,gaurav.reddy97@yahoo.com,9262275325,54,M,Delhi,Occasional,2022-12-18,0
362,Pooja Nair,pooja.nair67@gmail.com,9515652006,53,M,Mumbai,New,2024-04-21,0
363,Aditya Nair,aditya.nair51@yahoo.com,9184777341,48,M,Bangalore,Churned,2024-01-08,0
364,Rekha Gupta,rekha.gupta22@yahoo.com,9285627380,25,F,Hyderabad,Occasional,2024-03-13,0
365,Rahul Iyer,rahul.iyer77@gmail.com,9995616775,30,F,Chennai,Loyal,2023-10-20,0
366,Riya Kapoor,riya.kapoor67@gmail.com,9396568375,53,M,Kolkata,Loyal,2023-08-26,0
367,Rekha Iyer,rekha.iyer19@gmail.com,9260677223,25,F,Chennai,New,2024-03-22,0
368,Pallavi Kumar,pallavi.kumar37@yahoo.com,9943687944,54,M,Bangalore,Churned,2022-06-05,0
369,Nikhil Das,nikhil.das5@gmail.com,9607929943,54,M,Pune,Churned,2023-02-15,0
370,Priya Kapoor,priya.kapoor96@gmail.com,9152925780,39,F,Delhi,New,2023-09-17,0
371,Gaurav Rao,gaurav.rao90@yahoo.com,9627872109,37,M,Delhi,Occasional,2023-06-09,0
372,Sunita Pillai,sunita.pillai54@yahoo.com,9882542411,38,M,Jaipur,Occasional,2023-04-12,0
373,Sunita Das,sunita.das8@gmail.com,9981560713,51,M,Mumbai,Occasional,2023-09-25,0
374,Nikhil Gupta,nikhil.gupta23@gmail.com,9131082848,51,M,Mumbai,Occasional,2024-02-27,0
375,Priya Pillai,priya.pillai26@gmail.com,9856594938,21,M,Pune,New,2023-01-23,0
376,Asha Sharma,asha.sharma77@gmail.com,9624830763,33,M,Pune,Occasional,2022-07-12,0
377,Meera Shah,meera.shah89@gmail.com,9904190892,28,M,Jaipur,Occasional,2024-05-06,0
378,Deepak Joshi,deepak.joshi27@gmail.com,9827669728,32,F,Mumbai,Loyal,2024-06-07,1
379,Swati Gupta,swati.gupta2@gmail.com,9959922040,29,M,Mumbai,New,2022-01-14,0
380,Pooja Kapoor,pooja.kapoor28@gmail.com,9370581558,40,F,Hyderabad,Churned,2023-03-04,0
381,Aditya Kumar,aditya.kumar48@gmail.com,9811198748,18,M,Hyderabad,New,2023-09-09,0
382,Swati Singh,swati.singh42@yahoo.com,9787833374,39,M,Bangalore,Occasional,2022-06-17,0
383,Rohan Gupta,rohan.gupta77@gmail.com,9160961339,51,F,Delhi,New,2023-04-10,0
384,Sachin Das,sachin.das52@gmail.com,9549431487,36,M,Delhi,Loyal,2022-02-09,1
385,Karan Nair,karan.nair46@gmail.com,9821413281,52,F,Hyderabad,New,2022-10-23,0
386,Kavya Rao,kavya.rao95@gmail.com,9237378973,24,F,Pune,New,2024-05-17,0
387,Asha Mehta,asha.mehta29@yahoo.com,9481482646,23,F,Chennai,New,2022-10-12,0
388,Meera Reddy,meera.reddy16@gmail.com,9597959181,55,M,Delhi,New,2023-05-30,0
389,Swati Joshi,swati.joshi49@gmail.com,9830893658,50,M,Pune,New,2022-04-21,0
390,Amit Joshi,amit.joshi59@gmail.com,9711392447,39,F,Delhi,Churned,2022-08-23,0
391,Swati Mehta,swati.mehta8@gmail.com,9781288086,29,M,Pune,Loyal,2022-05-06,1
392,Swati Singh,swati.singh82@gmail.com,9565694083,26,M,Chennai,Loyal,2022-09-04,1
393,Rohan Shah,rohan.shah68@gmail.com,9912659064,18,M,Bangalore,Loyal,2024-04-09,0
394,Divya Gupta,divya.gupta76@gmail.com,9640453426,24,F,Hyderabad,Occasional,2023-06-19,0
395,Siddharth Mehta,siddharth.mehta63@gmail.com,9468006578,45,F,Mumbai,Loyal,2023-03-28,1
396,Arjun Nair,arjun.nair94@gmail.com,9326763783,32,F,Kolkata,Churned,2023-09-19,0
397,Nikhil Reddy,nikhil.reddy77@yahoo.com,9152169850,52,M,Bangalore,Loyal,2022-02-28,0
398,Pooja Pillai,pooja.pillai33@gmail.com,9687639985,42,M,Hyderabad,Loyal,2022-06-29,1
399,Pooja Kumar,pooja.kumar78@yahoo.com,9768724016,51,M,Hyderabad,New,2023-04-13,0
400,Sunita Kumar,sunita.kumar14@gmail.com,9942629710,36,M,Delhi,Churned,2024-03-05,0
401,Rohan Shah,rohan.shah6@gmail.com,9272199842,44,M,Hyderabad,New,2024-03-23,0
402,Karan Nair,karan.nair12@yahoo.com,9821160591,18,M,Kolkata,New,2024-01-17,0
403,Rahul Singh,rahul.singh30@gmail.com,9791851361,24,M,Pune,New,2022-08-20,0
404,Sneha Verma,sneha.verma87@gmail.com,9486777550,20,M,Jaipur,Occasional,2022-03-19,0
405,Arjun Gupta,arjun.gupta57@yahoo.com,9483892122,28,M,Chennai,Loyal,2022-03-13,1
406,Kavya Kumar,kavya.kumar35@yahoo.com,9590204687,43,F,Chennai,Occasional,2023-06-17,0
407,Sachin Verma,sachin.verma93@gmail.com,9847506709,25,F,Hyderabad,Occasional,2023-10-18,0
408,Pallavi Das,pallavi.das79@gmail.com,9294627041,54,F,Kolkata,Loyal,2023-10-09,1
409,Swati Das,swati.das6@gmail.com,9573185010,25,F,Mumbai,New,2022-07-22,0
410,Deepak Nair,deepak.nair89@yahoo.com,9661677752,39,M,Hyderabad,Loyal,2024-03-26,1
411,Asha Kapoor,asha.kapoor7@gmail.com,9758111412,27,M,Hyderabad,Occasional,2023-06-22,0
412,Nisha Das,nisha.das63@gmail.com,9906841821,28,M,Kolkata,Occasional,2023-12-31,0
413,Ananya Kapoor,ananya.kapoor59@gmail.com,9184643708,43,F,Delhi,Occasional,2024-02-27,0
414,Siddharth Mehta,siddharth.mehta84@gmail.com,9900194244,25,F,Bangalore,Loyal,2024-02-14,1
415,Rekha Rao,rekha.rao84@yahoo.com,9322104833,50,M,Mumbai,Occasional,2022-05-22,0
416,Gaurav Nair,gaurav.nair99@yahoo.com,9701457391,47,M,Kolkata,Occasional,2022-03-26,0
417,Sneha Kumar,sneha.kumar46@yahoo.com,9466529415,32,M,Bangalore,New,2023-12-04,0
418,Meera Kumar,meera.kumar18@yahoo.com,9628734252,20,F,Jaipur,Occasional,2024-03-21,0
419,Neha Joshi,neha.joshi28@gmail.com,9521869399,30,M,Chennai,Occasional,2023-01-31,0
420,Deepak Iyer,deepak.iyer99@yahoo.com,9232305596,20,M,Chennai,New,2022-06-17,0
421,Amit Das,amit.das7@gmail.com,9890503688,18,M,Bangalore,New,2024-02-23,0
422,Deepak Verma,deepak.verma17@gmail.com,9884362665,55,F,Bangalore,New,2024-02-29,0
423,Tarun Kapoor,tarun.kapoor98@gmail.com,9843582889,44,M,Hyderabad,New,2023-05-15,0
424,Siddharth Gupta,siddharth.gupta90@yahoo.com,9746955700,26,F,Delhi,Occasional,2023-04-02,0
425,Nisha Mehta,nisha.mehta27@yahoo.com,9315703009,53,F,Bangalore,New,2024-04-30,0
426,Manish Verma,manish.verma82@gmail.com,9845511804,50,M,Delhi,Occasional,2022-07-26,0
427,Aditya Iyer,aditya.iyer2@gmail.com,9553533911,52,M,Mumbai,Occasional,2024-01-17,0
428,Rohan Reddy,rohan.reddy33@gmail.com,9833784779,28,M,Mumbai,Loyal,2022-03-29,1
429,Priya Shah,priya.shah87@yahoo.com,9761541819,46,M,Chennai,Occasional,2024-04-20,0
430,Nikhil Nair,nikhil.nair86@gmail.com,9844034445,50,M,Pune,New,2024-05-21,0
431,Riya Patel,riya.patel80@yahoo.com,9318063243,18,M,Delhi,Occasional,2023-05-01,0
432,Pallavi Shah,pallavi.shah78@gmail.com,9892904680,55,M,Pune,Occasional,2022-12-17,0
433,Kavya Singh,kavya.singh66@gmail.com,9889285590,29,F,Chennai,Loyal,2023-11-29,1
434,Aditya Reddy,aditya.reddy91@yahoo.com,9600719456,18,M,Delhi,Occasional,2022-09-07,0
435,Deepak Rao,deepak.rao46@gmail.com,9690729993,49,M,Mumbai,Churned,2022-03-21,0
436,Tarun Singh,tarun.singh70@gmail.com,9546602768,50,F,Hyderabad,Occasional,2022-10-13,0
437,Asha Mehta,asha.mehta28@yahoo.com,9415223070,39,M,Mumbai,Occasional,2022-11-28,0
438,Gaurav Sharma,gaurav.sharma31@yahoo.com,9578531560,25,M,Hyderabad,Occasional,2024-05-22,0
439,Asha Mehta,asha.mehta33@gmail.com,9514331133,42,M,Hyderabad,New,2022-03-03,0
440,Tarun Pillai,tarun.pillai84@gmail.com,9418293546,49,M,Delhi,Churned,2023-08-06,0
441,Deepak Sharma,deepak.sharma81@yahoo.com,9819766863,22,F,Bangalore,Churned,2022-09-18,0
442,Rohan Iyer,rohan.iyer59@yahoo.com,9125504528,22,F,Pune,Occasional,2022-06-11,0
443,Rekha Reddy,rekha.reddy30@yahoo.com,9717361056,53,M,Mumbai,Loyal,2022-10-04,1
444,Arjun Kapoor,arjun.kapoor83@yahoo.com,9106333920,25,M,Bangalore,Occasional,2023-05-07,0
445,Manish Singh,manish.singh38@yahoo.com,9213962171,40,M,Mumbai,New,2022-03-12,0
446,Nikhil Kapoor,nikhil.kapoor69@gmail.com,9267851051,19,F,Delhi,Loyal,2023-11-11,0
447,Sachin Gupta,sachin.gupta71@yahoo.com,9111972445,37,M,Chennai,New,2023-04-04,0
448,Neha Kapoor,neha.kapoor40@gmail.com,9191404267,52,M,Mumbai,Loyal,2024-06-08,0
449,Amit Verma,amit.verma33@gmail.com,9762375136,29,F,Chennai,Occasional,2024-03-07,0
450,Nisha Pillai,nisha.pillai86@gmail.com,9412085927,53,M,Mumbai,New,2022-03-26,0
451,Karan Shah,karan.shah37@yahoo.com,9207422565,26,F,Mumbai,New,2024-01-27,0
452,Karan Rao,karan.rao73@gmail.com,9707256840,55,F,Kolkata,Occasional,2023-12-02,0
453,Karan Nair,karan.nair47@gmail.com,9397082704,32,F,Delhi,Occasional,2022-01-08,0
454,Siddharth Shah,siddharth.shah14@gmail.com,9692353117,37,F,Chennai,Churned,2023-12-21,0
455,Vikas Joshi,vikas.joshi10@yahoo.com,9881067043,34,M,Hyderabad,New,2022-08-06,0
456,Aditya Kapoor,aditya.kapoor71@gmail.com,9139359410,55,F,Pune,New,2024-06-22,0
457,Meera Kapoor,meera.kapoor38@gmail.com,9887296307,32,M,Pune,Occasional,2022-08-19,0
458,Tarun Sharma,tarun.sharma22@yahoo.com,9834612989,33,M,Bangalore,Loyal,2023-07-20,1
459,Asha Gupta,asha.gupta29@yahoo.com,9143400463,48,M,Mumbai,New,2024-05-28,0
460,Priya Joshi,priya.joshi61@yahoo.com,9516711804,51,M,Delhi,Occasional,2022-12-30,0
461,Sneha Reddy,sneha.reddy73@gmail.com,9684491424,34,M,Pune,Loyal,2023-05-19,0
462,Tarun Reddy,tarun.reddy52@gmail.com,9654449982,42,F,Delhi,New,2022-05-01,0
463,Vikas Sharma,vikas.sharma22@gmail.com,9572337634,50,F,Pune,Occasional,2024-01-19,0
464,Kavya Verma,kavya.verma16@yahoo.com,9870197919,41,M,Bangalore,Occasional,2022-08-22,0
465,Swati Das,swati.das21@yahoo.com,9734356903,48,F,Delhi,Occasional,2022-06-26,0
466,Aditya Verma,aditya.verma74@gmail.com,9142080866,26,M,Delhi,Occasional,2022-07-18,0
467,Nikhil Sharma,nikhil.sharma58@yahoo.com,9332565413,36,M,Mumbai,Churned,2024-03-13,0
468,Gaurav Iyer,gaurav.iyer99@gmail.com,9980954894,27,M,Bangalore,Occasional,2022-12-07,0
469,Pallavi Pillai,pallavi.pillai49@gmail.com,9346760672,55,M,Hyderabad,Occasional,2023-06-17,0
470,Asha Iyer,asha.iyer23@gmail.com,9203399810,27,M,Mumbai,Occasional,2024-02-23,0
471,Tarun Kumar,tarun.kumar17@yahoo.com,9808017427,23,F,Hyderabad,Loyal,2024-04-05,0
472,Tarun Iyer,tarun.iyer68@gmail.com,9849088260,41,M,Mumbai,Churned,2023-11-02,0
473,Meera Kumar,meera.kumar62@yahoo.com,9373286650,45,F,Kolkata,Occasional,2023-08-16,0
474,Pooja Reddy,pooja.reddy96@yahoo.com,9861442766,30,M,Kolkata,Loyal,2024-04-24,0
475,Manish Mehta,manish.mehta20@gmail.com,9214442861,44,M,Mumbai,Loyal,2022-11-16,0
476,Meera Reddy,meera.reddy71@yahoo.com,9543700355,43,F,Delhi,Occasional,2024-05-27,0
477,Swati Reddy,swati.reddy91@gmail.com,9469749767,37,M,Bangalore,Occasional,2024-05-12,0
478,Sunita Nair,sunita.nair28@gmail.com,9207673349,46,F,Mumbai,Churned,2022-07-04,0
479,Kavya Kapoor,kavya.kapoor19@gmail.com,9983963824,18,M,Chennai,New,2022-03-22,0
480,Ananya Shah,ananya.shah93@gmail.com,9140539484,23,M,Hyderabad,Loyal,2023-02-13,0
481,Deepak Verma,deepak.verma26@yahoo.com,9111500207,49,F,Hyderabad,Occasional,2022-03-31,0
482,Priya Nair,priya.nair31@yahoo.com,9486267885,28,M,Kolkata,Occasional,2022-10-30,0
483,Deepak Kapoor,deepak.kapoor76@gmail.com,9535349662,40,F,Jaipur,Loyal,2023-03-05,1
484,Divya Shah,divya.shah78@yahoo.com,9342982954,40,M,Hyderabad,Churned,2024-05-03,0
485,Vikram Verma,vikram.verma72@gmail.com,9214315878,44,M,Bangalore,Occasional,2022-01-08,0
486,Vikram Reddy,vikram.reddy62@yahoo.com,9704697685,46,F,Delhi,Churned,2024-03-08,0
487,Asha Pillai,asha.pillai15@gmail.com,9617511527,55,M,Chennai,Churned,2023-12-14,0
488,Asha Nair,asha.nair67@gmail.com,9479134231,38,F,Delhi,New,2022-12-09,0
489,Rahul Kapoor,rahul.kapoor23@gmail.com,9695445137,39,M,Hyderabad,Occasional,2023-03-23,0
490,Kavya Joshi,kavya.joshi95@gmail.com,9352180476,49,F,Delhi,Churned,2023-02-22,0
491,Gaurav Shah,gaurav.shah11@yahoo.com,9228718546,27,M,Delhi,Occasional,2023-01-23,0
492,Priya Das,priya.das64@yahoo.com,9438676325,41,M,Hyderabad,New,2024-04-21,0
493,Swati Verma,swati.verma29@yahoo.com,9527219856,50,M,Pune,New,2023-03-03,0
494,Swati Patel,swati.patel88@yahoo.com,9522750321,50,M,Mumbai,Occasional,2023-10-20,0
495,Siddharth Mehta,siddharth.mehta27@gmail.com,9823812653,18,M,Bangalore,Loyal,2024-03-16,1
496,Riya Reddy,riya.reddy79@gmail.com,9606103226,33,M,Delhi,Churned,2022-10-18,0
497,Manish Shah,manish.shah58@gmail.com,9400249927,41,F,Mumbai,Occasional,2023-10-14,0
498,Gaurav Kumar,gaurav.kumar56@yahoo.com,9696291839,35,F,Mumbai,New,2022-12-22,0
499,Swati Sharma,swati.sharma18@yahoo.com,9636439085,29,F,Mumbai,New,2022-08-21,0
500,Rekha Das,rekha.das73@gmail.com,9703591560,37,M,Pune,Occasional,2023-05-06,0
501,Gaurav Reddy,gaurav.reddy96@gmail.com,9583027931,48,M,Mumbai,Loyal,2022-12-01,1
502,Meera Sharma,meera.sharma87@yahoo.com,9476980538,44,M,Bangalore,Churned,2023-02-05,0
503,Kavya Rao,kavya.rao66@gmail.com,9822835305,40,M,Mumbai,New,2024-04-16,0
504,Neha Rao,neha.rao82@yahoo.com,9279932861,47,F,Chennai,Churned,2023-08-15,0
505,Nikhil Singh,nikhil.singh30@gmail.com,9468965063,23,F,Delhi,New,2024-06-07,0
506,Vikram Pillai,vikram.pillai58@gmail.com,9659350437,41,M,Hyderabad,New,2023-09-07,0
507,Asha Reddy,asha.reddy51@gmail.com,9279218750,23,F,Mumbai,Loyal,2022-12-31,1
508,Deepak Kapoor,deepak.kapoor34@yahoo.com,9211592272,51,M,Pune,Occasional,2022-02-10,0
509,Divya Nair,divya.nair81@gmail.com,9575839885,33,M,Mumbai,Churned,2023-08-29,0
510,Asha Shah,asha.shah70@yahoo.com,9601645174,38,F,Bangalore,Loyal,2022-02-24,0
511,Kavya Pillai,kavya.pillai82@yahoo.com,9662060684,54,F,Mumbai,Churned,2024-04-17,0
512,Ananya Singh,ananya.singh53@gmail.com,9492756851,46,M,Delhi,Occasional,2024-04-18,0
513,Meera Rao,meera.rao89@yahoo.com,9108930425,48,M,Delhi,Loyal,2022-07-31,0
514,Rekha Rao,rekha.rao48@gmail.com,9688638365,32,M,Bangalore,Loyal,2023-10-31,0
515,Gaurav Kapoor,gaurav.kapoor55@yahoo.com,9185050803,32,M,Bangalore,Occasional,2023-08-29,0
516,Divya Reddy,divya.reddy24@gmail.com,9173512612,44,F,Bangalore,New,2023-02-27,0
517,Vikram Das,vikram.das20@gmail.com,9120825650,30,M,Mumbai,Occasional,2023-12-05,0
518,Divya Reddy,divya.reddy2@gmail.com,9880725278,26,F,Bangalore,Loyal,2022-06-08,1
519,Rekha Das,rekha.das5@gmail.com,9848328041,41,F,Bangalore,Occasional,2023-04-30,0
520,Vikram Kapoor,vikram.kapoor24@gmail.com,9604816257,22,M,Pune,Churned,2022-03-29,0
521,Sneha Nair,sneha.nair95@yahoo.com,9365388382,42,F,Pune,New,2022-01-20,0
522,Tarun Joshi,tarun.joshi40@yahoo.com,9831693114,48,F,Mumbai,New,2022-05-26,0
523,Tarun Kumar,tarun.kumar39@gmail.com,9785605643,34,F,Mumbai,New,2024-05-03,0
524,Sneha Nair,sneha.nair22@yahoo.com,9116178827,45,M,Pune,Churned,2022-12-05,0
525,Arjun Patel,arjun.patel77@gmail.com,9839170893,55,F,Bangalore,Occasional,2023-01-13,0
526,Rahul Mehta,rahul.mehta83@gmail.com,9481734198,21,M,Chennai,Occasional,2024-02-16,0
527,Ananya Mehta,ananya.mehta57@yahoo.com,9964926282,53,M,Bangalore,Loyal,2024-01-28,1
528,Vikas Patel,vikas.patel38@gmail.com,9700248296,49,F,Delhi,New,2023-01-25,0
529,Meera Mehta,meera.mehta77@yahoo.com,9992654825,47,M,Bangalore,New,2024-04-24,0
530,Siddharth Rao,siddharth.rao59@gmail.com,9494184264,34,M,Bangalore,Loyal,2022-08-29,0
531,Neha Shah,neha.shah9@yahoo.com,9874171682,33,M,Delhi,Loyal,2022-01-30,0
532,Deepak Gupta,deepak.gupta83@gmail.com,9540024260,36,M,Delhi,Occasional,2024-02-12,0
533,Gaurav Gupta,gaurav.gupta14@gmail.com,9316980704,29,M,Mumbai,New,2022-03-10,0
534,Asha Das,asha.das76@gmail.com,9853030195,51,M,Mumbai,New,2023-08-27,0
535,Arjun Joshi,arjun.joshi82@gmail.com,9602574675,49,M,Delhi,New,2022-04-21,0
536,Gaurav Shah,gaurav.shah68@gmail.com,9385417366,21,M,Bangalore,Churned,2023-10-09,0
537,Tarun Kumar,tarun.kumar50@gmail.com,9670866707,24,F,Mumbai,Occasional,2022-12-02,0
538,Riya Iyer,riya.iyer87@gmail.com,9484360237,24,M,Bangalore,Occasional,2022-10-05,0
539,Rekha Verma,rekha.verma44@yahoo.com,9641909751,53,F,Hyderabad,Churned,2022-09-17,0
540,Vikas Mehta,vikas.mehta53@yahoo.com,9499130788,53,M,Bangalore,New,2023-07-02,0
541,Aditya Joshi,aditya.joshi33@gmail.com,9899484915,42,M,Bangalore,New,2023-01-09,0
542,Sunita Patel,sunita.patel67@gmail.com,9117504619,36,M,Bangalore,Churned,2022-01-01,0
543,Rohan Mehta,rohan.mehta66@gmail.com,9694491286,19,M,Pune,Loyal,2022-12-11,0
544,Amit Gupta,amit.gupta32@gmail.com,9725084928,34,M,Mumbai,Loyal,2023-07-07,0
545,Sunita Singh,sunita.singh63@yahoo.com,9285652633,38,F,Mumbai,Occasional,2022-12-04,0
546,Neha Rao,neha.rao11@yahoo.com,9509682018,20,M,Hyderabad,New,2022-05-29,0
547,Pooja Kumar,pooja.kumar82@yahoo.com,9112277573,32,M,Kolkata,Occasional,2023-11-06,0
548,Karan Gupta,karan.gupta29@gmail.com,9849223390,38,M,Delhi,Occasional,2022-03-05,0
549,Deepak Singh,deepak.singh51@gmail.com,9411152157,32,F,Hyderabad,Churned,2023-11-24,0
550,Riya Kapoor,riya.kapoor65@gmail.com,9527915151,34,M,Delhi,Occasional,2022-03-18,0
551,Riya Joshi,riya.joshi74@gmail.com,9800346424,49,F,Hyderabad,New,2024-01-18,0
552,Ananya Singh,ananya.singh88@yahoo.com,9447260600,35,F,Hyderabad,New,2023-01-18,0
553,Meera Shah,meera.shah77@yahoo.com,9469930807,30,M,Mumbai,New,2023-10-20,0
554,Neha Pillai,neha.pillai30@gmail.com,9148186901,27,F,Chennai,Loyal,2023-06-28,1
555,Sunita Patel,sunita.patel37@gmail.com,9258567048,33,M,Chennai,Churned,2022-06-24,0
556,Swati Sharma,swati.sharma69@gmail.com,9894582888,39,F,Hyderabad,Loyal,2023-12-01,0
557,Manish Sharma,manish.sharma68@gmail.com,9812458132,42,M,Chennai,Occasional,2022-08-08,0
558,Priya Pillai,priya.pillai85@gmail.com,9517304549,18,M,Mumbai,Occasional,2023-02-26,0
559,Arjun Rao,arjun.rao66@yahoo.com,9508774805,42,F,Pune,New,2022-06-17,0
560,Rahul Verma,rahul.verma72@yahoo.com,9591759000,30,M,Mumbai,Occasional,2024-04-05,0
561,Divya Mehta,divya.mehta21@gmail.com,9899283454,49,F,Mumbai,Occasional,2024-04-02,0
562,Ananya Reddy,ananya.reddy4@yahoo.com,9515721250,21,M,Hyderabad,Occasional,2023-04-15,0
563,Vikas Kapoor,vikas.kapoor49@gmail.com,9883713061,26,M,Kolkata,Occasional,2023-06-15,0
564,Pooja Nair,pooja.nair40@yahoo.com,9557913296,54,F,Hyderabad,Churned,2022-12-20,0
565,Sachin Gupta,sachin.gupta26@yahoo.com,9834491630,55,M,Delhi,Occasional,2022-11-18,0
566,Pallavi Gupta,pallavi.gupta73@yahoo.com,9804623475,45,F,Delhi,New,2024-03-24,0
567,Kavya Mehta,kavya.mehta41@yahoo.com,9921879587,27,M,Delhi,New,2022-07-03,0
568,Sunita Reddy,sunita.reddy17@gmail.com,9214644955,27,F,Delhi,Occasional,2023-11-20,0
569,Neha Nair,neha.nair4@gmail.com,9838066391,32,F,Chennai,New,2023-02-19,0
570,Nisha Das,nisha.das63@gmail.com,9516032315,41,F,Hyderabad,Occasional,2024-02-20,0
571,Deepak Sharma,deepak.sharma96@yahoo.com,9338965760,35,F,Mumbai,Occasional,2023-09-27,0
572,Pallavi Pillai,pallavi.pillai32@gmail.com,9591285126,49,M,Mumbai,Occasional,2022-10-03,0
573,Sunita Mehta,sunita.mehta74@gmail.com,9897218787,43,M,Chennai,New,2023-08-14,0
574,Tarun Kumar,tarun.kumar6@yahoo.com,9987995334,46,F,Bangalore,Churned,2022-03-01,0
575,Riya Kapoor,riya.kapoor38@gmail.com,9303850254,51,M,Delhi,Occasional,2022-03-02,0
576,Siddharth Verma,siddharth.verma7@yahoo.com,9758347916,45,M,Pune,New,2023-03-21,0
577,Rahul Kumar,rahul.kumar70@gmail.com,9847446866,29,M,Kolkata,Occasional,2023-12-03,0
578,Siddharth Joshi,siddharth.joshi42@yahoo.com,9368523822,47,M,Delhi,Occasional,2022-10-05,0
579,Rahul Kumar,rahul.kumar68@yahoo.com,9191597206,46,M,Kolkata,New,2022-07-11,0
580,Nikhil Kapoor,nikhil.kapoor73@yahoo.com,9459910894,20,F,Chennai,Churned,2022-09-06,0
581,Kavya Patel,kavya.patel94@yahoo.com,9432342748,44,M,Pune,Loyal,2022-08-13,1
582,Rohan Sharma,rohan.sharma64@yahoo.com,9592463803,34,M,Hyderabad,Loyal,2022-07-24,0
583,Rohan Das,rohan.das11@yahoo.com,9574460059,47,F,Mumbai,Churned,2023-01-05,0
584,Neha Joshi,neha.joshi8@yahoo.com,9259188853,21,F,Mumbai,Churned,2023-03-09,0
585,Gaurav Rao,gaurav.rao14@gmail.com,9152647028,39,M,Mumbai,Churned,2024-06-17,0
586,Rekha Verma,rekha.verma5@gmail.com,9486749612,47,M,Mumbai,New,2024-06-08,0
587,Gaurav Singh,gaurav.singh38@gmail.com,9169713616,45,M,Delhi,Occasional,2023-08-12,0
588,Tarun Iyer,tarun.iyer27@yahoo.com,9847141233,51,F,Mumbai,Churned,2023-05-27,0
589,Rahul Das,rahul.das41@gmail.com,9753741918,36,F,Mumbai,New,2024-04-01,0
590,Neha Das,neha.das24@yahoo.com,9628822629,51,F,Bangalore,New,2022-07-21,0
591,Arjun Kumar,arjun.kumar16@yahoo.com,9771583357,19,F,Delhi,Occasional,2022-10-28,0
592,Pooja Patel,pooja.patel82@gmail.com,9701741560,39,M,Mumbai,New,2023-10-07,0
593,Rekha Singh,rekha.singh71@gmail.com,9644053844,37,M,Hyderabad,New,2023-01-31,0
594,Nikhil Sharma,nikhil.sharma44@yahoo.com,9454887598,29,F,Mumbai,New,2023-06-15,0
595,Sachin Gupta,sachin.gupta59@yahoo.com,9773451395,48,F,Bangalore,Occasional,2022-02-25,0
596,Pallavi Patel,pallavi.patel93@yahoo.com,9706602538,51,M,Bangalore,Occasional,2023-10-06,0
597,Asha Mehta,asha.mehta36@yahoo.com,9260314927,40,M,Bangalore,Loyal,2024-06-15,1
598,Aditya Kapoor,aditya.kapoor97@gmail.com,9225460968,29,M,Delhi,Occasional,2022-09-15,0
599,Pooja Singh,pooja.singh58@yahoo.com,9498984826,49,F,Pune,New,2023-02-26,0
600,Sneha Shah,sneha.shah57@gmail.com,9199432918,20,F,Delhi,Occasional,2022-09-29,0
601,Rohan Mehta,rohan.mehta42@gmail.com,9433245127,48,M,Chennai,Churned,2022-08-28,0
602,Asha Gupta,asha.gupta50@yahoo.com,9593243074,31,M,Pune,New,2024-03-12,0
603,Asha Singh,asha.singh14@gmail.com,9149542207,39,F,Bangalore,Loyal,2022-03-10,0
604,Sachin Joshi,sachin.joshi37@gmail.com,9306744311,38,F,Delhi,New,2023-04-30,0
605,Vikram Gupta,vikram.gupta2@yahoo.com,9222900917,28,M,Delhi,Occasional,2022-07-02,0
606,Meera Mehta,meera.mehta37@gmail.com,9856294020,35,F,Bangalore,Loyal,2024-04-22,1
607,Siddharth Patel,siddharth.patel87@gmail.com,9605448473,26,M,Delhi,Churned,2024-04-19,0
608,Kavya Pillai,kavya.pillai26@yahoo.com,9456838867,40,M,Delhi,Loyal,2023-09-01,0
609,Aditya Gupta,aditya.gupta59@gmail.com,9204435349,23,F,Bangalore,Churned,2023-12-25,0
610,Ananya Nair,ananya.nair47@gmail.com,9377082043,27,M,Hyderabad,New,2024-01-01,0
611,Siddharth Das,siddharth.das15@gmail.com,9610386386,19,M,Hyderabad,New,2023-05-20,0
612,Neha Gupta,neha.gupta92@yahoo.com,9535602000,50,M,Bangalore,Loyal,2023-06-26,1
613,Siddharth Kapoor,siddharth.kapoor80@gmail.com,9356168265,55,F,Hyderabad,New,2024-04-07,0
614,Karan Joshi,karan.joshi56@gmail.com,9942150718,55,F,Mumbai,Occasional,2022-04-13,0
615,Asha Singh,asha.singh76@gmail.com,9222753236,54,F,Delhi,New,2022-09-26,0
616,Kavya Rao,kavya.rao14@yahoo.com,9742375910,43,M,Delhi,Loyal,2023-11-23,0
617,Rahul Joshi,rahul.joshi82@yahoo.com,9910662740,26,M,Chennai,Occasional,2022-04-06,0
618,Riya Rao,riya.rao58@gmail.com,9720549135,42,M,Chennai,New,2023-12-05,0
619,Rekha Rao,rekha.rao75@gmail.com,9195871622,45,M,Hyderabad,Occasional,2024-06-04,0
620,Nisha Rao,nisha.rao7@gmail.com,9689360922,21,M,Jaipur,Occasional,2022-07-18,0
621,Nisha Rao,nisha.rao90@gmail.com,9563550988,19,F,Bangalore,Churned,2022-06-20,0
622,Nikhil Iyer,nikhil.iyer23@gmail.com,9811340600,52,F,Hyderabad,New,2023-09-23,0
623,Gaurav Iyer,gaurav.iyer17@gmail.com,9819477978,27,M,Mumbai,Occasional,2023-07-14,0
624,Asha Iyer,asha.iyer83@yahoo.com,9247339141,26,M,Mumbai,Loyal,2024-01-27,0
625,Neha Verma,neha.verma71@yahoo.com,9555400410,47,M,Pune,New,2023-10-24,0
626,Neha Sharma,neha.sharma31@yahoo.com,9884812266,54,F,Delhi,Occasional,2023-10-22,0
627,Meera Patel,meera.patel91@gmail.com,9618905205,20,M,Delhi,Churned,2024-06-14,0
628,Amit Reddy,amit.reddy67@yahoo.com,9184003766,47,M,Bangalore,Churned,2022-05-05,0
629,Asha Rao,asha.rao2@gmail.com,9674487589,21,M,Mumbai,Occasional,2022-05-02,0
630,Pooja Shah,pooja.shah5@yahoo.com,9279860527,36,M,Bangalore,Occasional,2023-05-30,0
631,Vikram Patel,vikram.patel74@gmail.com,9281547449,48,M,Bangalore,Occasional,2024-05-25,0
632,Divya Das,divya.das10@yahoo.com,9642879692,23,F,Jaipur,New,2022-02-12,0
633,Vikram Reddy,vikram.reddy23@yahoo.com,9748348443,18,M,Delhi,Loyal,2023-03-13,0
634,Vikram Nair,vikram.nair68@yahoo.com,9958319153,49,F,Hyderabad,Occasional,2022-09-30,0
635,Neha Gupta,neha.gupta50@gmail.com,9927176115,49,F,Delhi,Loyal,2022-08-14,1
636,Priya Reddy,priya.reddy60@gmail.com,9279959558,25,M,Hyderabad,Occasional,2023-06-21,0
637,Ananya Kapoor,ananya.kapoor19@gmail.com,9381991615,42,F,Delhi,New,2024-04-07,0
638,Nikhil Mehta,nikhil.mehta69@yahoo.com,9204544138,51,M,Bangalore,Occasional,2023-11-29,0
639,Karan Reddy,karan.reddy84@gmail.com,9374173441,35,M,Kolkata,Occasional,2023-02-28,0
640,Sunita Joshi,sunita.joshi89@yahoo.com,9827694333,51,M,Bangalore,New,2023-01-11,0
641,Gaurav Singh,gaurav.singh68@gmail.com,9204903246,18,F,Delhi,Loyal,2022-01-14,1
642,Priya Sharma,priya.sharma85@yahoo.com,9737951442,23,M,Mumbai,Occasional,2022-10-27,0
643,Manish Kumar,manish.kumar49@yahoo.com,9239486853,23,M,Mumbai,New,2022-07-09,0
644,Vikas Kumar,vikas.kumar60@yahoo.com,9416290643,29,M,Pune,New,2022-10-15,0
645,Deepak Iyer,deepak.iyer10@gmail.com,9273909699,38,M,Mumbai,Occasional,2023-03-06,0
646,Vikram Reddy,vikram.reddy63@yahoo.com,9174516050,29,F,Mumbai,Occasional,2022-04-04,0
647,Sneha Gupta,sneha.gupta79@yahoo.com,9334490716,52,F,Mumbai,Occasional,2024-02-04,0
648,Priya Singh,priya.singh33@yahoo.com,9881195659,22,M,Kolkata,New,2022-06-10,0
649,Pallavi Patel,pallavi.patel90@gmail.com,9262787284,42,M,Mumbai,Occasional,2022-01-02,0
650,Swati Iyer,swati.iyer29@gmail.com,9679958795,43,M,Delhi,Loyal,2024-02-02,0
651,Riya Shah,riya.shah8@yahoo.com,9530156867,39,M,Chennai,Occasional,2024-05-31,0
652,Nisha Mehta,nisha.mehta99@gmail.com,9916530277,23,F,Kolkata,Loyal,2024-04-10,1
653,Divya Kapoor,divya.kapoor11@yahoo.com,9622379207,24,M,Bangalore,Churned,2022-10-24,0
654,Rohan Sharma,rohan.sharma50@gmail.com,9625309452,55,F,Bangalore,Loyal,2022-02-25,0
655,Arjun Patel,arjun.patel93@gmail.com,9462622584,39,M,Delhi,Occasional,2023-11-29,0
656,Siddharth Gupta,siddharth.gupta5@yahoo.com,9177345357,55,F,Mumbai,New,2024-03-23,0
657,Ananya Gupta,ananya.gupta7@yahoo.com,9779315067,18,F,Bangalore,Loyal,2022-03-13,0
658,Gaurav Kumar,gaurav.kumar79@gmail.com,9738852124,25,F,Mumbai,New,2022-04-10,0
659,Karan Kumar,karan.kumar42@yahoo.com,9247456327,54,M,Chennai,Occasional,2023-09-17,0
660,Karan Singh,karan.singh97@gmail.com,9251651862,25,M,Chennai,New,2022-09-27,0
661,Ananya Patel,ananya.patel81@yahoo.com,9949385932,26,M,Hyderabad,New,2023-11-13,0
662,Rahul Sharma,rahul.sharma91@yahoo.com,9195714674,18,F,Chennai,Loyal,2024-01-27,0
663,Manish Gupta,manish.gupta35@gmail.com,9787007622,31,F,Delhi,New,2024-01-10,0
664,Neha Verma,neha.verma81@yahoo.com,9194512033,49,M,Delhi,Churned,2022-02-28,0
665,Ananya Joshi,ananya.joshi80@gmail.com,9202739753,25,M,Delhi,Occasional,2024-05-16,0
666,Siddharth Joshi,siddharth.joshi15@yahoo.com,9308004185,35,M,Chennai,Occasional,2022-12-07,0
667,Swati Verma,swati.verma83@gmail.com,9158011705,28,M,Hyderabad,Churned,2024-01-07,0
668,Priya Kumar,priya.kumar21@yahoo.com,9288857880,21,M,Mumbai,Occasional,2023-12-05,0
669,Sunita Pillai,sunita.pillai54@gmail.com,9450010107,55,M,Bangalore,Loyal,2023-01-01,0
670,Ananya Kumar,ananya.kumar49@yahoo.com,9314700940,33,F,Delhi,New,2023-05-22,0
671,Vikas Iyer,vikas.iyer59@gmail.com,9754374295,27,F,Mumbai,New,2022-03-26,0
672,Sachin Shah,sachin.shah17@gmail.com,9460660580,35,F,Delhi,Occasional,2022-10-29,0
673,Nisha Pillai,nisha.pillai98@gmail.com,9283826012,47,F,Bangalore,Occasional,2022-06-22,0
674,Aditya Nair,aditya.nair63@yahoo.com,9660244963,23,F,Pune,New,2022-09-21,0
675,Vikram Sharma,vikram.sharma42@gmail.com,9366106987,45,F,Mumbai,Occasional,2023-12-20,0
676,Pallavi Sharma,pallavi.sharma61@yahoo.com,9143012678,44,M,Delhi,Churned,2022-08-20,0
677,Swati Kumar,swati.kumar11@gmail.com,9358247252,46,F,Bangalore,Occasional,2023-09-05,0
678,Amit Shah,amit.shah12@gmail.com,9795398363,36,F,Mumbai,New,2022-12-05,0
679,Nisha Sharma,nisha.sharma18@yahoo.com,9928751533,47,F,Hyderabad,Loyal,2023-12-15,1
680,Manish Sharma,manish.sharma43@gmail.com,9841687850,22,F,Chennai,Occasional,2023-12-23,0
681,Aditya Joshi,aditya.joshi95@yahoo.com,9460449408,23,M,Delhi,New,2024-04-22,0
682,Vikas Patel,vikas.patel60@yahoo.com,9492550199,25,F,Bangalore,Churned,2023-07-20,0
683,Manish Singh,manish.singh43@gmail.com,9248612097,53,F,Delhi,Loyal,2024-05-18,1
684,Nisha Joshi,nisha.joshi35@gmail.com,9478721270,32,M,Bangalore,Churned,2024-06-20,0
685,Meera Pillai,meera.pillai16@gmail.com,9665521130,49,M,Bangalore,Loyal,2023-08-03,0
686,Neha Shah,neha.shah12@gmail.com,9591638597,22,F,Pune,Churned,2023-12-04,0
687,Sneha Verma,sneha.verma19@gmail.com,9848486223,35,M,Pune,Occasional,2022-04-30,0
688,Divya Iyer,divya.iyer45@gmail.com,9608851530,52,F,Pune,Occasional,2022-02-05,0
689,Rahul Sharma,rahul.sharma43@gmail.com,9792211324,32,M,Chennai,Loyal,2022-10-21,1
690,Gaurav Pillai,gaurav.pillai17@yahoo.com,9709081834,47,M,Hyderabad,Occasional,2024-04-03,0
691,Swati Shah,swati.shah46@gmail.com,9259277073,36,M,Delhi,New,2022-12-19,0
692,Manish Rao,manish.rao89@yahoo.com,9860328560,29,F,Kolkata,New,2022-09-07,0
693,Priya Mehta,priya.mehta34@gmail.com,9573400575,54,F,Chennai,Loyal,2022-07-01,1
694,Amit Shah,amit.shah69@gmail.com,9274587852,46,M,Hyderabad,New,2023-06-19,0
695,Deepak Gupta,deepak.gupta1@yahoo.com,9267560926,47,M,Kolkata,Occasional,2024-02-15,0
696,Swati Rao,swati.rao73@yahoo.com,9958538383,54,F,Bangalore,Occasional,2023-04-05,0
697,Sunita Das,sunita.das71@gmail.com,9828005909,20,F,Kolkata,Occasional,2022-06-24,0
698,Siddharth Shah,siddharth.shah78@yahoo.com,9159091919,23,M,Mumbai,New,2022-12-09,0
699,Rohan Sharma,rohan.sharma87@yahoo.com,9578306974,23,M,Bangalore,Occasional,2023-03-08,0
700,Swati Mehta,swati.mehta47@gmail.com,9815934958,50,M,Mumbai,Occasional,2022-10-30,0
701,Meera Sharma,meera.sharma40@yahoo.com,9477264595,36,M,Hyderabad,Occasional,2023-08-23,0
702,Sunita Iyer,sunita.iyer94@yahoo.com,9275868541,46,M,Pune,Loyal,2023-11-22,1
703,Amit Joshi,amit.joshi43@gmail.com,9664037702,37,F,Pune,Loyal,2022-05-14,0
704,Sachin Reddy,sachin.reddy60@yahoo.com,9696800574,44,F,Chennai,Loyal,2023-09-29,0
705,Divya Das,divya.das75@gmail.com,9996129032,20,M,Mumbai,Loyal,2023-08-17,0
706,Amit Reddy,amit.reddy84@yahoo.com,9233333957,37,F,Bangalore,Loyal,2022-01-04,1
707,Arjun Kumar,arjun.kumar77@yahoo.com,9171645238,35,F,Mumbai,Churned,2023-01-16,0
708,Sachin Das,sachin.das94@gmail.com,9650320457,25,M,Bangalore,New,2023-02-05,0
709,Amit Mehta,amit.mehta21@gmail.com,9483739723,47,F,Pune,Loyal,2022-04-01,1
710,Divya Rao,divya.rao25@yahoo.com,9651759949,51,M,Hyderabad,Churned,2022-03-17,0
711,Riya Mehta,riya.mehta88@yahoo.com,9391476850,38,M,Mumbai,Loyal,2022-09-17,1
712,Arjun Gupta,arjun.gupta63@gmail.com,9500520940,51,M,Bangalore,Occasional,2022-08-12,0
713,Amit Nair,amit.nair89@yahoo.com,9758663681,30,M,Kolkata,Loyal,2022-12-05,0
714,Pooja Pillai,pooja.pillai17@yahoo.com,9979227852,22,M,Bangalore,New,2022-06-27,0
715,Amit Pillai,amit.pillai91@gmail.com,9284906027,51,M,Bangalore,Occasional,2023-07-18,0
716,Nisha Gupta,nisha.gupta27@gmail.com,9234587291,32,M,Chennai,Loyal,2022-07-19,1
717,Arjun Das,arjun.das14@gmail.com,9310830273,45,M,Hyderabad,New,2022-05-01,0
718,Sneha Reddy,sneha.reddy86@gmail.com,9423889716,20,M,Hyderabad,New,2023-12-30,0
719,Aditya Joshi,aditya.joshi12@gmail.com,9131416738,29,M,Mumbai,Loyal,2022-11-16,0
720,Kavya Nair,kavya.nair13@yahoo.com,9173376339,50,M,Delhi,New,2023-07-02,0
721,Divya Verma,divya.verma13@yahoo.com,9878837937,52,M,Chennai,Occasional,2022-10-25,0
722,Meera Verma,meera.verma46@yahoo.com,9294184632,46,M,Kolkata,Churned,2024-01-08,0
723,Sneha Mehta,sneha.mehta67@gmail.com,9218451078,25,F,Bangalore,Occasional,2023-09-26,0
724,Sunita Patel,sunita.patel15@gmail.com,9630120085,23,M,Chennai,New,2024-05-15,0
725,Ananya Iyer,ananya.iyer9@yahoo.com,9302706330,36,F,Bangalore,New,2023-11-21,0
726,Kavya Sharma,kavya.sharma57@gmail.com,9525598787,49,M,Chennai,Churned,2023-07-25,0
727,Nikhil Kumar,nikhil.kumar26@gmail.com,9490530625,28,M,Hyderabad,Loyal,2023-09-06,0
728,Sunita Das,sunita.das35@yahoo.com,9737426805,35,M,Jaipur,Loyal,2023-10-22,0
729,Swati Reddy,swati.reddy16@gmail.com,9216003492,27,F,Kolkata,Occasional,2023-09-21,0
730,Arjun Kumar,arjun.kumar87@gmail.com,9634868281,21,M,Bangalore,New,2022-07-29,0
731,Amit Rao,amit.rao97@gmail.com,9809829892,24,M,Mumbai,New,2023-05-23,0
732,Asha Das,asha.das70@gmail.com,9380960951,49,M,Bangalore,Occasional,2023-04-02,0
733,Pooja Kumar,pooja.kumar49@gmail.com,9437755361,42,F,Pune,Occasional,2022-02-19,0
734,Vikas Verma,vikas.verma40@yahoo.com,9244405651,49,F,Mumbai,Loyal,2023-04-16,0
735,Asha Das,asha.das65@gmail.com,9267837613,48,M,Mumbai,New,2024-05-10,0
736,Neha Shah,neha.shah4@gmail.com,9165953495,36,M,Delhi,New,2023-08-10,0
737,Arjun Mehta,arjun.mehta45@yahoo.com,9559720620,42,M,Mumbai,Occasional,2024-06-26,0
738,Ananya Nair,ananya.nair89@gmail.com,9191205492,37,M,Delhi,Loyal,2023-01-15,1
739,Priya Pillai,priya.pillai54@gmail.com,9652719151,45,M,Delhi,Loyal,2023-05-22,0
740,Aditya Kapoor,aditya.kapoor63@gmail.com,9204932137,38,M,Bangalore,Churned,2023-08-10,0
741,Rekha Mehta,rekha.mehta47@yahoo.com,9421608113,28,M,Hyderabad,Occasional,2024-02-21,0
742,Gaurav Joshi,gaurav.joshi39@yahoo.com,9151036409,36,M,Mumbai,New,2022-04-28,0
743,Manish Kumar,manish.kumar9@gmail.com,9393523362,55,M,Delhi,Occasional,2022-05-23,0
744,Rekha Singh,rekha.singh39@gmail.com,9963424487,37,M,Bangalore,Occasional,2023-06-24,0
745,Vikram Pillai,vikram.pillai81@yahoo.com,9119975163,53,F,Bangalore,Occasional,2023-09-17,0
746,Asha Pillai,asha.pillai79@yahoo.com,9968585704,35,M,Pune,New,2022-11-27,0
747,Tarun Joshi,tarun.joshi31@gmail.com,9258638580,41,F,Kolkata,Churned,2022-04-04,0
748,Pooja Mehta,pooja.mehta35@yahoo.com,9542852340,22,F,Hyderabad,Occasional,2023-11-08,0
749,Nikhil Nair,nikhil.nair4@gmail.com,9306068248,25,F,Hyderabad,Occasional,2023-01-02,0
750,Pooja Iyer,pooja.iyer35@gmail.com,9271109874,20,F,Pune,Occasional,2024-05-19,0
751,Kavya Patel,kavya.patel11@gmail.com,9159407206,49,M,Delhi,New,2024-05-05,0
752,Vikas Shah,vikas.shah18@gmail.com,9877640817,23,F,Delhi,Loyal,2023-09-25,0
753,Deepak Reddy,deepak.reddy77@gmail.com,9355633079,49,M,Bangalore,Loyal,2024-06-20,0
754,Rekha Nair,rekha.nair14@gmail.com,9254917225,45,F,Delhi,New,2023-08-29,0
755,Nisha Patel,nisha.patel90@yahoo.com,9502336411,49,M,Jaipur,Occasional,2023-01-31,0
756,Vikram Gupta,vikram.gupta48@yahoo.com,9868446134,41,F,Delhi,Occasional,2023-01-18,0
757,Gaurav Patel,gaurav.patel50@gmail.com,9693487068,33,M,Mumbai,Churned,2022-02-24,0
758,Riya Nair,riya.nair51@yahoo.com,9108446160,46,F,Kolkata,Occasional,2022-07-09,0
759,Divya Joshi,divya.joshi41@yahoo.com,9777909802,28,F,Kolkata,Occasional,2023-01-01,0
760,Vikram Singh,vikram.singh53@yahoo.com,9891285408,49,F,Chennai,Occasional,2022-02-22,0
761,Gaurav Verma,gaurav.verma46@gmail.com,9171261273,34,M,Delhi,Occasional,2022-06-05,0
762,Siddharth Sharma,siddharth.sharma57@yahoo.com,9776625216,21,F,Chennai,Occasional,2023-05-23,0
763,Karan Singh,karan.singh67@yahoo.com,9368009789,25,F,Mumbai,Occasional,2023-04-20,0
764,Nisha Iyer,nisha.iyer95@gmail.com,9613641017,38,F,Chennai,New,2022-07-22,0
765,Rekha Rao,rekha.rao48@gmail.com,9545062150,30,M,Mumbai,New,2023-05-24,0
766,Ananya Sharma,ananya.sharma79@yahoo.com,9794825515,19,M,Pune,Churned,2024-06-05,0
767,Vikram Verma,vikram.verma55@yahoo.com,9763576795,21,F,Kolkata,Churned,2022-11-04,0
768,Aditya Kumar,aditya.kumar99@yahoo.com,9567248132,18,M,Mumbai,Churned,2022-09-22,0
769,Ananya Joshi,ananya.joshi96@gmail.com,9409196813,30,M,Bangalore,New,2022-07-04,0
770,Gaurav Rao,gaurav.rao53@yahoo.com,9293670676,30,F,Mumbai,Churned,2022-12-01,0
771,Neha Pillai,neha.pillai88@yahoo.com,9725887408,33,M,Mumbai,Churned,2023-01-01,0
772,Manish Kapoor,manish.kapoor55@yahoo.com,9860695792,31,F,Mumbai,Occasional,2023-05-18,0
773,Priya Mehta,priya.mehta78@yahoo.com,9480428530,33,F,Delhi,Loyal,2022-04-02,0
774,Arjun Reddy,arjun.reddy39@yahoo.com,9509028714,50,M,Bangalore,New,2022-03-12,0
775,Priya Verma,priya.verma64@yahoo.com,9640893920,34,F,Hyderabad,Loyal,2024-05-19,0
776,Pooja Gupta,pooja.gupta6@yahoo.com,9436370681,34,M,Mumbai,Occasional,2024-04-03,0
777,Sunita Shah,sunita.shah79@yahoo.com,9382626443,45,M,Bangalore,Churned,2023-03-13,0
778,Vikas Verma,vikas.verma20@gmail.com,9919990226,38,F,Kolkata,Occasional,2023-11-08,0
779,Priya Joshi,priya.joshi24@gmail.com,9346810881,27,M,Kolkata,New,2023-11-15,0
780,Sneha Das,sneha.das91@gmail.com,9482810555,20,F,Delhi,New,2023-11-09,0
781,Sneha Shah,sneha.shah24@yahoo.com,9405067716,23,F,Bangalore,Loyal,2022-08-18,0
782,Rohan Sharma,rohan.sharma54@yahoo.com,9293884326,51,M,Pune,New,2024-06-28,0
783,Vikas Mehta,vikas.mehta88@gmail.com,9831553554,19,M,Delhi,Occasional,2022-05-27,0
784,Gaurav Mehta,gaurav.mehta59@yahoo.com,9187040987,27,M,Delhi,Churned,2022-06-14,0
785,Neha Sharma,neha.sharma80@yahoo.com,9804560130,39,M,Hyderabad,Occasional,2023-02-23,0
786,Amit Joshi,amit.joshi8@yahoo.com,9447002051,21,M,Delhi,New,2024-06-03,0
787,Nikhil Reddy,nikhil.reddy52@gmail.com,9927723397,29,F,Bangalore,New,2022-05-24,0
788,Divya Gupta,divya.gupta56@yahoo.com,9627040908,25,M,Pune,Loyal,2023-09-18,0
789,Asha Kumar,asha.kumar63@gmail.com,9314610134,41,M,Kolkata,New,2023-07-12,0
790,Rahul Iyer,rahul.iyer56@yahoo.com,9300098048,41,M,Delhi,Occasional,2023-10-20,0
791,Asha Nair,asha.nair81@yahoo.com,9666161206,27,F,Mumbai,Occasional,2023-12-22,0
792,Pallavi Das,pallavi.das88@yahoo.com,9237213199,37,F,Mumbai,Occasional,2022-05-04,0
793,Aditya Patel,aditya.patel66@gmail.com,9148420285,53,M,Pune,Occasional,2023-04-05,0
794,Gaurav Reddy,gaurav.reddy11@yahoo.com,9728748729,40,M,Bangalore,Loyal,2024-06-02,1
795,Gaurav Kapoor,gaurav.kapoor91@gmail.com,9546946709,20,M,Chennai,Occasional,2022-10-11,0
796,Neha Reddy,neha.reddy24@gmail.com,9326632940,39,F,Bangalore,Occasional,2023-11-30,0
797,Pooja Sharma,pooja.sharma2@gmail.com,9225282335,18,F,Jaipur,Occasional,2022-06-15,0
798,Divya Shah,divya.shah17@gmail.com,9194097510,43,M,Bangalore,New,2024-01-27,0
799,Nisha Sharma,nisha.sharma19@yahoo.com,9796453883,31,F,Mumbai,New,2022-10-20,0
800,Rohan Singh,rohan.singh61@gmail.com,9259091651,37,F,Bangalore,New,2024-04-16,0
801,Swati Das,swati.das32@gmail.com,9728381921,19,F,Mumbai,Churned,2023-11-23,0
802,Karan Sharma,karan.sharma64@yahoo.com,9546339338,24,F,Bangalore,New,2022-03-21,0
803,Priya Das,priya.das76@yahoo.com,9651211504,43,F,Bangalore,New,2023-03-28,0
804,Ananya Patel,ananya.patel74@gmail.com,9553123931,51,M,Kolkata,Churned,2024-01-28,0
805,Vikas Das,vikas.das83@gmail.com,9768615479,25,F,Mumbai,Churned,2023-10-11,0
806,Sunita Joshi,sunita.joshi30@gmail.com,9570417771,48,M,Hyderabad,Loyal,2023-03-24,0
807,Amit Rao,amit.rao87@yahoo.com,9994513638,42,F,Hyderabad,Churned,2023-12-29,0
808,Neha Joshi,neha.joshi62@gmail.com,9816246415,36,M,Delhi,Occasional,2022-09-09,0
809,Rekha Iyer,rekha.iyer27@gmail.com,9352027504,49,M,Mumbai,New,2022-06-06,0
810,Meera Verma,meera.verma9@gmail.com,9134327534,29,M,Jaipur,Occasional,2023-02-10,0
811,Ananya Das,ananya.das46@yahoo.com,9942764719,34,M,Mumbai,Occasional,2024-05-23,0
812,Nisha Kumar,nisha.kumar59@yahoo.com,9957905637,21,F,Chennai,New,2022-08-23,0
813,Gaurav Patel,gaurav.patel81@gmail.com,9279364596,50,M,Chennai,Churned,2022-06-08,0
814,Manish Pillai,manish.pillai13@gmail.com,9886571603,50,F,Mumbai,Occasional,2023-03-30,0
815,Nisha Joshi,nisha.joshi99@gmail.com,9925942935,46,F,Delhi,New,2022-07-11,0
816,Tarun Verma,tarun.verma92@yahoo.com,9499900489,23,M,Pune,Occasional,2023-03-22,0
817,Deepak Iyer,deepak.iyer55@gmail.com,9960892562,32,F,Delhi,New,2022-08-24,0
818,Rekha Shah,rekha.shah99@gmail.com,9256319955,19,F,Delhi,Occasional,2024-03-12,0
819,Karan Mehta,karan.mehta8@gmail.com,9566081562,43,F,Chennai,Churned,2022-05-12,0
820,Vikas Patel,vikas.patel52@yahoo.com,9550225634,51,M,Mumbai,Churned,2022-08-23,0
821,Pallavi Shah,pallavi.shah79@yahoo.com,9666712063,18,M,Hyderabad,Churned,2023-05-03,0
822,Vikas Pillai,vikas.pillai26@yahoo.com,9932579769,40,F,Hyderabad,Occasional,2022-11-15,0
823,Sunita Gupta,sunita.gupta28@gmail.com,9404865220,51,M,Mumbai,Occasional,2023-08-29,0
824,Arjun Sharma,arjun.sharma31@yahoo.com,9377766466,52,M,Bangalore,Occasional,2022-09-06,0
825,Sneha Patel,sneha.patel65@gmail.com,9773224887,41,M,Delhi,Occasional,2024-02-24,0
826,Siddharth Rao,siddharth.rao44@yahoo.com,9586563056,54,M,Mumbai,New,2022-07-13,0
827,Manish Nair,manish.nair86@yahoo.com,9405517657,40,M,Chennai,Churned,2024-05-28,0
828,Tarun Nair,tarun.nair75@gmail.com,9654535921,24,M,Hyderabad,New,2023-08-10,0
829,Manish Iyer,manish.iyer8@gmail.com,9199051192,44,M,Chennai,Occasional,2022-08-16,0
830,Meera Kapoor,meera.kapoor51@yahoo.com,9657212948,55,M,Mumbai,Occasional,2022-05-02,0
831,Manish Das,manish.das65@gmail.com,9254990533,44,F,Bangalore,New,2023-11-15,0
832,Nisha Kumar,nisha.kumar5@yahoo.com,9608261670,31,F,Hyderabad,Loyal,2024-03-08,0
833,Sneha Kumar,sneha.kumar6@gmail.com,9410945513,41,M,Delhi,Churned,2023-09-27,0
834,Divya Rao,divya.rao19@gmail.com,9949548505,49,M,Mumbai,Occasional,2023-08-05,0
835,Vikas Rao,vikas.rao95@gmail.com,9979528847,31,F,Bangalore,Loyal,2023-04-20,1
836,Swati Rao,swati.rao49@gmail.com,9462734944,54,F,Delhi,Churned,2023-10-11,0
837,Tarun Pillai,tarun.pillai94@gmail.com,9259968838,46,F,Chennai,New,2022-08-04,0
838,Nikhil Nair,nikhil.nair6@yahoo.com,9680888371,43,M,Chennai,New,2023-09-29,0
839,Nisha Verma,nisha.verma99@yahoo.com,9776574610,19,M,Pune,New,2022-05-18,0
840,Rahul Joshi,rahul.joshi7@yahoo.com,9913483088,52,M,Bangalore,Loyal,2024-05-18,0
841,Sneha Verma,sneha.verma27@gmail.com,9944773947,19,M,Chennai,Occasional,2022-01-29,0
842,Rahul Mehta,rahul.mehta63@yahoo.com,9148300820,43,M,Hyderabad,Churned,2023-11-22,0
843,Arjun Mehta,arjun.mehta15@yahoo.com,9197737441,42,M,Mumbai,Occasional,2023-10-07,0
844,Vikram Singh,vikram.singh87@gmail.com,9537309736,27,M,Bangalore,Occasional,2022-10-11,0
845,Manish Patel,manish.patel41@gmail.com,9206025798,37,F,Hyderabad,Occasional,2022-02-12,0
846,Priya Joshi,priya.joshi31@gmail.com,9729243930,33,M,Pune,Occasional,2022-07-07,0
847,Vikram Patel,vikram.patel53@gmail.com,9693909246,38,F,Chennai,Occasional,2022-06-28,0
848,Vikram Kumar,vikram.kumar17@gmail.com,9799597461,33,M,Mumbai,New,2022-01-29,0
849,Rohan Gupta,rohan.gupta32@gmail.com,9280590847,41,M,Delhi,Loyal,2024-02-17,1
850,Gaurav Pillai,gaurav.pillai8@yahoo.com,9100582968,36,F,Kolkata,Occasional,2022-01-02,0
851,Meera Joshi,meera.joshi6@gmail.com,9402055699,55,M,Bangalore,New,2023-08-14,0
852,Nikhil Kumar,nikhil.kumar56@gmail.com,9400066062,26,M,Bangalore,Loyal,2022-05-20,0
853,Sachin Reddy,sachin.reddy85@yahoo.com,9364063487,46,M,Chennai,Churned,2023-06-17,0
854,Arjun Gupta,arjun.gupta1@yahoo.com,9611669068,18,M,Delhi,Occasional,2023-05-26,0
855,Deepak Kapoor,deepak.kapoor84@yahoo.com,9945362558,52,M,Hyderabad,Occasional,2024-01-30,0
856,Asha Kumar,asha.kumar77@gmail.com,9988485748,40,F,Bangalore,Churned,2023-11-23,0
857,Sneha Pillai,sneha.pillai2@gmail.com,9577361628,41,F,Mumbai,New,2022-01-14,0
858,Rohan Singh,rohan.singh64@yahoo.com,9351532545,37,F,Mumbai,Occasional,2023-07-10,0
859,Arjun Joshi,arjun.joshi73@gmail.com,9397799667,43,M,Mumbai,Occasional,2022-11-21,0
860,Asha Verma,asha.verma96@gmail.com,9237703513,22,M,Mumbai,Loyal,2024-05-28,1
861,Sunita Reddy,sunita.reddy87@gmail.com,9844087852,30,M,Bangalore,Occasional,2024-03-23,0
862,Arjun Iyer,arjun.iyer53@gmail.com,9564445061,21,M,Delhi,New,2023-12-07,0
863,Tarun Patel,tarun.patel54@gmail.com,9398428319,32,M,Hyderabad,Occasional,2023-07-16,0
864,Rahul Sharma,rahul.sharma32@gmail.com,9179929734,32,F,Delhi,Occasional,2023-06-04,0
865,Arjun Das,arjun.das81@yahoo.com,9736225068,45,M,Delhi,Loyal,2022-05-31,0
866,Gaurav Patel,gaurav.patel31@yahoo.com,9952670321,39,M,Delhi,Occasional,2023-06-14,0
867,Sachin Pillai,sachin.pillai8@yahoo.com,9191842179,55,M,Chennai,New,2022-05-29,0
868,Rekha Gupta,rekha.gupta39@yahoo.com,9158829061,21,F,Delhi,Churned,2022-04-12,0
869,Riya Patel,riya.patel13@yahoo.com,9531303909,36,F,Bangalore,Loyal,2022-03-28,1
870,Siddharth Kapoor,siddharth.kapoor80@gmail.com,9765946168,47,F,Pune,New,2022-01-17,0
871,Siddharth Mehta,siddharth.mehta14@gmail.com,9215971195,55,F,Hyderabad,New,2022-02-10,0
872,Vikas Gupta,vikas.gupta54@gmail.com,9481598412,50,M,Hyderabad,New,2022-10-28,0
873,Rekha Patel,rekha.patel75@gmail.com,9434649743,21,F,Hyderabad,Loyal,2022-08-02,0
874,Deepak Gupta,deepak.gupta78@gmail.com,9431436631,27,F,Chennai,Occasional,2024-04-20,0
875,Priya Nair,priya.nair55@gmail.com,9158634129,50,M,Delhi,Loyal,2022-08-13,0
876,Karan Joshi,karan.joshi89@gmail.com,9743989866,48,F,Hyderabad,Occasional,2022-04-17,0
877,Pooja Mehta,pooja.mehta6@gmail.com,9587803152,28,M,Bangalore,Churned,2023-04-11,0
878,Siddharth Joshi,siddharth.joshi99@yahoo.com,9888755899,33,F,Kolkata,New,2022-12-24,0
879,Nikhil Verma,nikhil.verma10@gmail.com,9110621558,18,M,Delhi,New,2022-11-15,0
880,Rohan Shah,rohan.shah26@gmail.com,9313806556,20,M,Bangalore,Loyal,2023-11-16,1
881,Ananya Verma,ananya.verma34@yahoo.com,9289061692,30,M,Delhi,Loyal,2024-05-11,1
882,Karan Joshi,karan.joshi48@yahoo.com,9357859027,37,F,Hyderabad,Occasional,2022-06-22,0
883,Vikas Singh,vikas.singh25@gmail.com,9240439719,25,F,Hyderabad,Churned,2023-11-05,0
884,Sachin Nair,sachin.nair25@yahoo.com,9730636355,20,M,Delhi,Occasional,2023-10-30,0
885,Priya Reddy,priya.reddy63@gmail.com,9727153504,26,M,Delhi,Loyal,2023-01-19,1
886,Kavya Kapoor,kavya.kapoor67@gmail.com,9635354547,50,M,Bangalore,New,2022-04-11,0
887,Manish Das,manish.das52@yahoo.com,9724044455,48,M,Delhi,Occasional,2024-01-21,0
888,Ananya Joshi,ananya.joshi28@gmail.com,9525094361,46,F,Chennai,New,2022-11-18,0
889,Vikram Singh,vikram.singh57@gmail.com,9416805398,26,M,Pune,New,2023-08-05,0
890,Neha Mehta,neha.mehta56@gmail.com,9602029048,45,F,Delhi,Loyal,2024-03-06,0
891,Siddharth Nair,siddharth.nair11@gmail.com,9485573103,34,M,Delhi,Occasional,2022-10-06,0
892,Rekha Reddy,rekha.reddy10@gmail.com,9227332770,32,M,Bangalore,Occasional,2022-05-02,0
893,Vikram Rao,vikram.rao78@yahoo.com,9857678011,35,F,Bangalore,Occasional,2023-05-27,0
894,Pallavi Reddy,pallavi.reddy45@yahoo.com,9402629052,18,M,Jaipur,New,2024-04-23,0
895,Deepak Sharma,deepak.sharma20@yahoo.com,9917289898,48,M,Delhi,Occasional,2024-06-19,0
896,Swati Nair,swati.nair71@yahoo.com,9943933854,51,M,Delhi,New,2022-11-23,0
897,Karan Joshi,karan.joshi57@gmail.com,9325039914,45,F,Chennai,Occasional,2022-05-14,0
898,Nisha Gupta,nisha.gupta85@yahoo.com,9636656386,37,M,Bangalore,Occasional,2024-06-16,0
899,Deepak Rao,deepak.rao73@yahoo.com,9124953585,38,M,Delhi,Occasional,2023-09-19,0
900,Aditya Kapoor,aditya.kapoor9@gmail.com,9519442371,42,F,Kolkata,Loyal,2023-05-29,1
901,Sachin Rao,sachin.rao87@gmail.com,9212005417,23,F,Mumbai,New,2023-12-03,0
902,Arjun Verma,arjun.verma37@gmail.com,9514350655,30,M,Mumbai,New,2024-01-30,0
903,Priya Shah,priya.shah42@yahoo.com,9284496457,51,M,Delhi,Occasional,2023-12-08,0
904,Amit Iyer,amit.iyer27@gmail.com,9517677937,48,M,Delhi,Loyal,2022-06-22,1
905,Kavya Rao,kavya.rao92@yahoo.com,9639528440,55,F,Bangalore,New,2024-01-08,0
906,Siddharth Singh,siddharth.singh32@gmail.com,9967117209,43,M,Delhi,Loyal,2022-08-10,0
907,Priya Singh,priya.singh90@yahoo.com,9472354161,36,F,Pune,Occasional,2024-06-13,0
908,Pooja Nair,pooja.nair56@gmail.com,9887314701,29,M,Chennai,Occasional,2022-09-30,0
909,Sneha Kapoor,sneha.kapoor36@yahoo.com,9269578434,20,F,Kolkata,Loyal,2024-06-02,0
910,Pallavi Das,pallavi.das48@gmail.com,9230170389,44,M,Hyderabad,Loyal,2022-12-04,1
911,Kavya Reddy,kavya.reddy60@gmail.com,9147926645,31,M,Chennai,Occasional,2023-12-02,0
912,Nikhil Mehta,nikhil.mehta5@gmail.com,9525925819,43,F,Hyderabad,New,2023-12-19,0
913,Asha Pillai,asha.pillai11@gmail.com,9173269109,49,F,Mumbai,Churned,2023-05-24,0
914,Swati Reddy,swati.reddy78@gmail.com,9119398359,28,F,Delhi,Churned,2022-08-06,0
915,Kavya Singh,kavya.singh57@gmail.com,9264815590,18,M,Delhi,Occasional,2023-08-31,0
916,Rohan Pillai,rohan.pillai85@yahoo.com,9788281593,21,M,Mumbai,Loyal,2024-04-06,0
917,Neha Sharma,neha.sharma26@yahoo.com,9923682643,21,F,Delhi,Occasional,2022-03-23,0
918,Arjun Iyer,arjun.iyer25@yahoo.com,9461976234,19,M,Delhi,Occasional,2022-05-22,0
919,Rekha Verma,rekha.verma66@gmail.com,9546333010,28,M,Mumbai,Churned,2022-05-31,0
920,Neha Joshi,neha.joshi16@gmail.com,9559432973,52,F,Delhi,New,2022-10-22,0
921,Nikhil Mehta,nikhil.mehta59@gmail.com,9328457837,18,F,Mumbai,Occasional,2022-01-24,0
922,Priya Singh,priya.singh99@gmail.com,9423769928,31,F,Hyderabad,Occasional,2023-07-28,0
923,Rekha Verma,rekha.verma42@yahoo.com,9744102442,34,M,Jaipur,Loyal,2024-04-12,0
924,Karan Verma,karan.verma43@gmail.com,9172492053,38,F,Hyderabad,Churned,2022-07-26,0
925,Sachin Nair,sachin.nair2@gmail.com,9856589767,50,M,Kolkata,Occasional,2024-03-04,0
926,Ananya Iyer,ananya.iyer8@gmail.com,9185243980,33,M,Hyderabad,Churned,2023-04-25,0
927,Rohan Patel,rohan.patel95@yahoo.com,9576447381,33,M,Bangalore,Occasional,2023-08-07,0
928,Tarun Iyer,tarun.iyer94@gmail.com,9345897637,36,M,Mumbai,Occasional,2022-03-03,0
929,Rekha Nair,rekha.nair24@gmail.com,9445355094,42,M,Delhi,Occasional,2023-01-21,0
930,Rohan Patel,rohan.patel12@gmail.com,9234820097,27,F,Mumbai,Churned,2022-04-19,0
931,Ananya Singh,ananya.singh22@yahoo.com,9434430817,45,F,Bangalore,New,2022-11-14,0
932,Divya Rao,divya.rao26@gmail.com,9782474359,54,F,Delhi,Loyal,2023-01-22,0
933,Nikhil Verma,nikhil.verma65@yahoo.com,9553867727,48,F,Mumbai,Churned,2023-09-11,0
934,Arjun Kapoor,arjun.kapoor39@gmail.com,9914817912,45,M,Bangalore,Loyal,2024-01-19,1
935,Divya Pillai,divya.pillai78@gmail.com,9703595485,36,F,Chennai,Occasional,2023-12-22,0
936,Amit Joshi,amit.joshi94@yahoo.com,9637622321,18,M,Delhi,New,2022-11-01,0
937,Sunita Shah,sunita.shah83@yahoo.com,9430509354,42,F,Bangalore,Churned,2023-09-06,0
938,Nikhil Verma,nikhil.verma99@yahoo.com,9374081636,30,F,Mumbai,Churned,2022-07-13,0
939,Sachin Shah,sachin.shah95@gmail.com,9555309840,21,F,Chennai,Occasional,2024-01-30,0
940,Sachin Sharma,sachin.sharma59@yahoo.com,9750081561,27,M,Bangalore,Churned,2023-07-16,0
941,Asha Verma,asha.verma12@yahoo.com,9927825086,18,M,Mumbai,Occasional,2024-06-17,0
942,Vikas Singh,vikas.singh22@yahoo.com,9554133586,51,F,Kolkata,Occasional,2024-06-29,0
943,Asha Kapoor,asha.kapoor53@yahoo.com,9888055028,55,M,Delhi,Occasional,2024-04-08,0
944,Sachin Shah,sachin.shah27@yahoo.com,9903942799,27,M,Kolkata,Churned,2022-06-19,0
945,Gaurav Das,gaurav.das90@gmail.com,9174991729,18,M,Delhi,Occasional,2022-09-19,0
946,Kavya Verma,kavya.verma18@gmail.com,9855964923,41,F,Delhi,Occasional,2023-11-01,0
947,Aditya Joshi,aditya.joshi96@gmail.com,9163331510,29,F,Mumbai,Churned,2023-12-02,0
948,Siddharth Kumar,siddharth.kumar11@gmail.com,9414741200,28,M,Chennai,Occasional,2023-09-28,0
949,Ananya Das,ananya.das8@gmail.com,9110207613,49,M,Delhi,Occasional,2024-06-28,0
950,Sneha Joshi,sneha.joshi78@gmail.com,9503368085,51,M,Kolkata,New,2022-03-07,0
951,Swati Mehta,swati.mehta88@yahoo.com,9498127494,45,M,Jaipur,Occasional,2024-01-25,0
952,Asha Kapoor,asha.kapoor46@yahoo.com,9161462633,42,M,Jaipur,New,2023-07-16,0
953,Sunita Gupta,sunita.gupta68@gmail.com,9231957007,19,M,Chennai,Loyal,2023-09-17,0
954,Tarun Iyer,tarun.iyer42@gmail.com,9785125940,30,M,Chennai,Occasional,2024-01-09,0
955,Asha Pillai,asha.pillai52@yahoo.com,9620266724,32,M,Delhi,Loyal,2023-05-21,0
956,Asha Kumar,asha.kumar25@yahoo.com,9751947912,42,M,Delhi,Churned,2024-01-10,0
957,Priya Gupta,priya.gupta87@yahoo.com,9423570275,49,M,Pune,Churned,2024-02-23,0
958,Sneha Das,sneha.das28@gmail.com,9361301518,52,F,Jaipur,Occasional,2023-11-25,0
959,Pooja Sharma,pooja.sharma99@gmail.com,9511769051,28,M,Kolkata,New,2022-06-13,0
960,Asha Gupta,asha.gupta89@gmail.com,9197111094,52,F,Hyderabad,New,2022-07-11,0
961,Sachin Mehta,sachin.mehta83@yahoo.com,9802140873,42,F,Delhi,New,2022-04-11,0
962,Ananya Reddy,ananya.reddy15@gmail.com,9194146051,25,M,Jaipur,Occasional,2022-12-29,0
963,Aditya Shah,aditya.shah74@yahoo.com,9508231386,26,M,Chennai,Churned,2022-06-30,0
964,Nisha Kapoor,nisha.kapoor47@yahoo.com,9928156566,45,M,Delhi,New,2022-10-22,0
965,Sneha Kapoor,sneha.kapoor41@gmail.com,9594568456,18,M,Kolkata,Loyal,2022-12-12,0
966,Amit Rao,amit.rao41@gmail.com,9743042838,27,M,Pune,Occasional,2023-12-10,0
967,Swati Joshi,swati.joshi49@gmail.com,9856065079,49,M,Jaipur,Loyal,2024-06-10,0
968,Manish Patel,manish.patel51@gmail.com,9881034931,29,F,Mumbai,New,2022-12-16,0
969,Arjun Kapoor,arjun.kapoor61@yahoo.com,9827888175,39,F,Chennai,Churned,2022-09-05,0
970,Sunita Rao,sunita.rao71@gmail.com,9852809702,36,F,Chennai,Occasional,2024-03-30,0
971,Nisha Patel,nisha.patel21@gmail.com,9802907889,37,F,Mumbai,New,2024-06-20,0
972,Rohan Joshi,rohan.joshi93@yahoo.com,9488936964,30,M,Bangalore,Occasional,2022-08-13,0
973,Nikhil Iyer,nikhil.iyer46@yahoo.com,9203130465,28,M,Mumbai,New,2022-08-18,0
974,Sachin Mehta,sachin.mehta81@yahoo.com,9259524021,55,F,Mumbai,Loyal,2024-03-11,1
975,Manish Verma,manish.verma60@yahoo.com,9935082100,42,M,Mumbai,Occasional,2023-04-16,0
976,Meera Sharma,meera.sharma16@gmail.com,9188730795,25,M,Hyderabad,Occasional,2023-11-23,0
977,Aditya Das,aditya.das76@gmail.com,9952920067,35,M,Hyderabad,Occasional,2022-02-05,0
978,Divya Gupta,divya.gupta92@yahoo.com,9168180783,24,M,Bangalore,New,2023-11-05,0
979,Nikhil Das,nikhil.das75@gmail.com,9998876461,22,M,Chennai,Loyal,2022-01-31,0
980,Asha Kumar,asha.kumar24@gmail.com,9846482380,29,M,Hyderabad,New,2022-11-19,0
981,Amit Joshi,amit.joshi33@yahoo.com,9703975707,28,M,Bangalore,Occasional,2022-03-02,0
982,Divya Shah,divya.shah85@gmail.com,9554247901,52,F,Mumbai,Churned,2024-02-26,0
983,Vikas Rao,vikas.rao74@gmail.com,9250168209,52,F,Delhi,Churned,2024-03-17,0
984,Neha Joshi,neha.joshi5@gmail.com,9354584572,24,M,Delhi,Churned,2023-07-01,0
985,Neha Joshi,neha.joshi17@yahoo.com,9397851389,55,M,Delhi,New,2022-07-28,0
986,Nikhil Verma,nikhil.verma33@yahoo.com,9189393380,43,F,Bangalore,Occasional,2023-02-09,0
987,Rahul Reddy,rahul.reddy85@yahoo.com,9705206157,30,M,Kolkata,Loyal,2022-11-13,0
988,Rekha Iyer,rekha.iyer32@gmail.com,9748118351,42,M,Mumbai,New,2023-05-07,0
989,Pooja Singh,pooja.singh43@yahoo.com,9489574448,39,M,Mumbai,Loyal,2024-05-01,1
990,Nikhil Nair,nikhil.nair16@gmail.com,9940453822,42,M,Chennai,Occasional,2022-06-02,0
991,Sneha Shah,sneha.shah35@yahoo.com,9692213965,54,M,Chennai,Occasional,2024-01-31,0
992,Kavya Shah,kavya.shah52@gmail.com,9738465114,52,M,Pune,Loyal,2023-08-29,1
993,Asha Gupta,asha.gupta95@gmail.com,9709413742,27,F,Mumbai,Occasional,2022-08-30,0
994,Manish Nair,manish.nair57@yahoo.com,9296606987,44,F,Kolkata,New,2023-07-30,0
995,Pooja Nair,pooja.nair53@yahoo.com,9428201538,37,M,Chennai,Occasional,2023-03-05,0
996,Sunita Nair,sunita.nair8@gmail.com,9717741601,23,F,Pune,New,2022-04-30,0
997,Pooja Gupta,pooja.gupta88@yahoo.com,9652989375,48,F,Delhi,Churned,2022-01-17,0
998,Arjun Joshi,arjun.joshi69@yahoo.com,9854402110,18,F,Pune,New,2023-09-22,0
999,Asha Patel,asha.patel98@gmail.com,9824262657,46,F,Delhi,New,2024-03-31,0
1000,Tarun Shah,tarun.shah49@gmail.com,9632047514,21,F,Delhi,Loyal,2022-07-27,0
1001,Nisha Kumar,nisha.kumar38@gmail.com,9618751182,36,M,Delhi,New,2024-04-17,0
1002,Rohan Rao,rohan.rao80@yahoo.com,9597203646,50,M,Mumbai,New,2023-09-04,0
1003,Karan Rao,karan.rao45@yahoo.com,9105534508,40,M,Mumbai,Loyal,2023-12-17,1
1004,Rohan Singh,rohan.singh53@gmail.com,9265045572,51,M,Delhi,Loyal,2024-02-04,0
1005,Swati Kapoor,swati.kapoor55@yahoo.com,9491374277,41,M,Mumbai,New,2022-12-18,0
1006,Asha Pillai,asha.pillai96@gmail.com,9479823041,28,F,Bangalore,Occasional,2023-11-13,0
1007,Sneha Joshi,sneha.joshi51@gmail.com,9243538161,36,M,Delhi,Churned,2022-11-05,0
1008,Swati Reddy,swati.reddy71@gmail.com,9625132584,25,F,Delhi,Loyal,2022-11-06,0
1009,Tarun Kapoor,tarun.kapoor3@gmail.com,9215834822,26,M,Mumbai,New,2023-09-14,0
1010,Priya Mehta,priya.mehta2@gmail.com,9891811110,45,M,Delhi,Loyal,2023-01-03,1
1011,Neha Gupta,neha.gupta36@yahoo.com,9367862922,50,F,Bangalore,New,2023-01-20,0
1012,Asha Iyer,asha.iyer14@yahoo.com,9858556609,30,F,Pune,Churned,2023-01-20,0
1013,Ananya Kumar,ananya.kumar36@yahoo.com,9141195640,26,F,Bangalore,Loyal,2022-08-20,0
1014,Nisha Patel,nisha.patel40@yahoo.com,9663683515,42,F,Bangalore,New,2022-05-22,0
1015,Swati Patel,swati.patel7@gmail.com,9791353541,50,F,Jaipur,Occasional,2023-10-24,0
1016,Manish Iyer,manish.iyer24@gmail.com,9151063294,33,M,Delhi,Occasional,2023-06-30,0
1017,Divya Das,divya.das56@gmail.com,9208192050,35,M,Mumbai,New,2022-11-26,0
1018,Sneha Kumar,sneha.kumar17@gmail.com,9927279038,18,M,Kolkata,Occasional,2023-04-18,0
1019,Neha Shah,neha.shah75@gmail.com,9325521538,33,M,Chennai,Occasional,2024-04-01,0
1020,Priya Joshi,priya.joshi10@yahoo.com,9205911113,30,F,Pune,Loyal,2022-07-06,0
1021,Riya Gupta,riya.gupta54@gmail.com,9305843534,20,F,Delhi,Occasional,2022-11-10,0
1022,Meera Shah,meera.shah9@gmail.com,9568286479,46,M,Delhi,Churned,2024-05-20,0
1023,Kavya Reddy,kavya.reddy73@gmail.com,9148796435,26,M,Bangalore,Churned,2022-02-03,0
1024,Swati Singh,swati.singh66@gmail.com,9906087827,28,F,Jaipur,Loyal,2023-09-10,0
1025,Arjun Verma,arjun.verma90@gmail.com,9735776226,54,F,Delhi,Occasional,2022-10-13,0
1026,Manish Reddy,manish.reddy91@gmail.com,9418218082,37,F,Kolkata,Occasional,2024-02-22,0
1027,Ananya Rao,ananya.rao18@gmail.com,9398238769,20,F,Mumbai,Occasional,2024-04-08,0
1028,Gaurav Joshi,gaurav.joshi84@gmail.com,9101503196,52,M,Chennai,New,2023-01-22,0
1029,Manish Reddy,manish.reddy38@gmail.com,9756573836,26,F,Hyderabad,Occasional,2022-05-10,0
1030,Ananya Reddy,ananya.reddy69@yahoo.com,9116791698,29,M,Mumbai,New,2023-07-07,0
1031,Sneha Kapoor,sneha.kapoor27@yahoo.com,9691500536,34,M,Pune,Churned,2024-06-25,0
1032,Sachin Kapoor,sachin.kapoor94@yahoo.com,9348810825,27,F,Delhi,Occasional,2024-06-22,0
1033,Swati Verma,swati.verma23@gmail.com,9975741671,47,F,Delhi,Churned,2022-05-26,0
1034,Arjun Rao,arjun.rao51@yahoo.com,9977783087,28,F,Bangalore,New,2023-03-15,0
1035,Ananya Pillai,ananya.pillai68@gmail.com,9877718632,43,M,Mumbai,Loyal,2023-10-25,0
1036,Arjun Kumar,arjun.kumar32@yahoo.com,9241926172,18,M,Mumbai,Loyal,2023-08-20,1
1037,Rekha Kumar,rekha.kumar11@gmail.com,9859624835,52,M,Kolkata,New,2022-01-15,0
1038,Gaurav Verma,gaurav.verma20@gmail.com,9614223965,37,M,Bangalore,New,2023-11-22,0
1039,Sneha Sharma,sneha.sharma38@gmail.com,9684805001,20,M,Bangalore,Occasional,2024-04-24,0
1040,Pallavi Nair,pallavi.nair50@gmail.com,9558633176,19,F,Pune,Occasional,2022-01-02,0
1041,Asha Kumar,asha.kumar29@gmail.com,9218257262,49,F,Hyderabad,Occasional,2023-08-21,0
1042,Sneha Shah,sneha.shah20@gmail.com,9749083785,23,M,Kolkata,Occasional,2023-06-03,0
1043,Amit Rao,amit.rao35@yahoo.com,9211586005,36,M,Bangalore,New,2023-10-23,0
1044,Rekha Sharma,rekha.sharma19@gmail.com,9443872264,27,F,Hyderabad,Churned,2022-04-29,0
1045,Gaurav Singh,gaurav.singh94@gmail.com,9558974328,25,M,Chennai,New,2024-01-14,0
1046,Deepak Kapoor,deepak.kapoor55@gmail.com,9630650165,40,M,Mumbai,Churned,2022-10-10,0
1047,Amit Nair,amit.nair64@gmail.com,9689848541,42,F,Jaipur,New,2023-06-03,0
1048,Nikhil Singh,nikhil.singh74@yahoo.com,9665803901,55,F,Bangalore,Occasional,2022-12-24,0
1049,Ananya Shah,ananya.shah47@gmail.com,9118419668,18,F,Chennai,Occasional,2022-05-16,0
1050,Pallavi Shah,pallavi.shah59@gmail.com,9416428807,41,F,Kolkata,Churned,2022-04-03,0
1051,Ananya Joshi,ananya.joshi18@gmail.com,9902080160,32,M,Pune,Churned,2023-10-17,0
1052,Manish Iyer,manish.iyer14@yahoo.com,9853124412,41,M,Hyderabad,Loyal,2022-02-10,1
1053,Amit Shah,amit.shah10@gmail.com,9363115935,27,M,Pune,Churned,2022-02-16,0
1054,Swati Gupta,swati.gupta53@yahoo.com,9604856763,51,M,Pune,Occasional,2022-10-11,0
1055,Divya Kumar,divya.kumar5@yahoo.com,9789830038,27,M,Bangalore,New,2022-01-21,0
1056,Gaurav Iyer,gaurav.iyer34@yahoo.com,9863867195,47,M,Mumbai,Loyal,2023-09-08,0
1057,Vikram Singh,vikram.singh96@gmail.com,9234360915,51,F,Hyderabad,Occasional,2022-09-01,0
1058,Gaurav Singh,gaurav.singh84@yahoo.com,9436284832,47,F,Hyderabad,Occasional,2022-10-13,0
1059,Sachin Iyer,sachin.iyer14@gmail.com,9216394564,30,M,Pune,Loyal,2023-08-01,0
1060,Kavya Kumar,kavya.kumar2@yahoo.com,9741142796,22,F,Pune,Loyal,2023-03-15,1
1061,Ananya Reddy,ananya.reddy6@gmail.com,9706445962,23,M,Bangalore,New,2022-02-20,0
1062,Rahul Rao,rahul.rao37@yahoo.com,9907109642,18,M,Chennai,Loyal,2023-05-04,0
1063,Amit Kumar,amit.kumar65@gmail.com,9896127318,39,F,Delhi,Occasional,2023-07-07,0
1064,Swati Patel,swati.patel88@gmail.com,9262712486,36,F,Chennai,Loyal,2023-08-17,0
1065,Rekha Gupta,rekha.gupta94@yahoo.com,9654373758,28,M,Mumbai,New,2022-12-01,0
1066,Rekha Gupta,rekha.gupta80@yahoo.com,9486886743,39,M,Bangalore,New,2023-11-27,0
1067,Ananya Joshi,ananya.joshi81@yahoo.com,9708705165,22,F,Bangalore,Churned,2023-08-26,0
1068,Riya Singh,riya.singh41@gmail.com,9588346218,49,M,Mumbai,Loyal,2023-04-26,1
1069,Rahul Singh,rahul.singh61@yahoo.com,9376965362,29,F,Mumbai,New,2023-07-03,0
1070,Sneha Das,sneha.das52@gmail.com,9407761324,20,M,Chennai,Occasional,2022-08-07,0
1071,Meera Mehta,meera.mehta53@gmail.com,9832507637,41,M,Hyderabad,New,2023-11-16,0
1072,Neha Patel,neha.patel20@yahoo.com,9108528676,33,M,Delhi,Churned,2022-03-08,0
1073,Nisha Singh,nisha.singh86@gmail.com,9596367839,32,F,Delhi,Loyal,2023-09-13,0
1074,Sneha Singh,sneha.singh99@gmail.com,9526216314,29,M,Hyderabad,Churned,2023-12-24,0
1075,Neha Das,neha.das36@gmail.com,9222757072,31,F,Delhi,Loyal,2023-06-16,0
1076,Karan Patel,karan.patel47@yahoo.com,9968156321,42,M,Kolkata,Loyal,2022-11-28,0
1077,Deepak Iyer,deepak.iyer23@gmail.com,9782564037,35,M,Mumbai,Occasional,2022-02-05,0
1078,Nisha Pillai,nisha.pillai86@yahoo.com,9329893386,44,M,Mumbai,Occasional,2023-04-09,0
1079,Karan Rao,karan.rao54@gmail.com,9475032525,28,F,Mumbai,Loyal,2023-10-28,0
1080,Meera Kapoor,meera.kapoor77@gmail.com,9940817554,18,M,Chennai,Churned,2023-11-10,0
1081,Karan Mehta,karan.mehta19@gmail.com,9592481419,18,F,Chennai,New,2022-08-13,0
1082,Vikram Sharma,vikram.sharma58@yahoo.com,9781066979,46,F,Delhi,New,2023-09-24,0
1083,Pooja Verma,pooja.verma27@yahoo.com,9473754019,42,F,Bangalore,Loyal,2022-10-19,0
1084,Arjun Rao,arjun.rao16@yahoo.com,9979449864,37,M,Bangalore,Loyal,2023-07-20,0
1085,Gaurav Iyer,gaurav.iyer23@gmail.com,9221740845,51,M,Bangalore,Occasional,2023-07-02,0
1086,Riya Iyer,riya.iyer89@yahoo.com,9808246120,42,M,Delhi,New,2022-09-10,0
1087,Rahul Kumar,rahul.kumar53@gmail.com,9761704528,23,M,Hyderabad,New,2022-06-04,0
1088,Sneha Pillai,sneha.pillai5@yahoo.com,9965297020,50,M,Chennai,New,2024-04-26,0
1089,Riya Kapoor,riya.kapoor16@gmail.com,9604201501,25,F,Pune,Occasional,2023-12-08,0
1090,Arjun Shah,arjun.shah35@yahoo.com,9404517929,32,M,Chennai,Occasional,2023-09-07,0
1091,Asha Nair,asha.nair2@gmail.com,9135084096,18,F,Delhi,New,2023-10-07,0
1092,Gaurav Mehta,gaurav.mehta56@gmail.com,9714381587,39,F,Chennai,New,2024-03-17,0
1093,Gaurav Patel,gaurav.patel82@gmail.com,9238373601,54,F,Jaipur,Loyal,2023-09-03,0
1094,Pooja Nair,pooja.nair16@yahoo.com,9641441883,24,F,Delhi,Occasional,2022-09-04,0
1095,Gaurav Verma,gaurav.verma12@gmail.com,9200131180,38,F,Chennai,New,2023-02-09,0
1096,Arjun Singh,arjun.singh96@yahoo.com,9127154794,54,F,Mumbai,New,2022-08-26,0
1097,Kavya Nair,kavya.nair69@yahoo.com,9308122210,32,M,Jaipur,New,2023-07-11,0
1098,Deepak Reddy,deepak.reddy19@yahoo.com,9189081236,21,M,Chennai,New,2023-08-11,0
1099,Sneha Pillai,sneha.pillai37@gmail.com,9252294589,25,M,Hyderabad,New,2022-06-10,0
1100,Pallavi Joshi,pallavi.joshi3@gmail.com,9627246915,43,M,Mumbai,Loyal,2023-07-16,0
1101,Nikhil Mehta,nikhil.mehta39@gmail.com,9293065688,46,F,Hyderabad,Occasional,2023-10-15,0
1102,Sneha Mehta,sneha.mehta77@gmail.com,9759282845,40,F,Mumbai,New,2022-02-18,0
1103,Rohan Sharma,rohan.sharma66@yahoo.com,9656192815,52,M,Mumbai,New,2022-07-08,0
1104,Arjun Mehta,arjun.mehta94@yahoo.com,9189595982,26,F,Mumbai,Occasional,2022-12-04,0
1105,Rahul Shah,rahul.shah96@yahoo.com,9601484407,53,M,Mumbai,Occasional,2022-11-06,0
1106,Vikram Verma,vikram.verma14@gmail.com,9521793625,30,M,Bangalore,Churned,2022-10-27,0
1107,Sunita Das,sunita.das77@yahoo.com,9554984487,45,F,Chennai,Occasional,2022-11-16,0
1108,Pooja Joshi,pooja.joshi81@yahoo.com,9501537013,54,M,Chennai,New,2023-08-19,0
1109,Vikram Iyer,vikram.iyer83@yahoo.com,9987647778,36,M,Bangalore,Churned,2024-03-05,0
1110,Kavya Mehta,kavya.mehta32@gmail.com,9484125249,45,F,Bangalore,Occasional,2022-06-28,0
1111,Sneha Sharma,sneha.sharma43@gmail.com,9869660954,38,M,Hyderabad,Occasional,2023-05-04,0
1112,Riya Singh,riya.singh28@gmail.com,9746179886,42,M,Bangalore,Occasional,2022-12-28,0
1113,Aditya Iyer,aditya.iyer41@gmail.com,9973375668,45,M,Mumbai,Occasional,2022-04-27,0
1114,Vikram Iyer,vikram.iyer22@yahoo.com,9586174310,25,M,Mumbai,Occasional,2022-03-14,0
1115,Divya Sharma,divya.sharma37@gmail.com,9595823751,54,M,Bangalore,Occasional,2022-02-03,0
1116,Pallavi Patel,pallavi.patel61@gmail.com,9174575788,39,M,Jaipur,Loyal,2024-04-08,0
1117,Nikhil Singh,nikhil.singh79@gmail.com,9630233687,53,M,Chennai,Occasional,2023-06-22,0
1118,Nisha Kumar,nisha.kumar4@gmail.com,9210320118,41,M,Delhi,Churned,2024-02-06,0
1119,Nisha Iyer,nisha.iyer25@yahoo.com,9194507238,32,F,Pune,Loyal,2023-05-17,0
1120,Pallavi Patel,pallavi.patel7@yahoo.com,9218974458,34,M,Chennai,Occasional,2022-01-08,0
1121,Vikram Verma,vikram.verma16@gmail.com,9594666160,26,M,Mumbai,Occasional,2023-08-13,0
1122,Sachin Pillai,sachin.pillai31@gmail.com,9666494300,25,M,Pune,New,2023-10-05,0
1123,Deepak Das,deepak.das99@gmail.com,9383266009,32,M,Hyderabad,Churned,2023-05-16,0
1124,Asha Joshi,asha.joshi8@gmail.com,9631078882,22,M,Mumbai,New,2023-01-12,0
1125,Rohan Das,rohan.das76@yahoo.com,9324048532,24,M,Hyderabad,Occasional,2023-08-22,0
1126,Manish Pillai,manish.pillai17@gmail.com,9213452068,27,M,Bangalore,Occasional,2023-04-30,0
1127,Rohan Kapoor,rohan.kapoor55@gmail.com,9398326747,30,M,Delhi,Churned,2024-03-08,0
1128,Amit Pillai,amit.pillai3@yahoo.com,9358301976,24,M,Delhi,Churned,2022-06-08,0
1129,Siddharth Shah,siddharth.shah11@gmail.com,9690884707,34,M,Mumbai,Loyal,2024-04-04,1
1130,Priya Pillai,priya.pillai7@yahoo.com,9205025589,35,M,Delhi,Occasional,2023-06-03,0
1131,Rohan Kapoor,rohan.kapoor68@yahoo.com,9396272962,29,M,Chennai,Occasional,2023-04-02,0
1132,Sachin Nair,sachin.nair7@yahoo.com,9223682075,25,F,Bangalore,Loyal,2022-03-19,0
1133,Ananya Kapoor,ananya.kapoor29@yahoo.com,9208774639,43,F,Delhi,Occasional,2023-03-04,0
1134,Kavya Joshi,kavya.joshi77@gmail.com,9857904261,40,M,Pune,Occasional,2022-11-16,0
1135,Sunita Rao,sunita.rao88@gmail.com,9438349464,33,F,Mumbai,Loyal,2024-01-11,1
1136,Asha Das,asha.das23@yahoo.com,9122362658,45,M,Pune,Loyal,2022-01-20,0
1137,Neha Shah,neha.shah63@yahoo.com,9101080693,48,M,Mumbai,New,2022-01-16,0
1138,Aditya Rao,aditya.rao22@yahoo.com,9640249409,32,M,Bangalore,Loyal,2022-01-28,0
1139,Siddharth Das,siddharth.das85@gmail.com,9376316195,40,M,Mumbai,New,2023-06-06,0
1140,Divya Mehta,divya.mehta15@gmail.com,9620072052,51,M,Delhi,Loyal,2023-07-02,0
1141,Nisha Nair,nisha.nair4@gmail.com,9634543293,27,M,Hyderabad,Loyal,2023-09-30,0
1142,Rohan Kapoor,rohan.kapoor87@gmail.com,9773119846,24,M,Jaipur,Occasional,2022-05-19,0
1143,Kavya Reddy,kavya.reddy76@gmail.com,9519861213,40,M,Kolkata,Churned,2024-03-29,0
1144,Aditya Mehta,aditya.mehta59@gmail.com,9953982207,25,F,Jaipur,Occasional,2022-03-05,0
1145,Arjun Das,arjun.das20@gmail.com,9831135579,27,F,Chennai,Occasional,2022-06-21,0
1146,Divya Das,divya.das38@gmail.com,9958762678,36,M,Delhi,New,2022-09-10,0
1147,Priya Das,priya.das46@yahoo.com,9562055622,37,M,Mumbai,Occasional,2022-07-11,0
1148,Vikas Rao,vikas.rao12@yahoo.com,9266469722,50,M,Mumbai,Occasional,2023-06-29,0
1149,Aditya Singh,aditya.singh61@yahoo.com,9134506505,36,F,Mumbai,New,2023-11-03,0
1150,Pooja Kapoor,pooja.kapoor77@gmail.com,9424294358,24,M,Delhi,New,2023-08-24,0
1151,Rekha Gupta,rekha.gupta54@gmail.com,9245696833,30,M,Bangalore,New,2023-05-16,0
1152,Pallavi Pillai,pallavi.pillai56@gmail.com,9503690359,52,F,Delhi,Loyal,2024-05-30,0
1153,Siddharth Shah,siddharth.shah53@gmail.com,9551514516,45,F,Hyderabad,Occasional,2023-07-10,0
1154,Rahul Gupta,rahul.gupta66@gmail.com,9723116455,37,F,Kolkata,Loyal,2023-10-16,0
1155,Deepak Kapoor,deepak.kapoor1@gmail.com,9819492101,26,F,Pune,Churned,2022-03-25,0
1156,Rahul Patel,rahul.patel77@gmail.com,9458075133,35,M,Chennai,Occasional,2022-03-26,0
1157,Nisha Patel,nisha.patel66@yahoo.com,9824145444,25,M,Delhi,Occasional,2023-05-30,0
1158,Riya Das,riya.das82@yahoo.com,9825506692,26,F,Mumbai,Occasional,2022-08-12,0
1159,Rekha Das,rekha.das1@gmail.com,9172093245,30,M,Delhi,Occasional,2022-01-11,0
1160,Rohan Kumar,rohan.kumar65@gmail.com,9994133220,48,M,Pune,Occasional,2023-01-20,0
1161,Swati Verma,swati.verma79@yahoo.com,9379464422,33,M,Mumbai,Loyal,2023-09-21,0
1162,Kavya Gupta,kavya.gupta95@yahoo.com,9649235047,33,F,Hyderabad,Occasional,2022-02-03,0
1163,Asha Kumar,asha.kumar86@gmail.com,9494427683,55,F,Mumbai,Occasional,2023-03-26,0
1164,Pooja Iyer,pooja.iyer59@gmail.com,9404322294,27,M,Delhi,New,2023-12-22,0
1165,Sachin Pillai,sachin.pillai60@yahoo.com,9249576019,20,M,Delhi,New,2022-02-22,0
1166,Meera Joshi,meera.joshi66@gmail.com,9519429677,40,M,Bangalore,Loyal,2022-09-03,0
1167,Siddharth Gupta,siddharth.gupta9@yahoo.com,9522977752,35,M,Delhi,New,2023-06-12,0
1168,Neha Verma,neha.verma85@gmail.com,9932577261,54,M,Hyderabad,Occasional,2024-01-03,0
1169,Meera Kapoor,meera.kapoor94@gmail.com,9131698835,22,M,Mumbai,Occasional,2024-06-21,0
1170,Karan Nair,karan.nair94@yahoo.com,9286828884,33,M,Mumbai,Loyal,2024-01-11,0
1171,Sneha Patel,sneha.patel48@yahoo.com,9919642916,22,F,Bangalore,Loyal,2023-01-25,0
1172,Nikhil Gupta,nikhil.gupta26@gmail.com,9314463212,54,M,Kolkata,Occasional,2023-11-30,0
1173,Sunita Verma,sunita.verma25@gmail.com,9968305176,45,M,Bangalore,Occasional,2022-11-09,0
1174,Rohan Patel,rohan.patel53@gmail.com,9486075687,26,M,Mumbai,Churned,2022-05-30,0
1175,Swati Joshi,swati.joshi61@gmail.com,9988602683,31,M,Pune,Occasional,2024-03-31,0
1176,Rekha Singh,rekha.singh49@yahoo.com,9771594051,46,F,Delhi,Churned,2022-08-03,0
1177,Divya Kumar,divya.kumar7@yahoo.com,9347576416,25,F,Bangalore,Loyal,2024-03-14,1
1178,Nikhil Shah,nikhil.shah10@gmail.com,9409311735,22,F,Delhi,Churned,2023-01-26,0
1179,Divya Kapoor,divya.kapoor15@gmail.com,9848954148,21,M,Delhi,Occasional,2024-02-16,0
1180,Priya Mehta,priya.mehta43@yahoo.com,9315297327,44,M,Kolkata,Churned,2022-02-16,0
1181,Pallavi Patel,pallavi.patel73@yahoo.com,9178288557,33,F,Mumbai,Occasional,2023-05-28,0
1182,Meera Singh,meera.singh79@yahoo.com,9893805940,44,M,Hyderabad,New,2022-02-24,0
1183,Vikram Patel,vikram.patel65@gmail.com,9633216664,24,M,Pune,Occasional,2022-07-21,0
1184,Arjun Patel,arjun.patel78@yahoo.com,9673577697,19,F,Delhi,Occasional,2022-12-20,0
1185,Swati Patel,swati.patel17@gmail.com,9846723590,42,F,Hyderabad,New,2024-05-08,0
1186,Sneha Shah,sneha.shah56@yahoo.com,9468428348,40,F,Bangalore,Loyal,2023-11-12,1
1187,Sunita Patel,sunita.patel8@gmail.com,9972546113,18,F,Mumbai,Loyal,2023-10-04,1
1188,Neha Nair,neha.nair51@gmail.com,9750820521,36,F,Mumbai,Loyal,2023-06-28,1
1189,Rohan Das,rohan.das92@gmail.com,9576249422,40,F,Mumbai,Occasional,2024-04-24,0
1190,Tarun Reddy,tarun.reddy14@gmail.com,9640570384,38,M,Delhi,New,2023-01-15,0
1191,Vikram Singh,vikram.singh30@gmail.com,9659414065,31,F,Kolkata,New,2024-01-26,0
1192,Priya Nair,priya.nair3@gmail.com,9222662806,46,F,Bangalore,Loyal,2022-08-09,1
1193,Priya Reddy,priya.reddy49@gmail.com,9120238394,42,F,Delhi,Occasional,2022-05-12,0
1194,Asha Iyer,asha.iyer40@gmail.com,9809101742,52,M,Mumbai,Occasional,2022-10-14,0
1195,Pallavi Reddy,pallavi.reddy4@gmail.com,9913093378,55,F,Chennai,Churned,2023-06-07,0
1196,Rekha Patel,rekha.patel93@yahoo.com,9516730543,24,M,Pune,Occasional,2023-10-27,0
1197,Siddharth Iyer,siddharth.iyer67@gmail.com,9925720725,54,M,Delhi,Churned,2024-04-10,0
1198,Amit Sharma,amit.sharma32@yahoo.com,9191844510,35,M,Jaipur,Occasional,2023-01-06,0
1199,Neha Reddy,neha.reddy33@yahoo.com,9807842761,41,M,Delhi,New,2022-03-01,0
1200,Divya Mehta,divya.mehta60@gmail.com,9576535947,34,F,Chennai,New,2022-07-13,0
1201,Swati Joshi,swati.joshi11@gmail.com,9722308895,44,M,Mumbai,Loyal,2023-07-12,0
1202,Vikram Reddy,vikram.reddy30@yahoo.com,9236604097,34,F,Delhi,Loyal,2022-10-07,1
1203,Sachin Patel,sachin.patel75@gmail.com,9572778060,29,M,Hyderabad,Loyal,2022-06-27,0
1204,Vikram Sharma,vikram.sharma6@yahoo.com,9871289477,40,M,Delhi,Churned,2023-02-07,0
1205,Sneha Singh,sneha.singh74@gmail.com,9449813326,33,F,Delhi,Loyal,2023-11-21,0
1206,Amit Sharma,amit.sharma47@gmail.com,9946285145,38,M,Delhi,New,2023-03-16,0
1207,Divya Sharma,divya.sharma38@yahoo.com,9147900241,28,M,Delhi,New,2024-01-02,0
1208,Rekha Mehta,rekha.mehta75@yahoo.com,9941241446,50,M,Kolkata,Loyal,2022-11-25,0
1209,Nikhil Singh,nikhil.singh65@yahoo.com,9707096187,22,F,Delhi,New,2022-08-22,0
1210,Sunita Kumar,sunita.kumar61@yahoo.com,9751870820,51,M,Hyderabad,New,2024-04-17,0
1211,Gaurav Rao,gaurav.rao99@yahoo.com,9360998015,33,M,Bangalore,Occasional,2022-10-30,0
1212,Manish Nair,manish.nair11@gmail.com,9488566940,46,F,Delhi,Occasional,2022-06-29,0
1213,Neha Nair,neha.nair73@yahoo.com,9346706467,46,F,Bangalore,Churned,2024-01-23,0
1214,Deepak Iyer,deepak.iyer34@yahoo.com,9750199707,55,F,Jaipur,Churned,2023-01-16,0
1215,Pooja Gupta,pooja.gupta99@gmail.com,9779281033,54,F,Delhi,Loyal,2023-09-27,1
1216,Vikram Das,vikram.das56@gmail.com,9136588469,24,F,Bangalore,Loyal,2023-10-13,1
1217,Pallavi Kapoor,pallavi.kapoor52@yahoo.com,9236851601,45,M,Mumbai,Occasional,2024-04-02,0
1218,Vikas Mehta,vikas.mehta14@yahoo.com,9762100986,55,M,Delhi,Occasional,2023-06-08,0
1219,Siddharth Iyer,siddharth.iyer97@gmail.com,9410623993,46,F,Mumbai,New,2023-07-06,0
1220,Rahul Gupta,rahul.gupta48@yahoo.com,9736780736,18,M,Mumbai,Loyal,2024-03-02,0
1221,Deepak Kumar,deepak.kumar44@gmail.com,9629669831,32,M,Delhi,Loyal,2023-03-10,0
1222,Divya Mehta,divya.mehta23@yahoo.com,9913144918,42,M,Bangalore,Occasional,2023-10-25,0
1223,Pooja Reddy,pooja.reddy13@gmail.com,9437549418,54,M,Mumbai,Churned,2022-11-24,0
1224,Siddharth Nair,siddharth.nair78@yahoo.com,9378559780,28,M,Mumbai,Occasional,2024-01-26,0
1225,Sneha Joshi,sneha.joshi22@gmail.com,9910529844,53,M,Kolkata,New,2022-08-08,0
1226,Riya Joshi,riya.joshi4@gmail.com,9993894892,18,F,Kolkata,Churned,2024-04-18,0
1227,Sunita Pillai,sunita.pillai59@gmail.com,9992320057,51,F,Delhi,Churned,2023-10-25,0
1228,Siddharth Iyer,siddharth.iyer18@yahoo.com,9193269322,49,M,Mumbai,New,2022-07-06,0
1229,Rekha Singh,rekha.singh21@gmail.com,9451237825,32,M,Chennai,Loyal,2023-07-04,1
1230,Manish Mehta,manish.mehta91@yahoo.com,9207845338,20,F,Hyderabad,Occasional,2022-04-26,0
1231,Sachin Sharma,sachin.sharma49@yahoo.com,9729581402,33,F,Delhi,New,2022-02-25,0
1232,Amit Das,amit.das17@gmail.com,9403439088,29,F,Delhi,Loyal,2024-01-01,0
1233,Arjun Iyer,arjun.iyer79@gmail.com,9698865714,22,F,Kolkata,Churned,2022-11-29,0
1234,Neha Kapoor,neha.kapoor45@gmail.com,9784740871,55,F,Mumbai,Occasional,2023-02-13,0
1235,Gaurav Nair,gaurav.nair81@gmail.com,9626371835,36,F,Hyderabad,Loyal,2023-04-12,1
1236,Vikas Rao,vikas.rao32@yahoo.com,9449392419,44,F,Bangalore,Loyal,2022-06-24,1
1237,Meera Kapoor,meera.kapoor63@yahoo.com,9964062922,26,F,Bangalore,Occasional,2022-06-26,0
1238,Tarun Joshi,tarun.joshi99@gmail.com,9703719185,44,M,Hyderabad,Loyal,2023-02-21,0
1239,Nikhil Reddy,nikhil.reddy94@gmail.com,9621307443,21,M,Delhi,New,2023-10-23,0
1240,Pooja Nair,pooja.nair27@yahoo.com,9675539687,54,F,Hyderabad,Loyal,2023-11-27,1
1241,Neha Sharma,neha.sharma91@gmail.com,9196908109,19,F,Jaipur,New,2022-07-20,0
1242,Sachin Patel,sachin.patel69@gmail.com,9488799500,51,F,Delhi,New,2022-04-09,0
1243,Divya Verma,divya.verma28@gmail.com,9543879804,41,M,Mumbai,Occasional,2022-12-23,0
1244,Deepak Kumar,deepak.kumar63@gmail.com,9949698571,50,F,Delhi,Loyal,2022-02-01,1
1245,Priya Reddy,priya.reddy52@gmail.com,9803597206,25,F,Mumbai,New,2023-01-20,0
1246,Rahul Singh,rahul.singh2@yahoo.com,9121640386,50,F,Chennai,Occasional,2022-05-12,0
1247,Sunita Kapoor,sunita.kapoor42@gmail.com,9435211139,30,M,Bangalore,Churned,2022-05-29,0
1248,Rohan Kumar,rohan.kumar49@gmail.com,9606162272,34,M,Chennai,Occasional,2023-12-14,0
1249,Vikram Das,vikram.das32@gmail.com,9643950633,36,M,Mumbai,Churned,2024-05-21,0
1250,Deepak Kumar,deepak.kumar4@gmail.com,9720493372,46,F,Jaipur,New,2023-08-03,0
1251,Sneha Rao,sneha.rao81@yahoo.com,9969388124,39,F,Delhi,Occasional,2024-05-24,0
1252,Aditya Nair,aditya.nair79@yahoo.com,9532927410,23,F,Mumbai,Loyal,2024-01-31,0
1253,Deepak Das,deepak.das95@gmail.com,9434422214,34,F,Pune,New,2022-04-02,0
1254,Neha Iyer,neha.iyer27@yahoo.com,9841308499,18,M,Mumbai,Occasional,2024-05-28,0
1255,Sachin Nair,sachin.nair62@gmail.com,9861141405,38,F,Chennai,Occasional,2023-05-02,0
1256,Pallavi Kumar,pallavi.kumar17@yahoo.com,9503389825,45,M,Pune,Churned,2022-05-07,0
1257,Rohan Pillai,rohan.pillai64@gmail.com,9555462192,25,M,Mumbai,New,2022-09-16,0
1258,Pooja Kapoor,pooja.kapoor56@yahoo.com,9226254084,18,M,Chennai,Occasional,2024-04-29,0
1259,Tarun Mehta,tarun.mehta22@gmail.com,9798169178,41,M,Hyderabad,Churned,2023-02-26,0
1260,Tarun Reddy,tarun.reddy43@yahoo.com,9326148417,48,F,Bangalore,Occasional,2023-07-31,0
1261,Kavya Das,kavya.das23@gmail.com,9547001886,18,M,Chennai,Churned,2022-07-30,0
1262,Manish Joshi,manish.joshi59@gmail.com,9677384799,30,M,Mumbai,Churned,2023-04-30,0
1263,Rahul Shah,rahul.shah81@gmail.com,9470395234,53,F,Mumbai,Occasional,2022-09-01,0
1264,Aditya Rao,aditya.rao52@yahoo.com,9923547996,41,M,Mumbai,Occasional,2023-10-25,0
1265,Rahul Gupta,rahul.gupta23@gmail.com,9400632183,24,F,Bangalore,New,2022-11-11,0
1266,Karan Reddy,karan.reddy1@yahoo.com,9280495347,48,F,Mumbai,New,2023-08-18,0
1267,Amit Verma,amit.verma10@yahoo.com,9447181400,48,M,Jaipur,Loyal,2022-08-16,1
1268,Karan Rao,karan.rao72@gmail.com,9358527922,50,M,Bangalore,Occasional,2024-01-03,0
1269,Divya Mehta,divya.mehta28@yahoo.com,9750022893,51,M,Chennai,New,2023-07-06,0
1270,Gaurav Iyer,gaurav.iyer89@yahoo.com,9626233893,53,F,Kolkata,New,2022-08-10,0
1271,Sachin Shah,sachin.shah60@yahoo.com,9492653615,29,M,Hyderabad,New,2023-11-08,0
1272,Vikas Joshi,vikas.joshi96@yahoo.com,9292205795,42,M,Delhi,Occasional,2024-05-19,0
1273,Arjun Rao,arjun.rao33@gmail.com,9496068382,39,M,Mumbai,Occasional,2022-10-30,0
1274,Sachin Das,sachin.das91@gmail.com,9846786447,43,M,Mumbai,Occasional,2023-03-04,0
1275,Nisha Das,nisha.das61@yahoo.com,9286585153,47,F,Hyderabad,Churned,2022-02-17,0
1276,Priya Shah,priya.shah20@yahoo.com,9865911268,19,M,Hyderabad,Occasional,2022-06-11,0
1277,Pooja Kumar,pooja.kumar91@gmail.com,9784486956,21,F,Mumbai,Churned,2022-05-09,0
1278,Sachin Sharma,sachin.sharma22@yahoo.com,9861614695,39,M,Mumbai,Occasional,2022-10-29,0
1279,Arjun Kapoor,arjun.kapoor25@yahoo.com,9169744792,44,M,Bangalore,Churned,2024-03-13,0
1280,Kavya Pillai,kavya.pillai26@yahoo.com,9753403071,20,M,Bangalore,New,2022-05-11,0
1281,Divya Reddy,divya.reddy44@gmail.com,9226395063,53,M,Delhi,New,2022-01-06,0
1282,Rahul Kumar,rahul.kumar12@gmail.com,9883348757,23,F,Pune,Loyal,2023-12-21,0
1283,Rohan Shah,rohan.shah32@gmail.com,9877686250,47,M,Jaipur,New,2022-01-17,0
1284,Sunita Gupta,sunita.gupta91@gmail.com,9507281502,37,M,Hyderabad,Churned,2022-10-24,0
1285,Ananya Joshi,ananya.joshi38@gmail.com,9290172648,35,F,Delhi,New,2023-10-06,0
1286,Aditya Shah,aditya.shah81@yahoo.com,9582832859,40,M,Bangalore,Loyal,2023-07-06,1
1287,Riya Joshi,riya.joshi88@yahoo.com,9793645789,45,M,Kolkata,New,2022-08-30,0
1288,Riya Reddy,riya.reddy27@gmail.com,9930441589,23,M,Mumbai,New,2024-02-22,0
1289,Tarun Verma,tarun.verma76@gmail.com,9601702509,48,F,Bangalore,Loyal,2022-06-29,0
1290,Manish Kumar,manish.kumar54@gmail.com,9270457051,40,M,Hyderabad,Churned,2023-05-16,0
1291,Pallavi Shah,pallavi.shah70@gmail.com,9601266959,37,F,Delhi,Churned,2022-10-18,0
1292,Aditya Iyer,aditya.iyer32@gmail.com,9995604200,43,F,Mumbai,New,2023-12-11,0
1293,Divya Patel,divya.patel54@gmail.com,9215808760,32,M,Delhi,Occasional,2023-09-16,0
1294,Kavya Verma,kavya.verma68@gmail.com,9849076127,37,M,Delhi,New,2022-02-14,0
1295,Asha Mehta,asha.mehta99@gmail.com,9432079935,21,M,Jaipur,New,2022-07-21,0
1296,Arjun Gupta,arjun.gupta40@gmail.com,9423499443,30,F,Delhi,Occasional,2023-12-17,0
1297,Sunita Nair,sunita.nair48@gmail.com,9932803308,27,M,Delhi,Occasional,2022-05-21,0
1298,Asha Kapoor,asha.kapoor49@yahoo.com,9817728605,31,F,Mumbai,Loyal,2024-05-04,0
1299,Karan Gupta,karan.gupta87@yahoo.com,9404077884,43,M,Chennai,Loyal,2022-07-19,1
1300,Asha Sharma,asha.sharma99@gmail.com,9291297872,32,M,Delhi,Loyal,2024-01-29,1
1301,Pallavi Singh,pallavi.singh25@gmail.com,9636816895,32,F,Bangalore,Loyal,2023-09-11,1
1302,Pooja Gupta,pooja.gupta87@yahoo.com,9515339993,36,M,Mumbai,Occasional,2022-10-07,0
1303,Kavya Verma,kavya.verma14@gmail.com,9995750327,43,M,Mumbai,Churned,2023-10-18,0
1304,Sachin Kapoor,sachin.kapoor17@gmail.com,9442551325,18,F,Mumbai,New,2022-06-07,0
1305,Sachin Kapoor,sachin.kapoor55@gmail.com,9425294935,45,M,Delhi,Occasional,2024-01-26,0
1306,Tarun Shah,tarun.shah47@gmail.com,9674477822,48,M,Hyderabad,New,2023-12-01,0
1307,Nisha Singh,nisha.singh91@gmail.com,9461975213,27,M,Mumbai,Occasional,2023-08-19,0
1308,Pooja Patel,pooja.patel16@yahoo.com,9142782651,47,M,Mumbai,New,2023-12-08,0
1309,Vikram Iyer,vikram.iyer4@gmail.com,9923381466,39,M,Bangalore,Loyal,2023-07-28,1
1310,Divya Patel,divya.patel5@gmail.com,9885876277,25,M,Delhi,Loyal,2023-05-20,1
1311,Sunita Gupta,sunita.gupta45@yahoo.com,9394952837,49,F,Mumbai,Occasional,2022-07-15,0
1312,Aditya Pillai,aditya.pillai48@gmail.com,9450671708,20,M,Hyderabad,Occasional,2024-03-24,0
1313,Nikhil Singh,nikhil.singh52@gmail.com,9553688034,39,M,Hyderabad,New,2022-06-07,0
1314,Gaurav Iyer,gaurav.iyer34@yahoo.com,9712993971,25,F,Kolkata,Occasional,2022-05-04,0
1315,Manish Patel,manish.patel28@yahoo.com,9607792264,41,M,Hyderabad,Occasional,2023-01-14,0
1316,Vikram Patel,vikram.patel37@gmail.com,9828220564,43,F,Bangalore,New,2022-10-16,0
1317,Asha Gupta,asha.gupta77@yahoo.com,9596542483,35,M,Delhi,Loyal,2023-10-06,0
1318,Ananya Singh,ananya.singh59@gmail.com,9987957620,36,M,Mumbai,Occasional,2023-05-20,0
1319,Swati Sharma,swati.sharma45@yahoo.com,9443213850,39,M,Hyderabad,Occasional,2023-08-28,0
1320,Rohan Verma,rohan.verma5@yahoo.com,9532651629,42,M,Mumbai,Churned,2024-02-15,0
1321,Riya Shah,riya.shah68@gmail.com,9903170583,23,F,Bangalore,Loyal,2024-01-26,1
1322,Amit Verma,amit.verma54@yahoo.com,9563352662,40,M,Delhi,New,2022-02-15,0
1323,Sunita Das,sunita.das17@gmail.com,9677235776,33,F,Mumbai,Churned,2024-05-14,0
1324,Rohan Joshi,rohan.joshi23@yahoo.com,9410686099,25,M,Kolkata,Loyal,2023-09-07,0
1325,Pooja Shah,pooja.shah36@gmail.com,9743438223,31,F,Jaipur,Churned,2024-05-04,0
1326,Tarun Kapoor,tarun.kapoor97@gmail.com,9631323119,32,F,Delhi,Loyal,2023-05-09,0
1327,Nikhil Rao,nikhil.rao43@yahoo.com,9991062156,18,M,Bangalore,Churned,2022-10-03,0
1328,Nikhil Iyer,nikhil.iyer82@gmail.com,9302802939,44,F,Hyderabad,New,2022-06-02,0
1329,Rahul Iyer,rahul.iyer32@gmail.com,9754781192,19,M,Delhi,New,2024-02-21,0
1330,Arjun Kapoor,arjun.kapoor21@gmail.com,9307266073,53,M,Hyderabad,New,2023-07-30,0
1331,Pallavi Joshi,pallavi.joshi9@yahoo.com,9414586943,38,F,Chennai,Occasional,2024-01-04,0
1332,Asha Pillai,asha.pillai65@yahoo.com,9595431160,33,F,Mumbai,Occasional,2023-01-16,0
1333,Ananya Pillai,ananya.pillai5@yahoo.com,9903812343,22,M,Chennai,New,2022-09-05,0
1334,Nisha Kapoor,nisha.kapoor92@gmail.com,9379204274,22,F,Delhi,Occasional,2024-01-01,0
1335,Manish Sharma,manish.sharma93@gmail.com,9988793910,46,F,Hyderabad,New,2024-04-09,0
1336,Meera Kapoor,meera.kapoor16@gmail.com,9560193439,50,F,Chennai,New,2022-03-03,0
1337,Deepak Kumar,deepak.kumar85@gmail.com,9543340540,28,M,Pune,New,2024-06-19,0
1338,Vikram Kumar,vikram.kumar91@gmail.com,9592033623,39,M,Kolkata,New,2022-11-23,0
1339,Manish Pillai,manish.pillai34@gmail.com,9851148628,39,F,Delhi,Occasional,2023-04-04,0
1340,Tarun Rao,tarun.rao73@gmail.com,9498198359,19,F,Bangalore,New,2022-08-18,0
1341,Aditya Rao,aditya.rao38@gmail.com,9822927518,48,F,Delhi,Churned,2022-09-03,0
1342,Nisha Kapoor,nisha.kapoor28@gmail.com,9130069819,34,F,Chennai,Loyal,2023-03-31,1
1343,Sunita Kapoor,sunita.kapoor45@yahoo.com,9282976474,48,M,Mumbai,Occasional,2024-03-01,0
1344,Meera Kapoor,meera.kapoor62@gmail.com,9663968796,49,F,Bangalore,Occasional,2024-03-23,0
1345,Karan Nair,karan.nair20@gmail.com,9340851021,37,F,Pune,Loyal,2022-04-11,0
1346,Swati Pillai,swati.pillai68@yahoo.com,9901286903,54,M,Chennai,New,2023-07-08,0
1347,Nikhil Kumar,nikhil.kumar35@gmail.com,9172153013,39,M,Chennai,Occasional,2022-02-21,0
1348,Rekha Patel,rekha.patel32@gmail.com,9661511992,46,M,Bangalore,New,2022-05-04,0
1349,Ananya Pillai,ananya.pillai35@gmail.com,9754056633,29,M,Chennai,Loyal,2023-01-16,1
1350,Vikas Gupta,vikas.gupta27@gmail.com,9165353422,51,M,Mumbai,New,2022-04-09,0
1351,Sneha Patel,sneha.patel62@gmail.com,9310910630,38,M,Bangalore,New,2023-12-23,0
1352,Aditya Joshi,aditya.joshi2@gmail.com,9711312655,49,M,Mumbai,Loyal,2024-04-22,0
1353,Aditya Pillai,aditya.pillai53@yahoo.com,9910202901,18,M,Mumbai,Churned,2022-10-30,0
1354,Swati Rao,swati.rao32@gmail.com,9671434688,37,M,Bangalore,Loyal,2024-02-28,0
1355,Deepak Verma,deepak.verma66@gmail.com,9442746491,49,M,Bangalore,New,2022-06-23,0
1356,Asha Rao,asha.rao82@yahoo.com,9467683257,24,F,Mumbai,Loyal,2023-11-03,0
1357,Rohan Rao,rohan.rao99@gmail.com,9443614412,50,M,Mumbai,Loyal,2022-12-27,1
1358,Asha Gupta,asha.gupta99@gmail.com,9306055421,38,F,Delhi,New,2024-06-06,0
1359,Karan Das,karan.das34@gmail.com,9345590089,44,M,Mumbai,Loyal,2022-09-02,0
1360,Sunita Shah,sunita.shah55@gmail.com,9430730611,38,F,Delhi,Loyal,2023-06-03,0
1361,Pooja Shah,pooja.shah36@gmail.com,9923612160,26,F,Mumbai,Churned,2022-03-27,0
1362,Divya Shah,divya.shah49@gmail.com,9559022854,19,M,Hyderabad,Occasional,2023-02-02,0
1363,Neha Pillai,neha.pillai32@gmail.com,9179915293,35,M,Bangalore,Loyal,2022-11-30,0
1364,Deepak Kapoor,deepak.kapoor78@gmail.com,9400800837,49,F,Kolkata,New,2022-03-13,0
1365,Vikram Shah,vikram.shah61@gmail.com,9219218400,46,M,Mumbai,Loyal,2023-06-17,0
1366,Gaurav Gupta,gaurav.gupta74@gmail.com,9420893788,27,M,Delhi,New,2023-10-05,0
1367,Riya Reddy,riya.reddy38@yahoo.com,9977579923,53,M,Mumbai,Occasional,2024-06-08,0
1368,Nisha Shah,nisha.shah42@gmail.com,9297718851,46,F,Mumbai,New,2023-05-03,0
1369,Vikram Sharma,vikram.sharma53@gmail.com,9789600203,26,M,Bangalore,Occasional,2023-02-07,0
1370,Priya Shah,priya.shah5@yahoo.com,9569447344,19,M,Chennai,New,2024-03-31,0
1371,Swati Rao,swati.rao9@yahoo.com,9781153731,54,M,Pune,Occasional,2024-04-17,0
1372,Riya Verma,riya.verma60@yahoo.com,9716247535,50,M,Bangalore,Churned,2022-06-24,0
1373,Gaurav Reddy,gaurav.reddy20@yahoo.com,9893427121,47,F,Jaipur,New,2023-11-01,0
1374,Siddharth Iyer,siddharth.iyer38@gmail.com,9717120062,19,F,Mumbai,New,2023-06-12,0
1375,Karan Iyer,karan.iyer75@yahoo.com,9339326299,27,M,Pune,Loyal,2022-12-16,1
1376,Pallavi Shah,pallavi.shah99@gmail.com,9302773320,54,F,Bangalore,New,2024-06-11,0
1377,Neha Patel,neha.patel9@gmail.com,9474220071,26,M,Delhi,Loyal,2024-04-08,1
1378,Kavya Iyer,kavya.iyer99@gmail.com,9333255174,35,F,Delhi,Occasional,2023-04-16,0
1379,Sneha Kapoor,sneha.kapoor95@gmail.com,9898802042,19,F,Mumbai,Churned,2023-11-14,0
1380,Rohan Kapoor,rohan.kapoor23@gmail.com,9199698872,55,M,Mumbai,Occasional,2022-11-05,0
1381,Deepak Joshi,deepak.joshi78@gmail.com,9895258294,25,F,Bangalore,Occasional,2022-09-11,0
1382,Rahul Shah,rahul.shah15@yahoo.com,9646250322,48,M,Jaipur,Occasional,2022-11-23,0
1383,Nikhil Kumar,nikhil.kumar9@gmail.com,9432840339,40,M,Mumbai,Occasional,2023-10-15,0
1384,Sachin Kapoor,sachin.kapoor94@yahoo.com,9394974196,48,M,Pune,Occasional,2022-05-12,0
1385,Kavya Sharma,kavya.sharma18@yahoo.com,9267244216,26,M,Delhi,Loyal,2023-01-22,0
1386,Meera Iyer,meera.iyer23@yahoo.com,9285134558,28,F,Mumbai,New,2023-04-01,0
1387,Meera Kumar,meera.kumar27@gmail.com,9634246035,28,M,Jaipur,New,2022-10-10,0
1388,Neha Mehta,neha.mehta4@yahoo.com,9456033513,19,M,Hyderabad,Churned,2023-02-16,0
1389,Priya Kapoor,priya.kapoor13@gmail.com,9269836515,51,F,Mumbai,Churned,2023-09-26,0
1390,Sneha Das,sneha.das57@gmail.com,9676306442,47,F,Pune,Loyal,2022-04-14,0
1391,Vikas Reddy,vikas.reddy70@gmail.com,9804776508,26,M,Hyderabad,Occasional,2023-12-31,0
1392,Swati Joshi,swati.joshi17@yahoo.com,9652691461,26,F,Hyderabad,New,2024-01-13,0
1393,Manish Kapoor,manish.kapoor32@gmail.com,9212987932,36,M,Mumbai,New,2022-05-28,0
1394,Manish Pillai,manish.pillai74@yahoo.com,9655021824,55,M,Mumbai,New,2023-05-26,0
1395,Pooja Shah,pooja.shah5@yahoo.com,9890714563,27,M,Delhi,Churned,2023-05-25,0
1396,Kavya Sharma,kavya.sharma31@gmail.com,9996981471,27,M,Chennai,New,2022-11-04,0
1397,Nisha Shah,nisha.shah58@yahoo.com,9535570732,30,M,Delhi,New,2024-01-22,0
1398,Sneha Reddy,sneha.reddy24@gmail.com,9462124359,50,M,Bangalore,Occasional,2023-11-15,0
1399,Siddharth Kumar,siddharth.kumar9@yahoo.com,9382247375,39,M,Chennai,Occasional,2024-05-02,0
1400,Amit Kumar,amit.kumar15@gmail.com,9991289421,32,F,Bangalore,Loyal,2024-04-24,0
1401,Pooja Singh,pooja.singh66@gmail.com,9526874753,50,F,Mumbai,Occasional,2023-12-05,0
1402,Rohan Shah,rohan.shah20@gmail.com,9937451724,51,M,Pune,Occasional,2022-01-26,0
1403,Meera Nair,meera.nair21@gmail.com,9502086382,51,F,Bangalore,Loyal,2024-04-08,1
1404,Riya Iyer,riya.iyer52@gmail.com,9152519054,30,M,Hyderabad,New,2022-08-25,0
1405,Siddharth Mehta,siddharth.mehta10@gmail.com,9100379688,26,M,Kolkata,Churned,2024-01-11,0
1406,Priya Iyer,priya.iyer21@yahoo.com,9616396932,26,F,Bangalore,Occasional,2022-04-14,0
1407,Nikhil Verma,nikhil.verma25@gmail.com,9735028533,44,F,Chennai,Churned,2023-01-12,0
1408,Amit Kapoor,amit.kapoor20@gmail.com,9821895231,25,M,Delhi,Occasional,2023-03-06,0
1409,Arjun Kumar,arjun.kumar14@yahoo.com,9662899443,51,M,Mumbai,Occasional,2023-05-24,0
1410,Divya Kumar,divya.kumar20@gmail.com,9587873317,52,M,Bangalore,Occasional,2023-11-12,0
1411,Vikas Reddy,vikas.reddy33@gmail.com,9999771426,20,F,Jaipur,Churned,2023-06-15,0
1412,Deepak Rao,deepak.rao12@yahoo.com,9210649279,32,M,Bangalore,New,2024-01-28,0
1413,Ananya Das,ananya.das82@gmail.com,9160830178,45,F,Hyderabad,New,2023-07-18,0
1414,Vikas Reddy,vikas.reddy86@yahoo.com,9550590774,50,M,Chennai,New,2023-03-05,0
1415,Manish Das,manish.das29@gmail.com,9631476522,33,M,Jaipur,Loyal,2022-06-07,0
1416,Riya Kapoor,riya.kapoor78@gmail.com,9145205850,51,F,Mumbai,New,2024-01-28,0
1417,Aditya Kumar,aditya.kumar75@yahoo.com,9487299562,25,F,Pune,New,2022-06-03,0
1418,Manish Patel,manish.patel74@yahoo.com,9594718999,40,F,Kolkata,Occasional,2023-09-04,0
1419,Asha Sharma,asha.sharma4@yahoo.com,9294065618,31,M,Mumbai,Occasional,2023-11-02,0
1420,Rekha Sharma,rekha.sharma88@gmail.com,9485031934,47,M,Delhi,Occasional,2023-10-03,0
1421,Rekha Patel,rekha.patel82@gmail.com,9850657658,38,F,Jaipur,Occasional,2023-11-24,0
1422,Sachin Mehta,sachin.mehta23@yahoo.com,9938558242,43,M,Chennai,Occasional,2024-04-30,0
1423,Sunita Nair,sunita.nair93@gmail.com,9208768073,38,M,Pune,Occasional,2024-04-16,0
1424,Deepak Kapoor,deepak.kapoor63@gmail.com,9859560763,30,M,Delhi,New,2022-10-17,0
1425,Kavya Mehta,kavya.mehta75@gmail.com,9303785198,19,M,Chennai,Churned,2022-09-05,0
1426,Deepak Verma,deepak.verma10@gmail.com,9846933565,43,M,Bangalore,New,2023-04-06,0
1427,Nisha Reddy,nisha.reddy46@gmail.com,9672119440,27,M,Mumbai,New,2023-09-21,0
1428,Neha Singh,neha.singh6@gmail.com,9575169464,38,F,Kolkata,Loyal,2023-04-02,1
1429,Gaurav Nair,gaurav.nair83@yahoo.com,9572828547,33,F,Jaipur,Loyal,2022-12-15,1
1430,Gaurav Pillai,gaurav.pillai73@gmail.com,9691874571,44,M,Delhi,Churned,2024-01-21,0
1431,Sachin Kapoor,sachin.kapoor34@gmail.com,9962672189,34,M,Mumbai,Occasional,2023-09-13,0
1432,Karan Shah,karan.shah90@gmail.com,9445382534,22,F,Delhi,Churned,2022-12-31,0
1433,Manish Das,manish.das78@gmail.com,9212536324,52,M,Bangalore,Loyal,2024-02-28,1
1434,Siddharth Reddy,siddharth.reddy80@gmail.com,9594177720,54,M,Hyderabad,Churned,2022-12-14,0
1435,Arjun Pillai,arjun.pillai62@yahoo.com,9473235986,53,M,Bangalore,Loyal,2022-09-24,1
1436,Aditya Reddy,aditya.reddy56@yahoo.com,9627003026,19,M,Hyderabad,Loyal,2023-03-05,0
1437,Divya Rao,divya.rao66@yahoo.com,9711879687,39,F,Jaipur,Occasional,2023-12-04,0
1438,Nisha Sharma,nisha.sharma16@yahoo.com,9730767136,21,M,Mumbai,Occasional,2023-05-04,0
1439,Sunita Verma,sunita.verma98@yahoo.com,9745883049,30,F,Mumbai,Loyal,2023-10-05,0
1440,Karan Singh,karan.singh90@yahoo.com,9716330906,24,F,Mumbai,Churned,2022-07-05,0
1441,Amit Mehta,amit.mehta46@gmail.com,9434143501,29,M,Delhi,Occasional,2024-01-07,0
1442,Kavya Reddy,kavya.reddy45@yahoo.com,9343353068,43,F,Bangalore,Occasional,2022-05-21,0
1443,Tarun Reddy,tarun.reddy72@gmail.com,9165391824,19,M,Hyderabad,Occasional,2022-05-27,0
1444,Arjun Sharma,arjun.sharma4@yahoo.com,9428848348,38,F,Delhi,Loyal,2024-04-01,0
1445,Rohan Das,rohan.das45@gmail.com,9334477138,29,M,Delhi,Loyal,2022-09-25,0
1446,Vikas Pillai,vikas.pillai57@gmail.com,9259826206,29,M,Mumbai,Occasional,2022-10-02,0
1447,Rekha Rao,rekha.rao88@gmail.com,9474793903,36,M,Mumbai,Occasional,2022-07-06,0
1448,Rohan Gupta,rohan.gupta71@yahoo.com,9807046107,39,F,Bangalore,Churned,2024-02-13,0
1449,Rahul Mehta,rahul.mehta31@yahoo.com,9251807098,33,M,Chennai,Churned,2024-05-11,0
1450,Meera Patel,meera.patel67@gmail.com,9206064610,48,M,Bangalore,New,2022-03-06,0
1451,Aditya Kapoor,aditya.kapoor42@gmail.com,9403398162,52,F,Hyderabad,Churned,2024-05-24,0
1452,Nikhil Iyer,nikhil.iyer4@gmail.com,9626633153,42,M,Chennai,Occasional,2023-10-25,0
1453,Divya Das,divya.das6@gmail.com,9666452632,36,M,Delhi,Occasional,2023-08-27,0
1454,Riya Verma,riya.verma4@gmail.com,9673691810,38,M,Mumbai,Churned,2024-06-06,0
1455,Priya Iyer,priya.iyer66@gmail.com,9291437553,50,M,Delhi,Loyal,2024-04-15,0
1456,Vikas Nair,vikas.nair27@gmail.com,9866688784,38,M,Kolkata,Loyal,2022-10-16,0
1457,Rohan Kumar,rohan.kumar85@yahoo.com,9358113984,36,M,Hyderabad,Loyal,2023-08-16,0
1458,Meera Kapoor,meera.kapoor77@gmail.com,9252116381,20,F,Jaipur,Churned,2022-12-21,0
1459,Asha Rao,asha.rao89@gmail.com,9539378814,31,M,Hyderabad,Churned,2023-10-19,0
1460,Gaurav Das,gaurav.das81@yahoo.com,9111198809,34,M,Pune,Occasional,2022-10-22,0
1461,Asha Nair,asha.nair21@yahoo.com,9223779242,22,M,Mumbai,New,2022-07-20,0
1462,Kavya Reddy,kavya.reddy37@gmail.com,9675804885,43,M,Bangalore,Loyal,2023-05-24,0
1463,Rahul Das,rahul.das5@gmail.com,9656440452,30,F,Mumbai,Loyal,2022-11-10,1
1464,Rahul Singh,rahul.singh48@gmail.com,9760695708,33,F,Delhi,New,2022-10-14,0
1465,Asha Joshi,asha.joshi73@gmail.com,9146984680,31,M,Mumbai,New,2022-03-05,0
1466,Pallavi Verma,pallavi.verma83@gmail.com,9315445536,40,F,Mumbai,Churned,2023-01-25,0
1467,Rahul Nair,rahul.nair85@yahoo.com,9460657669,29,F,Delhi,Churned,2024-02-25,0
1468,Neha Rao,neha.rao71@yahoo.com,9253935333,53,F,Mumbai,Occasional,2023-01-17,0
1469,Tarun Sharma,tarun.sharma5@gmail.com,9497684067,28,M,Mumbai,New,2023-09-29,0
1470,Arjun Patel,arjun.patel29@yahoo.com,9228464715,42,M,Mumbai,Occasional,2023-08-16,0
1471,Sachin Das,sachin.das88@yahoo.com,9403298186,54,F,Mumbai,Occasional,2022-01-31,0
1472,Neha Reddy,neha.reddy20@gmail.com,9614460934,40,F,Bangalore,New,2024-02-02,0
1473,Sachin Verma,sachin.verma48@yahoo.com,9272138688,42,M,Pune,Occasional,2023-03-22,0
1474,Siddharth Iyer,siddharth.iyer17@yahoo.com,9531892193,52,F,Bangalore,Occasional,2022-03-08,0
1475,Vikas Iyer,vikas.iyer50@gmail.com,9576626352,47,F,Delhi,Churned,2023-10-17,0
1476,Sunita Joshi,sunita.joshi25@gmail.com,9865137536,33,F,Delhi,New,2022-07-26,0
1477,Vikas Pillai,vikas.pillai83@gmail.com,9502456303,53,F,Kolkata,New,2023-07-19,0
1478,Sachin Pillai,sachin.pillai7@gmail.com,9542508175,37,M,Delhi,Occasional,2024-04-23,0
1479,Pallavi Iyer,pallavi.iyer89@gmail.com,9125593061,29,F,Delhi,Churned,2023-08-20,0
1480,Deepak Gupta,deepak.gupta26@gmail.com,9939514608,43,M,Bangalore,Loyal,2024-05-25,1
1481,Karan Patel,karan.patel3@gmail.com,9192073425,24,M,Delhi,New,2024-01-27,0
1482,Karan Shah,karan.shah40@yahoo.com,9328719736,30,F,Pune,Loyal,2022-05-20,1
1483,Swati Mehta,swati.mehta13@yahoo.com,9425601984,29,M,Kolkata,New,2023-11-25,0
1484,Pooja Kumar,pooja.kumar21@gmail.com,9539890432,52,M,Mumbai,Churned,2022-09-11,0
1485,Manish Nair,manish.nair13@yahoo.com,9577711913,25,F,Hyderabad,New,2023-03-13,0
1486,Swati Verma,swati.verma47@yahoo.com,9838864831,19,M,Mumbai,Occasional,2023-08-13,0
1487,Swati Shah,swati.shah9@gmail.com,9497250289,39,M,Bangalore,Loyal,2022-01-31,0
1488,Pallavi Joshi,pallavi.joshi11@gmail.com,9863868715,38,M,Hyderabad,Churned,2022-06-22,0
1489,Kavya Shah,kavya.shah36@yahoo.com,9651283534,34,F,Jaipur,Occasional,2023-10-11,0
1490,Vikas Verma,vikas.verma40@gmail.com,9852172135,21,F,Kolkata,Loyal,2023-05-10,0
1491,Asha Singh,asha.singh17@yahoo.com,9133687368,39,M,Delhi,Occasional,2023-12-13,0
1492,Arjun Rao,arjun.rao49@gmail.com,9604788545,42,F,Kolkata,Loyal,2024-06-10,0
1493,Rekha Iyer,rekha.iyer45@yahoo.com,9242099130,44,M,Delhi,Occasional,2023-07-24,0
1494,Rahul Pillai,rahul.pillai15@gmail.com,9646310475,23,M,Bangalore,Occasional,2023-02-19,0
1495,Rahul Verma,rahul.verma74@yahoo.com,9265362816,41,M,Mumbai,New,2023-01-13,0
1496,Sunita Sharma,sunita.sharma20@gmail.com,9175572930,39,M,Chennai,Churned,2022-01-15,0
1497,Rekha Kumar,rekha.kumar18@gmail.com,9856072762,25,M,Jaipur,Churned,2023-05-30,0
1498,Manish Singh,manish.singh88@gmail.com,9949966218,18,F,Chennai,Loyal,2022-05-23,1
1499,Rohan Das,rohan.das91@gmail.com,9750105387,30,F,Mumbai,Occasional,2024-04-02,0
1500,Siddharth Verma,siddharth.verma23@yahoo.com,9185425073,50,M,Delhi,New,2022-04-06,0
1501,Rohan Kumar,rohan.kumar42@yahoo.com,9300841312,22,F,Delhi,Churned,2024-06-12,0
1502,Neha Iyer,neha.iyer55@gmail.com,9334352988,50,M,Delhi,Occasional,2023-04-06,0
1503,Sachin Reddy,sachin.reddy8@gmail.com,9169420993,36,F,Delhi,Occasional,2022-01-11,0
1504,Rahul Pillai,rahul.pillai76@yahoo.com,9441877303,18,M,Delhi,New,2023-10-31,0
1505,Aditya Reddy,aditya.reddy96@yahoo.com,9484520396,38,F,Kolkata,New,2022-04-13,0
1506,Karan Joshi,karan.joshi6@yahoo.com,9283129828,32,M,Delhi,Occasional,2024-01-30,0
1507,Pallavi Kapoor,pallavi.kapoor20@gmail.com,9585520725,47,F,Delhi,Churned,2023-05-19,0
1508,Nisha Gupta,nisha.gupta20@gmail.com,9778812108,38,F,Chennai,Occasional,2022-02-08,0
1509,Amit Verma,amit.verma51@gmail.com,9117597945,31,M,Mumbai,New,2022-09-26,0
1510,Nikhil Verma,nikhil.verma30@gmail.com,9398145460,37,M,Delhi,Loyal,2024-02-12,0
1511,Swati Patel,swati.patel42@yahoo.com,9171839853,40,M,Bangalore,Occasional,2022-09-06,0
1512,Swati Joshi,swati.joshi40@yahoo.com,9113923840,44,F,Hyderabad,Loyal,2024-03-16,1
1513,Neha Gupta,neha.gupta93@gmail.com,9466250372,51,M,Delhi,New,2022-07-09,0
1514,Swati Singh,swati.singh54@gmail.com,9497293622,19,F,Hyderabad,Loyal,2024-05-28,0
1515,Sachin Das,sachin.das74@yahoo.com,9465885406,35,M,Hyderabad,Churned,2023-05-01,0
1516,Rekha Nair,rekha.nair32@gmail.com,9354496000,55,M,Hyderabad,Churned,2023-05-15,0
1517,Vikas Kumar,vikas.kumar42@gmail.com,9769592915,42,F,Bangalore,Loyal,2024-03-04,0
1518,Rahul Pillai,rahul.pillai99@gmail.com,9949632125,42,F,Hyderabad,Churned,2023-02-18,0
1519,Swati Nair,swati.nair46@yahoo.com,9451343765,32,M,Mumbai,New,2022-04-02,0
1520,Karan Das,karan.das26@yahoo.com,9675858660,38,M,Bangalore,Loyal,2023-02-28,0
1521,Divya Patel,divya.patel65@gmail.com,9957757046,30,M,Kolkata,New,2022-07-06,0
1522,Divya Reddy,divya.reddy4@gmail.com,9417938579,31,F,Chennai,Occasional,2022-01-17,0
1523,Siddharth Gupta,siddharth.gupta21@gmail.com,9696210575,46,F,Hyderabad,Occasional,2023-07-27,0
1524,Siddharth Reddy,siddharth.reddy37@gmail.com,9586763125,30,M,Chennai,Loyal,2023-03-01,1
1525,Riya Das,riya.das93@gmail.com,9438517221,41,F,Kolkata,Loyal,2023-05-23,1
1526,Karan Patel,karan.patel97@gmail.com,9707326507,36,M,Bangalore,Occasional,2022-10-04,0
1527,Swati Singh,swati.singh14@gmail.com,9262746974,22,F,Pune,Loyal,2022-07-24,0
1528,Karan Singh,karan.singh9@gmail.com,9906219798,44,M,Delhi,New,2023-07-09,0
1529,Manish Gupta,manish.gupta27@gmail.com,9974416854,53,M,Bangalore,Occasional,2023-09-08,0
1530,Ananya Nair,ananya.nair7@yahoo.com,9126011615,21,M,Mumbai,Churned,2023-02-10,0
1531,Ananya Nair,ananya.nair41@gmail.com,9637497841,27,F,Hyderabad,Occasional,2022-03-07,0
1532,Tarun Rao,tarun.rao92@yahoo.com,9819022698,49,M,Chennai,New,2022-01-30,0
1533,Rohan Nair,rohan.nair45@yahoo.com,9107679805,55,F,Bangalore,Loyal,2022-02-25,0
1534,Nikhil Joshi,nikhil.joshi81@yahoo.com,9107891939,27,M,Delhi,Churned,2022-09-13,0
1535,Nikhil Verma,nikhil.verma43@gmail.com,9375176652,30,M,Delhi,New,2024-03-04,0
1536,Siddharth Sharma,siddharth.sharma86@gmail.com,9799444677,46,M,Pune,Occasional,2023-03-20,0
1537,Nikhil Kumar,nikhil.kumar73@yahoo.com,9915785316,31,F,Delhi,Loyal,2022-03-06,1
1538,Meera Pillai,meera.pillai33@gmail.com,9708646894,21,F,Hyderabad,Occasional,2023-04-17,0
1539,Nisha Mehta,nisha.mehta50@yahoo.com,9873031951,31,F,Mumbai,Loyal,2022-10-09,0
1540,Swati Rao,swati.rao14@yahoo.com,9761822587,33,M,Delhi,New,2024-02-03,0
1541,Vikram Sharma,vikram.sharma94@gmail.com,9509547590,37,F,Pune,New,2022-01-18,0
1542,Sachin Joshi,sachin.joshi36@gmail.com,9181711216,45,M,Mumbai,Loyal,2022-12-01,1
1543,Amit Reddy,amit.reddy82@yahoo.com,9229198005,47,F,Chennai,Churned,2023-04-15,0
1544,Kavya Sharma,kavya.sharma31@gmail.com,9878257769,25,M,Hyderabad,Loyal,2024-01-11,0
1545,Manish Das,manish.das9@gmail.com,9331365141,22,F,Hyderabad,Occasional,2022-02-05,0
1546,Gaurav Pillai,gaurav.pillai74@yahoo.com,9114247551,44,F,Delhi,Loyal,2023-11-03,0
1547,Sunita Das,sunita.das86@gmail.com,9126213124,30,M,Kolkata,Churned,2023-03-14,0
1548,Rekha Sharma,rekha.sharma56@gmail.com,9996995844,20,M,Pune,Occasional,2023-11-27,0
1549,Divya Shah,divya.shah59@yahoo.com,9494382316,23,M,Hyderabad,New,2022-03-15,0
1550,Sunita Gupta,sunita.gupta23@gmail.com,9537014695,38,M,Bangalore,Occasional,2023-07-31,0
1551,Amit Das,amit.das56@gmail.com,9486900154,52,F,Delhi,Churned,2023-03-31,0
1552,Sachin Pillai,sachin.pillai22@yahoo.com,9830507008,46,M,Delhi,Loyal,2023-07-12,1
1553,Neha Mehta,neha.mehta74@gmail.com,9957635762,52,F,Kolkata,Churned,2022-08-14,0
1554,Rahul Iyer,rahul.iyer6@gmail.com,9684112050,25,M,Chennai,Occasional,2023-09-08,0
1555,Asha Verma,asha.verma15@gmail.com,9625253023,32,M,Bangalore,Occasional,2024-05-05,0
1556,Tarun Kapoor,tarun.kapoor96@gmail.com,9477027645,32,M,Pune,Occasional,2023-09-06,0
1557,Amit Joshi,amit.joshi14@gmail.com,9958923889,18,M,Chennai,Loyal,2023-12-06,0
1558,Divya Joshi,divya.joshi25@gmail.com,9974556653,52,M,Hyderabad,Occasional,2023-09-23,0
1559,Gaurav Singh,gaurav.singh16@gmail.com,9585974860,22,M,Mumbai,Loyal,2022-10-16,1
1560,Karan Kapoor,karan.kapoor55@yahoo.com,9426188391,41,F,Delhi,New,2023-04-12,0
1561,Asha Das,asha.das45@gmail.com,9443202087,20,F,Kolkata,New,2022-03-07,0
1562,Deepak Kumar,deepak.kumar45@yahoo.com,9765968742,45,M,Hyderabad,Churned,2023-08-20,0
1563,Priya Das,priya.das70@gmail.com,9370750852,23,F,Hyderabad,Churned,2023-08-14,0
1564,Siddharth Kapoor,siddharth.kapoor61@gmail.com,9748119941,39,F,Delhi,New,2022-05-27,0
1565,Rohan Iyer,rohan.iyer17@gmail.com,9834250195,24,M,Delhi,New,2023-12-02,0
1566,Siddharth Singh,siddharth.singh36@yahoo.com,9597335712,50,F,Hyderabad,Loyal,2024-02-26,1
1567,Vikram Kumar,vikram.kumar58@gmail.com,9286743752,51,F,Kolkata,New,2022-03-17,0
1568,Pooja Kumar,pooja.kumar62@gmail.com,9313806776,27,M,Mumbai,Occasional,2023-05-30,0
1569,Deepak Kapoor,deepak.kapoor29@gmail.com,9296148792,20,M,Mumbai,New,2022-10-02,0
1570,Manish Pillai,manish.pillai18@gmail.com,9276558895,25,M,Hyderabad,New,2022-12-22,0
1571,Siddharth Das,siddharth.das91@gmail.com,9122052082,41,F,Jaipur,New,2022-02-06,0
1572,Pooja Das,pooja.das72@yahoo.com,9568464025,20,M,Hyderabad,New,2022-06-15,0
1573,Swati Kapoor,swati.kapoor16@gmail.com,9247668785,50,F,Mumbai,Loyal,2023-07-10,1
1574,Meera Reddy,meera.reddy85@gmail.com,9948254067,48,M,Mumbai,Loyal,2024-04-28,1
1575,Divya Gupta,divya.gupta8@gmail.com,9499280091,43,M,Bangalore,Occasional,2022-08-17,0
1576,Aditya Sharma,aditya.sharma32@yahoo.com,9443091856,37,F,Mumbai,Occasional,2023-02-18,0
1577,Swati Das,swati.das50@gmail.com,9285132385,31,M,Chennai,Loyal,2024-01-08,0
1578,Nisha Gupta,nisha.gupta10@gmail.com,9651242503,22,F,Pune,Loyal,2022-07-17,1
1579,Ananya Reddy,ananya.reddy56@gmail.com,9907852153,44,M,Chennai,New,2023-07-16,0
1580,Asha Shah,asha.shah29@yahoo.com,9751156245,43,F,Delhi,Occasional,2022-10-27,0
1581,Vikas Iyer,vikas.iyer67@gmail.com,9743148646,28,F,Mumbai,New,2024-03-02,0
1582,Pooja Singh,pooja.singh19@yahoo.com,9856423593,53,M,Chennai,Occasional,2022-02-18,0
1583,Siddharth Mehta,siddharth.mehta42@yahoo.com,9749931490,37,M,Mumbai,Occasional,2023-03-13,0
1584,Nikhil Gupta,nikhil.gupta89@gmail.com,9197697289,48,M,Pune,Occasional,2024-01-28,0
1585,Vikram Reddy,vikram.reddy66@gmail.com,9738268451,35,M,Delhi,Occasional,2022-04-08,0
1586,Aditya Joshi,aditya.joshi43@gmail.com,9305993653,40,M,Kolkata,Occasional,2023-01-07,0
1587,Asha Joshi,asha.joshi88@yahoo.com,9303974495,26,M,Delhi,Occasional,2023-10-21,0
1588,Rekha Pillai,rekha.pillai16@yahoo.com,9286203599,55,M,Hyderabad,New,2022-11-14,0
1589,Neha Mehta,neha.mehta32@gmail.com,9502651705,29,F,Pune,New,2022-11-16,0
1590,Riya Mehta,riya.mehta10@gmail.com,9750670105,27,M,Hyderabad,Churned,2023-12-15,0
1591,Arjun Singh,arjun.singh59@yahoo.com,9631561911,30,M,Jaipur,New,2023-09-03,0
1592,Aditya Iyer,aditya.iyer55@yahoo.com,9154753357,30,M,Bangalore,New,2024-03-04,0
1593,Nikhil Mehta,nikhil.mehta16@gmail.com,9294459726,25,F,Bangalore,Loyal,2023-11-11,0
1594,Sneha Reddy,sneha.reddy88@gmail.com,9897815003,26,M,Mumbai,New,2023-03-07,0
1595,Arjun Kumar,arjun.kumar36@gmail.com,9872634506,39,M,Mumbai,New,2022-04-04,0
1596,Deepak Reddy,deepak.reddy20@gmail.com,9353792122,53,M,Delhi,Occasional,2024-06-05,0
1597,Rekha Kapoor,rekha.kapoor3@yahoo.com,9761743478,31,M,Bangalore,New,2022-09-24,0
1598,Rekha Das,rekha.das53@gmail.com,9364347668,25,M,Mumbai,New,2023-02-24,0
1599,Pallavi Nair,pallavi.nair31@yahoo.com,9103402003,35,M,Bangalore,Loyal,2022-09-27,1
1600,Rohan Nair,rohan.nair92@gmail.com,9538660699,24,M,Pune,New,2023-11-25,0
1601,Arjun Reddy,arjun.reddy68@gmail.com,9568849679,31,F,Mumbai,Churned,2023-08-14,0
1602,Gaurav Pillai,gaurav.pillai91@gmail.com,9255172591,31,M,Mumbai,Occasional,2023-08-26,0
1603,Rekha Kapoor,rekha.kapoor46@gmail.com,9437382335,31,F,Pune,New,2022-09-19,0
1604,Nikhil Das,nikhil.das83@yahoo.com,9362071276,19,M,Delhi,Occasional,2022-12-25,0
1605,Aditya Shah,aditya.shah63@gmail.com,9122005392,41,F,Bangalore,New,2023-08-28,0
1606,Vikram Shah,vikram.shah34@gmail.com,9493628113,32,M,Bangalore,Occasional,2023-11-11,0
1607,Neha Joshi,neha.joshi7@yahoo.com,9491456037,20,F,Mumbai,Churned,2024-03-14,0
1608,Neha Patel,neha.patel33@gmail.com,9663987043,34,M,Mumbai,Churned,2022-05-24,0
1609,Nisha Verma,nisha.verma22@gmail.com,9434576179,32,F,Delhi,Churned,2023-03-09,0
1610,Aditya Verma,aditya.verma55@yahoo.com,9604925332,36,M,Delhi,Loyal,2022-03-23,1
1611,Rahul Kumar,rahul.kumar16@yahoo.com,9673328017,35,F,Chennai,Loyal,2022-04-30,0
1612,Pallavi Verma,pallavi.verma22@yahoo.com,9449479184,33,M,Delhi,Loyal,2024-04-09,0
1613,Nikhil Gupta,nikhil.gupta20@yahoo.com,9603656740,28,M,Mumbai,Occasional,2022-03-30,0
1614,Aditya Reddy,aditya.reddy23@yahoo.com,9588492574,47,F,Delhi,New,2023-07-25,0
1615,Rahul Kapoor,rahul.kapoor59@gmail.com,9408381330,26,M,Hyderabad,Loyal,2022-03-07,0
1616,Vikas Pillai,vikas.pillai78@gmail.com,9944374163,51,M,Chennai,New,2023-09-20,0
1617,Tarun Iyer,tarun.iyer17@yahoo.com,9636577456,28,M,Pune,Occasional,2023-01-26,0
1618,Gaurav Rao,gaurav.rao49@gmail.com,9542825092,25,M,Mumbai,New,2023-07-25,0
1619,Deepak Sharma,deepak.sharma82@yahoo.com,9932227284,31,F,Delhi,Occasional,2022-11-05,0
1620,Sachin Rao,sachin.rao3@yahoo.com,9252809923,43,F,Bangalore,New,2022-08-06,0
1621,Siddharth Pillai,siddharth.pillai17@gmail.com,9597463844,41,F,Kolkata,Occasional,2023-09-13,0
1622,Divya Shah,divya.shah50@yahoo.com,9599385959,21,M,Mumbai,Churned,2022-06-07,0
1623,Meera Das,meera.das46@gmail.com,9172752081,20,F,Pune,Loyal,2023-04-02,1
1624,Amit Reddy,amit.reddy28@yahoo.com,9647078662,21,M,Bangalore,Loyal,2022-06-07,1
1625,Meera Mehta,meera.mehta67@gmail.com,9154671014,36,M,Bangalore,Occasional,2023-12-17,0
1626,Deepak Patel,deepak.patel9@yahoo.com,9643257249,53,M,Pune,New,2023-11-05,0
1627,Asha Pillai,asha.pillai98@yahoo.com,9252698152,35,F,Mumbai,New,2023-05-28,0
1628,Ananya Patel,ananya.patel18@gmail.com,9113008090,20,M,Mumbai,Occasional,2023-09-05,0
1629,Pooja Reddy,pooja.reddy21@yahoo.com,9171112057,31,M,Bangalore,Occasional,2022-08-24,0
1630,Ananya Pillai,ananya.pillai11@yahoo.com,9222661067,28,F,Delhi,Occasional,2022-04-13,0
1631,Nisha Das,nisha.das71@yahoo.com,9699758448,34,M,Chennai,Occasional,2023-08-02,0
1632,Tarun Gupta,tarun.gupta36@yahoo.com,9832937704,55,M,Chennai,Occasional,2023-05-23,0
1633,Pooja Das,pooja.das39@gmail.com,9646357450,35,M,Chennai,Occasional,2022-02-04,0
1634,Rekha Reddy,rekha.reddy29@yahoo.com,9695941837,24,F,Chennai,Occasional,2023-04-12,0
1635,Vikas Gupta,vikas.gupta47@gmail.com,9643145488,24,M,Mumbai,Churned,2023-12-23,0
1636,Rahul Nair,rahul.nair85@gmail.com,9616656295,28,M,Delhi,New,2023-04-10,0
1637,Nikhil Iyer,nikhil.iyer4@gmail.com,9608066860,27,F,Delhi,Churned,2023-11-08,0
1638,Vikas Das,vikas.das52@gmail.com,9329811428,43,M,Delhi,Occasional,2024-01-26,0
1639,Karan Verma,karan.verma11@gmail.com,9504637077,38,M,Delhi,Occasional,2022-09-14,0
1640,Riya Iyer,riya.iyer90@yahoo.com,9952110109,49,M,Mumbai,New,2022-08-22,0
1641,Priya Gupta,priya.gupta88@yahoo.com,9828791229,36,M,Jaipur,Loyal,2022-10-03,0
1642,Vikas Rao,vikas.rao75@gmail.com,9141813915,39,M,Hyderabad,Loyal,2022-09-14,1
1643,Vikas Kapoor,vikas.kapoor76@gmail.com,9387043716,49,M,Mumbai,Churned,2022-09-21,0
1644,Amit Singh,amit.singh21@yahoo.com,9379153787,47,M,Pune,Loyal,2023-03-18,0
1645,Priya Kapoor,priya.kapoor61@yahoo.com,9846152610,39,F,Mumbai,New,2023-03-17,0
1646,Sachin Kapoor,sachin.kapoor40@yahoo.com,9952827503,44,F,Delhi,Occasional,2023-04-02,0
1647,Priya Singh,priya.singh19@gmail.com,9226398892,21,M,Mumbai,Occasional,2022-08-30,0
1648,Divya Mehta,divya.mehta92@gmail.com,9356897080,38,M,Bangalore,Loyal,2022-04-25,1
1649,Sunita Rao,sunita.rao5@gmail.com,9804569703,31,F,Kolkata,New,2024-05-07,0
1650,Priya Reddy,priya.reddy64@gmail.com,9972435430,42,F,Delhi,Occasional,2022-03-17,0
1651,Siddharth Gupta,siddharth.gupta41@yahoo.com,9806956791,38,F,Jaipur,New,2023-05-18,0
1652,Arjun Verma,arjun.verma63@yahoo.com,9200090276,34,F,Chennai,Churned,2022-10-13,0
1653,Ananya Das,ananya.das24@gmail.com,9873936345,35,F,Delhi,Loyal,2022-08-07,0
1654,Karan Sharma,karan.sharma65@gmail.com,9928464858,24,F,Hyderabad,New,2023-08-03,0
1655,Vikram Kapoor,vikram.kapoor79@gmail.com,9757627978,51,M,Mumbai,New,2024-02-24,0
1656,Siddharth Rao,siddharth.rao37@gmail.com,9147796183,52,F,Chennai,New,2022-03-03,0
1657,Swati Iyer,swati.iyer30@yahoo.com,9714070430,47,M,Delhi,New,2022-04-08,0
1658,Divya Patel,divya.patel51@gmail.com,9372882807,32,M,Pune,Occasional,2023-02-16,0
1659,Ananya Kapoor,ananya.kapoor10@yahoo.com,9151285942,18,F,Bangalore,Loyal,2023-11-29,1
1660,Arjun Rao,arjun.rao28@gmail.com,9722959503,21,F,Chennai,Occasional,2023-10-10,0
1661,Pallavi Kapoor,pallavi.kapoor70@yahoo.com,9290306476,53,M,Bangalore,New,2022-12-31,0
1662,Sachin Nair,sachin.nair17@yahoo.com,9206794297,48,M,Mumbai,Occasional,2023-05-26,0
1663,Asha Reddy,asha.reddy27@yahoo.com,9557896551,44,F,Chennai,Loyal,2023-03-31,1
1664,Manish Singh,manish.singh1@yahoo.com,9230396153,22,F,Chennai,Occasional,2024-04-22,0
1665,Kavya Kumar,kavya.kumar65@yahoo.com,9230394179,46,M,Mumbai,New,2023-02-24,0
1666,Swati Reddy,swati.reddy12@gmail.com,9947182332,23,M,Chennai,Occasional,2022-07-09,0
1667,Sunita Sharma,sunita.sharma19@gmail.com,9274259849,23,M,Delhi,Loyal,2023-01-24,0
1668,Arjun Mehta,arjun.mehta66@yahoo.com,9211206782,42,F,Hyderabad,Loyal,2023-06-30,1
1669,Deepak Singh,deepak.singh99@gmail.com,9698565719,32,F,Mumbai,New,2024-01-21,0
1670,Priya Pillai,priya.pillai46@gmail.com,9713041404,30,M,Delhi,Occasional,2022-03-07,0
1671,Pooja Sharma,pooja.sharma18@yahoo.com,9191509932,38,F,Hyderabad,Occasional,2023-06-11,0
1672,Aditya Gupta,aditya.gupta71@yahoo.com,9694407432,48,F,Bangalore,New,2022-06-30,0
1673,Rekha Mehta,rekha.mehta55@gmail.com,9676686905,33,M,Delhi,New,2022-02-20,0
1674,Asha Gupta,asha.gupta36@gmail.com,9264321971,34,F,Pune,Loyal,2023-04-12,1
1675,Swati Rao,swati.rao4@yahoo.com,9124408555,37,F,Mumbai,Occasional,2022-04-27,0
1676,Pallavi Kumar,pallavi.kumar34@yahoo.com,9202174331,41,M,Delhi,New,2022-08-02,0
1677,Rohan Singh,rohan.singh40@yahoo.com,9396905612,32,M,Delhi,Loyal,2024-06-14,0
1678,Pallavi Rao,pallavi.rao52@yahoo.com,9207842029,53,M,Bangalore,Churned,2024-05-02,0
1679,Rahul Mehta,rahul.mehta9@gmail.com,9246986276,35,M,Mumbai,Churned,2023-10-15,0
1680,Priya Das,priya.das14@gmail.com,9681929857,41,F,Kolkata,Loyal,2024-01-11,0
1681,Karan Verma,karan.verma14@yahoo.com,9852368171,29,M,Bangalore,New,2022-05-08,0
1682,Kavya Nair,kavya.nair67@yahoo.com,9831659709,44,M,Mumbai,Occasional,2022-07-16,0
1683,Swati Nair,swati.nair79@yahoo.com,9326567597,21,F,Bangalore,New,2022-10-19,0
1684,Amit Kapoor,amit.kapoor37@gmail.com,9720978931,55,F,Mumbai,Occasional,2023-06-19,0
1685,Vikram Das,vikram.das76@gmail.com,9535450587,18,M,Hyderabad,Churned,2023-10-15,0
1686,Gaurav Kumar,gaurav.kumar6@gmail.com,9863503662,33,F,Delhi,Loyal,2022-10-14,1
1687,Amit Joshi,amit.joshi1@yahoo.com,9716944919,35,M,Mumbai,Loyal,2023-09-06,0
1688,Karan Joshi,karan.joshi93@yahoo.com,9257826680,46,F,Pune,Loyal,2022-06-16,1
1689,Asha Reddy,asha.reddy19@gmail.com,9781881435,46,F,Delhi,Churned,2023-08-12,0
1690,Swati Das,swati.das33@gmail.com,9152541869,35,F,Delhi,Churned,2023-01-13,0
1691,Sunita Pillai,sunita.pillai53@gmail.com,9318871405,51,M,Bangalore,Loyal,2022-04-03,1
1692,Swati Singh,swati.singh39@yahoo.com,9473493559,55,F,Delhi,Loyal,2022-01-22,1
1693,Nikhil Reddy,nikhil.reddy57@yahoo.com,9336830570,28,F,Hyderabad,Occasional,2024-01-11,0
1694,Nikhil Nair,nikhil.nair19@gmail.com,9789222523,53,M,Mumbai,Occasional,2024-01-25,0
1695,Vikram Rao,vikram.rao73@yahoo.com,9167611134,43,M,Chennai,Occasional,2022-06-03,0
1696,Rekha Nair,rekha.nair68@yahoo.com,9716771979,53,M,Mumbai,Churned,2023-01-27,0
1697,Amit Sharma,amit.sharma73@gmail.com,9550677534,38,M,Hyderabad,Churned,2022-01-06,0
1698,Sunita Iyer,sunita.iyer26@yahoo.com,9729419251,34,M,Bangalore,Loyal,2023-04-21,0
1699,Sneha Kapoor,sneha.kapoor32@gmail.com,9310741952,48,M,Jaipur,New,2023-07-09,0
1700,Riya Mehta,riya.mehta72@gmail.com,9562592874,49,F,Pune,Occasional,2023-01-10,0
1701,Ananya Iyer,ananya.iyer53@gmail.com,9601526417,20,F,Mumbai,New,2022-08-01,0
1702,Siddharth Gupta,siddharth.gupta48@gmail.com,9334580870,32,F,Chennai,Loyal,2024-05-02,1
1703,Sachin Pillai,sachin.pillai31@yahoo.com,9465946546,31,M,Kolkata,Occasional,2023-03-12,0
1704,Sunita Nair,sunita.nair36@gmail.com,9839804571,20,F,Mumbai,Occasional,2024-04-14,0
1705,Pallavi Das,pallavi.das13@gmail.com,9455133789,31,F,Hyderabad,New,2022-01-10,0
1706,Arjun Iyer,arjun.iyer58@gmail.com,9908879120,40,M,Bangalore,Churned,2023-03-08,0
1707,Arjun Reddy,arjun.reddy21@gmail.com,9982952963,30,F,Mumbai,New,2024-06-07,0
1708,Rohan Gupta,rohan.gupta85@gmail.com,9165793697,36,F,Mumbai,Loyal,2022-11-21,0
1709,Meera Rao,meera.rao9@yahoo.com,9838645398,45,F,Mumbai,New,2022-11-14,0
1710,Meera Patel,meera.patel54@gmail.com,9834911471,52,F,Mumbai,Occasional,2022-09-24,0
1711,Pooja Kumar,pooja.kumar22@gmail.com,9851283773,45,F,Chennai,Occasional,2022-08-27,0
1712,Vikas Mehta,vikas.mehta77@gmail.com,9989890958,46,F,Bangalore,New,2024-04-04,0
1713,Kavya Pillai,kavya.pillai78@gmail.com,9379418400,35,M,Bangalore,Churned,2023-10-23,0
1714,Rohan Kapoor,rohan.kapoor69@gmail.com,9929527906,36,F,Chennai,New,2022-02-01,0
1715,Vikas Patel,vikas.patel72@gmail.com,9221509873,32,M,Mumbai,New,2022-07-16,0
1716,Priya Verma,priya.verma17@gmail.com,9957858403,52,F,Kolkata,New,2022-07-30,0
1717,Vikas Singh,vikas.singh11@gmail.com,9693003241,33,M,Mumbai,Churned,2024-04-24,0
1718,Riya Gupta,riya.gupta63@yahoo.com,9559261608,29,M,Bangalore,Occasional,2023-05-31,0
1719,Manish Singh,manish.singh57@gmail.com,9770916891,51,F,Mumbai,New,2022-12-09,0
1720,Siddharth Verma,siddharth.verma5@yahoo.com,9132169436,35,M,Chennai,Occasional,2023-05-15,0
1721,Nisha Sharma,nisha.sharma97@yahoo.com,9277085723,23,M,Chennai,New,2022-02-07,0
1722,Swati Kumar,swati.kumar48@gmail.com,9795299064,46,M,Hyderabad,Loyal,2022-10-23,0
1723,Meera Mehta,meera.mehta65@yahoo.com,9953291422,42,M,Jaipur,Loyal,2022-08-21,0
1724,Neha Das,neha.das99@gmail.com,9660731775,36,F,Delhi,Loyal,2022-08-18,1
1725,Karan Kapoor,karan.kapoor56@gmail.com,9644541387,48,M,Chennai,Occasional,2022-03-07,0
1726,Vikas Nair,vikas.nair44@gmail.com,9783616973,42,M,Mumbai,Loyal,2023-02-10,0
1727,Aditya Kumar,aditya.kumar35@gmail.com,9260280721,33,F,Delhi,Loyal,2023-08-10,0
1728,Gaurav Verma,gaurav.verma6@gmail.com,9883401703,54,F,Delhi,Loyal,2023-04-27,1
1729,Pooja Pillai,pooja.pillai80@yahoo.com,9929322190,40,M,Bangalore,Occasional,2023-01-09,0
1730,Kavya Gupta,kavya.gupta7@yahoo.com,9387559535,22,M,Kolkata,Churned,2024-03-27,0
1731,Sneha Sharma,sneha.sharma23@gmail.com,9791250747,34,M,Pune,Occasional,2024-04-01,0
1732,Tarun Joshi,tarun.joshi83@gmail.com,9667280675,42,F,Bangalore,Churned,2023-01-22,0
1733,Amit Kapoor,amit.kapoor74@yahoo.com,9660196312,36,F,Delhi,Loyal,2022-04-12,0
1734,Ananya Iyer,ananya.iyer93@yahoo.com,9875509468,26,M,Delhi,Occasional,2022-02-02,0
1735,Rahul Pillai,rahul.pillai81@gmail.com,9413130296,20,F,Bangalore,Loyal,2023-01-27,1
1736,Kavya Kapoor,kavya.kapoor70@yahoo.com,9464997824,32,M,Chennai,New,2022-03-07,0
1737,Asha Singh,asha.singh53@yahoo.com,9430422007,48,F,Delhi,Churned,2022-02-06,0
1738,Tarun Sharma,tarun.sharma31@gmail.com,9495536203,32,M,Pune,Occasional,2024-04-03,0
1739,Karan Gupta,karan.gupta90@gmail.com,9993088374,47,M,Bangalore,Loyal,2023-03-04,0
1740,Nisha Rao,nisha.rao27@yahoo.com,9332071545,33,F,Mumbai,New,2022-03-31,0
1741,Vikram Mehta,vikram.mehta29@yahoo.com,9882168321,25,F,Pune,Loyal,2024-03-28,0
1742,Tarun Pillai,tarun.pillai78@yahoo.com,9151894299,25,M,Mumbai,New,2023-12-08,0
1743,Swati Joshi,swati.joshi42@yahoo.com,9791520049,26,F,Delhi,Loyal,2022-11-04,1
1744,Rahul Das,rahul.das60@yahoo.com,9202335967,38,F,Delhi,Loyal,2022-04-30,0
1745,Vikas Sharma,vikas.sharma4@yahoo.com,9324093733,18,F,Chennai,New,2024-03-25,0
1746,Sneha Gupta,sneha.gupta89@gmail.com,9362407290,51,M,Mumbai,Loyal,2023-10-07,0
1747,Gaurav Kumar,gaurav.kumar88@gmail.com,9766856058,44,M,Hyderabad,Occasional,2023-03-17,0
1748,Vikas Patel,vikas.patel10@yahoo.com,9748208713,22,M,Delhi,New,2022-07-28,0
1749,Divya Kumar,divya.kumar30@gmail.com,9342498240,52,M,Pune,New,2024-06-12,0
1750,Deepak Iyer,deepak.iyer93@gmail.com,9975042053,30,F,Bangalore,New,2022-08-05,0
1751,Rahul Nair,rahul.nair44@gmail.com,9459908886,46,M,Mumbai,New,2022-08-18,0
1752,Amit Iyer,amit.iyer3@yahoo.com,9776970557,20,M,Mumbai,Churned,2023-04-02,0
1753,Pooja Iyer,pooja.iyer13@gmail.com,9844840024,20,M,Delhi,Occasional,2023-09-07,0
1754,Priya Joshi,priya.joshi47@gmail.com,9318165239,21,M,Mumbai,New,2022-01-28,0
1755,Nikhil Gupta,nikhil.gupta96@gmail.com,9444003485,47,M,Pune,Loyal,2022-02-12,0
1756,Meera Patel,meera.patel24@gmail.com,9690870883,45,M,Chennai,Occasional,2023-06-14,0
1757,Pooja Gupta,pooja.gupta34@gmail.com,9992699868,31,M,Mumbai,New,2024-01-24,0
1758,Vikas Sharma,vikas.sharma25@gmail.com,9937779825,51,F,Jaipur,Loyal,2023-04-18,1
1759,Amit Iyer,amit.iyer83@gmail.com,9350984422,20,F,Pune,Churned,2024-04-01,0
1760,Siddharth Sharma,siddharth.sharma73@gmail.com,9495397717,21,M,Chennai,Loyal,2023-07-30,1
1761,Manish Pillai,manish.pillai22@gmail.com,9966858462,34,M,Delhi,New,2022-01-25,0
1762,Deepak Kapoor,deepak.kapoor78@yahoo.com,9789073086,36,M,Bangalore,New,2023-10-16,0
1763,Rahul Rao,rahul.rao47@gmail.com,9941309750,27,M,Chennai,New,2023-12-10,0
1764,Karan Kumar,karan.kumar65@yahoo.com,9929250274,36,M,Hyderabad,New,2022-08-17,0
1765,Kavya Joshi,kavya.joshi29@gmail.com,9937878293,24,F,Bangalore,New,2022-10-30,0
1766,Aditya Patel,aditya.patel3@yahoo.com,9851273091,44,M,Mumbai,Churned,2023-09-20,0
1767,Siddharth Iyer,siddharth.iyer96@gmail.com,9286739407,19,F,Bangalore,Occasional,2022-07-02,0
1768,Tarun Nair,tarun.nair84@gmail.com,9488481638,38,M,Bangalore,Churned,2022-12-21,0
1769,Deepak Sharma,deepak.sharma53@yahoo.com,9470100429,36,M,Kolkata,Loyal,2024-05-21,1
1770,Karan Sharma,karan.sharma76@yahoo.com,9536187136,53,F,Mumbai,New,2023-11-06,0
1771,Rahul Kapoor,rahul.kapoor53@yahoo.com,9470137519,54,F,Bangalore,Loyal,2023-02-18,0
1772,Sneha Gupta,sneha.gupta74@gmail.com,9436827097,30,M,Mumbai,New,2023-10-24,0
1773,Deepak Reddy,deepak.reddy31@gmail.com,9259936038,43,M,Kolkata,Loyal,2022-10-26,0
1774,Nisha Sharma,nisha.sharma29@gmail.com,9907811245,28,F,Pune,Occasional,2022-03-05,0
1775,Pallavi Kapoor,pallavi.kapoor98@gmail.com,9225395804,22,M,Hyderabad,Occasional,2023-08-30,0
1776,Gaurav Mehta,gaurav.mehta49@gmail.com,9171105799,19,M,Mumbai,Loyal,2022-10-28,0
1777,Nisha Mehta,nisha.mehta23@yahoo.com,9537862298,21,F,Delhi,Occasional,2022-04-24,0
1778,Sachin Iyer,sachin.iyer48@gmail.com,9883806173,27,M,Bangalore,Churned,2023-11-20,0
1779,Siddharth Pillai,siddharth.pillai8@yahoo.com,9274281489,36,F,Delhi,Loyal,2024-02-09,1
1780,Asha Gupta,asha.gupta72@yahoo.com,9120897684,26,M,Mumbai,Occasional,2023-10-02,0
1781,Pallavi Kapoor,pallavi.kapoor90@yahoo.com,9707116575,21,F,Chennai,Occasional,2024-01-07,0
1782,Nikhil Reddy,nikhil.reddy26@gmail.com,9313072521,22,F,Mumbai,New,2022-02-05,0
1783,Meera Verma,meera.verma14@gmail.com,9530905805,30,M,Mumbai,Loyal,2023-05-04,0
1784,Asha Kumar,asha.kumar1@gmail.com,9275430965,23,M,Bangalore,Occasional,2022-09-13,0
1785,Asha Mehta,asha.mehta70@gmail.com,9632305451,26,F,Mumbai,Occasional,2024-03-08,0
1786,Siddharth Singh,siddharth.singh34@gmail.com,9429744237,52,M,Delhi,Loyal,2022-12-06,0
1787,Amit Kapoor,amit.kapoor13@gmail.com,9146172245,36,M,Mumbai,New,2022-03-16,0
1788,Rohan Reddy,rohan.reddy69@gmail.com,9605086035,24,F,Delhi,Loyal,2023-12-03,1
1789,Kavya Verma,kavya.verma21@yahoo.com,9995455432,22,M,Bangalore,New,2024-03-08,0
1790,Gaurav Verma,gaurav.verma67@yahoo.com,9380352234,24,F,Pune,Churned,2024-04-13,0
1791,Sunita Das,sunita.das55@yahoo.com,9913765794,46,F,Delhi,New,2023-06-13,0
1792,Vikas Kumar,vikas.kumar88@yahoo.com,9683591297,50,F,Delhi,New,2023-01-13,0
1793,Deepak Pillai,deepak.pillai90@gmail.com,9943539825,19,F,Delhi,Occasional,2024-06-08,0
1794,Siddharth Das,siddharth.das31@yahoo.com,9633074594,21,F,Hyderabad,Occasional,2022-07-04,0
1795,Meera Sharma,meera.sharma11@yahoo.com,9254220978,42,M,Bangalore,New,2022-01-25,0
1796,Karan Verma,karan.verma85@gmail.com,9828799173,23,F,Mumbai,Occasional,2023-06-27,0
1797,Pallavi Kumar,pallavi.kumar20@yahoo.com,9711422741,34,F,Chennai,Occasional,2023-11-26,0
1798,Rahul Gupta,rahul.gupta59@yahoo.com,9527274555,38,M,Bangalore,New,2022-09-28,0
1799,Deepak Reddy,deepak.reddy78@gmail.com,9769410380,33,F,Kolkata,New,2024-04-09,0
1800,Amit Patel,amit.patel89@yahoo.com,9749792615,39,M,Chennai,Churned,2022-09-03,0
1801,Tarun Rao,tarun.rao44@yahoo.com,9750255511,26,M,Hyderabad,Occasional,2023-01-25,0
1802,Sachin Singh,sachin.singh81@gmail.com,9585184907,36,M,Hyderabad,New,2022-04-13,0
1803,Manish Pillai,manish.pillai31@yahoo.com,9292245204,23,M,Bangalore,New,2022-02-25,0
1804,Riya Verma,riya.verma36@gmail.com,9585338192,19,M,Delhi,Occasional,2022-11-01,0
1805,Swati Das,swati.das80@gmail.com,9260972239,42,M,Mumbai,New,2023-12-18,0
1806,Gaurav Gupta,gaurav.gupta26@gmail.com,9719338877,38,M,Bangalore,Occasional,2022-08-28,0
1807,Karan Sharma,karan.sharma81@yahoo.com,9832655631,43,F,Chennai,New,2024-04-06,0
1808,Asha Shah,asha.shah80@gmail.com,9881349685,42,F,Delhi,New,2022-02-16,0
1809,Kavya Reddy,kavya.reddy96@gmail.com,9935778172,52,F,Bangalore,Loyal,2022-07-13,1
1810,Siddharth Kapoor,siddharth.kapoor79@gmail.com,9479052259,30,F,Delhi,Churned,2023-09-03,0
1811,Asha Reddy,asha.reddy70@yahoo.com,9308915593,43,F,Hyderabad,New,2022-07-26,0
1812,Nikhil Verma,nikhil.verma88@yahoo.com,9834943269,34,M,Kolkata,Churned,2023-06-13,0
1813,Kavya Mehta,kavya.mehta22@gmail.com,9717877949,42,F,Mumbai,New,2024-01-21,0
1814,Karan Shah,karan.shah14@gmail.com,9641682614,24,F,Bangalore,Churned,2022-12-12,0
1815,Tarun Reddy,tarun.reddy3@yahoo.com,9448296458,42,M,Delhi,Occasional,2024-01-31,0
1816,Gaurav Reddy,gaurav.reddy40@yahoo.com,9308477223,32,M,Chennai,New,2023-03-23,0
1817,Gaurav Singh,gaurav.singh62@gmail.com,9743172472,25,F,Mumbai,New,2024-03-06,0
1818,Aditya Nair,aditya.nair47@gmail.com,9192352716,35,M,Mumbai,New,2023-06-03,0
1819,Sneha Mehta,sneha.mehta28@yahoo.com,9215128987,38,F,Delhi,Occasional,2023-12-06,0
1820,Swati Kumar,swati.kumar41@gmail.com,9580313557,33,F,Delhi,Churned,2023-10-14,0
1821,Manish Kumar,manish.kumar46@gmail.com,9137787327,36,M,Kolkata,Occasional,2022-08-21,0
1822,Manish Das,manish.das94@yahoo.com,9749690863,53,M,Delhi,Occasional,2022-07-09,0
1823,Amit Nair,amit.nair99@gmail.com,9698938358,50,M,Chennai,Loyal,2023-07-15,1
1824,Pooja Patel,pooja.patel54@yahoo.com,9643785206,38,M,Mumbai,Occasional,2023-10-28,0
1825,Nisha Verma,nisha.verma44@gmail.com,9858170874,26,F,Bangalore,Occasional,2023-04-09,0
1826,Riya Mehta,riya.mehta41@yahoo.com,9490530383,55,F,Jaipur,Churned,2023-03-11,0
1827,Amit Rao,amit.rao89@gmail.com,9972327059,25,M,Pune,Occasional,2024-02-19,0
1828,Vikas Patel,vikas.patel40@gmail.com,9960734521,20,F,Delhi,Loyal,2022-01-10,1
1829,Amit Kumar,amit.kumar27@gmail.com,9174348652,38,M,Hyderabad,Occasional,2023-01-03,0
1830,Sachin Iyer,sachin.iyer13@gmail.com,9832286490,53,F,Delhi,Loyal,2022-11-14,1
1831,Aditya Das,aditya.das29@gmail.com,9841269110,27,F,Bangalore,New,2023-08-23,0
1832,Sachin Iyer,sachin.iyer47@yahoo.com,9239303571,27,M,Pune,New,2023-03-31,0
1833,Divya Joshi,divya.joshi23@yahoo.com,9334546697,22,M,Jaipur,New,2023-07-27,0
1834,Rohan Singh,rohan.singh19@yahoo.com,9751309502,26,F,Chennai,Loyal,2022-07-27,0
1835,Nikhil Sharma,nikhil.sharma54@gmail.com,9362796686,23,M,Hyderabad,New,2022-04-02,0
1836,Meera Sharma,meera.sharma61@gmail.com,9923490206,52,F,Mumbai,New,2023-12-21,0
1837,Rekha Verma,rekha.verma42@gmail.com,9598496915,40,F,Hyderabad,New,2022-10-02,0
1838,Swati Gupta,swati.gupta5@gmail.com,9713341529,42,F,Jaipur,New,2023-02-17,0
1839,Nikhil Nair,nikhil.nair71@yahoo.com,9157011895,24,F,Hyderabad,Occasional,2023-12-06,0
1840,Kavya Singh,kavya.singh57@yahoo.com,9312945757,47,F,Hyderabad,Churned,2023-12-30,0
1841,Kavya Sharma,kavya.sharma20@gmail.com,9285267560,38,F,Chennai,Churned,2024-06-23,0
1842,Vikas Verma,vikas.verma42@yahoo.com,9958352395,24,F,Bangalore,New,2023-10-02,0
1843,Riya Gupta,riya.gupta84@gmail.com,9449076166,33,F,Bangalore,New,2023-01-03,0
1844,Rohan Mehta,rohan.mehta54@gmail.com,9386450980,53,M,Jaipur,New,2024-04-19,0
1845,Ananya Verma,ananya.verma3@gmail.com,9365359505,43,M,Chennai,Occasional,2024-02-06,0
1846,Neha Kumar,neha.kumar75@gmail.com,9748118531,29,F,Delhi,Occasional,2024-02-13,0
1847,Kavya Patel,kavya.patel77@gmail.com,9815885704,39,F,Mumbai,Loyal,2022-04-19,0
1848,Manish Mehta,manish.mehta67@gmail.com,9699483213,26,M,Bangalore,Loyal,2024-02-01,1
1849,Amit Shah,amit.shah25@gmail.com,9688388486,43,M,Chennai,New,2022-06-03,0
1850,Swati Pillai,swati.pillai73@gmail.com,9643222512,51,M,Pune,Occasional,2024-05-10,0
1851,Asha Shah,asha.shah69@gmail.com,9784432173,29,F,Hyderabad,New,2023-08-02,0
1852,Rohan Sharma,rohan.sharma50@yahoo.com,9353711592,35,M,Mumbai,New,2022-03-04,0
1853,Karan Kumar,karan.kumar21@yahoo.com,9472467580,47,M,Chennai,Churned,2024-06-10,0
1854,Arjun Gupta,arjun.gupta94@yahoo.com,9936681653,54,F,Pune,New,2022-05-26,0
1855,Divya Joshi,divya.joshi95@gmail.com,9801963760,48,M,Chennai,New,2022-05-24,0
1856,Aditya Iyer,aditya.iyer88@gmail.com,9325933645,48,M,Mumbai,New,2022-01-08,0
1857,Nikhil Patel,nikhil.patel27@gmail.com,9224081173,27,F,Mumbai,Churned,2022-08-14,0
1858,Pooja Pillai,pooja.pillai78@yahoo.com,9223658456,26,M,Pune,Churned,2023-12-17,0
1859,Nikhil Kumar,nikhil.kumar16@yahoo.com,9144937301,26,F,Hyderabad,Loyal,2023-08-18,1
1860,Deepak Pillai,deepak.pillai96@yahoo.com,9768913252,33,F,Mumbai,Occasional,2024-04-02,0
1861,Nikhil Mehta,nikhil.mehta85@gmail.com,9114397874,31,M,Mumbai,New,2023-11-02,0
1862,Deepak Kumar,deepak.kumar13@gmail.com,9289125842,27,M,Hyderabad,New,2023-04-14,0
1863,Sachin Gupta,sachin.gupta86@gmail.com,9718936517,39,M,Mumbai,New,2023-09-06,0
1864,Amit Sharma,amit.sharma47@yahoo.com,9852291107,55,F,Mumbai,New,2023-08-07,0
1865,Rekha Sharma,rekha.sharma45@gmail.com,9740167827,31,M,Delhi,Occasional,2022-04-13,0
1866,Deepak Kumar,deepak.kumar19@gmail.com,9227399830,32,F,Hyderabad,Occasional,2022-01-27,0
1867,Riya Shah,riya.shah17@gmail.com,9918805585,42,M,Bangalore,Occasional,2023-05-23,0
1868,Arjun Gupta,arjun.gupta16@gmail.com,9553612745,48,M,Mumbai,Churned,2022-08-31,0
1869,Vikram Patel,vikram.patel8@gmail.com,9765102292,28,M,Mumbai,Occasional,2024-02-08,0
1870,Nisha Sharma,nisha.sharma17@yahoo.com,9239573132,44,F,Chennai,Loyal,2023-10-25,0
1871,Vikram Verma,vikram.verma91@yahoo.com,9852908844,18,F,Kolkata,Loyal,2023-05-12,1
1872,Pallavi Kapoor,pallavi.kapoor82@gmail.com,9925076625,49,M,Mumbai,Loyal,2023-07-19,1
1873,Siddharth Shah,siddharth.shah23@yahoo.com,9556522920,41,M,Chennai,New,2023-07-31,0
1874,Gaurav Reddy,gaurav.reddy15@gmail.com,9102933494,47,F,Delhi,New,2022-08-01,0
1875,Sneha Patel,sneha.patel95@yahoo.com,9965539784,31,M,Mumbai,Loyal,2024-03-09,0
1876,Swati Verma,swati.verma70@gmail.com,9145766573,45,M,Mumbai,Occasional,2022-05-20,0
1877,Siddharth Kumar,siddharth.kumar93@gmail.com,9132729850,27,M,Mumbai,New,2023-07-23,0
1878,Rohan Patel,rohan.patel32@gmail.com,9209163516,44,F,Delhi,Loyal,2022-05-12,0
1879,Meera Reddy,meera.reddy52@gmail.com,9314205620,49,M,Delhi,Churned,2023-03-23,0
1880,Pooja Verma,pooja.verma87@gmail.com,9667067028,40,M,Hyderabad,Loyal,2024-05-27,1
1881,Rohan Kumar,rohan.kumar26@yahoo.com,9458374978,53,M,Bangalore,Occasional,2022-02-16,0
1882,Kavya Pillai,kavya.pillai56@yahoo.com,9522650625,34,F,Chennai,New,2023-09-18,0
1883,Ananya Gupta,ananya.gupta8@yahoo.com,9134450612,48,M,Mumbai,New,2024-03-25,0
1884,Karan Sharma,karan.sharma58@gmail.com,9154307238,22,M,Delhi,Occasional,2023-04-28,0
1885,Priya Sharma,priya.sharma70@yahoo.com,9353351501,34,M,Hyderabad,Loyal,2023-01-27,0
1886,Aditya Sharma,aditya.sharma91@gmail.com,9816947812,38,F,Pune,New,2023-02-23,0
1887,Priya Rao,priya.rao78@gmail.com,9941089739,49,F,Chennai,Loyal,2024-02-19,0
1888,Aditya Pillai,aditya.pillai78@gmail.com,9510406943,25,F,Delhi,Loyal,2023-12-21,1
1889,Amit Joshi,amit.joshi63@gmail.com,9152725202,49,M,Delhi,Occasional,2022-06-04,0
1890,Deepak Mehta,deepak.mehta95@yahoo.com,9326490179,45,F,Delhi,Occasional,2022-09-28,0
1891,Aditya Kumar,aditya.kumar92@yahoo.com,9171935975,46,M,Bangalore,New,2023-03-26,0
1892,Arjun Joshi,arjun.joshi59@yahoo.com,9653590410,47,M,Delhi,Churned,2022-08-05,0
1893,Pooja Patel,pooja.patel85@yahoo.com,9777342791,28,M,Bangalore,Loyal,2022-05-19,1
1894,Ananya Shah,ananya.shah65@yahoo.com,9739385278,54,M,Kolkata,Churned,2022-05-11,0
1895,Vikas Kumar,vikas.kumar94@yahoo.com,9124065944,23,F,Chennai,Occasional,2022-08-16,0
1896,Pallavi Sharma,pallavi.sharma34@gmail.com,9528424763,22,M,Bangalore,New,2023-03-27,0
1897,Vikas Shah,vikas.shah30@gmail.com,9891826149,51,M,Mumbai,New,2023-12-03,0
1898,Pallavi Sharma,pallavi.sharma4@gmail.com,9166265416,52,F,Bangalore,Occasional,2023-11-11,0
1899,Asha Singh,asha.singh73@gmail.com,9508290225,29,F,Mumbai,Occasional,2024-01-06,0
1900,Pallavi Verma,pallavi.verma76@gmail.com,9824067553,50,F,Bangalore,Loyal,2022-05-11,1
1901,Amit Pillai,amit.pillai62@yahoo.com,9819703547,43,M,Hyderabad,New,2024-02-24,0
1902,Ananya Kumar,ananya.kumar75@gmail.com,9948381236,34,M,Mumbai,Loyal,2023-07-05,1
1903,Kavya Das,kavya.das29@gmail.com,9699349393,36,M,Mumbai,Churned,2023-01-21,0
1904,Aditya Kapoor,aditya.kapoor6@yahoo.com,9787193294,29,M,Delhi,Loyal,2023-12-16,0
1905,Nikhil Nair,nikhil.nair4@gmail.com,9560966221,34,M,Hyderabad,Occasional,2023-08-08,0
1906,Arjun Gupta,arjun.gupta50@gmail.com,9209746806,53,M,Bangalore,Loyal,2023-11-21,0
1907,Vikram Gupta,vikram.gupta29@gmail.com,9716188585,18,M,Delhi,New,2023-09-24,0
1908,Neha Patel,neha.patel51@gmail.com,9377596175,45,F,Delhi,New,2022-12-21,0
1909,Neha Singh,neha.singh9@gmail.com,9769197840,45,M,Jaipur,New,2023-11-23,0
1910,Aditya Nair,aditya.nair21@yahoo.com,9787298924,40,M,Mumbai,Churned,2022-06-25,0
1911,Ananya Joshi,ananya.joshi44@gmail.com,9100455715,48,F,Pune,New,2022-06-17,0
1912,Riya Kumar,riya.kumar90@gmail.com,9937259691,43,M,Delhi,Churned,2023-05-14,0
1913,Deepak Rao,deepak.rao16@yahoo.com,9381516573,49,F,Mumbai,Churned,2023-03-09,0
1914,Manish Rao,manish.rao73@gmail.com,9945784252,35,M,Bangalore,New,2022-10-28,0
1915,Vikas Singh,vikas.singh34@gmail.com,9851828237,51,F,Pune,Occasional,2024-01-23,0
1916,Riya Sharma,riya.sharma71@gmail.com,9994779063,43,F,Bangalore,Occasional,2022-03-06,0
1917,Tarun Kumar,tarun.kumar24@yahoo.com,9768455304,32,M,Delhi,Occasional,2023-10-05,0
1918,Pooja Nair,pooja.nair80@gmail.com,9847838944,55,F,Hyderabad,Churned,2024-04-28,0
1919,Divya Singh,divya.singh34@yahoo.com,9731738359,38,M,Delhi,Occasional,2024-05-31,0
1920,Neha Gupta,neha.gupta62@yahoo.com,9838146636,29,M,Chennai,Loyal,2022-07-12,1
1921,Meera Kumar,meera.kumar55@yahoo.com,9184402899,22,F,Kolkata,Churned,2022-03-11,0
1922,Deepak Kapoor,deepak.kapoor32@gmail.com,9437571555,31,F,Mumbai,New,2024-04-15,0
1923,Aditya Reddy,aditya.reddy8@gmail.com,9743701616,38,M,Hyderabad,Loyal,2024-03-10,1
1924,Divya Gupta,divya.gupta33@gmail.com,9723160986,37,M,Mumbai,New,2024-06-08,0
1925,Asha Reddy,asha.reddy56@gmail.com,9566978924,53,M,Delhi,Occasional,2023-08-06,0
1926,Kavya Sharma,kavya.sharma47@gmail.com,9554827026,37,M,Mumbai,New,2023-02-12,0
1927,Aditya Pillai,aditya.pillai25@yahoo.com,9337009909,37,M,Bangalore,Occasional,2022-02-15,0
1928,Ananya Shah,ananya.shah17@yahoo.com,9509375233,34,F,Chennai,Loyal,2022-07-23,1
1929,Sneha Kapoor,sneha.kapoor45@gmail.com,9753092884,39,M,Delhi,New,2022-03-26,0
1930,Kavya Verma,kavya.verma38@gmail.com,9263376073,25,F,Mumbai,New,2023-10-23,0
1931,Manish Das,manish.das98@gmail.com,9244242779,37,F,Chennai,Occasional,2024-01-14,0
1932,Kavya Reddy,kavya.reddy65@yahoo.com,9499978780,24,M,Mumbai,Loyal,2022-05-03,1
1933,Arjun Sharma,arjun.sharma67@yahoo.com,9732229840,24,F,Chennai,New,2022-04-04,0
1934,Amit Joshi,amit.joshi77@yahoo.com,9720450519,23,F,Bangalore,Occasional,2024-05-18,0
1935,Pallavi Reddy,pallavi.reddy53@yahoo.com,9871245472,46,F,Delhi,Churned,2022-01-22,0
1936,Rahul Gupta,rahul.gupta27@gmail.com,9157414283,25,F,Pune,New,2023-10-23,0
1937,Karan Nair,karan.nair76@yahoo.com,9847790627,45,M,Delhi,New,2024-01-14,0
1938,Riya Shah,riya.shah66@gmail.com,9384248553,28,M,Pune,Occasional,2023-12-18,0
1939,Tarun Mehta,tarun.mehta97@yahoo.com,9955681940,34,M,Mumbai,New,2022-12-28,0
1940,Vikram Rao,vikram.rao60@gmail.com,9800301972,41,M,Delhi,Loyal,2023-10-29,1
1941,Amit Joshi,amit.joshi99@gmail.com,9406516742,27,F,Mumbai,Churned,2022-06-23,0
1942,Asha Singh,asha.singh51@yahoo.com,9930596908,46,F,Chennai,New,2024-02-03,0
1943,Swati Verma,swati.verma72@gmail.com,9994001774,19,F,Delhi,Occasional,2022-09-16,0
1944,Meera Sharma,meera.sharma9@yahoo.com,9960277776,52,M,Hyderabad,New,2024-01-08,0
1945,Vikram Mehta,vikram.mehta78@yahoo.com,9515122551,30,M,Delhi,Occasional,2022-03-06,0
1946,Tarun Gupta,tarun.gupta43@yahoo.com,9346356379,35,M,Jaipur,Occasional,2024-04-27,0
1947,Tarun Singh,tarun.singh65@gmail.com,9609136845,43,F,Pune,Loyal,2022-06-11,0
1948,Vikram Reddy,vikram.reddy34@gmail.com,9380947516,34,M,Pune,Occasional,2022-09-25,0
1949,Vikas Shah,vikas.shah80@gmail.com,9747216575,22,F,Pune,Occasional,2024-04-11,0
1950,Sachin Mehta,sachin.mehta19@gmail.com,9232427634,33,M,Hyderabad,New,2022-01-25,0
1951,Nisha Kapoor,nisha.kapoor76@gmail.com,9556968362,54,M,Jaipur,Occasional,2023-02-01,0
1952,Divya Mehta,divya.mehta18@yahoo.com,9854923795,48,M,Chennai,Churned,2022-04-05,0
1953,Vikram Kapoor,vikram.kapoor12@yahoo.com,9969971215,32,M,Mumbai,New,2022-08-02,0
1954,Manish Reddy,manish.reddy27@yahoo.com,9241949922,29,M,Jaipur,Occasional,2023-08-16,0
1955,Tarun Nair,tarun.nair14@gmail.com,9950778031,33,M,Hyderabad,New,2022-09-10,0
1956,Swati Sharma,swati.sharma27@yahoo.com,9708361982,43,F,Mumbai,New,2024-05-03,0
1957,Manish Joshi,manish.joshi6@yahoo.com,9230058682,28,F,Bangalore,Occasional,2022-03-18,0
1958,Arjun Singh,arjun.singh56@gmail.com,9595326907,51,F,Mumbai,Occasional,2022-01-04,0
1959,Pallavi Das,pallavi.das71@gmail.com,9112030293,42,M,Mumbai,Loyal,2024-05-16,1
1960,Priya Nair,priya.nair84@gmail.com,9442872280,53,M,Delhi,New,2023-03-25,0
1961,Rekha Das,rekha.das97@yahoo.com,9940781049,35,F,Kolkata,New,2022-03-15,0
1962,Divya Iyer,divya.iyer87@yahoo.com,9993414965,55,M,Bangalore,Loyal,2023-05-05,1
1963,Siddharth Kapoor,siddharth.kapoor36@yahoo.com,9497347055,29,M,Mumbai,New,2022-01-27,0
1964,Gaurav Singh,gaurav.singh6@gmail.com,9839842062,39,M,Kolkata,New,2023-11-11,0
1965,Vikram Singh,vikram.singh51@yahoo.com,9795038276,22,M,Jaipur,New,2023-10-18,0
1966,Manish Nair,manish.nair58@gmail.com,9967328764,36,M,Delhi,Loyal,2022-05-21,1
1967,Deepak Das,deepak.das2@gmail.com,9760539699,20,M,Hyderabad,Churned,2023-02-22,0
1968,Riya Joshi,riya.joshi49@gmail.com,9251211534,36,M,Bangalore,Loyal,2023-10-14,0
1969,Rekha Sharma,rekha.sharma56@gmail.com,9679751450,51,F,Hyderabad,Loyal,2023-12-15,0
1970,Asha Das,asha.das48@yahoo.com,9132893947,22,M,Hyderabad,Loyal,2024-04-01,1
1971,Siddharth Kapoor,siddharth.kapoor17@gmail.com,9354205748,19,M,Delhi,New,2024-06-03,0
1972,Siddharth Verma,siddharth.verma11@gmail.com,9425049214,42,M,Mumbai,Occasional,2023-07-11,0
1973,Meera Gupta,meera.gupta43@gmail.com,9487842972,22,F,Mumbai,Churned,2024-06-07,0
1974,Siddharth Rao,siddharth.rao38@gmail.com,9624284242,23,F,Jaipur,Loyal,2024-01-26,1
1975,Amit Reddy,amit.reddy76@gmail.com,9865331071,23,M,Mumbai,Occasional,2024-05-06,0
1976,Amit Das,amit.das10@gmail.com,9730968145,39,M,Mumbai,Occasional,2022-09-10,0
1977,Sunita Shah,sunita.shah71@gmail.com,9212996069,35,F,Chennai,Churned,2023-02-15,0
1978,Karan Iyer,karan.iyer74@gmail.com,9103098968,50,F,Delhi,Occasional,2022-03-12,0
1979,Manish Sharma,manish.sharma52@gmail.com,9778731816,21,M,Pune,Occasional,2022-01-01,0
1980,Priya Pillai,priya.pillai18@gmail.com,9988286002,28,F,Hyderabad,Occasional,2023-03-04,0
1981,Kavya Mehta,kavya.mehta12@gmail.com,9162718085,35,M,Pune,Churned,2024-02-21,0
1982,Kavya Verma,kavya.verma12@gmail.com,9358095832,34,F,Hyderabad,Churned,2024-03-13,0
1983,Pallavi Shah,pallavi.shah8@yahoo.com,9170771493,18,F,Delhi,Occasional,2024-04-22,0
1984,Rahul Kumar,rahul.kumar79@gmail.com,9101101330,54,M,Kolkata,New,2022-04-02,0
1985,Karan Verma,karan.verma6@yahoo.com,9902655870,45,M,Bangalore,New,2022-05-14,0
1986,Priya Gupta,priya.gupta60@gmail.com,9135248842,30,M,Delhi,New,2023-11-16,0
1987,Arjun Das,arjun.das74@yahoo.com,9641359164,34,M,Bangalore,Occasional,2022-01-23,0
1988,Ananya Gupta,ananya.gupta53@gmail.com,9602860372,54,M,Bangalore,Occasional,2023-04-01,0
1989,Meera Gupta,meera.gupta99@gmail.com,9607039565,34,M,Bangalore,Churned,2023-10-03,0
1990,Pallavi Gupta,pallavi.gupta40@yahoo.com,9964118944,48,F,Pune,Loyal,2024-03-10,1
1991,Priya Reddy,priya.reddy46@yahoo.com,9265065333,39,M,Kolkata,New,2022-04-20,0
1992,Rahul Pillai,rahul.pillai94@gmail.com,9941460924,36,F,Hyderabad,Occasional,2022-10-12,0
1993,Karan Gupta,karan.gupta52@yahoo.com,9164935057,44,M,Delhi,New,2023-01-11,0
1994,Siddharth Joshi,siddharth.joshi92@yahoo.com,9335181023,55,M,Jaipur,Occasional,2023-10-29,0
1995,Rohan Rao,rohan.rao30@gmail.com,9959210287,29,M,Pune,Churned,2024-02-21,0
1996,Nikhil Gupta,nikhil.gupta43@gmail.com,9455245683,52,M,Jaipur,Churned,2023-04-08,0
1997,Nikhil Shah,nikhil.shah46@gmail.com,9460308608,46,M,Chennai,Churned,2022-03-19,0
1998,Kavya Sharma,kavya.sharma99@gmail.com,9457885126,20,M,Jaipur,Loyal,2024-05-27,1
1999,Asha Kumar,asha.kumar13@gmail.com,9189479909,32,M,Hyderabad,Occasional,2022-02-12,0
2000,Amit Mehta,amit.mehta50@gmail.com,9832267407,36,F,Bangalore,Occasional,2022-01-30,0
