delivery_id,order_id,partner_id,pickup_datetime,delivery_datetime,travel_time_minutes,delivery_status,customer_rating
1,1,190,2024-09-22 02:30:14,2024-09-22 02:56:14,26,Completed,3.8
2,2,10,2023-08-05 06:52:14,2023-08-05 07:33:14,41,Refund Processed,
3,3,187,2024-07-02 20:35:52,2024-07-02 21:06:52,31,Completed,4.4
4,4,5,2023-11-19 08:46:56,2023-11-19 09:32:56,46,Refund Processed,
5,5,218,2024-01-27 12:46:27,2024-01-27 13:07:27,21,Completed,3.5
6,6,188,2024-01-31 16:11:17,2024-01-31 16:27:17,16,Refund Processed,
7,7,134,2023-12-24 22:02:31,2023-12-24 22:22:31,20,Completed,4.9
8,9,196,2024-02-06 23:20:48,2024-02-07 00:03:48,43,Completed,2.8
9,10,123,2024-08-02 17:58:47,2024-08-02 18:16:47,18,Completed,4.7
10,11,288,2024-04-13 10:34:43,2024-04-13 11:26:43,52,Completed,3.0
11,13,91,2024-04-12 18:38:23,2024-04-12 19:04:23,26,Completed,4.8
12,14,122,2024-11-27 21:22:59,2024-11-27 21:42:59,20,Completed,4.5
13,15,90,2024-04-12 19:43:49,2024-04-12 20:21:49,38,Completed,3.0
14,19,83,2023-01-10 20:14:17,2023-01-10 20:40:17,26,Completed,4.8
15,20,41,2023-07-06 19:57:25,2023-07-06 20:38:25,41,Completed,2.8
16,23,54,2023-08-03 00:00:24,2023-08-03 00:22:24,22,Completed,4.2
17,24,19,2023-10-28 17:03:12,2023-10-28 17:38:12,35,Completed,2.7
18,27,113,2024-08-14 15:15:37,2024-08-14 16:08:37,53,Completed,4.6
19,28,40,2024-09-23 17:46:01,2024-09-23 18:29:01,43,Completed,3.1
20,32,290,2024-06-01 00:19:50,2024-06-01 00:38:50,19,Completed,4.8
21,35,144,2023-01-20 01:30:30,2023-01-20 01:55:30,25,Completed,4.0
22,36,119,2023-02-06 12:26:51,2023-02-06 13:15:51,49,Completed,4.3
23,37,1,2024-01-28 08:47:12,2024-01-28 09:17:12,30,Refund Processed,
24,41,147,2023-03-26 15:16:43,2023-03-26 16:10:43,54,Completed,3.5
25,42,61,2023-10-23 15:18:29,2023-10-23 15:58:29,40,Completed,2.8
26,43,46,2024-12-18 20:14:36,2024-12-18 20:37:36,23,Completed,3.0
27,44,63,2024-10-31 13:28:26,2024-10-31 13:54:26,26,Completed,4.1
28,48,2,2024-02-12 17:53:13,2024-02-12 18:42:13,49,Completed,2.8
29,49,208,2024-10-19 07:32:42,2024-10-19 08:07:42,35,Completed,2.9
30,50,5,2023-03-27 13:17:39,2023-03-27 13:36:39,19,Completed,3.7
31,53,130,2024-11-19 18:14:12,2024-11-19 18:36:12,22,Completed,4.5
32,56,165,2023-03-24 14:48:35,2023-03-24 15:14:35,26,Completed,4.8
33,57,76,2024-07-02 11:33:14,2024-07-02 12:12:14,39,Completed,3.0
34,58,16,2024-08-22 21:12:37,2024-08-22 21:33:37,21,Completed,3.7
35,59,276,2024-10-18 23:34:55,2024-10-18 23:56:55,22,Completed,3.7
36,60,39,2024-11-30 21:43:58,2024-11-30 22:13:58,30,Completed,3.0
37,62,158,2023-06-06 19:43:29,2023-06-06 19:58:29,15,Completed,4.0
38,64,127,2023-07-14 16:26:05,2023-07-14 17:11:05,45,Completed,3.5
39,65,190,2024-04-10 10:50:54,2024-04-10 11:43:54,53,Completed,4.2
40,66,187,2023-09-07 13:01:55,2023-09-07 13:31:55,30,Refund Processed,
41,68,275,2024-08-04 12:33:03,2024-08-04 13:03:03,30,Completed,3.9
42,71,143,2024-11-08 21:33:42,2024-11-08 22:16:42,43,Completed,2.8
43,73,203,2024-07-15 18:34:32,2024-07-15 19:06:32,32,Completed,3.3
44,75,275,2024-04-01 11:14:47,2024-04-01 11:40:47,26,Refund Processed,
45,77,195,2023-08-05 02:37:16,2023-08-05 03:01:16,24,Refund Processed,
46,79,158,2023-06-14 18:31:05,2023-06-14 19:16:05,45,Completed,4.3
47,80,114,2023-06-20 21:26:49,2023-06-20 22:15:49,49,Completed,3.3
48,81,269,2024-09-13 16:21:17,2024-09-13 16:44:17,23,Completed,4.0
49,82,129,2024-09-03 13:29:08,2024-09-03 13:48:08,19,Refund Processed,
50,84,102,2023-10-05 19:54:10,2023-10-05 20:20:10,26,Completed,4.8
51,88,205,2024-04-15 14:21:35,2024-04-15 14:53:35,32,Refund Processed,
52,89,222,2023-11-27 01:04:31,2023-11-27 01:30:31,26,Completed,4.8
53,90,299,2023-06-17 22:18:42,2023-06-17 22:43:42,25,Completed,3.2
54,91,163,2023-01-03 11:28:14,2023-01-03 11:57:14,29,Completed,4.6
55,92,255,2024-06-13 20:17:46,2024-06-13 20:32:46,15,Completed,2.9
56,93,220,2023-11-21 20:22:32,2023-11-21 21:16:32,54,Refund Processed,
57,95,18,2023-08-30 17:00:23,2023-08-30 17:25:23,25,Completed,2.8
58,96,78,2024-08-01 21:28:24,2024-08-01 22:04:24,36,Refund Processed,
59,97,231,2023-07-12 22:35:42,2023-07-12 22:53:42,18,Completed,4.0
60,98,290,2024-01-22 19:05:18,2024-01-22 19:58:18,53,Completed,4.0
61,99,295,2023-07-27 13:41:21,2023-07-27 13:57:21,16,Completed,2.6
62,100,265,2023-09-05 10:31:39,2023-09-05 10:56:39,25,Completed,4.1
63,102,87,2024-01-18 09:55:04,2024-01-18 10:49:04,54,Completed,3.7
64,103,2,2023-09-03 10:04:46,2023-09-03 10:59:46,55,Completed,4.9
65,105,65,2023-08-04 19:33:38,2023-08-04 20:20:38,47,Completed,3.9
66,106,65,2024-12-17 21:37:04,2024-12-17 21:57:04,20,Completed,5.0
67,107,3,2023-10-24 02:03:54,2023-10-24 02:39:54,36,Completed,2.8
68,108,245,2023-08-16 21:18:48,2023-08-16 21:49:48,31,Completed,3.6
69,109,47,2023-11-29 12:57:59,2023-11-29 13:26:59,29,Completed,2.8
70,110,126,2023-07-18 21:17:35,2023-07-18 22:05:35,48,Completed,4.8
71,111,173,2024-02-14 12:05:01,2024-02-14 12:46:01,41,Completed,4.1
72,112,250,2023-08-05 13:14:49,2023-08-05 14:01:49,47,Completed,4.3
73,113,289,2024-01-01 08:17:18,2024-01-01 08:48:18,31,Completed,3.3
74,116,35,2024-01-08 14:02:33,2024-01-08 14:36:33,34,Completed,3.9
75,118,237,2024-04-22 21:45:32,2024-04-22 22:06:32,21,Refund Processed,
76,119,266,2024-09-29 23:48:59,2024-09-30 00:38:59,50,Completed,3.1
77,120,178,2024-11-10 12:51:23,2024-11-10 13:31:23,40,Completed,2.5
78,122,134,2024-11-04 09:41:26,2024-11-04 10:18:26,37,Completed,3.4
79,127,137,2023-03-15 13:34:42,2023-03-15 14:26:42,52,Refund Processed,
80,128,159,2024-08-03 18:21:26,2024-08-03 19:16:26,55,Completed,3.3
81,130,82,2023-04-07 17:14:44,2023-04-07 17:30:44,16,Completed,3.0
82,131,202,2023-12-24 14:09:31,2023-12-24 14:30:31,21,Completed,3.5
83,132,276,2023-10-11 18:35:24,2023-10-11 19:13:24,38,Completed,4.7
84,133,211,2023-02-05 16:04:25,2023-02-05 16:23:25,19,Completed,3.2
85,135,145,2023-07-28 15:29:37,2023-07-28 16:08:37,39,Completed,4.6
86,136,31,2023-05-21 23:15:03,2023-05-21 23:38:03,23,Completed,4.9
87,137,90,2024-09-29 19:08:56,2024-09-29 19:43:56,35,Refund Processed,
88,140,136,2023-08-17 18:53:03,2023-08-17 19:11:03,18,Completed,4.7
89,141,280,2023-03-22 21:32:41,2023-03-22 22:14:41,42,Completed,2.8
90,142,242,2023-09-21 19:51:39,2023-09-21 20:25:39,34,Completed,2.8
91,143,149,2023-06-25 22:13:13,2023-06-25 22:52:13,39,Completed,4.5
92,144,255,2024-03-14 19:59:23,2024-03-14 20:21:23,22,Completed,3.9
93,145,61,2023-03-19 10:58:19,2023-03-19 11:21:19,23,Completed,4.5
94,146,278,2023-06-03 09:53:42,2023-06-03 10:20:42,27,Completed,4.2
95,147,59,2023-10-09 15:14:18,2023-10-09 16:03:18,49,Refund Processed,
96,148,289,2023-05-23 16:14:03,2023-05-23 17:00:03,46,Completed,4.2
97,149,171,2023-12-18 22:34:59,2023-12-18 23:29:59,55,Completed,4.1
98,152,75,2023-12-16 00:19:07,2023-12-16 00:56:07,37,Completed,3.5
99,154,94,2024-01-03 14:32:18,2024-01-03 15:19:18,47,Completed,3.3
100,155,241,2024-03-26 02:10:28,2024-03-26 02:38:28,28,Completed,3.8
101,156,77,2023-01-27 19:31:07,2023-01-27 20:15:07,44,Completed,4.0
102,157,117,2023-07-25 18:32:12,2023-07-25 18:59:12,27,Completed,2.9
103,159,34,2024-09-18 13:36:10,2024-09-18 14:15:10,39,Completed,4.7
104,161,292,2024-12-03 10:22:05,2024-12-03 11:07:05,45,Completed,3.9
105,162,56,2024-10-08 23:08:14,2024-10-08 23:58:14,50,Completed,3.5
106,163,116,2024-08-25 17:44:56,2024-08-25 18:18:56,34,Completed,3.9
107,164,1,2023-08-27 15:14:31,2023-08-27 15:49:31,35,Completed,2.7
108,166,96,2023-12-28 07:59:23,2023-12-28 08:39:23,40,Completed,4.2
109,167,232,2023-07-10 12:32:42,2023-07-10 12:56:42,24,Completed,4.8
110,168,212,2024-07-03 18:57:43,2024-07-03 19:16:43,19,Completed,3.2
111,169,169,2024-04-27 18:14:53,2024-04-27 18:30:53,16,Completed,4.0
112,170,165,2023-04-03 20:31:02,2023-04-03 21:18:02,47,Completed,2.9
113,171,74,2024-12-06 13:52:45,2024-12-06 14:36:45,44,Refund Processed,
114,175,7,2023-04-15 22:19:44,2023-04-15 23:00:44,41,Completed,4.2
115,176,256,2023-08-12 21:45:30,2023-08-12 22:17:30,32,Completed,4.8
116,177,2,2024-11-09 12:49:17,2024-11-09 13:37:17,48,Completed,3.2
117,178,231,2024-02-12 19:14:02,2024-02-12 19:59:02,45,Completed,4.5
118,179,224,2023-01-16 20:37:22,2023-01-16 21:19:22,42,Completed,3.3
119,180,61,2024-10-13 12:50:09,2024-10-13 13:30:09,40,Completed,4.0
120,183,125,2023-07-11 02:45:02,2023-07-11 03:18:02,33,Completed,4.4
121,184,107,2024-07-23 14:10:24,2024-07-23 14:33:24,23,Refund Processed,
122,185,197,2024-12-02 09:08:31,2024-12-02 09:42:31,34,Completed,2.7
123,186,266,2023-05-25 20:51:44,2023-05-25 21:07:44,16,Completed,3.4
124,189,212,2024-12-30 14:28:37,2024-12-30 15:03:37,35,Refund Processed,
125,190,254,2024-09-14 16:42:50,2024-09-14 17:29:50,47,Completed,2.6
126,192,120,2023-10-27 23:14:27,2023-10-27 23:51:27,37,Completed,4.1
127,193,227,2024-08-12 17:13:22,2024-08-12 17:46:22,33,Completed,3.6
128,194,118,2023-11-23 12:51:02,2023-11-23 13:32:02,41,Completed,3.7
129,195,196,2023-08-08 04:53:40,2023-08-08 05:35:40,42,Completed,2.6
130,197,277,2024-04-28 13:11:00,2024-04-28 13:52:00,41,Completed,2.8
131,198,39,2023-01-10 20:59:54,2023-01-10 21:32:54,33,Completed,4.0
132,200,180,2023-06-24 17:43:16,2023-06-24 18:26:16,43,Completed,5.0
133,201,148,2023-07-30 13:41:55,2023-07-30 13:56:55,15,Completed,2.9
134,203,87,2024-10-01 11:37:56,2024-10-01 12:32:56,55,Completed,4.0
135,204,70,2023-11-20 07:47:59,2023-11-20 08:36:59,49,Completed,3.9
136,205,138,2024-11-05 15:10:12,2024-11-05 16:05:12,55,Completed,4.0
137,206,267,2024-04-14 19:55:50,2024-04-14 20:16:50,21,Completed,4.5
138,207,33,2024-03-20 23:04:10,2024-03-20 23:38:10,34,Completed,2.5
139,211,23,2024-05-15 00:51:42,2024-05-15 01:30:42,39,Completed,2.5
140,213,219,2023-08-18 13:36:50,2023-08-18 14:20:50,44,Completed,4.0
141,214,151,2024-09-26 15:43:41,2024-09-26 15:58:41,15,Completed,4.4
142,216,163,2023-01-29 12:24:50,2023-01-29 12:53:50,29,Completed,4.2
143,218,275,2024-01-28 19:36:08,2024-01-28 20:06:08,30,Completed,2.8
144,219,297,2024-08-15 15:23:08,2024-08-15 15:59:08,36,Completed,4.9
145,220,83,2024-05-26 21:06:41,2024-05-26 21:51:41,45,Completed,4.8
146,222,118,2024-04-20 11:17:05,2024-04-20 11:55:05,38,Completed,3.7
147,223,222,2023-12-02 11:26:58,2023-12-02 12:05:58,39,Completed,5.0
148,224,267,2024-06-02 19:40:33,2024-06-02 20:03:33,23,Completed,4.9
149,226,102,2024-08-09 21:23:30,2024-08-09 22:01:30,38,Completed,4.9
150,228,159,2024-05-10 19:19:48,2024-05-10 20:06:48,47,Completed,3.0
151,229,216,2023-11-18 21:02:47,2023-11-18 21:46:47,44,Completed,4.8
152,230,104,2024-05-24 18:08:26,2024-05-24 18:56:26,48,Refund Processed,
153,232,264,2024-02-08 03:47:16,2024-02-08 04:42:16,55,Completed,4.8
154,233,3,2024-07-17 15:15:13,2024-07-17 15:39:13,24,Completed,3.0
155,234,297,2023-01-06 11:07:54,2023-01-06 11:44:54,37,Completed,2.7
156,235,132,2024-12-11 15:22:42,2024-12-11 16:06:42,44,Completed,4.7
157,236,271,2024-08-05 13:34:22,2024-08-05 14:25:22,51,Completed,4.9
158,238,250,2023-05-23 00:42:43,2023-05-23 01:10:43,28,Completed,4.1
159,239,107,2024-12-19 13:01:55,2024-12-19 13:27:55,26,Completed,3.0
160,240,255,2023-12-17 09:30:10,2023-12-17 10:25:10,55,Completed,3.2
161,242,104,2024-04-20 14:23:21,2024-04-20 14:38:21,15,Completed,2.6
162,243,49,2023-09-15 16:52:10,2023-09-15 17:07:10,15,Completed,3.3
163,244,243,2024-09-20 18:20:09,2024-09-20 18:55:09,35,Completed,3.8
164,246,46,2023-03-31 22:34:56,2023-03-31 22:54:56,20,Completed,5.0
165,247,201,2023-01-16 12:37:30,2023-01-16 13:03:30,26,Refund Processed,
166,250,144,2023-08-20 07:47:25,2023-08-20 08:13:25,26,Completed,2.8
167,251,149,2024-04-07 19:43:16,2024-04-07 20:29:16,46,Completed,3.2
168,253,300,2023-11-19 12:33:14,2023-11-19 13:20:14,47,Completed,4.1
169,254,198,2024-03-22 15:03:04,2024-03-22 15:38:04,35,Completed,3.7
170,255,61,2023-08-04 08:28:20,2023-08-04 09:11:20,43,Completed,4.6
171,256,271,2023-01-25 23:03:35,2023-01-25 23:47:35,44,Completed,4.5
172,257,143,2023-10-10 15:53:28,2023-10-10 16:10:28,17,Completed,3.7
173,259,15,2023-10-29 17:29:30,2023-10-29 17:58:30,29,Completed,2.7
174,260,264,2024-06-14 20:56:53,2024-06-14 21:23:53,27,Completed,2.8
175,262,98,2023-03-30 14:33:12,2023-03-30 14:48:12,15,Completed,4.6
176,263,145,2023-08-20 21:56:06,2023-08-20 22:31:06,35,Refund Processed,
177,264,91,2023-02-09 10:15:09,2023-02-09 10:56:09,41,Completed,4.6
178,265,254,2023-12-22 18:55:02,2023-12-22 19:21:02,26,Completed,4.9
179,266,266,2023-10-18 23:12:49,2023-10-18 23:48:49,36,Completed,4.2
180,267,61,2023-11-10 13:20:11,2023-11-10 14:12:11,52,Completed,4.3
181,269,127,2023-09-11 15:30:29,2023-09-11 15:48:29,18,Completed,3.5
182,272,21,2023-08-01 21:58:00,2023-08-01 22:18:00,20,Completed,2.9
183,273,23,2023-09-27 16:32:55,2023-09-27 17:03:55,31,Completed,2.8
184,274,236,2023-02-27 18:47:25,2023-02-27 19:11:25,24,Completed,3.7
185,275,85,2023-12-21 10:33:53,2023-12-21 10:48:53,15,Completed,4.2
186,276,151,2023-08-19 13:49:13,2023-08-19 14:32:13,43,Completed,4.2
187,277,9,2024-06-04 06:37:35,2024-06-04 06:55:35,18,Completed,2.9
188,278,147,2024-06-16 20:27:45,2024-06-16 21:11:45,44,Completed,4.2
189,279,280,2024-05-12 12:04:01,2024-05-12 12:29:01,25,Completed,2.6
190,280,237,2024-08-27 20:03:57,2024-08-27 20:42:57,39,Completed,3.8
191,283,19,2023-04-23 23:26:11,2023-04-24 00:07:11,41,Completed,4.2
192,284,248,2024-12-16 12:46:23,2024-12-16 13:13:23,27,Refund Processed,
193,285,228,2023-06-07 21:46:11,2023-06-07 22:01:11,15,Refund Processed,
194,286,266,2024-10-03 10:55:29,2024-10-03 11:38:29,43,Completed,3.3
195,287,184,2024-12-27 14:29:30,2024-12-27 15:18:30,49,Completed,2.6
196,288,51,2024-10-08 22:00:17,2024-10-08 22:32:17,32,Completed,2.5
197,290,19,2023-06-12 12:44:05,2023-06-12 13:25:05,41,Completed,3.9
198,291,100,2023-07-19 23:27:25,2023-07-19 23:57:25,30,Completed,2.6
199,292,296,2024-10-18 20:33:52,2024-10-18 20:56:52,23,Completed,4.1
200,294,291,2024-07-04 20:48:34,2024-07-04 21:30:34,42,Completed,4.0
201,296,94,2023-07-05 12:33:12,2023-07-05 13:12:12,39,Completed,3.8
202,297,244,2024-12-22 21:57:43,2024-12-22 22:27:43,30,Completed,2.9
203,298,224,2024-03-11 11:43:31,2024-03-11 12:38:31,55,Completed,4.3
204,299,39,2023-05-15 11:22:51,2023-05-15 12:06:51,44,Completed,3.1
205,300,163,2024-08-01 14:48:24,2024-08-01 15:32:24,44,Refund Processed,
206,301,180,2023-11-19 15:20:06,2023-11-19 16:02:06,42,Completed,3.7
207,302,74,2024-09-27 21:23:25,2024-09-27 22:17:25,54,Completed,3.2
208,303,258,2024-10-15 12:29:24,2024-10-15 12:58:24,29,Completed,4.6
209,304,132,2023-12-05 19:50:11,2023-12-05 20:18:11,28,Completed,3.6
210,307,39,2023-03-06 15:02:16,2023-03-06 15:50:16,48,Completed,4.1
211,308,292,2023-11-03 18:33:29,2023-11-03 19:18:29,45,Refund Processed,
212,310,59,2024-01-08 02:03:35,2024-01-08 02:41:35,38,Completed,4.3
213,312,179,2024-04-06 08:41:54,2024-04-06 09:30:54,49,Completed,3.5
214,313,80,2023-09-08 08:40:44,2023-09-08 09:30:44,50,Completed,3.9
215,314,152,2024-11-08 14:12:22,2024-11-08 14:47:22,35,Completed,3.5
216,315,130,2023-08-13 14:47:16,2023-08-13 15:41:16,54,Completed,2.8
217,316,123,2023-01-14 13:26:04,2023-01-14 14:12:04,46,Completed,2.7
218,317,150,2023-09-25 07:15:31,2023-09-25 07:55:31,40,Completed,2.6
219,319,102,2024-04-25 13:43:47,2024-04-25 14:13:47,30,Completed,3.0
220,320,24,2024-07-30 19:22:51,2024-07-30 19:58:51,36,Refund Processed,
221,322,85,2024-11-21 13:17:22,2024-11-21 14:11:22,54,Refund Processed,
222,323,61,2023-06-19 23:26:02,2023-06-19 23:43:02,17,Completed,3.1
223,324,282,2024-02-08 13:07:30,2024-02-08 13:30:30,23,Refund Processed,
224,325,53,2023-09-16 13:34:38,2023-09-16 14:17:38,43,Completed,2.9
225,326,177,2024-06-30 13:24:22,2024-06-30 14:04:22,40,Completed,4.4
226,331,133,2023-01-26 16:57:31,2023-01-26 17:41:31,44,Completed,2.6
227,333,269,2024-12-28 19:54:20,2024-12-28 20:37:20,43,Refund Processed,
228,336,61,2024-07-26 19:42:30,2024-07-26 20:19:30,37,Refund Processed,
229,337,69,2023-06-06 19:15:34,2023-06-06 19:50:34,35,Completed,3.4
230,338,15,2023-08-14 20:50:27,2023-08-14 21:09:27,19,Completed,4.8
231,339,199,2023-04-04 09:18:15,2023-04-04 09:56:15,38,Completed,4.5
232,341,50,2024-10-13 23:09:11,2024-10-13 23:30:11,21,Completed,2.9
233,343,250,2024-08-01 00:08:05,2024-08-01 00:51:05,43,Completed,2.6
234,345,255,2024-06-21 15:18:50,2024-06-21 15:54:50,36,Completed,3.5
235,347,283,2023-02-17 10:57:40,2023-02-17 11:14:40,17,Completed,4.3
236,348,24,2024-02-22 09:32:23,2024-02-22 10:09:23,37,Completed,4.6
237,349,291,2024-09-09 21:53:32,2024-09-09 22:37:32,44,Completed,2.8
238,350,28,2024-06-21 18:32:11,2024-06-21 18:56:11,24,Completed,4.1
239,351,150,2024-07-31 14:40:33,2024-07-31 15:18:33,38,Completed,3.5
240,353,218,2024-06-10 09:06:17,2024-06-10 09:40:17,34,Completed,4.3
241,354,281,2024-06-01 20:34:11,2024-06-01 21:22:11,48,Completed,3.8
242,356,229,2024-06-22 13:25:50,2024-06-22 13:48:50,23,Completed,3.3
243,358,209,2024-08-27 14:08:39,2024-08-27 14:38:39,30,Completed,4.8
244,359,145,2024-04-18 12:19:12,2024-04-18 12:57:12,38,Completed,3.0
245,360,154,2023-01-25 07:25:11,2023-01-25 07:50:11,25,Refund Processed,
246,361,291,2023-11-07 20:23:04,2023-11-07 21:03:04,40,Completed,4.3
247,363,67,2024-06-12 00:11:25,2024-06-12 00:44:25,33,Completed,3.4
248,364,12,2024-04-21 14:59:18,2024-04-21 15:22:18,23,Refund Processed,
249,366,277,2023-08-01 11:48:15,2023-08-01 12:19:15,31,Completed,4.8
250,367,123,2023-12-13 16:15:05,2023-12-13 16:49:05,34,Completed,4.0
251,369,177,2024-11-24 13:08:28,2024-11-24 13:36:28,28,Completed,3.0
252,370,210,2023-10-05 18:50:35,2023-10-05 19:35:35,45,Completed,3.0
253,371,23,2023-06-25 08:19:15,2023-06-25 09:12:15,53,Completed,3.9
254,372,273,2024-04-30 20:03:56,2024-04-30 20:50:56,47,Completed,3.6
255,375,126,2023-11-13 15:31:14,2023-11-13 15:54:14,23,Completed,4.3
256,378,291,2024-06-19 18:14:33,2024-06-19 18:30:33,16,Completed,4.7
257,379,41,2024-08-15 14:05:33,2024-08-15 14:45:33,40,Completed,4.5
258,381,204,2024-02-29 03:50:17,2024-02-29 04:44:17,54,Completed,4.1
259,384,290,2024-06-19 10:23:55,2024-06-19 10:46:55,23,Completed,4.0
260,386,162,2024-01-11 18:46:03,2024-01-11 19:14:03,28,Completed,2.7
261,387,39,2023-05-20 23:07:26,2023-05-20 23:31:26,24,Completed,2.5
262,388,107,2024-02-12 10:40:57,2024-02-12 11:04:57,24,Completed,2.8
263,389,8,2023-03-08 22:47:40,2023-03-08 23:34:40,47,Refund Processed,
264,390,170,2024-11-10 20:45:19,2024-11-10 21:14:19,29,Refund Processed,
265,391,146,2023-03-04 16:23:51,2023-03-04 16:51:51,28,Completed,4.2
266,392,80,2024-02-25 20:43:56,2024-02-25 21:38:56,55,Completed,3.3
267,393,177,2024-07-13 19:19:29,2024-07-13 20:06:29,47,Completed,4.9
268,395,141,2023-11-09 08:08:43,2023-11-09 08:39:43,31,Refund Processed,
269,396,262,2024-05-08 20:31:23,2024-05-08 21:03:23,32,Refund Processed,
270,397,134,2024-09-10 19:10:36,2024-09-10 20:04:36,54,Completed,3.6
271,399,88,2023-09-01 08:13:16,2023-09-01 08:51:16,38,Completed,3.9
272,400,49,2023-12-21 15:15:42,2023-12-21 15:40:42,25,Completed,3.0
273,401,292,2023-07-02 22:20:53,2023-07-02 23:10:53,50,Completed,3.7
274,402,18,2023-12-16 00:44:19,2023-12-16 01:34:19,50,Completed,4.6
275,403,91,2024-10-14 16:51:21,2024-10-14 17:22:21,31,Completed,4.3
276,406,181,2023-07-23 10:39:50,2023-07-23 10:59:50,20,Refund Processed,
277,408,111,2024-04-14 11:12:49,2024-04-14 11:31:49,19,Completed,3.0
278,409,205,2024-09-05 07:58:26,2024-09-05 08:44:26,46,Completed,4.6
279,411,3,2024-09-11 01:43:57,2024-09-11 02:38:57,55,Refund Processed,
280,412,114,2024-02-22 23:56:51,2024-02-23 00:13:51,17,Completed,4.5
281,413,169,2023-08-26 11:25:51,2023-08-26 12:03:51,38,Completed,3.4
282,414,58,2024-08-19 22:13:23,2024-08-19 22:54:23,41,Completed,2.5
283,415,169,2023-11-12 16:09:52,2023-11-12 16:37:52,28,Completed,4.9
284,416,296,2023-12-30 13:13:33,2023-12-30 13:49:33,36,Completed,3.8
285,417,202,2023-07-21 21:19:04,2023-07-21 22:14:04,55,Completed,2.8
286,418,292,2023-07-12 11:30:44,2023-07-12 12:02:44,32,Completed,3.9
287,419,214,2024-02-12 00:45:54,2024-02-12 01:15:54,30,Completed,3.5
288,420,112,2023-07-04 19:52:08,2023-07-04 20:18:08,26,Refund Processed,
289,422,95,2024-05-28 12:47:49,2024-05-28 13:05:49,18,Completed,4.3
290,423,263,2023-07-25 06:52:39,2023-07-25 07:43:39,51,Completed,4.1
291,424,288,2023-06-17 14:33:17,2023-06-17 15:14:17,41,Completed,2.6
292,425,214,2024-10-30 16:04:07,2024-10-30 16:34:07,30,Completed,4.7
293,426,35,2024-03-18 08:48:49,2024-03-18 09:29:49,41,Completed,4.8
294,427,20,2024-01-28 19:53:06,2024-01-28 20:25:06,32,Completed,2.6
295,428,264,2024-07-22 18:34:01,2024-07-22 19:07:01,33,Completed,4.7
296,429,267,2023-07-15 18:46:41,2023-07-15 19:40:41,54,Completed,3.8
297,431,18,2024-07-31 13:52:19,2024-07-31 14:29:19,37,Refund Processed,
298,432,44,2023-06-03 23:27:12,2023-06-03 23:55:12,28,Completed,2.7
299,435,143,2024-07-13 22:40:20,2024-07-13 23:22:20,42,Completed,4.8
300,436,170,2024-06-26 14:08:15,2024-06-26 14:59:15,51,Completed,3.6
301,437,271,2024-01-22 13:04:25,2024-01-22 13:39:25,35,Completed,4.3
302,438,22,2023-08-12 13:55:02,2023-08-12 14:42:02,47,Completed,4.4
303,439,89,2024-02-12 13:23:47,2024-02-12 14:08:47,45,Refund Processed,
304,440,65,2024-06-18 06:42:27,2024-06-18 07:33:27,51,Refund Processed,
305,441,119,2023-08-31 09:54:03,2023-08-31 10:18:03,24,Completed,4.8
306,442,16,2024-04-04 14:27:25,2024-04-04 15:03:25,36,Completed,3.2
307,443,109,2023-10-02 13:45:47,2023-10-02 14:30:47,45,Refund Processed,
308,444,111,2023-11-19 16:20:35,2023-11-19 17:05:35,45,Refund Processed,
309,445,161,2024-05-01 20:08:25,2024-05-01 20:56:25,48,Completed,3.9
310,446,223,2024-02-29 14:19:25,2024-02-29 14:45:25,26,Completed,2.6
311,448,181,2024-08-08 16:48:24,2024-08-08 17:03:24,15,Completed,3.9
312,449,278,2023-08-17 11:26:14,2023-08-17 12:12:14,46,Completed,4.0
313,450,79,2024-09-01 19:20:50,2024-09-01 20:14:50,54,Completed,3.0
314,451,200,2023-07-13 08:49:14,2023-07-13 09:39:14,50,Completed,4.8
315,453,90,2023-07-26 14:02:57,2023-07-26 14:48:57,46,Completed,3.8
316,454,34,2024-02-10 18:26:57,2024-02-10 19:02:57,36,Refund Processed,
317,455,261,2024-05-09 20:19:38,2024-05-09 20:46:38,27,Completed,4.7
318,456,177,2023-08-15 10:34:46,2023-08-15 10:50:46,16,Completed,4.5
319,457,258,2023-06-23 13:30:56,2023-06-23 14:12:56,42,Completed,3.5
320,458,19,2024-11-03 18:31:14,2024-11-03 18:48:14,17,Completed,2.6
321,459,144,2023-07-27 14:34:50,2023-07-27 14:55:50,21,Refund Processed,
322,460,270,2023-09-03 21:58:49,2023-09-03 22:20:49,22,Refund Processed,
323,461,64,2024-04-07 20:24:52,2024-04-07 21:07:52,43,Refund Processed,
324,462,60,2023-08-09 12:03:14,2023-08-09 12:23:14,20,Completed,4.8
325,463,271,2023-11-22 19:56:37,2023-11-22 20:20:37,24,Completed,3.6
326,464,177,2023-10-04 22:17:09,2023-10-04 22:56:09,39,Refund Processed,
327,466,116,2023-03-05 21:55:19,2023-03-05 22:43:19,48,Completed,4.5
328,467,26,2024-03-21 04:07:20,2024-03-21 04:28:20,21,Completed,2.6
329,469,226,2023-06-03 18:12:31,2023-06-03 18:33:31,21,Refund Processed,
330,470,213,2023-12-27 14:54:36,2023-12-27 15:14:36,20,Refund Processed,
331,471,257,2024-03-17 13:19:12,2024-03-17 13:37:12,18,Completed,4.2
332,473,234,2024-12-06 21:30:40,2024-12-06 22:21:40,51,Completed,3.0
333,474,225,2024-06-21 20:47:55,2024-06-21 21:30:55,43,Refund Processed,
334,476,148,2024-01-03 20:43:56,2024-01-03 21:31:56,48,Refund Processed,
335,477,265,2023-12-25 15:20:36,2023-12-25 15:54:36,34,Refund Processed,
336,478,60,2023-06-07 19:00:44,2023-06-07 19:40:44,40,Completed,3.1
337,480,119,2024-08-01 09:48:24,2024-08-01 10:37:24,49,Completed,3.1
338,481,82,2024-08-06 09:48:11,2024-08-06 10:27:11,39,Completed,4.5
339,482,276,2024-08-28 17:39:19,2024-08-28 18:08:19,29,Completed,3.1
340,484,149,2023-05-09 20:43:40,2023-05-09 21:26:40,43,Completed,3.4
341,486,183,2023-07-24 19:16:27,2023-07-24 19:42:27,26,Completed,4.7
342,487,237,2023-11-13 17:22:56,2023-11-13 17:54:56,32,Refund Processed,
343,488,170,2023-07-23 01:24:29,2023-07-23 02:11:29,47,Refund Processed,
344,490,105,2024-11-20 18:48:12,2024-11-20 19:14:12,26,Completed,3.3
345,493,74,2023-01-20 15:32:51,2023-01-20 16:05:51,33,Completed,4.1
346,494,261,2024-02-04 06:17:08,2024-02-04 06:55:08,38,Completed,4.3
347,496,172,2024-05-14 19:30:09,2024-05-14 20:10:09,40,Completed,4.8
348,497,172,2024-10-25 11:03:53,2024-10-25 11:43:53,40,Completed,3.4
349,498,120,2023-04-25 15:31:30,2023-04-25 16:03:30,32,Completed,4.2
350,499,45,2023-10-27 21:22:41,2023-10-27 21:55:41,33,Completed,3.0
351,501,142,2023-10-02 12:18:42,2023-10-02 13:13:42,55,Completed,4.3
352,503,129,2023-06-15 19:04:05,2023-06-15 19:46:05,42,Refund Processed,
353,504,133,2024-04-05 19:13:51,2024-04-05 19:40:51,27,Completed,4.9
354,505,199,2024-03-02 19:15:00,2024-03-02 19:34:00,19,Completed,4.6
355,506,233,2023-09-19 07:48:33,2023-09-19 08:26:33,38,Completed,2.5
356,508,205,2023-12-17 17:27:40,2023-12-17 18:04:40,37,Completed,3.2
357,510,55,2023-12-13 06:59:24,2023-12-13 07:27:24,28,Completed,4.1
358,511,91,2023-12-09 07:15:44,2023-12-09 07:34:44,19,Refund Processed,
359,512,61,2024-03-27 15:07:27,2024-03-27 15:49:27,42,Refund Processed,
360,513,241,2024-11-21 13:38:48,2024-11-21 14:28:48,50,Completed,4.9
361,514,274,2023-04-11 07:44:58,2023-04-11 08:10:58,26,Completed,4.4
362,516,151,2023-06-17 12:55:21,2023-06-17 13:18:21,23,Completed,2.6
363,517,193,2024-06-15 19:15:31,2024-06-15 20:05:31,50,Completed,4.8
364,518,42,2023-10-13 15:05:20,2023-10-13 15:59:20,54,Refund Processed,
365,519,53,2023-07-03 13:06:44,2023-07-03 13:35:44,29,Completed,3.2
366,521,237,2024-05-10 13:18:51,2024-05-10 14:01:51,43,Completed,2.7
367,522,225,2024-04-14 12:07:53,2024-04-14 12:43:53,36,Refund Processed,
368,523,199,2023-08-08 23:12:25,2023-08-08 23:35:25,23,Completed,4.9
369,524,63,2024-07-28 05:13:50,2024-07-28 05:51:50,38,Completed,4.2
370,525,162,2024-01-04 09:33:46,2024-01-04 10:04:46,31,Completed,3.9
371,526,113,2023-01-13 23:49:26,2023-01-14 00:23:26,34,Completed,4.6
372,527,250,2023-09-13 22:20:12,2023-09-13 22:51:12,31,Refund Processed,
373,528,194,2023-12-29 03:19:26,2023-12-29 03:42:26,23,Completed,3.1
374,530,280,2024-07-20 20:56:39,2024-07-20 21:24:39,28,Refund Processed,
375,531,201,2023-08-24 18:51:18,2023-08-24 19:16:18,25,Completed,4.1
376,532,201,2023-07-09 20:00:09,2023-07-09 20:24:09,24,Refund Processed,
377,533,211,2023-12-31 21:12:34,2023-12-31 21:30:34,18,Completed,3.8
378,534,45,2023-06-25 10:43:41,2023-06-25 11:19:41,36,Completed,2.6
379,535,276,2024-07-10 18:31:21,2024-07-10 19:04:21,33,Completed,4.4
380,536,40,2023-04-06 04:53:39,2023-04-06 05:31:39,38,Completed,4.5
381,540,59,2023-07-11 19:11:51,2023-07-11 20:03:51,52,Completed,4.8
382,542,178,2024-05-07 20:13:15,2024-05-07 20:45:15,32,Completed,4.9
383,543,296,2024-05-30 13:23:23,2024-05-30 14:12:23,49,Completed,4.3
384,544,165,2024-11-09 19:02:50,2024-11-09 19:28:50,26,Completed,3.0
385,545,8,2023-11-26 21:30:58,2023-11-26 22:09:58,39,Completed,2.5
386,546,28,2023-05-31 22:27:00,2023-05-31 22:53:00,26,Completed,2.5
387,547,133,2023-12-18 12:07:47,2023-12-18 12:27:47,20,Refund Processed,
388,549,203,2024-06-01 09:54:03,2024-06-01 10:11:03,17,Completed,2.8
389,551,291,2023-07-15 21:21:27,2023-07-15 22:07:27,46,Completed,4.1
390,557,262,2024-05-16 20:53:16,2024-05-16 21:21:16,28,Completed,3.6
391,558,9,2024-03-22 12:37:33,2024-03-22 13:20:33,43,Completed,2.5
392,559,21,2023-10-30 14:13:49,2023-10-30 14:38:49,25,Completed,3.7
393,560,244,2023-08-31 10:10:03,2023-08-31 10:26:03,16,Refund Processed,
394,563,42,2024-04-27 06:23:40,2024-04-27 06:57:40,34,Completed,4.7
395,564,171,2023-03-06 19:12:42,2023-03-06 19:59:42,47,Refund Processed,
396,565,266,2024-01-12 20:39:09,2024-01-12 21:05:09,26,Completed,3.5
397,566,127,2023-08-03 18:43:53,2023-08-03 19:18:53,35,Completed,3.9
398,573,36,2023-08-08 12:28:16,2023-08-08 12:44:16,16,Completed,3.5
399,574,96,2024-07-11 16:06:07,2024-07-11 16:54:07,48,Completed,3.0
400,576,237,2024-07-26 20:09:02,2024-07-26 20:51:02,42,Completed,2.8
401,578,39,2023-12-22 11:18:11,2023-12-22 11:41:11,23,Completed,4.6
402,579,266,2023-05-04 08:31:37,2023-05-04 09:12:37,41,Completed,4.2
403,581,130,2023-09-01 13:34:28,2023-09-01 13:52:28,18,Completed,3.7
404,583,162,2023-08-06 03:09:59,2023-08-06 04:04:59,55,Completed,4.1
405,584,148,2023-12-09 13:54:44,2023-12-09 14:36:44,42,Completed,2.8
406,585,101,2024-09-12 20:15:31,2024-09-12 21:06:31,51,Refund Processed,
407,587,296,2023-07-04 12:29:23,2023-07-04 12:49:23,20,Completed,4.5
408,589,174,2024-10-01 10:31:27,2024-10-01 11:18:27,47,Completed,3.1
409,593,172,2023-08-10 23:29:12,2023-08-10 23:50:12,21,Completed,4.5
410,594,163,2024-11-05 14:28:50,2024-11-05 15:11:50,43,Refund Processed,
411,595,169,2024-04-02 20:02:41,2024-04-02 20:29:41,27,Completed,3.6
412,596,199,2023-07-06 12:33:15,2023-07-06 12:55:15,22,Completed,2.5
413,597,119,2023-08-30 22:07:52,2023-08-30 22:30:52,23,Completed,3.9
414,598,134,2023-06-03 18:31:58,2023-06-03 19:05:58,34,Completed,3.3
415,599,7,2023-08-28 19:00:50,2023-08-28 19:36:50,36,Completed,3.9
416,600,78,2024-08-17 14:59:40,2024-08-17 15:40:40,41,Completed,4.8
417,602,245,2024-09-08 19:52:10,2024-09-08 20:46:10,54,Completed,4.9
418,603,156,2023-07-17 22:24:11,2023-07-17 22:45:11,21,Completed,3.9
419,604,61,2024-07-29 11:04:56,2024-07-29 11:24:56,20,Completed,4.4
420,605,280,2023-01-22 07:58:05,2023-01-22 08:17:05,19,Completed,3.2
421,606,102,2023-05-11 15:52:48,2023-05-11 16:36:48,44,Completed,3.7
422,607,154,2024-11-17 02:34:01,2024-11-17 03:02:01,28,Completed,4.6
423,609,16,2023-07-16 22:15:16,2023-07-16 23:09:16,54,Completed,3.1
424,611,111,2023-05-19 12:23:58,2023-05-19 12:40:58,17,Completed,4.7
425,612,243,2023-12-29 17:03:18,2023-12-29 17:25:18,22,Completed,4.5
426,614,280,2023-10-11 11:08:45,2023-10-11 11:46:45,38,Completed,4.5
427,615,140,2023-02-17 18:45:20,2023-02-17 19:39:20,54,Completed,3.7
428,616,74,2023-06-27 00:11:17,2023-06-27 00:36:17,25,Completed,3.6
429,617,238,2024-07-31 10:41:31,2024-07-31 11:00:31,19,Completed,4.7
430,618,144,2024-01-22 06:06:43,2024-01-22 06:57:43,51,Completed,3.6
431,619,190,2024-05-04 18:44:50,2024-05-04 19:35:50,51,Refund Processed,
432,620,79,2024-10-17 13:28:07,2024-10-17 13:44:07,16,Completed,2.7
433,621,134,2023-12-16 14:44:13,2023-12-16 15:27:13,43,Completed,3.7
434,622,186,2023-09-24 07:29:40,2023-09-24 07:55:40,26,Completed,4.9
435,624,204,2024-06-10 15:13:47,2024-06-10 15:57:47,44,Completed,3.5
436,625,67,2023-09-17 23:21:35,2023-09-18 00:03:35,42,Completed,3.0
437,626,179,2024-11-18 21:42:28,2024-11-18 22:15:28,33,Completed,3.2
438,628,19,2023-08-09 13:00:11,2023-08-09 13:54:11,54,Completed,2.8
439,629,152,2024-10-11 19:34:26,2024-10-11 20:12:26,38,Completed,4.4
440,630,79,2024-10-25 00:56:55,2024-10-25 01:47:55,51,Completed,2.9
441,631,159,2023-06-30 21:08:28,2023-06-30 21:57:28,49,Completed,4.1
442,633,51,2024-05-12 22:07:31,2024-05-12 22:50:31,43,Completed,2.7
443,636,157,2024-08-15 14:13:23,2024-08-15 14:58:23,45,Refund Processed,
444,637,122,2024-07-02 21:34:40,2024-07-02 22:16:40,42,Completed,3.0
445,638,123,2023-10-11 17:30:00,2023-10-11 18:15:00,45,Completed,3.3
446,640,239,2024-07-30 03:42:24,2024-07-30 04:28:24,46,Completed,3.3
447,641,129,2023-08-08 15:49:22,2023-08-08 16:36:22,47,Completed,3.4
448,642,158,2024-04-10 13:48:38,2024-04-10 14:23:38,35,Completed,3.6
449,644,212,2023-03-05 19:11:55,2023-03-05 19:36:55,25,Completed,3.0
450,648,265,2023-04-20 03:14:01,2023-04-20 03:51:01,37,Completed,5.0
451,649,188,2024-11-19 15:48:23,2024-11-19 16:18:23,30,Completed,3.5
452,652,222,2023-06-11 11:48:37,2023-06-11 12:39:37,51,Completed,3.3
453,653,19,2024-04-25 19:30:59,2024-04-25 20:18:59,48,Completed,3.3
454,654,186,2023-04-22 13:45:18,2023-04-22 14:27:18,42,Completed,2.9
455,657,23,2024-03-17 16:55:44,2024-03-17 17:30:44,35,Completed,4.6
456,658,95,2023-12-02 11:59:02,2023-12-02 12:45:02,46,Completed,4.7
457,660,269,2024-10-11 23:19:41,2024-10-12 00:14:41,55,Completed,3.7
458,661,54,2024-11-04 12:15:11,2024-11-04 12:52:11,37,Completed,3.2
459,664,212,2023-10-29 12:01:25,2023-10-29 12:27:25,26,Completed,2.8
460,665,90,2023-09-24 14:19:52,2023-09-24 15:11:52,52,Completed,3.7
461,667,41,2023-05-21 20:27:34,2023-05-21 21:13:34,46,Completed,3.5
462,668,18,2024-03-19 21:32:24,2024-03-19 21:59:24,27,Completed,2.5
463,669,2,2024-05-13 19:52:07,2024-05-13 20:17:07,25,Completed,3.7
464,670,23,2024-08-18 16:05:09,2024-08-18 16:55:09,50,Completed,3.8
465,671,22,2024-07-24 01:09:37,2024-07-24 01:30:37,21,Completed,4.1
466,672,170,2024-01-12 20:38:01,2024-01-12 21:08:01,30,Refund Processed,
467,673,20,2024-08-25 15:42:42,2024-08-25 16:28:42,46,Completed,3.4
468,674,124,2024-05-27 10:58:40,2024-05-27 11:28:40,30,Completed,2.6
469,676,144,2024-01-26 22:36:26,2024-01-26 23:17:26,41,Completed,4.6
470,678,157,2024-03-13 13:09:12,2024-03-13 13:39:12,30,Completed,4.8
471,680,174,2024-09-02 19:44:07,2024-09-02 19:59:07,15,Refund Processed,
472,682,263,2023-12-10 10:32:44,2023-12-10 11:24:44,52,Completed,4.1
473,683,78,2024-01-16 21:24:47,2024-01-16 22:04:47,40,Refund Processed,
474,686,58,2024-08-28 12:40:02,2024-08-28 13:11:02,31,Refund Processed,
475,687,94,2023-06-30 19:29:33,2023-06-30 20:20:33,51,Completed,3.8
476,688,258,2024-02-11 11:49:27,2024-02-11 12:26:27,37,Completed,4.1
477,689,288,2023-10-31 20:16:59,2023-10-31 20:46:59,30,Completed,3.9
478,693,281,2023-08-21 07:45:03,2023-08-21 08:02:03,17,Completed,4.7
479,694,184,2023-05-05 20:59:32,2023-05-05 21:21:32,22,Completed,4.0
480,695,176,2024-06-01 18:57:36,2024-06-01 19:18:36,21,Completed,4.2
481,697,149,2023-10-02 09:11:45,2023-10-02 10:00:45,49,Completed,4.7
482,699,96,2023-06-13 00:42:38,2023-06-13 01:09:38,27,Completed,4.2
483,701,248,2023-10-28 16:47:40,2023-10-28 17:12:40,25,Refund Processed,
484,704,87,2023-09-17 15:58:47,2023-09-17 16:47:47,49,Completed,4.0
485,705,83,2023-03-08 12:31:51,2023-03-08 13:05:51,34,Completed,4.7
486,706,189,2024-03-22 13:59:05,2024-03-22 14:48:05,49,Completed,3.3
487,708,109,2023-11-10 07:35:40,2023-11-10 08:09:40,34,Completed,4.0
488,709,78,2023-08-07 18:13:57,2023-08-07 18:55:57,42,Completed,2.9
489,710,33,2024-03-08 20:31:59,2024-03-08 21:18:59,47,Completed,3.3
490,712,113,2023-09-13 21:32:37,2023-09-13 21:51:37,19,Completed,3.6
491,714,163,2024-09-21 15:42:50,2024-09-21 16:04:50,22,Completed,3.7
492,715,293,2023-10-05 13:10:33,2023-10-05 13:57:33,47,Completed,4.9
493,716,16,2024-05-22 11:20:46,2024-05-22 11:38:46,18,Completed,3.7
494,719,33,2024-03-29 17:53:43,2024-03-29 18:43:43,50,Refund Processed,
495,720,124,2024-09-01 19:07:42,2024-09-01 19:42:42,35,Completed,2.8
496,721,171,2023-10-11 09:10:05,2023-10-11 09:26:05,16,Completed,3.0
497,722,148,2023-09-25 13:06:55,2023-09-25 13:39:55,33,Completed,4.6
498,723,194,2023-01-06 16:44:29,2023-01-06 17:18:29,34,Completed,3.0
499,725,101,2023-12-31 16:04:17,2023-12-31 16:32:17,28,Completed,4.9
500,726,89,2023-09-14 20:33:09,2023-09-14 20:53:09,20,Refund Processed,
501,727,199,2024-01-15 20:58:56,2024-01-15 21:49:56,51,Completed,5.0
502,729,122,2024-05-31 12:28:54,2024-05-31 13:22:54,54,Completed,4.1
503,730,238,2024-12-06 22:18:10,2024-12-06 23:05:10,47,Completed,3.7
504,731,275,2023-02-24 08:47:06,2023-02-24 09:37:06,50,Completed,4.6
505,732,247,2024-03-31 20:48:44,2024-03-31 21:43:44,55,Refund Processed,
506,734,16,2024-08-06 18:48:52,2024-08-06 19:18:52,30,Completed,4.4
507,735,276,2024-01-29 22:21:58,2024-01-29 22:59:58,38,Completed,2.8
508,736,286,2024-06-19 10:50:19,2024-06-19 11:08:19,18,Completed,4.6
509,737,67,2023-10-03 19:32:21,2023-10-03 20:05:21,33,Completed,4.8
510,738,6,2023-05-03 14:16:18,2023-05-03 14:38:18,22,Completed,5.0
511,740,101,2023-11-11 15:57:21,2023-11-11 16:32:21,35,Completed,3.8
512,741,7,2023-09-06 13:45:24,2023-09-06 14:06:24,21,Refund Processed,
513,742,282,2023-06-26 18:28:24,2023-06-26 19:10:24,42,Completed,3.5
514,745,205,2024-10-20 17:01:24,2024-10-20 17:18:24,17,Completed,3.9
515,746,173,2024-01-11 09:33:36,2024-01-11 10:08:36,35,Completed,3.9
516,747,210,2024-01-30 14:37:07,2024-01-30 15:15:07,38,Completed,2.7
517,748,241,2023-07-14 17:28:17,2023-07-14 18:08:17,40,Completed,3.2
518,749,7,2024-08-21 13:46:16,2024-08-21 14:18:16,32,Refund Processed,
519,750,82,2024-12-11 15:17:44,2024-12-11 15:57:44,40,Completed,3.8
520,751,30,2023-01-07 19:47:42,2023-01-07 20:19:42,32,Refund Processed,
521,752,228,2024-10-13 03:28:50,2024-10-13 04:20:50,52,Completed,4.0
522,753,123,2023-01-27 09:10:49,2023-01-27 09:52:49,42,Completed,4.4
523,754,220,2024-11-14 19:35:24,2024-11-14 20:01:24,26,Completed,3.5
524,755,184,2023-11-22 08:09:35,2023-11-22 08:37:35,28,Completed,2.6
525,756,122,2023-08-24 11:48:33,2023-08-24 12:11:33,23,Completed,4.4
526,758,180,2023-07-15 12:51:10,2023-07-15 13:46:10,55,Completed,3.7
527,759,179,2023-09-06 17:37:38,2023-09-06 18:02:38,25,Completed,2.8
528,762,228,2024-01-22 07:20:25,2024-01-22 07:52:25,32,Completed,2.7
529,763,169,2024-04-27 08:14:23,2024-04-27 09:09:23,55,Completed,2.8
530,764,274,2024-10-27 21:54:15,2024-10-27 22:39:15,45,Completed,4.5
531,765,288,2024-01-06 09:40:22,2024-01-06 10:24:22,44,Completed,3.6
532,766,148,2023-10-08 00:25:45,2023-10-08 01:13:45,48,Refund Processed,
533,767,213,2024-01-15 17:11:36,2024-01-15 17:49:36,38,Refund Processed,
534,768,16,2023-12-14 19:24:44,2023-12-14 19:59:44,35,Refund Processed,
535,769,61,2024-07-07 19:06:18,2024-07-07 20:00:18,54,Completed,4.3
536,770,79,2023-09-13 19:30:48,2023-09-13 19:58:48,28,Completed,3.7
537,771,107,2023-10-31 16:18:32,2023-10-31 16:35:32,17,Completed,3.9
538,772,210,2023-08-15 19:22:22,2023-08-15 20:13:22,51,Completed,4.2
539,775,21,2023-11-07 19:36:10,2023-11-07 19:55:10,19,Completed,2.5
540,778,94,2023-09-01 19:29:59,2023-09-01 20:06:59,37,Completed,4.4
541,779,59,2023-10-16 20:35:05,2023-10-16 21:21:05,46,Completed,2.9
542,780,281,2024-09-22 15:07:24,2024-09-22 15:37:24,30,Completed,2.8
543,781,157,2023-12-09 14:19:35,2023-12-09 14:35:35,16,Completed,2.7
544,782,12,2023-07-12 13:44:11,2023-07-12 14:31:11,47,Completed,2.8
545,783,190,2023-12-06 22:29:40,2023-12-06 23:12:40,43,Completed,3.7
546,785,143,2024-06-06 02:29:40,2024-06-06 03:00:40,31,Completed,3.6
547,786,200,2024-07-28 20:55:44,2024-07-28 21:36:44,41,Completed,4.4
548,787,204,2024-02-16 16:31:49,2024-02-16 17:24:49,53,Completed,4.8
549,789,28,2023-11-15 15:39:32,2023-11-15 16:29:32,50,Refund Processed,
550,790,9,2024-02-13 17:38:08,2024-02-13 18:26:08,48,Completed,2.5
551,791,112,2024-11-10 21:20:15,2024-11-10 21:59:15,39,Completed,4.4
552,792,275,2024-05-11 15:27:47,2024-05-11 15:55:47,28,Completed,3.9
553,793,254,2023-02-09 12:33:49,2023-02-09 13:26:49,53,Completed,2.7
554,794,270,2023-12-02 00:11:09,2023-12-02 00:50:09,39,Completed,3.6
555,795,175,2024-02-14 14:16:51,2024-02-14 14:47:51,31,Refund Processed,
556,796,44,2023-02-20 22:01:32,2023-02-20 22:48:32,47,Refund Processed,
557,798,181,2023-12-23 07:02:44,2023-12-23 07:28:44,26,Completed,3.2
558,801,186,2024-06-26 19:10:05,2024-06-26 19:52:05,42,Completed,4.6
559,804,116,2024-06-23 08:50:56,2024-06-23 09:40:56,50,Completed,2.7
560,806,149,2023-09-19 15:01:48,2023-09-19 15:17:48,16,Refund Processed,
561,807,192,2024-02-09 22:53:43,2024-02-09 23:41:43,48,Completed,3.4
562,809,273,2024-01-04 16:52:32,2024-01-04 17:15:32,23,Completed,3.4
563,810,278,2024-11-16 21:30:32,2024-11-16 22:15:32,45,Completed,4.1
564,811,112,2023-03-30 02:50:00,2023-03-30 03:38:00,48,Completed,4.2
565,815,113,2024-01-12 04:57:56,2024-01-12 05:14:56,17,Completed,4.3
566,817,299,2023-08-21 13:04:50,2023-08-21 13:44:50,40,Completed,4.9
567,818,161,2023-06-23 22:01:08,2023-06-23 22:25:08,24,Refund Processed,
568,819,236,2024-11-03 14:19:24,2024-11-03 15:14:24,55,Completed,4.0
569,821,173,2023-07-25 21:35:48,2023-07-25 22:08:48,33,Completed,4.9
570,823,252,2024-08-07 05:59:23,2024-08-07 06:45:23,46,Completed,3.2
571,824,142,2023-12-27 00:50:27,2023-12-27 01:32:27,42,Completed,4.3
572,825,186,2023-09-04 21:00:05,2023-09-04 21:47:05,47,Completed,4.8
573,826,152,2024-06-25 01:47:44,2024-06-25 02:35:44,48,Completed,4.8
574,827,196,2023-12-31 09:41:02,2023-12-31 10:30:02,49,Completed,4.9
575,828,157,2023-08-15 19:04:54,2023-08-15 19:51:54,47,Completed,3.2
576,829,258,2023-12-20 18:38:54,2023-12-20 18:59:54,21,Completed,3.7
577,831,155,2023-03-23 13:57:06,2023-03-23 14:24:06,27,Completed,2.7
578,832,28,2024-08-11 16:23:13,2024-08-11 16:49:13,26,Completed,3.1
579,835,140,2023-11-03 10:02:22,2023-11-03 10:43:22,41,Refund Processed,
580,837,293,2024-12-18 13:02:35,2024-12-18 13:28:35,26,Completed,3.5
581,838,50,2024-10-19 23:07:04,2024-10-20 00:00:04,53,Completed,4.5
582,839,298,2024-06-04 19:11:54,2024-06-04 19:57:54,46,Completed,4.4
583,840,35,2024-06-27 17:24:46,2024-06-27 18:05:46,41,Completed,5.0
584,844,18,2023-01-06 21:14:52,2023-01-06 21:54:52,40,Completed,4.6
585,847,7,2024-04-21 00:02:32,2024-04-21 00:28:32,26,Completed,4.5
586,848,174,2024-01-08 23:47:06,2024-01-09 00:07:06,20,Completed,4.2
587,849,45,2024-06-22 13:44:47,2024-06-22 14:06:47,22,Completed,3.3
588,850,89,2024-09-04 20:45:36,2024-09-04 21:23:36,38,Completed,4.7
589,851,193,2024-12-11 18:34:22,2024-12-11 19:19:22,45,Completed,4.4
590,852,190,2023-04-05 19:26:50,2023-04-05 19:46:50,20,Completed,4.2
591,854,260,2023-08-14 21:23:09,2023-08-14 21:51:09,28,Completed,3.2
592,856,207,2024-12-28 07:49:25,2024-12-28 08:19:25,30,Completed,3.2
593,857,220,2023-02-20 21:06:59,2023-02-20 21:48:59,42,Completed,2.6
594,858,52,2023-03-16 19:01:51,2023-03-16 19:50:51,49,Completed,3.6
595,859,276,2024-03-18 07:00:04,2024-03-18 07:30:04,30,Refund Processed,
596,860,292,2024-10-20 21:14:44,2024-10-20 21:49:44,35,Completed,2.6
597,863,239,2024-04-15 18:18:41,2024-04-15 19:04:41,46,Completed,3.8
598,865,264,2023-09-24 20:42:52,2023-09-24 21:30:52,48,Completed,4.6
599,867,40,2023-07-16 11:12:38,2023-07-16 11:41:38,29,Completed,4.9
600,868,77,2024-11-01 20:05:38,2024-11-01 20:47:38,42,Completed,4.9
601,869,180,2023-09-24 08:03:59,2023-09-24 08:24:59,21,Completed,2.9
602,870,32,2023-11-25 21:44:21,2023-11-25 22:29:21,45,Completed,2.5
603,871,150,2024-02-08 12:14:23,2024-02-08 12:33:23,19,Completed,3.4
604,872,156,2024-07-27 13:25:40,2024-07-27 13:46:40,21,Completed,3.1
605,873,197,2024-08-20 12:50:16,2024-08-20 13:18:16,28,Completed,4.8
606,874,300,2024-07-02 03:50:21,2024-07-02 04:26:21,36,Refund Processed,
607,875,120,2023-12-27 07:50:40,2023-12-27 08:08:40,18,Completed,4.1
608,877,210,2023-11-26 16:23:47,2023-11-26 16:41:47,18,Completed,4.7
609,878,169,2023-04-11 05:48:19,2023-04-11 06:12:19,24,Refund Processed,
610,879,41,2023-07-18 20:01:10,2023-07-18 20:26:10,25,Refund Processed,
611,880,271,2024-09-25 14:17:15,2024-09-25 14:49:15,32,Refund Processed,
612,882,171,2024-06-11 20:56:10,2024-06-11 21:30:10,34,Completed,4.7
613,883,171,2023-10-29 18:41:37,2023-10-29 19:12:37,31,Completed,4.1
614,884,129,2024-07-22 23:16:53,2024-07-22 23:58:53,42,Completed,2.8
615,886,133,2024-09-10 02:52:58,2024-09-10 03:47:58,55,Completed,2.6
616,887,79,2023-09-30 19:54:32,2023-09-30 20:46:32,52,Completed,3.5
617,888,277,2024-04-16 21:50:57,2024-04-16 22:33:57,43,Completed,4.1
618,891,248,2023-11-30 22:43:26,2023-11-30 23:24:26,41,Completed,4.5
619,892,254,2023-12-18 16:47:22,2023-12-18 17:05:22,18,Completed,4.2
620,893,297,2024-03-10 11:31:32,2024-03-10 12:19:32,48,Completed,4.5
621,894,293,2024-08-20 09:08:42,2024-08-20 09:53:42,45,Completed,4.9
622,895,257,2023-06-27 14:09:01,2023-06-27 14:47:01,38,Refund Processed,
623,898,240,2023-06-17 20:27:25,2023-06-17 20:45:25,18,Completed,4.9
624,899,179,2023-10-13 22:12:54,2023-10-13 22:46:54,34,Refund Processed,
625,902,173,2023-06-17 21:12:43,2023-06-17 22:00:43,48,Completed,2.7
626,903,115,2024-01-07 18:18:18,2024-01-07 19:03:18,45,Completed,3.2
627,904,49,2024-12-08 11:30:29,2024-12-08 11:56:29,26,Completed,3.9
628,905,3,2023-12-10 07:46:57,2023-12-10 08:15:57,29,Completed,3.9
629,907,266,2023-10-02 16:39:09,2023-10-02 17:22:09,43,Completed,3.7
630,908,201,2024-03-22 11:32:23,2024-03-22 12:16:23,44,Completed,2.9
631,910,234,2023-03-06 06:49:04,2023-03-06 07:35:04,46,Completed,3.1
632,912,132,2023-02-13 23:28:10,2023-02-13 23:47:10,19,Completed,4.2
633,913,43,2024-02-02 13:00:47,2024-02-02 13:32:47,32,Completed,3.9
634,914,134,2023-11-19 23:34:04,2023-11-20 00:18:04,44,Completed,3.0
635,915,51,2024-05-26 06:30:04,2024-05-26 06:55:04,25,Refund Processed,
636,916,178,2023-01-14 00:09:56,2023-01-14 00:45:56,36,Completed,3.9
637,919,201,2024-04-16 14:37:48,2024-04-16 15:08:48,31,Refund Processed,
638,920,80,2024-10-27 20:00:51,2024-10-27 20:46:51,46,Completed,2.8
639,921,45,2023-10-25 07:25:05,2023-10-25 08:11:05,46,Completed,4.3
640,922,184,2023-07-24 12:28:37,2023-07-24 13:16:37,48,Completed,3.8
641,923,118,2023-09-13 20:56:03,2023-09-13 21:27:03,31,Completed,2.7
642,925,158,2023-04-30 18:49:41,2023-04-30 19:09:41,20,Completed,4.2
643,926,15,2024-12-03 20:47:50,2024-12-03 21:29:50,42,Completed,3.7
644,931,217,2023-12-27 14:08:37,2023-12-27 14:35:37,27,Refund Processed,
645,932,13,2023-10-31 14:47:16,2023-10-31 15:41:16,54,Completed,3.2
646,934,3,2024-05-05 14:13:55,2024-05-05 14:45:55,32,Completed,3.6
647,936,216,2023-07-15 12:13:41,2023-07-15 12:35:41,22,Completed,4.7
648,938,206,2024-01-31 11:43:46,2024-01-31 12:14:46,31,Completed,3.7
649,939,23,2024-01-04 19:35:25,2024-01-04 19:56:25,21,Completed,2.8
650,940,245,2024-01-18 13:40:45,2024-01-18 14:25:45,45,Completed,3.5
651,941,130,2024-03-12 18:33:46,2024-03-12 19:12:46,39,Completed,4.9
652,942,237,2023-07-06 14:29:59,2023-07-06 15:11:59,42,Completed,3.5
653,944,237,2024-03-04 20:06:47,2024-03-04 20:47:47,41,Completed,4.5
654,945,176,2023-04-10 10:46:33,2023-04-10 11:02:33,16,Completed,4.4
655,946,140,2024-03-21 14:47:57,2024-03-21 15:24:57,37,Completed,3.0
656,947,291,2024-08-04 20:01:10,2024-08-04 20:24:10,23,Completed,2.8
657,948,293,2024-04-17 20:59:38,2024-04-17 21:24:38,25,Completed,3.7
658,949,194,2023-10-14 11:08:22,2023-10-14 12:02:22,54,Completed,4.0
659,950,176,2023-11-16 10:05:28,2023-11-16 10:53:28,48,Completed,5.0
660,951,35,2023-12-29 22:08:38,2023-12-29 22:55:38,47,Completed,4.2
661,953,220,2024-11-30 22:01:56,2024-11-30 22:50:56,49,Completed,4.9
662,954,64,2023-06-05 19:48:40,2023-06-05 20:37:40,49,Refund Processed,
663,956,124,2024-08-16 08:43:57,2024-08-16 09:18:57,35,Completed,4.8
664,957,181,2023-09-17 16:42:55,2023-09-17 17:24:55,42,Completed,4.2
665,958,38,2023-08-20 11:29:47,2023-08-20 12:06:47,37,Completed,4.1
666,959,201,2023-05-26 17:40:16,2023-05-26 18:26:16,46,Completed,4.1
667,961,119,2024-03-30 20:24:35,2024-03-30 20:58:35,34,Completed,4.8
668,962,74,2023-12-10 15:38:39,2023-12-10 16:13:39,35,Refund Processed,
669,963,67,2024-10-29 19:11:16,2024-10-29 19:54:16,43,Completed,2.6
670,964,196,2023-08-31 20:51:07,2023-08-31 21:27:07,36,Completed,2.9
671,965,236,2023-02-17 20:49:26,2023-02-17 21:39:26,50,Completed,3.8
672,966,74,2024-08-09 15:59:40,2024-08-09 16:17:40,18,Completed,4.5
673,968,205,2023-11-29 23:45:39,2023-11-30 00:09:39,24,Completed,4.5
674,969,26,2024-05-28 19:35:08,2024-05-28 20:25:08,50,Completed,3.2
675,970,288,2024-08-23 17:48:34,2024-08-23 18:21:34,33,Completed,3.8
676,971,282,2024-05-30 16:59:53,2024-05-30 17:32:53,33,Completed,3.0
677,973,116,2024-02-09 19:15:45,2024-02-09 20:05:45,50,Completed,3.8
678,974,58,2023-02-10 16:06:30,2023-02-10 16:49:30,43,Refund Processed,
679,975,136,2023-02-20 14:45:20,2023-02-20 15:12:20,27,Completed,4.1
680,976,221,2023-10-29 16:35:49,2023-10-29 17:26:49,51,Refund Processed,
681,977,271,2023-04-25 19:29:18,2023-04-25 19:50:18,21,Completed,3.4
682,978,297,2023-07-26 00:12:53,2023-07-26 00:51:53,39,Completed,3.4
683,979,283,2024-09-14 02:32:53,2024-09-14 02:47:53,15,Completed,3.4
684,980,18,2024-02-03 21:32:23,2024-02-03 22:27:23,55,Refund Processed,
685,981,176,2024-07-04 21:59:46,2024-07-04 22:48:46,49,Completed,3.7
686,982,265,2024-05-12 18:19:24,2024-05-12 18:45:24,26,Completed,4.1
687,983,213,2024-03-22 23:36:22,2024-03-22 23:54:22,18,Refund Processed,
688,985,245,2023-07-30 19:04:30,2023-07-30 19:19:30,15,Completed,5.0
689,986,119,2023-10-21 19:46:00,2023-10-21 20:04:00,18,Completed,3.3
690,987,154,2024-12-16 09:43:07,2024-12-16 10:12:07,29,Completed,4.6
691,989,33,2023-03-28 13:39:52,2023-03-28 14:30:52,51,Completed,4.1
692,990,161,2024-06-08 11:14:06,2024-06-08 11:38:06,24,Completed,2.9
693,991,247,2024-07-03 19:05:58,2024-07-03 19:54:58,49,Completed,4.2
694,992,60,2024-12-16 16:23:00,2024-12-16 17:06:00,43,Completed,4.6
695,996,222,2024-11-11 20:30:55,2024-11-11 21:12:55,42,Completed,4.5
696,998,182,2024-10-09 15:16:29,2024-10-09 16:06:29,50,Completed,4.9
697,999,111,2024-08-04 10:22:43,2024-08-04 11:10:43,48,Completed,4.7
698,1000,96,2024-04-17 15:35:53,2024-04-17 16:01:53,26,Completed,5.0
699,1001,276,2023-06-08 10:41:45,2023-06-08 10:59:45,18,Refund Processed,
700,1002,122,2023-10-07 14:39:19,2023-10-07 15:24:19,45,Completed,3.5
701,1004,6,2024-11-27 10:53:45,2024-11-27 11:20:45,27,Completed,4.7
702,1006,236,2023-09-27 16:36:19,2023-09-27 17:04:19,28,Completed,3.5
703,1007,262,2023-09-12 20:21:22,2023-09-12 20:49:22,28,Completed,4.6
704,1010,154,2024-09-18 14:14:49,2024-09-18 14:39:49,25,Completed,2.9
705,1011,154,2024-09-01 12:58:57,2024-09-01 13:40:57,42,Refund Processed,
706,1012,132,2024-04-15 18:06:54,2024-04-15 18:27:54,21,Completed,4.4
707,1014,6,2023-06-02 19:20:16,2023-06-02 19:41:16,21,Refund Processed,
708,1017,193,2024-02-03 21:57:39,2024-02-03 22:16:39,19,Completed,4.5
709,1019,252,2024-01-26 10:43:58,2024-01-26 10:59:58,16,Refund Processed,
710,1020,41,2023-04-12 20:33:55,2023-04-12 21:17:55,44,Refund Processed,
711,1022,196,2023-08-10 21:10:59,2023-08-10 21:28:59,18,Completed,4.2
712,1024,210,2024-01-12 12:35:17,2024-01-12 13:08:17,33,Refund Processed,
713,1025,165,2024-05-10 20:59:40,2024-05-10 21:26:40,27,Completed,3.1
714,1028,37,2023-08-13 13:58:48,2023-08-13 14:34:48,36,Completed,2.8
715,1029,266,2024-03-29 21:14:39,2024-03-29 21:51:39,37,Completed,3.6
716,1030,187,2024-10-09 15:25:00,2024-10-09 15:56:00,31,Completed,3.2
717,1032,122,2023-08-25 14:37:03,2023-08-25 15:25:03,48,Completed,2.8
718,1033,35,2023-07-03 09:52:54,2023-07-03 10:19:54,27,Completed,3.1
719,1034,263,2023-08-01 04:14:30,2023-08-01 05:08:30,54,Completed,3.0
720,1035,244,2024-04-25 18:39:06,2024-04-25 19:18:06,39,Completed,3.2
721,1036,119,2023-10-20 13:10:23,2023-10-20 14:01:23,51,Refund Processed,
722,1037,76,2024-11-16 02:11:26,2024-11-16 02:41:26,30,Completed,3.8
723,1039,156,2023-10-23 16:43:29,2023-10-23 16:59:29,16,Refund Processed,
724,1040,96,2024-05-26 21:13:51,2024-05-26 21:46:51,33,Completed,4.9
725,1042,53,2024-04-30 10:46:18,2024-04-30 11:21:18,35,Completed,3.5
726,1043,257,2023-12-24 06:51:16,2023-12-24 07:46:16,55,Completed,4.4
727,1044,104,2024-05-02 07:28:35,2024-05-02 08:12:35,44,Completed,3.1
728,1045,44,2024-02-13 23:41:11,2024-02-14 00:03:11,22,Completed,2.7
729,1046,232,2023-10-11 03:41:19,2023-10-11 04:15:19,34,Completed,3.6
730,1047,178,2023-08-15 20:08:04,2023-08-15 20:58:04,50,Completed,3.0
731,1048,43,2024-06-03 16:35:20,2024-06-03 16:58:20,23,Completed,3.2
732,1049,123,2024-08-05 15:55:02,2024-08-05 16:15:02,20,Completed,3.2
733,1052,111,2024-12-17 14:58:01,2024-12-17 15:26:01,28,Refund Processed,
734,1054,48,2024-08-12 15:47:05,2024-08-12 16:23:05,36,Completed,4.2
735,1055,272,2024-02-22 08:04:19,2024-02-22 08:54:19,50,Completed,4.7
736,1056,282,2024-05-16 22:26:07,2024-05-16 22:43:07,17,Completed,3.6
737,1057,255,2023-03-18 20:47:18,2023-03-18 21:26:18,39,Completed,3.7
738,1058,300,2023-09-25 16:30:12,2023-09-25 17:04:12,34,Completed,3.8
739,1059,161,2024-02-27 19:12:52,2024-02-27 19:53:52,41,Completed,4.9
740,1060,281,2024-05-12 07:35:38,2024-05-12 08:16:38,41,Completed,3.5
741,1061,275,2024-12-27 21:08:46,2024-12-27 21:59:46,51,Completed,2.8
742,1063,148,2023-10-20 14:19:51,2023-10-20 14:34:51,15,Completed,4.9
743,1064,227,2024-04-02 12:27:11,2024-04-02 13:14:11,47,Refund Processed,
744,1065,53,2023-01-12 16:07:12,2023-01-12 16:30:12,23,Refund Processed,
745,1066,109,2024-01-01 21:09:00,2024-01-01 21:59:00,50,Completed,2.7
746,1068,53,2023-01-06 20:39:56,2023-01-06 21:18:56,39,Completed,3.5
747,1069,256,2024-11-20 14:07:53,2024-11-20 14:43:53,36,Completed,3.6
748,1070,266,2023-06-13 13:48:33,2023-06-13 14:37:33,49,Completed,4.3
749,1071,273,2023-03-31 16:27:37,2023-03-31 17:03:37,36,Completed,2.8
750,1072,231,2023-12-05 21:26:24,2023-12-05 21:59:24,33,Completed,3.0
751,1075,179,2024-08-24 18:59:55,2024-08-24 19:51:55,52,Completed,3.6
752,1076,198,2023-04-02 20:45:44,2023-04-02 21:35:44,50,Refund Processed,
753,1077,256,2024-10-14 17:47:03,2024-10-14 18:35:03,48,Completed,4.4
754,1078,16,2023-08-01 23:59:43,2023-08-02 00:32:43,33,Completed,3.2
755,1079,50,2023-04-17 13:43:57,2023-04-17 14:15:57,32,Completed,4.8
756,1080,75,2023-12-08 19:37:29,2023-12-08 20:27:29,50,Completed,4.1
757,1081,81,2023-06-01 21:55:43,2023-06-01 22:35:43,40,Completed,4.9
758,1083,249,2023-11-16 08:31:12,2023-11-16 09:05:12,34,Completed,4.2
759,1084,89,2024-09-16 13:07:09,2024-09-16 13:30:09,23,Completed,2.8
760,1085,28,2024-02-25 19:37:26,2024-02-25 19:53:26,16,Completed,3.4
761,1086,129,2024-05-06 13:46:13,2024-05-06 14:18:13,32,Completed,4.7
762,1088,204,2024-12-28 21:20:18,2024-12-28 21:51:18,31,Completed,4.5
763,1091,170,2023-09-08 21:04:46,2023-09-08 21:38:46,34,Completed,4.2
764,1092,234,2024-11-11 20:32:07,2024-11-11 21:18:07,46,Refund Processed,
765,1093,202,2024-08-30 22:43:18,2024-08-30 23:21:18,38,Completed,4.2
766,1095,101,2023-06-26 11:57:33,2023-06-26 12:29:33,32,Completed,4.7
767,1096,52,2023-12-15 18:44:12,2023-12-15 19:34:12,50,Completed,3.7
768,1097,220,2024-08-25 03:49:50,2024-08-25 04:27:50,38,Completed,4.3
769,1100,210,2024-12-15 21:13:23,2024-12-15 21:53:23,40,Completed,4.4
770,1101,172,2024-08-08 13:47:08,2024-08-08 14:24:08,37,Completed,3.8
771,1102,47,2024-03-04 22:30:48,2024-03-04 23:03:48,33,Completed,3.0
772,1103,169,2024-07-18 11:51:27,2024-07-18 12:46:27,55,Completed,2.8
773,1104,69,2024-11-04 00:55:38,2024-11-04 01:15:38,20,Completed,4.9
774,1106,162,2023-03-24 23:19:51,2023-03-24 23:38:51,19,Refund Processed,
775,1108,169,2024-12-26 12:42:04,2024-12-26 13:30:04,48,Completed,3.8
776,1109,151,2024-07-27 08:14:39,2024-07-27 08:51:39,37,Completed,4.4
777,1111,194,2024-06-14 21:53:18,2024-06-14 22:28:18,35,Refund Processed,
778,1112,8,2023-06-04 13:10:12,2023-06-04 13:34:12,24,Completed,3.5
779,1114,20,2023-05-30 20:33:50,2023-05-30 21:04:50,31,Completed,3.9
780,1116,279,2023-09-12 15:15:11,2023-09-12 15:57:11,42,Completed,4.9
781,1117,271,2023-04-29 22:11:49,2023-04-29 22:32:49,21,Completed,3.2
782,1118,275,2024-01-28 15:18:11,2024-01-28 15:47:11,29,Completed,4.2
783,1123,289,2023-03-07 19:05:28,2023-03-07 19:59:28,54,Completed,4.1
784,1126,81,2024-02-16 09:14:27,2024-02-16 10:02:27,48,Completed,2.7
785,1127,231,2024-05-27 14:02:10,2024-05-27 14:25:10,23,Completed,3.3
786,1128,3,2023-08-29 13:50:23,2023-08-29 14:05:23,15,Completed,4.1
787,1130,82,2023-11-30 11:05:03,2023-11-30 11:20:03,15,Completed,4.2
788,1131,85,2023-08-23 16:07:58,2023-08-23 16:51:58,44,Refund Processed,
789,1132,65,2024-11-10 22:12:31,2024-11-10 22:57:31,45,Completed,2.7
790,1136,1,2024-05-17 23:13:49,2024-05-17 23:51:49,38,Completed,3.9
791,1137,114,2024-08-19 16:44:40,2024-08-19 17:39:40,55,Completed,2.9
792,1138,50,2023-07-10 21:36:24,2023-07-10 22:28:24,52,Completed,3.7
793,1139,248,2024-03-11 13:02:55,2024-03-11 13:55:55,53,Refund Processed,
794,1140,225,2024-10-27 16:34:46,2024-10-27 17:28:46,54,Completed,3.3
795,1146,229,2024-01-19 18:32:18,2024-01-19 19:15:18,43,Refund Processed,
796,1148,194,2024-04-10 19:47:11,2024-04-10 20:04:11,17,Completed,2.5
797,1151,164,2024-01-28 01:33:55,2024-01-28 02:01:55,28,Refund Processed,
798,1152,112,2024-10-19 20:50:01,2024-10-19 21:06:01,16,Completed,4.3
799,1153,172,2024-01-06 16:22:16,2024-01-06 16:45:16,23,Completed,4.0
800,1154,85,2024-01-10 14:34:59,2024-01-10 15:22:59,48,Refund Processed,
801,1155,55,2023-11-01 17:13:52,2023-11-01 17:37:52,24,Refund Processed,
802,1157,112,2023-10-22 06:37:17,2023-10-22 07:24:17,47,Completed,3.5
803,1158,290,2024-10-29 15:58:09,2024-10-29 16:33:09,35,Completed,3.0
804,1159,273,2023-10-15 13:29:43,2023-10-15 14:20:43,51,Completed,3.3
805,1160,35,2023-11-19 15:43:18,2023-11-19 16:18:18,35,Completed,4.0
806,1161,150,2023-09-27 16:31:04,2023-09-27 16:52:04,21,Completed,4.8
807,1163,270,2024-03-28 11:50:25,2024-03-28 12:30:25,40,Completed,3.2
808,1164,63,2023-11-09 17:07:37,2023-11-09 17:30:37,23,Completed,4.1
809,1166,91,2024-11-12 10:57:16,2024-11-12 11:35:16,38,Refund Processed,
810,1168,142,2023-02-19 15:33:08,2023-02-19 16:17:08,44,Completed,4.1
811,1169,114,2024-03-28 01:24:25,2024-03-28 01:59:25,35,Completed,3.8
812,1171,34,2024-08-11 15:35:15,2024-08-11 16:25:15,50,Completed,3.5
813,1173,176,2023-04-13 19:34:20,2023-04-13 20:10:20,36,Completed,2.7
814,1174,120,2024-12-06 22:04:12,2024-12-06 22:56:12,52,Completed,3.2
815,1175,262,2024-12-23 15:59:15,2024-12-23 16:52:15,53,Completed,2.6
816,1177,261,2024-09-07 18:54:09,2024-09-07 19:47:09,53,Completed,2.9
817,1179,45,2024-01-12 19:04:37,2024-01-12 19:56:37,52,Completed,5.0
818,1180,264,2024-11-06 04:26:15,2024-11-06 04:53:15,27,Refund Processed,
819,1181,53,2024-02-29 22:05:04,2024-02-29 22:41:04,36,Completed,3.1
820,1182,229,2024-02-20 16:42:08,2024-02-20 16:57:08,15,Completed,2.5
821,1183,154,2024-03-09 15:41:47,2024-03-09 15:58:47,17,Completed,3.9
822,1186,45,2024-04-22 22:19:18,2024-04-22 22:54:18,35,Completed,4.4
823,1188,267,2024-01-07 07:51:32,2024-01-07 08:21:32,30,Refund Processed,
824,1191,288,2023-09-09 09:19:52,2023-09-09 10:02:52,43,Completed,2.9
825,1192,48,2024-09-17 13:15:01,2024-09-17 13:59:01,44,Completed,2.6
826,1193,16,2023-02-28 04:04:41,2023-02-28 04:45:41,41,Completed,2.5
827,1194,270,2024-10-15 08:48:44,2024-10-15 09:32:44,44,Completed,3.7
828,1195,272,2023-06-28 16:52:19,2023-06-28 17:46:19,54,Completed,3.0
829,1197,63,2023-09-07 21:02:11,2023-09-07 21:54:11,52,Completed,4.3
830,1200,231,2024-05-08 11:11:34,2024-05-08 12:06:34,55,Completed,4.0
831,1201,87,2024-03-02 06:26:53,2024-03-02 06:42:53,16,Completed,4.3
832,1202,293,2023-04-01 19:00:08,2023-04-01 19:55:08,55,Completed,3.4
833,1204,161,2024-05-12 21:33:53,2024-05-12 21:55:53,22,Completed,4.9
834,1205,28,2023-06-02 19:05:30,2023-06-02 19:34:30,29,Completed,4.7
835,1206,37,2024-10-16 22:41:08,2024-10-16 23:31:08,50,Completed,3.0
836,1208,211,2023-07-08 14:29:44,2023-07-08 15:10:44,41,Completed,3.7
837,1209,32,2023-08-12 14:50:46,2023-08-12 15:33:46,43,Completed,3.4
838,1210,132,2024-09-25 13:04:57,2024-09-25 13:39:57,35,Completed,4.9
839,1211,41,2024-11-25 00:17:51,2024-11-25 01:03:51,46,Completed,3.8
840,1212,208,2023-09-04 10:08:33,2023-09-04 10:59:33,51,Completed,3.7
841,1213,113,2023-03-30 21:50:25,2023-03-30 22:30:25,40,Completed,4.3
842,1215,211,2024-03-03 20:18:24,2024-03-03 20:45:24,27,Completed,4.2
843,1216,101,2024-09-14 23:19:54,2024-09-15 00:02:54,43,Completed,4.8
844,1217,50,2024-04-26 22:15:39,2024-04-26 22:30:39,15,Completed,2.9
845,1218,298,2024-07-22 22:57:02,2024-07-22 23:19:02,22,Completed,4.4
846,1219,186,2024-09-29 16:01:18,2024-09-29 16:35:18,34,Completed,2.8
847,1220,77,2023-04-12 20:05:36,2023-04-12 20:32:36,27,Completed,3.8
848,1221,193,2023-10-30 17:19:44,2023-10-30 17:38:44,19,Completed,3.4
849,1223,44,2023-02-24 11:13:04,2023-02-24 11:29:04,16,Completed,3.6
850,1224,267,2023-09-12 05:59:38,2023-09-12 06:44:38,45,Completed,4.5
851,1225,19,2024-07-07 07:01:13,2024-07-07 07:30:13,29,Completed,2.9
852,1228,102,2024-12-17 18:10:32,2024-12-17 18:55:32,45,Completed,3.7
853,1230,124,2024-09-11 21:24:57,2024-09-11 21:39:57,15,Completed,3.1
854,1231,79,2024-08-11 00:27:58,2024-08-11 00:44:58,17,Completed,3.3
855,1234,81,2023-06-24 04:39:03,2023-06-24 04:57:03,18,Completed,2.9
856,1235,104,2023-06-06 12:43:11,2023-06-06 13:29:11,46,Completed,2.9
857,1236,182,2024-02-28 15:06:00,2024-02-28 15:36:00,30,Completed,4.4
858,1241,202,2024-08-26 14:32:47,2024-08-26 14:58:47,26,Completed,4.9
859,1243,267,2023-06-12 09:34:05,2023-06-12 09:54:05,20,Completed,2.6
860,1244,149,2024-05-16 13:21:43,2024-05-16 14:06:43,45,Completed,2.5
861,1245,101,2023-10-15 16:37:13,2023-10-15 17:24:13,47,Completed,3.6
862,1246,278,2024-11-01 12:40:02,2024-11-01 13:31:02,51,Refund Processed,
863,1247,208,2024-12-03 20:07:21,2024-12-03 20:56:21,49,Completed,4.7
864,1248,12,2024-01-26 16:34:44,2024-01-26 17:12:44,38,Completed,4.7
865,1249,159,2023-10-13 18:51:41,2023-10-13 19:25:41,34,Completed,4.3
866,1250,159,2024-06-13 23:51:15,2024-06-14 00:06:15,15,Refund Processed,
867,1251,214,2023-10-23 09:39:39,2023-10-23 10:33:39,54,Completed,4.5
868,1253,142,2024-11-30 17:31:34,2024-11-30 18:24:34,53,Refund Processed,
869,1255,85,2024-12-21 13:22:18,2024-12-21 14:13:18,51,Completed,4.3
870,1256,163,2023-09-16 22:20:53,2023-09-16 23:00:53,40,Refund Processed,
871,1258,293,2023-12-20 09:32:50,2023-12-20 10:25:50,53,Completed,4.3
872,1259,213,2023-06-19 12:09:56,2023-06-19 12:57:56,48,Completed,3.4
873,1260,19,2024-05-22 22:20:54,2024-05-22 22:50:54,30,Refund Processed,
874,1261,133,2024-01-19 21:29:46,2024-01-19 22:16:46,47,Completed,4.8
875,1262,181,2024-06-10 12:42:13,2024-06-10 13:03:13,21,Completed,4.8
876,1263,70,2024-08-28 20:24:33,2024-08-28 20:45:33,21,Completed,3.7
877,1264,140,2024-10-22 12:44:39,2024-10-22 13:32:39,48,Completed,2.7
878,1265,281,2023-07-30 07:01:15,2023-07-30 07:40:15,39,Completed,3.8
879,1266,270,2024-04-01 21:43:15,2024-04-01 22:19:15,36,Refund Processed,
880,1268,271,2024-06-27 15:23:22,2024-06-27 16:01:22,38,Completed,3.3
881,1269,282,2024-07-11 22:54:03,2024-07-11 23:19:03,25,Completed,3.9
882,1271,23,2023-04-17 19:45:00,2023-04-17 20:27:00,42,Completed,3.3
883,1274,15,2023-07-20 11:37:19,2023-07-20 11:59:19,22,Refund Processed,
884,1276,163,2023-04-21 10:22:27,2023-04-21 10:44:27,22,Completed,3.5
885,1278,157,2024-02-28 21:37:55,2024-02-28 22:03:55,26,Completed,3.5
886,1280,266,2024-11-02 04:13:41,2024-11-02 04:44:41,31,Completed,4.4
887,1281,243,2023-12-30 12:13:22,2023-12-30 12:54:22,41,Refund Processed,
888,1282,102,2024-12-08 14:52:20,2024-12-08 15:47:20,55,Completed,4.1
889,1283,214,2023-03-23 13:09:11,2023-03-23 14:04:11,55,Completed,4.5
890,1284,175,2024-06-04 22:15:13,2024-06-04 22:39:13,24,Completed,3.7
891,1285,33,2024-10-08 11:07:39,2024-10-08 11:52:39,45,Completed,3.2
892,1286,157,2024-10-17 14:12:38,2024-10-17 14:56:38,44,Completed,2.9
893,1287,102,2023-08-22 19:55:59,2023-08-22 20:17:59,22,Completed,4.3
894,1288,96,2023-10-18 07:05:19,2023-10-18 07:33:19,28,Completed,3.5
895,1289,232,2024-12-04 20:31:36,2024-12-04 21:15:36,44,Completed,3.3
896,1290,89,2023-12-12 17:46:01,2023-12-12 18:06:01,20,Completed,4.5
897,1291,264,2023-05-09 10:23:39,2023-05-09 11:11:39,48,Completed,3.6
898,1292,111,2023-07-15 08:38:08,2023-07-15 09:02:08,24,Refund Processed,
899,1293,16,2023-12-27 12:53:42,2023-12-27 13:15:42,22,Refund Processed,
900,1294,239,2023-03-23 14:22:30,2023-03-23 14:56:30,34,Completed,3.7
901,1296,212,2023-06-26 12:51:14,2023-06-26 13:24:14,33,Completed,3.8
902,1299,111,2024-09-14 10:14:16,2024-09-14 10:39:16,25,Completed,2.9
903,1300,130,2024-10-14 16:29:42,2024-10-14 17:14:42,45,Completed,3.8
904,1301,102,2024-10-09 18:28:33,2024-10-09 18:44:33,16,Refund Processed,
905,1303,69,2024-01-02 13:38:44,2024-01-02 14:08:44,30,Completed,4.8
906,1304,252,2023-06-16 09:51:41,2023-06-16 10:38:41,47,Completed,2.6
907,1305,288,2024-04-10 17:34:42,2024-04-10 18:10:42,36,Completed,4.6
908,1307,100,2023-05-26 19:33:31,2023-05-26 19:54:31,21,Completed,3.1
909,1308,1,2024-07-25 23:45:11,2024-07-26 00:09:11,24,Completed,3.0
910,1309,239,2024-02-22 13:10:15,2024-02-22 13:51:15,41,Completed,4.1
911,1310,89,2024-04-08 14:22:17,2024-04-08 15:05:17,43,Completed,4.2
912,1312,145,2024-06-07 11:00:44,2024-06-07 11:50:44,50,Completed,3.3
913,1313,134,2023-07-04 08:52:57,2023-07-04 09:45:57,53,Completed,4.2
914,1316,142,2023-09-01 18:50:01,2023-09-01 19:24:01,34,Completed,3.3
915,1317,5,2023-03-26 22:08:40,2023-03-26 22:40:40,32,Completed,3.1
916,1318,127,2024-10-31 21:14:05,2024-10-31 21:58:05,44,Completed,4.5
917,1321,234,2024-11-12 08:41:54,2024-11-12 08:59:54,18,Completed,3.1
918,1322,161,2024-06-05 13:38:23,2024-06-05 14:06:23,28,Completed,3.8
919,1325,207,2024-04-22 13:57:16,2024-04-22 14:34:16,37,Completed,4.9
920,1327,48,2023-09-17 13:21:46,2023-09-17 13:52:46,31,Completed,3.3
921,1328,293,2024-04-07 14:45:42,2024-04-07 15:12:42,27,Completed,3.4
922,1330,199,2023-08-08 02:51:10,2023-08-08 03:14:10,23,Refund Processed,
923,1333,298,2024-12-22 16:46:09,2024-12-22 17:22:09,36,Completed,2.7
924,1334,79,2024-03-12 10:19:19,2024-03-12 10:46:19,27,Completed,3.4
925,1335,49,2023-09-01 23:02:33,2023-09-01 23:23:33,21,Completed,4.1
926,1337,218,2024-07-27 21:35:08,2024-07-27 22:28:08,53,Completed,4.7
927,1338,105,2023-07-30 19:24:56,2023-07-30 19:40:56,16,Completed,4.2
928,1339,232,2023-04-22 06:46:20,2023-04-22 07:09:20,23,Completed,3.8
929,1341,20,2024-01-16 16:31:01,2024-01-16 16:46:01,15,Refund Processed,
930,1343,47,2024-03-02 21:13:56,2024-03-02 21:50:56,37,Completed,4.4
931,1345,37,2024-12-07 20:17:52,2024-12-07 21:03:52,46,Completed,4.4
932,1346,120,2023-06-11 20:10:14,2023-06-11 20:31:14,21,Completed,4.6
933,1349,249,2024-08-27 14:27:26,2024-08-27 15:03:26,36,Completed,2.7
934,1350,266,2024-09-21 10:08:20,2024-09-21 10:42:20,34,Completed,4.2
935,1352,115,2023-05-21 13:57:51,2023-05-21 14:36:51,39,Completed,3.1
936,1353,243,2023-08-17 16:06:39,2023-08-17 16:35:39,29,Completed,4.7
937,1355,288,2023-03-03 09:31:39,2023-03-03 09:53:39,22,Completed,2.7
938,1356,49,2023-11-26 21:02:48,2023-11-26 21:34:48,32,Completed,2.7
939,1357,56,2024-03-12 19:46:48,2024-03-12 20:35:48,49,Completed,4.1
940,1358,279,2023-01-28 21:24:28,2023-01-28 22:07:28,43,Completed,4.4
941,1361,149,2024-03-28 17:27:29,2024-03-28 17:46:29,19,Refund Processed,
942,1363,59,2023-03-21 14:53:29,2023-03-21 15:15:29,22,Refund Processed,
943,1366,288,2024-06-29 22:25:14,2024-06-29 23:06:14,41,Refund Processed,
944,1367,82,2023-03-28 20:31:08,2023-03-28 21:26:08,55,Refund Processed,
945,1368,172,2024-06-09 12:50:41,2024-06-09 13:15:41,25,Completed,2.6
946,1369,30,2024-04-21 23:28:25,2024-04-21 23:49:25,21,Completed,4.6
947,1371,248,2024-07-25 22:39:49,2024-07-25 23:32:49,53,Refund Processed,
948,1372,209,2023-09-22 19:11:43,2023-09-22 20:03:43,52,Completed,2.5
949,1373,172,2024-11-09 13:06:42,2024-11-09 13:40:42,34,Completed,3.4
950,1374,173,2023-11-26 21:57:37,2023-11-26 22:33:37,36,Completed,3.2
951,1377,146,2024-02-24 12:06:02,2024-02-24 12:35:02,29,Completed,4.9
952,1380,248,2023-05-21 17:20:50,2023-05-21 17:56:50,36,Refund Processed,
953,1384,46,2024-03-18 00:42:44,2024-03-18 01:21:44,39,Refund Processed,
954,1385,260,2024-03-03 10:42:45,2024-03-03 11:19:45,37,Completed,4.6
955,1386,112,2023-02-07 06:36:05,2023-02-07 07:12:05,36,Completed,4.6
956,1387,243,2023-06-16 12:42:18,2023-06-16 13:25:18,43,Completed,4.9
957,1388,35,2024-07-29 13:35:17,2024-07-29 14:02:17,27,Completed,5.0
958,1391,104,2023-12-02 18:10:31,2023-12-02 18:52:31,42,Completed,3.6
959,1392,129,2023-11-14 21:52:23,2023-11-14 22:09:23,17,Completed,3.4
960,1393,265,2023-10-12 12:44:07,2023-10-12 13:17:07,33,Completed,4.6
961,1394,126,2023-02-23 08:21:12,2023-02-23 08:36:12,15,Completed,2.7
962,1395,132,2024-10-09 15:27:27,2024-10-09 16:09:27,42,Completed,3.2
963,1396,106,2024-08-17 19:29:37,2024-08-17 20:04:37,35,Completed,3.5
964,1398,163,2023-02-14 19:47:59,2023-02-14 20:20:59,33,Completed,3.5
965,1399,223,2024-04-24 18:19:34,2024-04-24 18:46:34,27,Completed,3.3
966,1400,129,2024-02-28 15:11:08,2024-02-28 15:43:08,32,Completed,4.5
967,1401,59,2024-07-05 17:18:46,2024-07-05 17:37:46,19,Completed,4.6
968,1402,32,2023-01-22 18:40:44,2023-01-22 19:31:44,51,Completed,4.5
969,1403,263,2024-01-27 13:38:10,2024-01-27 13:57:10,19,Completed,3.8
970,1404,32,2023-10-24 19:43:23,2023-10-24 20:07:23,24,Completed,4.4
971,1405,33,2024-04-03 16:24:24,2024-04-03 17:03:24,39,Refund Processed,
972,1406,267,2024-06-05 20:30:53,2024-06-05 21:08:53,38,Refund Processed,
973,1408,248,2023-12-14 21:15:16,2023-12-14 21:50:16,35,Refund Processed,
974,1410,256,2023-12-26 19:02:11,2023-12-26 19:17:11,15,Completed,3.1
975,1411,52,2024-10-08 20:25:02,2024-10-08 21:19:02,54,Completed,3.6
976,1414,104,2024-12-21 13:10:23,2024-12-21 13:54:23,44,Completed,3.8
977,1416,70,2024-10-03 12:45:20,2024-10-03 13:19:20,34,Refund Processed,
978,1417,58,2024-03-05 21:54:26,2024-03-05 22:33:26,39,Completed,3.5
979,1418,77,2024-09-08 23:17:31,2024-09-08 23:39:31,22,Completed,3.0
980,1420,256,2023-01-27 14:23:18,2023-01-27 15:18:18,55,Completed,3.4
981,1421,77,2023-04-04 21:48:32,2023-04-04 22:03:32,15,Completed,4.2
982,1422,292,2023-12-13 19:15:58,2023-12-13 19:56:58,41,Completed,4.3
983,1423,87,2023-07-11 07:41:42,2023-07-11 08:23:42,42,Completed,4.3
984,1424,241,2024-03-19 19:22:10,2024-03-19 19:56:10,34,Completed,4.3
985,1425,45,2024-01-28 22:00:37,2024-01-28 22:36:37,36,Completed,4.5
986,1427,300,2023-08-25 20:36:19,2023-08-25 21:15:19,39,Completed,4.8
987,1428,206,2024-10-21 19:42:26,2024-10-21 20:37:26,55,Completed,3.4
988,1429,33,2024-06-03 19:43:19,2024-06-03 20:26:19,43,Completed,3.4
989,1430,276,2024-08-06 10:42:54,2024-08-06 11:26:54,44,Refund Processed,
990,1431,54,2024-06-15 21:59:40,2024-06-15 22:41:40,42,Completed,2.9
991,1433,148,2023-09-14 09:01:01,2023-09-14 09:55:01,54,Completed,4.0
992,1434,19,2024-01-30 23:02:04,2024-01-30 23:37:04,35,Completed,3.5
993,1435,78,2023-06-23 11:31:16,2023-06-23 12:01:16,30,Refund Processed,
994,1436,273,2024-03-03 12:23:35,2024-03-03 12:56:35,33,Completed,3.8
995,1437,217,2024-12-18 20:22:32,2024-12-18 21:09:32,47,Completed,3.0
996,1439,137,2023-12-21 20:05:16,2023-12-21 20:47:16,42,Completed,2.7
997,1441,103,2023-01-06 19:06:26,2023-01-06 19:53:26,47,Completed,3.7
998,1443,172,2024-01-07 21:49:53,2024-01-07 22:37:53,48,Completed,3.6
999,1444,135,2023-09-06 09:26:48,2023-09-06 10:12:48,46,Completed,4.9
1000,1446,239,2024-09-22 12:08:41,2024-09-22 13:01:41,53,Completed,2.8
1001,1447,142,2023-07-15 16:53:03,2023-07-15 17:33:03,40,Completed,2.5
1002,1448,204,2024-10-05 23:07:23,2024-10-05 23:28:23,21,Completed,4.4
1003,1449,235,2024-02-26 23:11:40,2024-02-26 23:29:40,18,Completed,3.9
1004,1451,222,2023-12-03 19:19:58,2023-12-03 20:00:58,41,Refund Processed,
1005,1452,263,2024-12-05 20:36:30,2024-12-05 21:10:30,34,Completed,4.6
1006,1453,5,2024-03-09 12:01:41,2024-03-09 12:33:41,32,Completed,2.6
1007,1454,85,2023-10-21 15:04:42,2023-10-21 15:49:42,45,Completed,3.8
1008,1455,286,2024-04-28 15:06:13,2024-04-28 15:27:13,21,Completed,3.2
1009,1456,209,2024-01-15 15:18:31,2024-01-15 15:39:31,21,Refund Processed,
1010,1457,28,2023-09-12 19:54:20,2023-09-12 20:23:20,29,Completed,3.0
1011,1458,194,2024-05-13 11:43:36,2024-05-13 12:28:36,45,Refund Processed,
1012,1459,47,2024-08-16 15:23:01,2024-08-16 15:58:01,35,Completed,3.0
1013,1460,19,2023-02-24 10:30:52,2023-02-24 10:59:52,29,Completed,5.0
1014,1461,43,2024-07-02 19:19:08,2024-07-02 19:37:08,18,Refund Processed,
1015,1463,276,2024-07-15 11:47:28,2024-07-15 12:12:28,25,Completed,4.6
1016,1464,181,2024-09-13 21:04:20,2024-09-13 21:24:20,20,Refund Processed,
1017,1466,123,2023-02-05 18:59:15,2023-02-05 19:27:15,28,Completed,3.6
1018,1467,59,2023-03-16 19:05:19,2023-03-16 19:44:19,39,Completed,4.3
1019,1468,2,2024-10-07 01:46:14,2024-10-07 02:15:14,29,Completed,4.0
1020,1469,258,2024-04-22 23:34:44,2024-04-23 00:00:44,26,Completed,2.5
1021,1470,277,2024-03-05 20:55:10,2024-03-05 21:44:10,49,Completed,3.4
1022,1471,164,2024-11-19 12:22:48,2024-11-19 12:38:48,16,Completed,3.1
1023,1473,172,2024-03-18 10:06:08,2024-03-18 10:51:08,45,Completed,4.9
1024,1474,163,2024-07-13 20:09:41,2024-07-13 20:39:41,30,Completed,3.8
1025,1476,270,2023-05-21 20:03:02,2023-05-21 20:26:02,23,Completed,2.8
1026,1477,157,2024-07-06 13:48:06,2024-07-06 14:12:06,24,Completed,5.0
1027,1478,295,2023-05-24 17:32:43,2023-05-24 18:25:43,53,Completed,3.7
1028,1479,107,2023-07-06 14:22:47,2023-07-06 14:44:47,22,Completed,2.6
1029,1480,278,2024-06-22 14:41:12,2024-06-22 15:01:12,20,Completed,3.0
1030,1481,52,2023-10-10 22:23:49,2023-10-10 23:07:49,44,Completed,2.8
1031,1482,105,2024-01-30 19:03:53,2024-01-30 19:38:53,35,Completed,4.2
1032,1484,124,2024-06-13 16:17:25,2024-06-13 16:47:25,30,Completed,4.9
1033,1485,136,2023-06-28 20:07:33,2023-06-28 20:38:33,31,Completed,3.4
1034,1486,21,2023-08-30 22:12:09,2023-08-30 22:52:09,40,Refund Processed,
1035,1487,94,2024-06-15 07:53:44,2024-06-15 08:16:44,23,Completed,2.7
1036,1488,203,2023-08-29 12:44:13,2023-08-29 13:29:13,45,Completed,2.5
1037,1489,30,2024-04-09 13:44:49,2024-04-09 14:03:49,19,Completed,3.6
1038,1490,250,2024-03-24 20:41:34,2024-03-24 21:04:34,23,Refund Processed,
1039,1491,130,2023-06-06 19:50:13,2023-06-06 20:41:13,51,Completed,2.7
1040,1493,244,2024-03-02 00:05:24,2024-03-02 00:29:24,24,Completed,3.1
1041,1494,112,2024-10-09 13:47:38,2024-10-09 14:05:38,18,Completed,4.6
1042,1495,199,2024-04-24 02:56:12,2024-04-24 03:49:12,53,Refund Processed,
1043,1496,210,2023-09-27 22:22:36,2023-09-27 22:38:36,16,Completed,2.8
1044,1497,225,2023-02-25 22:30:38,2023-02-25 22:53:38,23,Refund Processed,
1045,1499,2,2023-03-22 12:33:15,2023-03-22 13:23:15,50,Refund Processed,
1046,1503,102,2023-06-28 01:17:39,2023-06-28 01:46:39,29,Completed,3.7
1047,1507,154,2024-01-12 16:04:20,2024-01-12 16:58:20,54,Completed,4.2
1048,1509,271,2023-06-12 16:05:17,2023-06-12 16:42:17,37,Completed,3.5
1049,1510,248,2024-03-25 10:11:45,2024-03-25 10:44:45,33,Completed,2.8
1050,1511,129,2023-07-04 12:37:10,2023-07-04 13:05:10,28,Completed,5.0
1051,1512,42,2023-01-16 08:51:26,2023-01-16 09:36:26,45,Completed,3.1
1052,1513,63,2023-07-29 01:12:57,2023-07-29 01:49:57,37,Completed,2.8
1053,1514,208,2024-11-18 19:06:24,2024-11-18 19:48:24,42,Completed,4.3
1054,1515,55,2023-12-17 12:13:34,2023-12-17 13:06:34,53,Completed,4.0
1055,1516,222,2024-07-15 22:51:16,2024-07-15 23:38:16,47,Completed,2.7
1056,1517,77,2023-01-23 11:04:04,2023-01-23 11:58:04,54,Refund Processed,
1057,1518,107,2023-06-11 10:04:38,2023-06-11 10:45:38,41,Completed,4.4
1058,1520,19,2023-07-19 19:56:52,2023-07-19 20:23:52,27,Completed,3.6
1059,1521,222,2023-09-30 20:37:47,2023-09-30 21:26:47,49,Completed,4.1
1060,1522,244,2024-11-11 22:13:42,2024-11-11 22:48:42,35,Completed,2.8
1061,1523,41,2024-06-06 22:24:22,2024-06-06 22:49:22,25,Completed,2.8
1062,1524,94,2024-11-25 23:07:03,2024-11-25 23:40:03,33,Completed,4.2
1063,1527,2,2024-02-18 20:16:51,2024-02-18 20:33:51,17,Completed,4.5
1064,1528,163,2023-08-19 19:38:42,2023-08-19 20:19:42,41,Completed,4.4
1065,1529,255,2023-09-06 11:09:42,2023-09-06 12:04:42,55,Completed,3.4
1066,1531,191,2024-02-21 15:30:15,2024-02-21 16:12:15,42,Completed,4.1
1067,1532,165,2023-11-15 12:44:08,2023-11-15 13:30:08,46,Completed,4.8
1068,1534,261,2023-03-12 13:35:43,2023-03-12 14:24:43,49,Completed,3.4
1069,1536,229,2024-12-22 14:02:29,2024-12-22 14:26:29,24,Completed,3.7
1070,1538,250,2024-08-20 14:02:40,2024-08-20 14:52:40,50,Completed,2.6
1071,1541,257,2023-01-11 20:55:57,2023-01-11 21:43:57,48,Completed,4.1
1072,1542,282,2024-09-23 23:16:47,2024-09-23 23:55:47,39,Completed,2.8
1073,1543,261,2023-07-28 05:36:30,2023-07-28 06:13:30,37,Completed,4.7
1074,1544,275,2024-04-28 07:56:18,2024-04-28 08:45:18,49,Completed,3.5
1075,1545,81,2024-06-06 22:00:31,2024-06-06 22:39:31,39,Completed,3.9
1076,1546,241,2023-12-13 21:36:26,2023-12-13 21:56:26,20,Completed,3.4
1077,1549,122,2024-05-27 12:42:15,2024-05-27 13:11:15,29,Refund Processed,
1078,1550,234,2024-06-20 01:19:21,2024-06-20 01:54:21,35,Completed,3.2
1079,1552,202,2024-04-04 11:37:09,2024-04-04 12:04:09,27,Completed,3.5
1080,1554,297,2024-08-09 20:23:32,2024-08-09 20:45:32,22,Completed,4.0
1081,1555,277,2023-08-08 19:34:57,2023-08-08 20:23:57,49,Completed,3.2
1082,1556,245,2023-11-06 03:45:58,2023-11-06 04:00:58,15,Completed,3.9
1083,1557,191,2024-03-13 19:29:14,2024-03-13 19:46:14,17,Refund Processed,
1084,1558,91,2024-09-24 20:36:01,2024-09-24 21:24:01,48,Completed,4.1
1085,1560,200,2023-10-13 17:03:11,2023-10-13 17:48:11,45,Completed,4.8
1086,1562,196,2023-08-20 13:12:59,2023-08-20 14:04:59,52,Completed,3.8
1087,1563,278,2024-09-01 15:44:52,2024-09-01 16:39:52,55,Completed,3.6
1088,1567,87,2024-01-10 19:50:25,2024-01-10 20:25:25,35,Completed,2.8
1089,1568,140,2024-02-13 14:29:35,2024-02-13 15:14:35,45,Completed,2.8
1090,1570,108,2023-03-14 12:13:59,2023-03-14 13:02:59,49,Completed,2.8
1091,1571,193,2023-06-26 20:48:32,2023-06-26 21:32:32,44,Completed,3.8
1092,1572,204,2024-07-28 08:17:28,2024-07-28 08:43:28,26,Completed,5.0
1093,1573,156,2024-11-29 07:50:16,2024-11-29 08:22:16,32,Refund Processed,
1094,1574,163,2024-05-26 17:20:01,2024-05-26 17:52:01,32,Completed,3.4
1095,1576,23,2024-03-08 20:19:35,2024-03-08 21:08:35,49,Completed,3.5
1096,1577,161,2023-08-07 12:56:08,2023-08-07 13:36:08,40,Completed,2.9
1097,1578,177,2023-01-06 23:04:28,2023-01-06 23:34:28,30,Completed,4.5
1098,1579,92,2024-08-04 18:42:28,2024-08-04 19:19:28,37,Completed,3.5
1099,1580,38,2024-04-28 12:49:55,2024-04-28 13:35:55,46,Completed,2.5
1100,1581,220,2024-09-29 16:11:50,2024-09-29 16:48:50,37,Completed,3.7
1101,1582,260,2024-12-12 21:15:01,2024-12-12 21:30:01,15,Completed,4.5
1102,1583,237,2024-04-05 18:01:17,2024-04-05 18:16:17,15,Refund Processed,
1103,1584,100,2023-12-10 16:04:43,2023-12-10 16:40:43,36,Refund Processed,
1104,1585,116,2024-10-09 14:04:42,2024-10-09 14:31:42,27,Completed,3.5
1105,1586,42,2024-12-08 09:39:29,2024-12-08 10:06:29,27,Completed,3.5
1106,1587,205,2023-12-20 21:42:33,2023-12-20 22:19:33,37,Completed,4.6
1107,1588,292,2024-12-19 17:39:56,2024-12-19 18:15:56,36,Completed,4.8
1108,1589,269,2024-01-16 21:00:44,2024-01-16 21:16:44,16,Completed,2.8
1109,1590,201,2023-06-06 15:36:31,2023-06-06 16:26:31,50,Completed,5.0
1110,1591,127,2024-12-27 21:40:48,2024-12-27 22:21:48,41,Completed,4.2
1111,1592,30,2024-06-24 18:21:00,2024-06-24 18:54:00,33,Completed,4.9
1112,1593,225,2024-05-23 21:18:01,2024-05-23 21:58:01,40,Completed,3.6
1113,1594,214,2024-03-16 09:16:44,2024-03-16 09:40:44,24,Completed,3.8
1114,1595,245,2024-11-28 13:51:31,2024-11-28 14:21:31,30,Completed,2.6
1115,1596,149,2023-07-12 13:56:57,2023-07-12 14:36:57,40,Refund Processed,
1116,1598,213,2024-06-09 21:53:18,2024-06-09 22:39:18,46,Completed,3.6
1117,1599,244,2024-05-05 20:52:23,2024-05-05 21:46:23,54,Completed,4.2
1118,1600,273,2023-09-21 11:03:24,2023-09-21 11:46:24,43,Completed,4.9
1119,1601,289,2024-12-12 07:47:02,2024-12-12 08:38:02,51,Completed,4.9
1120,1603,144,2024-04-09 11:14:51,2024-04-09 11:34:51,20,Completed,2.8
1121,1605,117,2024-05-05 21:10:19,2024-05-05 21:49:19,39,Completed,3.3
1122,1608,19,2024-09-25 21:01:25,2024-09-25 21:42:25,41,Completed,3.5
1123,1611,289,2024-07-18 03:46:31,2024-07-18 04:18:31,32,Completed,3.2
1124,1613,228,2023-01-30 11:21:10,2023-01-30 11:46:10,25,Completed,5.0
1125,1614,283,2024-05-17 15:47:46,2024-05-17 16:17:46,30,Completed,2.9
1126,1615,174,2023-08-29 15:08:53,2023-08-29 15:53:53,45,Completed,3.1
1127,1616,57,2023-05-16 08:11:33,2023-05-16 08:48:33,37,Refund Processed,
1128,1618,129,2023-06-24 21:55:50,2023-06-24 22:30:50,35,Completed,4.1
1129,1620,235,2024-12-02 08:21:30,2024-12-02 08:47:30,26,Refund Processed,
1130,1621,177,2024-10-13 11:14:50,2024-10-13 12:00:50,46,Completed,3.1
1131,1622,141,2024-03-18 22:40:51,2024-03-18 23:10:51,30,Completed,3.4
1132,1623,18,2023-03-08 07:15:08,2023-03-08 08:04:08,49,Refund Processed,
1133,1624,89,2024-03-24 23:55:23,2024-03-25 00:44:23,49,Completed,3.0
1134,1625,291,2024-09-19 20:36:41,2024-09-19 21:20:41,44,Completed,4.3
1135,1626,179,2024-12-15 11:04:05,2024-12-15 11:41:05,37,Completed,2.9
1136,1629,81,2023-03-27 11:43:16,2023-03-27 12:18:16,35,Completed,4.6
1137,1631,163,2024-05-31 16:00:39,2024-05-31 16:55:39,55,Completed,4.9
1138,1632,144,2023-02-03 12:30:44,2023-02-03 12:46:44,16,Completed,3.8
1139,1633,180,2024-02-11 09:13:40,2024-02-11 09:44:40,31,Completed,3.5
1140,1634,148,2024-10-31 10:52:44,2024-10-31 11:27:44,35,Completed,3.6
1141,1635,293,2023-07-13 12:25:00,2023-07-13 12:45:00,20,Completed,3.0
1142,1636,219,2024-02-19 10:16:01,2024-02-19 11:10:01,54,Completed,4.6
1143,1637,236,2023-11-09 20:47:29,2023-11-09 21:03:29,16,Completed,4.0
1144,1638,239,2023-06-03 08:58:12,2023-06-03 09:23:12,25,Completed,2.9
1145,1639,164,2024-11-22 20:31:44,2024-11-22 21:11:44,40,Completed,4.1
1146,1640,278,2024-09-22 09:14:01,2024-09-22 09:57:01,43,Refund Processed,
1147,1641,280,2024-05-09 16:05:03,2024-05-09 16:25:03,20,Completed,4.7
1148,1642,12,2023-06-06 11:33:26,2023-06-06 11:48:26,15,Completed,4.7
1149,1645,164,2023-11-28 17:12:48,2023-11-28 18:05:48,53,Completed,3.0
1150,1646,211,2023-11-22 12:05:32,2023-11-22 12:44:32,39,Refund Processed,
1151,1648,140,2024-09-09 21:51:41,2024-09-09 22:18:41,27,Completed,4.1
1152,1652,280,2024-09-23 19:25:11,2024-09-23 20:06:11,41,Completed,2.8
1153,1653,300,2024-12-27 13:32:19,2024-12-27 14:18:19,46,Completed,2.8
1154,1654,171,2023-08-16 18:05:43,2023-08-16 18:46:43,41,Completed,4.8
1155,1655,297,2023-12-20 10:23:09,2023-12-20 11:05:09,42,Completed,3.6
1156,1656,177,2024-02-01 14:52:21,2024-02-01 15:16:21,24,Completed,2.9
1157,1657,232,2024-10-16 13:58:11,2024-10-16 14:32:11,34,Completed,3.3
1158,1658,225,2024-10-29 11:47:37,2024-10-29 12:27:37,40,Completed,3.0
1159,1659,225,2024-07-03 13:40:16,2024-07-03 13:59:16,19,Completed,5.0
1160,1660,58,2023-07-21 15:38:16,2023-07-21 15:57:16,19,Completed,3.3
1161,1661,96,2023-12-31 16:46:07,2023-12-31 17:34:07,48,Completed,3.2
1162,1662,54,2024-09-07 10:13:12,2024-09-07 10:45:12,32,Completed,4.9
1163,1663,115,2024-12-04 04:04:09,2024-12-04 04:44:09,40,Completed,2.8
1164,1665,213,2023-10-16 21:56:22,2023-10-16 22:28:22,32,Completed,3.4
1165,1667,231,2023-02-01 21:45:38,2023-02-01 22:17:38,32,Completed,4.3
1166,1669,228,2023-03-17 14:07:09,2023-03-17 14:36:09,29,Completed,2.9
1167,1670,135,2023-04-18 13:21:20,2023-04-18 14:09:20,48,Completed,4.4
1168,1671,26,2023-09-27 18:51:08,2023-09-27 19:26:08,35,Completed,3.0
1169,1672,176,2024-05-05 09:47:07,2024-05-05 10:10:07,23,Refund Processed,
1170,1674,140,2023-12-19 18:34:39,2023-12-19 18:52:39,18,Completed,4.7
1171,1675,88,2023-06-17 20:24:26,2023-06-17 20:50:26,26,Completed,4.1
1172,1676,10,2024-08-18 10:11:33,2024-08-18 10:26:33,15,Completed,4.5
1173,1677,12,2024-03-12 21:50:26,2024-03-12 22:16:26,26,Refund Processed,
1174,1678,16,2023-01-02 20:52:16,2023-01-02 21:41:16,49,Completed,3.3
1175,1679,30,2024-11-23 00:12:07,2024-11-23 01:03:07,51,Completed,4.0
1176,1680,184,2024-08-22 12:29:36,2024-08-22 13:14:36,45,Completed,2.8
1177,1681,231,2023-08-22 10:29:11,2023-08-22 11:18:11,49,Completed,4.8
1178,1682,162,2023-09-01 00:13:06,2023-09-01 01:05:06,52,Refund Processed,
1179,1684,252,2024-05-31 11:04:51,2024-05-31 11:26:51,22,Completed,5.0
1180,1685,207,2023-12-29 06:39:45,2023-12-29 07:32:45,53,Completed,4.3
1181,1686,84,2023-10-28 12:48:20,2023-10-28 13:03:20,15,Completed,4.2
1182,1687,209,2024-10-03 09:38:23,2024-10-03 09:58:23,20,Completed,4.2
1183,1689,130,2023-07-29 14:27:53,2023-07-29 14:54:53,27,Completed,2.7
1184,1690,233,2023-10-30 20:42:24,2023-10-30 21:00:24,18,Completed,3.9
1185,1692,170,2023-10-27 19:35:46,2023-10-27 19:50:46,15,Completed,3.7
1186,1694,262,2024-05-26 19:53:59,2024-05-26 20:34:59,41,Completed,2.7
1187,1695,132,2023-12-17 00:19:33,2023-12-17 01:00:33,41,Completed,3.3
1188,1698,247,2024-03-04 22:05:06,2024-03-04 22:42:06,37,Completed,4.3
1189,1699,101,2023-06-11 23:00:00,2023-06-11 23:29:00,29,Completed,3.3
1190,1700,252,2023-07-08 22:06:14,2023-07-08 22:26:14,20,Completed,3.7
1191,1701,274,2023-09-24 13:41:35,2023-09-24 14:01:35,20,Refund Processed,
1192,1704,181,2023-08-18 19:59:21,2023-08-18 20:29:21,30,Completed,3.4
1193,1705,38,2024-11-28 22:20:58,2024-11-28 22:41:58,21,Completed,3.6
1194,1706,232,2023-02-05 14:49:33,2023-02-05 15:15:33,26,Completed,2.8
1195,1707,261,2023-08-14 02:08:59,2023-08-14 03:00:59,52,Completed,4.4
1196,1708,239,2023-12-17 20:51:06,2023-12-17 21:45:06,54,Completed,4.3
1197,1709,151,2023-09-10 10:28:18,2023-09-10 10:47:18,19,Completed,2.7
1198,1710,56,2023-10-04 15:35:10,2023-10-04 16:05:10,30,Completed,2.7
1199,1711,298,2023-01-24 23:12:59,2023-01-25 00:01:59,49,Completed,4.5
1200,1712,183,2024-07-30 20:43:27,2024-07-30 21:09:27,26,Completed,3.3
1201,1713,66,2024-01-17 19:56:19,2024-01-17 20:38:19,42,Completed,3.1
1202,1714,292,2024-02-22 19:01:33,2024-02-22 19:50:33,49,Completed,4.2
1203,1718,130,2023-06-14 20:11:46,2023-06-14 20:37:46,26,Completed,4.6
1204,1719,199,2023-06-21 19:20:48,2023-06-21 20:13:48,53,Completed,2.7
1205,1721,224,2024-02-19 01:29:34,2024-02-19 01:54:34,25,Completed,2.7
1206,1723,187,2024-04-05 17:45:36,2024-04-05 18:00:36,15,Completed,2.7
1207,1724,214,2024-09-22 23:29:29,2024-09-22 23:47:29,18,Completed,3.9
1208,1727,94,2024-06-13 12:23:45,2024-06-13 12:59:45,36,Refund Processed,
1209,1729,162,2023-08-07 12:46:06,2023-08-07 13:02:06,16,Completed,4.7
1210,1731,200,2024-07-18 13:44:25,2024-07-18 14:05:25,21,Completed,2.6
1211,1734,21,2023-08-17 20:43:24,2023-08-17 21:30:24,47,Refund Processed,
1212,1735,288,2024-08-22 18:17:04,2024-08-22 19:03:04,46,Completed,4.9
1213,1738,134,2024-01-25 12:53:45,2024-01-25 13:32:45,39,Refund Processed,
1214,1739,105,2024-07-02 09:04:23,2024-07-02 09:45:23,41,Refund Processed,
1215,1740,31,2023-11-06 10:44:25,2023-11-06 11:01:25,17,Completed,4.5
1216,1742,145,2024-11-20 17:09:11,2024-11-20 17:41:11,32,Refund Processed,
1217,1744,170,2024-01-11 20:01:18,2024-01-11 20:31:18,30,Completed,3.0
1218,1746,281,2023-01-02 21:49:34,2023-01-02 22:33:34,44,Completed,4.0
1219,1748,143,2023-01-07 02:04:34,2023-01-07 02:58:34,54,Completed,2.9
1220,1750,226,2023-06-26 10:32:49,2023-06-26 11:03:49,31,Completed,4.4
1221,1751,66,2024-12-29 19:18:37,2024-12-29 19:45:37,27,Completed,2.9
1222,1754,6,2024-09-17 13:48:27,2024-09-17 14:03:27,15,Completed,4.1
1223,1757,103,2023-05-12 15:33:02,2023-05-12 16:22:02,49,Refund Processed,
1224,1759,214,2024-06-22 13:44:57,2024-06-22 14:30:57,46,Refund Processed,
1225,1760,9,2024-05-02 16:25:46,2024-05-02 16:54:46,29,Refund Processed,
1226,1761,272,2023-09-02 20:17:07,2023-09-02 20:49:07,32,Completed,3.0
1227,1763,102,2023-07-30 15:57:53,2023-07-30 16:25:53,28,Completed,4.7
1228,1764,209,2023-06-25 13:07:23,2023-06-25 13:56:23,49,Refund Processed,
1229,1767,189,2024-03-16 10:12:10,2024-03-16 10:53:10,41,Completed,3.7
1230,1768,136,2023-09-11 15:18:16,2023-09-11 15:51:16,33,Completed,4.7
1231,1769,50,2023-11-28 13:02:22,2023-11-28 13:53:22,51,Completed,2.7
1232,1772,129,2024-12-21 16:28:11,2024-12-21 17:13:11,45,Completed,4.9
1233,1773,271,2023-08-14 13:15:26,2023-08-14 13:38:26,23,Refund Processed,
1234,1775,295,2024-03-13 03:49:07,2024-03-13 04:10:07,21,Completed,4.0
1235,1777,3,2023-05-02 16:27:53,2023-05-02 16:48:53,21,Completed,3.7
1236,1778,188,2024-09-16 11:55:05,2024-09-16 12:29:05,34,Completed,4.3
1237,1780,257,2024-02-16 09:08:31,2024-02-16 09:26:31,18,Completed,4.8
1238,1781,95,2023-10-14 17:29:15,2023-10-14 17:51:15,22,Refund Processed,
1239,1782,254,2024-01-04 10:54:19,2024-01-04 11:37:19,43,Refund Processed,
1240,1783,263,2024-10-31 15:52:47,2024-10-31 16:36:47,44,Completed,4.3
1241,1784,221,2024-01-23 13:57:47,2024-01-23 14:33:47,36,Completed,2.5
1242,1785,69,2024-08-09 12:57:45,2024-08-09 13:49:45,52,Completed,3.1
1243,1787,43,2024-09-08 20:46:43,2024-09-08 21:35:43,49,Completed,4.2
1244,1789,143,2023-08-03 15:11:22,2023-08-03 15:31:22,20,Completed,3.7
1245,1790,260,2024-01-14 12:53:23,2024-01-14 13:22:23,29,Refund Processed,
1246,1792,140,2024-08-12 17:18:17,2024-08-12 17:59:17,41,Completed,2.6
1247,1793,61,2024-03-14 20:16:34,2024-03-14 20:53:34,37,Completed,4.6
1248,1795,50,2024-12-12 19:29:30,2024-12-12 20:09:30,40,Completed,3.5
1249,1797,127,2024-11-01 20:35:00,2024-11-01 20:54:00,19,Completed,4.9
1250,1798,89,2023-08-30 14:06:55,2023-08-30 14:46:55,40,Completed,2.5
1251,1800,148,2023-12-29 17:41:20,2023-12-29 18:08:20,27,Completed,4.0
1252,1801,140,2024-10-16 10:09:21,2024-10-16 10:47:21,38,Completed,3.4
1253,1803,92,2024-08-23 17:50:46,2024-08-23 18:09:46,19,Completed,2.5
1254,1805,243,2023-06-05 05:10:08,2023-06-05 05:34:08,24,Completed,3.0
1255,1806,60,2023-12-24 12:37:15,2023-12-24 13:28:15,51,Completed,4.6
1256,1807,248,2023-07-15 19:06:20,2023-07-15 19:26:20,20,Completed,3.7
1257,1808,113,2023-12-27 15:38:47,2023-12-27 16:16:47,38,Completed,3.4
1258,1810,39,2024-11-26 23:44:35,2024-11-27 00:17:35,33,Completed,4.7
1259,1811,26,2023-02-17 12:04:51,2023-02-17 12:21:51,17,Completed,4.0
1260,1812,239,2024-09-28 13:29:15,2024-09-28 14:04:15,35,Completed,3.8
1261,1813,95,2024-05-26 15:08:46,2024-05-26 15:28:46,20,Completed,4.0
1262,1814,298,2024-05-08 12:39:18,2024-05-08 13:05:18,26,Completed,3.0
1263,1815,102,2024-03-01 15:22:18,2024-03-01 15:50:18,28,Completed,3.4
1264,1816,189,2024-02-18 18:45:46,2024-02-18 19:32:46,47,Completed,2.9
1265,1819,235,2023-09-27 22:38:04,2023-09-27 22:58:04,20,Completed,3.4
1266,1820,247,2023-07-26 20:04:53,2023-07-26 20:35:53,31,Refund Processed,
1267,1823,12,2024-06-25 14:57:30,2024-06-25 15:38:30,41,Completed,4.3
1268,1825,273,2024-05-21 07:56:51,2024-05-21 08:47:51,51,Completed,4.0
1269,1826,216,2023-10-05 19:11:30,2023-10-05 19:38:30,27,Completed,3.5
1270,1828,63,2024-02-25 18:55:44,2024-02-25 19:37:44,42,Completed,4.4
1271,1832,33,2023-10-07 09:58:29,2023-10-07 10:43:29,45,Refund Processed,
1272,1833,52,2024-11-15 20:21:08,2024-11-15 20:55:08,34,Completed,2.5
1273,1834,38,2023-09-12 22:21:53,2023-09-12 22:56:53,35,Completed,4.2
1274,1836,202,2024-10-23 20:36:47,2024-10-23 21:00:47,24,Completed,3.9
1275,1838,123,2023-10-12 13:23:44,2023-10-12 13:55:44,32,Completed,5.0
1276,1841,201,2023-09-23 17:09:16,2023-09-23 17:55:16,46,Completed,4.5
1277,1843,151,2024-06-29 14:18:01,2024-06-29 14:41:01,23,Completed,2.5
1278,1844,269,2024-04-09 18:37:23,2024-04-09 19:13:23,36,Refund Processed,
1279,1845,122,2024-05-25 13:13:41,2024-05-25 13:35:41,22,Completed,4.8
1280,1846,170,2023-04-12 09:47:54,2023-04-12 10:31:54,44,Completed,2.6
1281,1850,257,2024-07-15 10:32:39,2024-07-15 10:51:39,19,Completed,5.0
1282,1851,65,2023-10-22 05:08:33,2023-10-22 05:40:33,32,Refund Processed,
1283,1853,224,2023-07-05 19:42:20,2023-07-05 20:22:20,40,Completed,4.3
1284,1854,209,2023-09-20 17:18:56,2023-09-20 17:41:56,23,Completed,3.4
1285,1855,151,2023-03-28 19:10:28,2023-03-28 19:54:28,44,Completed,2.7
1286,1860,53,2023-06-19 07:53:03,2023-06-19 08:22:03,29,Completed,4.0
1287,1863,118,2023-03-09 22:24:57,2023-03-09 23:16:57,52,Completed,3.0
1288,1866,227,2023-01-05 15:54:38,2023-01-05 16:39:38,45,Completed,4.4
1289,1867,125,2024-06-28 18:54:17,2024-06-28 19:28:17,34,Completed,4.8
1290,1868,293,2024-01-20 09:29:19,2024-01-20 10:11:19,42,Completed,4.6
1291,1870,212,2023-08-12 19:18:32,2023-08-12 19:39:32,21,Completed,2.8
1292,1871,15,2024-02-08 22:07:02,2024-02-08 22:59:02,52,Refund Processed,
1293,1873,136,2024-02-13 22:00:13,2024-02-13 22:26:13,26,Completed,4.2
1294,1874,248,2024-01-06 01:43:33,2024-01-06 02:21:33,38,Completed,3.7
1295,1875,291,2023-06-06 10:42:53,2023-06-06 11:16:53,34,Refund Processed,
1296,1879,280,2023-09-19 14:06:37,2023-09-19 14:49:37,43,Completed,4.0
1297,1880,164,2023-11-04 12:54:27,2023-11-04 13:26:27,32,Completed,2.5
1298,1881,63,2024-11-15 19:29:12,2024-11-15 20:07:12,38,Completed,3.1
1299,1882,142,2023-12-02 21:48:46,2023-12-02 22:24:46,36,Completed,4.6
1300,1883,74,2024-05-11 06:01:14,2024-05-11 06:35:14,34,Completed,3.0
1301,1884,117,2024-12-02 15:32:14,2024-12-02 16:26:14,54,Completed,3.5
1302,1885,297,2024-09-22 19:10:59,2024-09-22 19:39:59,29,Completed,2.5
1303,1886,150,2023-08-26 14:03:19,2023-08-26 14:34:19,31,Completed,4.1
1304,1889,136,2024-08-04 09:52:33,2024-08-04 10:38:33,46,Completed,3.1
1305,1890,273,2023-04-05 12:50:02,2023-04-05 13:08:02,18,Completed,3.0
1306,1891,197,2023-10-24 09:24:06,2023-10-24 09:55:06,31,Completed,3.4
1307,1892,159,2024-07-18 11:27:34,2024-07-18 12:12:34,45,Completed,3.1
1308,1894,288,2023-06-30 14:37:49,2023-06-30 15:12:49,35,Completed,3.4
1309,1897,163,2024-01-03 13:20:09,2024-01-03 13:49:09,29,Completed,3.5
1310,1898,104,2023-11-27 15:34:21,2023-11-27 16:23:21,49,Completed,4.8
1311,1901,120,2024-03-09 12:14:18,2024-03-09 12:34:18,20,Refund Processed,
1312,1902,134,2024-04-14 19:53:14,2024-04-14 20:45:14,52,Completed,3.2
1313,1903,277,2024-07-26 11:33:48,2024-07-26 12:26:48,53,Completed,2.8
1314,1904,266,2024-09-07 20:30:10,2024-09-07 21:15:10,45,Completed,3.8
1315,1905,177,2024-04-21 12:03:21,2024-04-21 12:46:21,43,Completed,3.0
1316,1906,175,2024-03-01 21:15:27,2024-03-01 22:07:27,52,Refund Processed,
1317,1907,37,2023-11-06 20:41:55,2023-11-06 21:32:55,51,Refund Processed,
1318,1908,3,2024-07-24 23:54:11,2024-07-25 00:32:11,38,Completed,3.4
1319,1909,289,2023-08-28 20:23:43,2023-08-28 21:15:43,52,Completed,4.1
1320,1910,125,2023-04-07 21:47:52,2023-04-07 22:20:52,33,Completed,4.6
1321,1911,94,2024-02-09 09:24:03,2024-02-09 09:51:03,27,Refund Processed,
1322,1914,37,2024-09-18 09:57:49,2024-09-18 10:26:49,29,Completed,4.7
1323,1915,158,2023-12-26 08:14:16,2023-12-26 08:37:16,23,Completed,3.0
1324,1916,3,2023-05-21 10:01:57,2023-05-21 10:39:57,38,Completed,3.1
1325,1917,113,2023-07-16 09:47:57,2023-07-16 10:21:57,34,Completed,4.6
1326,1918,138,2024-10-21 22:04:20,2024-10-21 22:38:20,34,Completed,3.1
1327,1919,69,2024-02-15 17:41:12,2024-02-15 18:26:12,45,Completed,2.7
1328,1921,272,2024-04-10 09:04:36,2024-04-10 09:30:36,26,Refund Processed,
1329,1923,235,2024-07-20 19:21:13,2024-07-20 19:48:13,27,Refund Processed,
1330,1924,179,2024-07-11 07:55:58,2024-07-11 08:41:58,46,Completed,3.0
1331,1925,165,2023-07-14 09:38:39,2023-07-14 10:00:39,22,Completed,3.7
1332,1926,116,2024-07-03 05:04:10,2024-07-03 05:33:10,29,Completed,5.0
1333,1928,46,2024-04-21 15:21:40,2024-04-21 16:08:40,47,Completed,3.5
1334,1929,240,2023-05-31 04:43:44,2023-05-31 05:32:44,49,Completed,4.3
1335,1933,202,2024-08-08 08:49:31,2024-08-08 09:22:31,33,Completed,4.9
1336,1934,284,2023-12-20 17:39:52,2023-12-20 18:33:52,54,Completed,4.1
1337,1935,237,2024-10-18 00:29:33,2024-10-18 00:55:33,26,Completed,4.8
1338,1936,179,2023-05-31 07:39:29,2023-05-31 07:57:29,18,Completed,3.4
1339,1938,85,2023-10-05 15:50:45,2023-10-05 16:12:45,22,Completed,2.7
1340,1940,242,2023-08-19 11:52:42,2023-08-19 12:35:42,43,Completed,3.0
1341,1942,53,2024-11-30 18:39:25,2024-11-30 19:27:25,48,Completed,4.9
1342,1943,32,2024-05-06 14:09:58,2024-05-06 14:56:58,47,Completed,4.6
1343,1944,250,2024-06-18 16:06:14,2024-06-18 16:38:14,32,Completed,4.5
1344,1945,249,2023-08-25 23:24:34,2023-08-26 00:19:34,55,Completed,4.3
1345,1946,7,2023-06-15 22:45:19,2023-06-15 23:04:19,19,Completed,3.8
1346,1947,241,2023-06-16 14:22:40,2023-06-16 15:10:40,48,Refund Processed,
1347,1948,141,2024-04-29 19:24:28,2024-04-29 19:58:28,34,Completed,2.9
1348,1949,96,2023-11-20 12:43:23,2023-11-20 13:02:23,19,Completed,4.6
1349,1950,219,2023-11-10 15:16:24,2023-11-10 15:35:24,19,Completed,2.9
1350,1951,205,2024-08-21 22:10:10,2024-08-21 22:57:10,47,Completed,2.7
1351,1952,98,2024-12-01 16:58:05,2024-12-01 17:46:05,48,Refund Processed,
1352,1953,252,2024-07-09 08:10:21,2024-07-09 08:29:21,19,Refund Processed,
1353,1954,13,2023-03-28 13:48:49,2023-03-28 14:18:49,30,Completed,3.0
1354,1955,203,2024-03-15 20:19:59,2024-03-15 20:48:59,29,Completed,3.4
1355,1956,16,2023-08-30 14:21:06,2023-08-30 14:53:06,32,Completed,4.6
1356,1964,200,2024-07-12 04:09:04,2024-07-12 04:49:04,40,Completed,4.6
1357,1966,292,2023-06-18 19:27:46,2023-06-18 19:54:46,27,Completed,3.9
1358,1968,238,2023-11-15 17:43:42,2023-11-15 18:35:42,52,Completed,4.8
1359,1970,117,2023-03-30 08:15:52,2023-03-30 09:09:52,54,Completed,3.5
1360,1972,266,2023-09-07 21:54:57,2023-09-07 22:09:57,15,Completed,2.7
1361,1974,154,2023-07-09 04:02:05,2023-07-09 04:56:05,54,Completed,4.8
1362,1975,191,2024-01-17 13:32:57,2024-01-17 13:58:57,26,Completed,2.7
1363,1977,28,2024-05-02 15:34:27,2024-05-02 16:15:27,41,Completed,4.2
1364,1979,22,2023-04-19 09:12:30,2023-04-19 09:52:30,40,Completed,2.5
1365,1980,235,2023-12-20 20:12:52,2023-12-20 20:51:52,39,Completed,2.7
1366,1981,60,2023-11-20 10:49:45,2023-11-20 11:10:45,21,Completed,3.5
1367,1983,144,2024-04-02 19:13:00,2024-04-02 19:58:00,45,Refund Processed,
1368,1984,177,2023-12-07 21:42:10,2023-12-07 22:04:10,22,Refund Processed,
1369,1986,238,2024-03-21 19:07:36,2024-03-21 19:57:36,50,Completed,3.0
1370,1987,39,2024-11-14 14:27:44,2024-11-14 14:46:44,19,Completed,3.8
1371,1990,22,2024-10-16 19:11:00,2024-10-16 19:35:00,24,Completed,4.8
1372,1991,106,2023-05-21 20:10:54,2023-05-21 20:35:54,25,Completed,2.7
1373,1993,291,2023-08-10 19:35:12,2023-08-10 20:19:12,44,Refund Processed,
1374,1994,89,2024-01-22 09:53:18,2024-01-22 10:37:18,44,Completed,4.7
1375,1995,176,2023-07-25 19:38:29,2023-07-25 20:27:29,49,Completed,4.2
1376,1997,216,2024-10-04 21:02:58,2024-10-04 21:35:58,33,Completed,4.2
1377,1998,271,2024-05-14 19:38:50,2024-05-14 20:20:50,42,Refund Processed,
1378,1999,147,2023-12-31 14:34:53,2023-12-31 15:07:53,33,Refund Processed,
1379,2000,192,2023-08-09 15:04:28,2023-08-09 15:34:28,30,Completed,4.4
1380,2002,183,2024-07-09 22:07:29,2024-07-09 22:29:29,22,Refund Processed,
1381,2003,276,2024-12-07 22:40:55,2024-12-07 23:25:55,45,Completed,4.5
1382,2004,130,2024-06-21 21:13:14,2024-06-21 22:01:14,48,Completed,3.2
1383,2005,135,2024-05-02 22:59:43,2024-05-02 23:24:43,25,Completed,3.8
1384,2006,7,2024-05-01 22:52:34,2024-05-01 23:34:34,42,Completed,4.1
1385,2009,113,2024-03-02 05:10:47,2024-03-02 05:52:47,42,Completed,3.5
1386,2010,113,2023-06-23 14:12:09,2023-06-23 14:47:09,35,Refund Processed,
1387,2012,175,2023-11-16 04:54:35,2023-11-16 05:41:35,47,Completed,2.9
1388,2016,104,2024-05-05 13:36:25,2024-05-05 14:01:25,25,Completed,2.8
1389,2017,56,2023-12-22 19:44:11,2023-12-22 20:23:11,39,Completed,2.8
1390,2019,43,2023-10-14 12:40:06,2023-10-14 13:10:06,30,Completed,3.2
1391,2020,3,2023-09-12 09:53:14,2023-09-12 10:17:14,24,Completed,4.4
1392,2021,183,2024-09-02 12:40:23,2024-09-02 13:24:23,44,Completed,4.3
1393,2022,57,2024-07-09 11:57:47,2024-07-09 12:41:47,44,Completed,3.1
1394,2023,178,2023-10-07 12:36:48,2023-10-07 13:09:48,33,Refund Processed,
1395,2024,84,2023-07-06 16:42:42,2023-07-06 17:16:42,34,Refund Processed,
1396,2025,291,2024-09-19 21:35:40,2024-09-19 22:17:40,42,Completed,3.0
1397,2026,47,2023-09-27 00:44:58,2023-09-27 01:24:58,40,Refund Processed,
1398,2027,87,2023-10-04 09:12:10,2023-10-04 10:04:10,52,Completed,3.3
1399,2028,265,2023-12-08 13:50:06,2023-12-08 14:29:06,39,Completed,2.6
1400,2029,263,2023-11-13 03:00:57,2023-11-13 03:51:57,51,Completed,2.6
1401,2030,30,2024-04-20 00:09:36,2024-04-20 00:31:36,22,Completed,4.2
1402,2033,205,2023-02-21 18:54:46,2023-02-21 19:39:46,45,Completed,4.1
1403,2034,41,2023-09-03 21:28:29,2023-09-03 22:21:29,53,Completed,2.8
1404,2035,151,2023-02-17 21:05:08,2023-02-17 21:25:08,20,Completed,3.3
1405,2036,242,2023-04-29 11:57:43,2023-04-29 12:51:43,54,Completed,2.8
1406,2037,218,2023-07-20 21:08:53,2023-07-20 21:45:53,37,Completed,3.5
1407,2038,125,2023-05-29 21:10:41,2023-05-29 21:29:41,19,Completed,4.5
1408,2039,182,2024-03-29 23:19:04,2024-03-30 00:05:04,46,Completed,3.1
1409,2041,115,2024-10-01 20:03:48,2024-10-01 20:56:48,53,Completed,3.3
1410,2042,45,2023-06-03 18:03:30,2023-06-03 18:27:30,24,Refund Processed,
1411,2043,207,2024-09-29 18:57:45,2024-09-29 19:27:45,30,Completed,2.7
1412,2044,241,2023-04-09 21:30:02,2023-04-09 22:09:02,39,Completed,2.6
1413,2045,290,2023-09-24 11:44:11,2023-09-24 12:22:11,38,Completed,3.6
1414,2046,143,2024-10-24 09:33:13,2024-10-24 10:20:13,47,Refund Processed,
1415,2048,183,2023-09-21 19:40:04,2023-09-21 20:35:04,55,Refund Processed,
1416,2049,147,2023-09-21 19:56:19,2023-09-21 20:22:19,26,Completed,4.5
1417,2050,9,2024-02-12 10:24:46,2024-02-12 11:12:46,48,Completed,3.3
1418,2052,271,2024-09-02 17:17:08,2024-09-02 17:53:08,36,Completed,3.6
1419,2053,266,2023-09-02 15:02:18,2023-09-02 15:52:18,50,Completed,2.9
1420,2054,223,2023-09-22 19:01:45,2023-09-22 19:41:45,40,Completed,3.8
1421,2055,181,2024-02-26 16:48:38,2024-02-26 17:29:38,41,Completed,3.6
1422,2056,204,2023-10-23 18:00:40,2023-10-23 18:54:40,54,Completed,4.1
1423,2057,178,2023-12-25 08:53:52,2023-12-25 09:19:52,26,Refund Processed,
1424,2058,117,2024-04-22 18:38:22,2024-04-22 19:02:22,24,Completed,4.8
1425,2059,273,2024-03-17 20:23:28,2024-03-17 21:06:28,43,Completed,4.5
1426,2060,290,2024-05-25 13:34:43,2024-05-25 14:21:43,47,Refund Processed,
1427,2061,103,2024-12-09 14:23:53,2024-12-09 14:46:53,23,Completed,3.6
1428,2063,194,2023-01-03 20:25:16,2023-01-03 20:45:16,20,Completed,2.6
1429,2064,288,2023-09-19 09:20:57,2023-09-19 09:44:57,24,Completed,3.7
1430,2065,95,2024-06-21 21:41:47,2024-06-21 22:18:47,37,Completed,2.6
1431,2066,161,2024-10-07 14:38:28,2024-10-07 15:09:28,31,Completed,3.9
1432,2067,290,2024-07-22 14:08:03,2024-07-22 14:41:03,33,Completed,2.8
1433,2068,80,2024-01-18 22:06:20,2024-01-18 22:28:20,22,Completed,4.6
1434,2069,284,2023-06-27 14:21:31,2023-06-27 14:37:31,16,Completed,2.9
1435,2070,177,2023-07-23 21:43:50,2023-07-23 22:16:50,33,Completed,2.9
1436,2072,257,2023-09-19 03:07:12,2023-09-19 04:02:12,55,Completed,2.7
1437,2074,28,2023-02-25 12:24:27,2023-02-25 13:11:27,47,Completed,4.8
1438,2076,273,2023-07-05 13:50:23,2023-07-05 14:41:23,51,Completed,4.3
1439,2082,192,2024-12-15 20:42:15,2024-12-15 21:33:15,51,Completed,4.0
1440,2084,82,2024-08-18 00:44:36,2024-08-18 01:36:36,52,Completed,2.9
1441,2085,162,2024-01-28 21:02:37,2024-01-28 21:41:37,39,Completed,2.8
1442,2086,296,2023-09-03 14:08:14,2023-09-03 14:34:14,26,Refund Processed,
1443,2087,112,2023-05-29 13:39:05,2023-05-29 13:58:05,19,Completed,4.6
1444,2088,187,2023-06-08 14:13:12,2023-06-08 14:40:12,27,Completed,4.6
1445,2090,207,2023-09-19 23:11:05,2023-09-20 00:05:05,54,Completed,2.5
1446,2091,138,2023-07-03 20:13:51,2023-07-03 21:01:51,48,Completed,3.5
1447,2093,2,2023-05-06 21:50:14,2023-05-06 22:08:14,18,Completed,2.9
1448,2094,44,2024-05-27 21:45:03,2024-05-27 22:18:03,33,Completed,4.8
1449,2095,257,2023-11-12 16:33:14,2023-11-12 17:15:14,42,Completed,3.0
1450,2096,133,2024-04-10 09:52:00,2024-04-10 10:47:00,55,Completed,4.6
1451,2097,141,2023-10-08 18:08:41,2023-10-08 18:52:41,44,Completed,3.7
1452,2098,250,2024-05-07 09:22:10,2024-05-07 09:44:10,22,Completed,3.9
1453,2099,300,2023-10-13 20:11:19,2023-10-13 20:59:19,48,Completed,3.1
1454,2100,111,2023-04-02 19:13:50,2023-04-02 19:38:50,25,Refund Processed,
1455,2104,219,2024-03-17 09:48:54,2024-03-17 10:25:54,37,Completed,2.9
1456,2105,26,2024-01-10 19:48:40,2024-01-10 20:21:40,33,Completed,4.3
1457,2106,123,2024-08-22 09:23:02,2024-08-22 09:47:02,24,Completed,3.0
1458,2107,298,2024-09-15 23:20:19,2024-09-16 00:02:19,42,Completed,4.1
1459,2108,154,2024-12-26 14:02:59,2024-12-26 14:24:59,22,Completed,4.2
1460,2109,252,2023-09-17 12:11:27,2023-09-17 12:26:27,15,Completed,3.1
1461,2110,104,2024-11-03 17:34:57,2024-11-03 17:49:57,15,Completed,4.6
1462,2112,64,2023-08-22 09:20:48,2023-08-22 10:10:48,50,Refund Processed,
1463,2113,292,2024-07-04 23:11:31,2024-07-04 23:35:31,24,Completed,4.7
1464,2114,282,2024-09-07 20:26:38,2024-09-07 21:05:38,39,Refund Processed,
1465,2116,245,2023-01-18 21:06:25,2023-01-18 21:41:25,35,Completed,3.1
1466,2118,293,2023-04-18 15:20:42,2023-04-18 16:01:42,41,Completed,2.6
1467,2119,167,2023-07-28 13:11:11,2023-07-28 13:42:11,31,Completed,4.5
1468,2120,156,2023-12-16 18:39:18,2023-12-16 19:24:18,45,Completed,4.5
1469,2122,35,2024-04-13 20:57:58,2024-04-13 21:45:58,48,Completed,2.6
1470,2123,264,2024-01-31 18:41:30,2024-01-31 19:32:30,51,Completed,4.2
1471,2125,74,2023-06-01 00:55:28,2023-06-01 01:21:28,26,Completed,3.8
1472,2126,107,2024-12-15 18:46:19,2024-12-15 19:27:19,41,Refund Processed,
1473,2128,175,2024-05-27 13:33:40,2024-05-27 13:49:40,16,Completed,3.7
1474,2130,30,2023-01-25 13:28:29,2023-01-25 13:52:29,24,Completed,3.4
1475,2131,276,2024-09-03 20:00:55,2024-09-03 20:26:55,26,Completed,3.9
1476,2132,80,2024-10-13 10:22:53,2024-10-13 11:01:53,39,Completed,3.8
1477,2133,247,2023-12-23 11:25:02,2023-12-23 12:12:02,47,Refund Processed,
1478,2135,118,2023-05-02 14:34:38,2023-05-02 15:20:38,46,Completed,2.6
1479,2136,132,2023-01-13 13:24:40,2023-01-13 14:13:40,49,Refund Processed,
1480,2137,273,2023-09-11 20:18:37,2023-09-11 20:42:37,24,Completed,2.9
1481,2139,261,2023-09-29 08:31:02,2023-09-29 09:16:02,45,Completed,2.9
1482,2140,150,2023-04-10 17:18:35,2023-04-10 18:08:35,50,Completed,4.7
1483,2141,204,2024-11-10 22:32:48,2024-11-10 23:21:48,49,Refund Processed,
1484,2142,51,2023-06-03 12:54:13,2023-06-03 13:14:13,20,Completed,3.8
1485,2145,257,2024-04-30 12:34:11,2024-04-30 13:18:11,44,Completed,3.1
1486,2147,269,2023-05-30 15:59:14,2023-05-30 16:37:14,38,Completed,3.3
1487,2148,271,2024-09-20 09:53:00,2024-09-20 10:21:00,28,Completed,2.5
1488,2149,81,2024-11-30 11:39:50,2024-11-30 12:07:50,28,Completed,4.4
1489,2150,155,2023-07-30 20:50:21,2023-07-30 21:07:21,17,Completed,4.0
1490,2152,188,2024-05-25 22:33:07,2024-05-25 22:59:07,26,Completed,5.0
1491,2154,284,2024-01-04 12:38:14,2024-01-04 13:02:14,24,Completed,3.9
1492,2155,67,2023-02-26 21:45:58,2023-02-26 22:39:58,54,Completed,3.5
1493,2156,83,2024-07-12 19:29:25,2024-07-12 20:10:25,41,Completed,3.0
1494,2158,220,2023-02-15 16:25:01,2023-02-15 16:40:01,15,Refund Processed,
1495,2159,175,2023-11-28 13:46:24,2023-11-28 14:35:24,49,Refund Processed,
1496,2160,123,2024-12-11 20:13:33,2024-12-11 21:08:33,55,Completed,2.6
1497,2161,135,2024-05-18 19:35:55,2024-05-18 19:57:55,22,Completed,4.2
1498,2163,186,2023-09-15 20:38:01,2023-09-15 21:19:01,41,Completed,2.9
1499,2164,174,2023-01-15 19:32:26,2023-01-15 20:03:26,31,Completed,2.8
1500,2168,7,2024-06-15 09:45:59,2024-06-15 10:06:59,21,Completed,3.1
1501,2169,299,2024-02-19 21:43:52,2024-02-19 22:26:52,43,Completed,3.3
1502,2170,231,2023-08-11 04:34:10,2023-08-11 05:18:10,44,Completed,3.5
1503,2172,149,2024-02-08 18:19:34,2024-02-08 19:07:34,48,Refund Processed,
1504,2173,288,2023-10-25 13:58:25,2023-10-25 14:43:25,45,Completed,3.2
1505,2174,191,2024-12-16 19:26:17,2024-12-16 20:04:17,38,Completed,3.9
1506,2178,165,2023-06-10 15:44:46,2023-06-10 16:13:46,29,Refund Processed,
1507,2179,44,2023-07-03 20:16:39,2023-07-03 21:06:39,50,Refund Processed,
1508,2180,290,2023-07-01 15:17:58,2023-07-01 15:46:58,29,Completed,2.6
1509,2181,63,2023-10-16 13:16:26,2023-10-16 14:03:26,47,Completed,2.8
1510,2183,79,2023-09-02 22:12:10,2023-09-02 22:52:10,40,Completed,4.6
1511,2184,125,2024-10-01 21:01:29,2024-10-01 21:34:29,33,Completed,4.8
1512,2185,225,2024-12-04 19:19:50,2024-12-04 19:40:50,21,Completed,3.4
1513,2186,170,2024-05-03 18:38:48,2024-05-03 18:54:48,16,Completed,3.5
1514,2187,65,2024-05-18 19:04:13,2024-05-18 19:59:13,55,Completed,4.3
1515,2190,115,2023-01-13 14:07:11,2023-01-13 14:56:11,49,Refund Processed,
1516,2191,211,2023-01-11 10:01:25,2023-01-11 10:42:25,41,Completed,2.5
1517,2192,182,2024-02-27 10:58:32,2024-02-27 11:50:32,52,Completed,2.8
1518,2195,228,2024-08-27 21:19:48,2024-08-27 22:10:48,51,Completed,4.3
1519,2196,159,2024-04-05 13:46:39,2024-04-05 14:40:39,54,Completed,4.1
1520,2199,67,2024-12-11 21:24:40,2024-12-11 22:06:40,42,Completed,4.9
1521,2200,55,2023-10-31 12:27:37,2023-10-31 13:19:37,52,Completed,4.6
1522,2203,154,2023-08-29 01:55:43,2023-08-29 02:49:43,54,Completed,4.7
1523,2204,188,2023-11-12 21:52:31,2023-11-12 22:38:31,46,Completed,4.0
1524,2205,140,2023-02-23 15:45:53,2023-02-23 16:24:53,39,Completed,4.4
1525,2207,142,2023-11-25 12:54:52,2023-11-25 13:27:52,33,Completed,2.8
1526,2210,80,2024-04-16 07:56:13,2024-04-16 08:36:13,40,Completed,2.8
1527,2211,123,2023-10-31 13:27:42,2023-10-31 14:16:42,49,Completed,4.3
1528,2212,102,2024-02-13 18:43:01,2024-02-13 19:20:01,37,Completed,3.5
1529,2214,144,2023-10-10 15:14:44,2023-10-10 15:42:44,28,Completed,3.9
1530,2215,9,2023-02-12 21:34:33,2023-02-12 22:21:33,47,Completed,4.5
1531,2216,143,2024-10-18 19:27:14,2024-10-18 20:11:14,44,Completed,3.9
1532,2218,261,2024-09-08 19:25:05,2024-09-08 19:45:05,20,Completed,4.9
1533,2219,197,2024-08-08 20:54:07,2024-08-08 21:24:07,30,Completed,3.2
1534,2220,18,2024-04-18 11:07:46,2024-04-18 11:42:46,35,Completed,3.7
1535,2221,40,2024-10-10 16:37:34,2024-10-10 17:15:34,38,Completed,3.5
1536,2222,181,2024-11-22 09:36:27,2024-11-22 10:11:27,35,Completed,5.0
1537,2223,123,2024-10-21 22:43:45,2024-10-21 23:13:45,30,Completed,3.5
1538,2224,30,2024-08-05 19:29:47,2024-08-05 20:10:47,41,Refund Processed,
1539,2225,116,2023-01-23 12:09:03,2023-01-23 12:42:03,33,Completed,4.7
1540,2226,132,2024-05-03 07:53:01,2024-05-03 08:22:01,29,Completed,3.0
1541,2228,175,2024-06-27 23:33:38,2024-06-28 00:23:38,50,Completed,3.1
1542,2229,79,2024-05-03 12:48:02,2024-05-03 13:03:02,15,Completed,4.7
1543,2231,240,2024-08-31 01:42:52,2024-08-31 02:29:52,47,Refund Processed,
1544,2232,282,2024-03-12 12:38:08,2024-03-12 13:28:08,50,Completed,2.7
1545,2233,243,2023-12-12 13:45:51,2023-12-12 14:06:51,21,Completed,4.4
1546,2234,280,2024-03-29 20:14:56,2024-03-29 20:48:56,34,Refund Processed,
1547,2235,245,2023-06-24 12:46:11,2023-06-24 13:41:11,55,Completed,4.9
1548,2236,193,2023-09-18 15:49:16,2023-09-18 16:09:16,20,Completed,3.4
1549,2238,264,2024-04-02 19:12:00,2024-04-02 19:44:00,32,Completed,3.6
1550,2239,209,2024-09-03 22:51:41,2024-09-03 23:45:41,54,Completed,4.6
1551,2240,267,2024-06-26 13:59:07,2024-06-26 14:46:07,47,Completed,4.4
1552,2241,30,2024-08-03 18:10:32,2024-08-03 18:46:32,36,Completed,4.2
1553,2242,278,2024-05-26 13:12:27,2024-05-26 14:07:27,55,Completed,3.1
1554,2243,124,2024-05-29 18:55:48,2024-05-29 19:47:48,52,Completed,4.6
1555,2244,98,2023-10-16 21:46:36,2023-10-16 22:34:36,48,Completed,3.2
1556,2245,45,2024-08-25 08:43:23,2024-08-25 09:03:23,20,Completed,4.5
1557,2246,103,2024-11-06 22:10:02,2024-11-06 23:05:02,55,Completed,4.2
1558,2247,216,2023-09-28 13:05:12,2023-09-28 13:51:12,46,Completed,2.6
1559,2248,220,2023-02-06 07:35:47,2023-02-06 08:25:47,50,Completed,3.1
1560,2249,243,2024-01-05 18:43:46,2024-01-05 19:30:46,47,Refund Processed,
1561,2251,51,2023-11-10 00:22:34,2023-11-10 00:39:34,17,Completed,3.6
1562,2252,279,2024-09-16 18:34:53,2024-09-16 19:00:53,26,Completed,3.0
1563,2253,269,2024-10-16 15:40:09,2024-10-16 16:34:09,54,Completed,2.8
1564,2255,144,2024-01-26 08:53:01,2024-01-26 09:35:01,42,Completed,3.1
1565,2257,275,2024-07-07 10:29:08,2024-07-07 11:07:08,38,Completed,4.8
1566,2258,74,2024-12-20 14:07:36,2024-12-20 14:59:36,52,Completed,4.0
1567,2259,8,2024-11-17 14:25:28,2024-11-17 15:00:28,35,Completed,4.4
1568,2260,144,2023-09-17 15:44:06,2023-09-17 16:27:06,43,Completed,2.9
1569,2264,28,2023-09-07 12:52:52,2023-09-07 13:09:52,17,Completed,4.5
1570,2265,250,2024-02-14 18:13:41,2024-02-14 18:59:41,46,Completed,4.5
1571,2266,35,2023-07-10 14:50:38,2023-07-10 15:12:38,22,Refund Processed,
1572,2267,151,2024-08-03 06:37:33,2024-08-03 06:54:33,17,Completed,4.0
1573,2269,35,2024-11-14 11:17:45,2024-11-14 11:34:45,17,Completed,4.3
1574,2270,201,2023-01-17 13:49:48,2023-01-17 14:05:48,16,Completed,3.0
1575,2273,102,2024-07-17 08:48:37,2024-07-17 09:33:37,45,Completed,3.0
1576,2274,277,2024-10-23 07:37:17,2024-10-23 08:14:17,37,Completed,4.9
1577,2275,192,2023-01-25 14:58:01,2023-01-25 15:17:01,19,Completed,4.0
1578,2279,45,2023-09-05 19:47:16,2023-09-05 20:23:16,36,Completed,4.7
1579,2282,261,2024-02-12 15:38:06,2024-02-12 16:22:06,44,Completed,2.7
1580,2285,291,2023-08-17 13:15:52,2023-08-17 13:44:52,29,Completed,3.8
1581,2286,105,2024-11-26 22:24:59,2024-11-26 23:08:59,44,Completed,3.7
1582,2289,197,2024-01-02 09:54:29,2024-01-02 10:46:29,52,Completed,5.0
1583,2292,109,2024-01-21 14:19:27,2024-01-21 14:41:27,22,Completed,4.2
1584,2293,196,2024-07-15 00:03:11,2024-07-15 00:49:11,46,Completed,2.8
1585,2294,42,2023-11-17 20:47:29,2023-11-17 21:04:29,17,Completed,2.9
1586,2295,283,2023-09-20 14:31:48,2023-09-20 15:18:48,47,Completed,3.6
1587,2296,175,2024-03-12 01:37:38,2024-03-12 02:05:38,28,Completed,2.8
1588,2297,109,2024-10-04 17:20:42,2024-10-04 18:02:42,42,Completed,4.3
1589,2298,37,2024-06-28 08:36:52,2024-06-28 09:13:52,37,Completed,3.9
1590,2299,291,2024-02-21 10:21:15,2024-02-21 10:56:15,35,Refund Processed,
1591,2300,12,2024-02-02 14:22:11,2024-02-02 15:06:11,44,Completed,4.9
1592,2301,40,2024-02-11 21:40:59,2024-02-11 22:11:59,31,Completed,3.9
1593,2302,158,2024-08-28 18:45:15,2024-08-28 19:16:15,31,Refund Processed,
1594,2303,176,2024-01-30 19:29:16,2024-01-30 20:11:16,42,Completed,4.6
1595,2304,132,2023-10-12 16:43:40,2023-10-12 17:29:40,46,Completed,4.9
1596,2305,107,2024-01-19 18:06:51,2024-01-19 18:36:51,30,Refund Processed,
1597,2306,241,2023-03-06 12:15:55,2023-03-06 12:41:55,26,Completed,2.9
1598,2307,69,2024-08-21 21:29:22,2024-08-21 22:19:22,50,Completed,3.0
1599,2308,233,2023-05-26 10:54:47,2023-05-26 11:38:47,44,Completed,4.2
1600,2309,194,2023-03-09 21:40:13,2023-03-09 22:14:13,34,Completed,3.0
1601,2310,266,2023-06-15 22:34:51,2023-06-15 23:19:51,45,Completed,4.9
1602,2311,182,2023-08-08 13:51:57,2023-08-08 14:18:57,27,Completed,2.8
1603,2314,51,2024-01-16 11:54:31,2024-01-16 12:11:31,17,Completed,3.9
1604,2315,9,2023-08-27 05:33:16,2023-08-27 06:17:16,44,Completed,3.4
1605,2316,243,2023-09-10 14:37:13,2023-09-10 15:30:13,53,Completed,4.8
1606,2317,116,2023-05-11 18:30:57,2023-05-11 18:48:57,18,Completed,4.5
1607,2319,163,2023-04-17 21:37:52,2023-04-17 22:06:52,29,Refund Processed,
1608,2322,70,2023-04-21 13:09:08,2023-04-21 14:03:08,54,Refund Processed,
1609,2323,187,2024-04-24 17:15:00,2024-04-24 17:47:00,32,Completed,4.3
1610,2324,240,2024-12-16 11:58:02,2024-12-16 12:36:02,38,Completed,5.0
1611,2325,260,2024-06-17 16:41:52,2024-06-17 17:18:52,37,Completed,4.8
1612,2326,293,2024-12-08 13:50:39,2024-12-08 14:19:39,29,Completed,3.4
1613,2327,134,2023-09-19 02:56:32,2023-09-19 03:19:32,23,Completed,2.6
1614,2328,297,2023-01-25 07:59:40,2023-01-25 08:40:40,41,Completed,3.1
1615,2331,297,2023-01-12 20:35:36,2023-01-12 20:53:36,18,Completed,4.2
1616,2332,42,2023-06-11 21:32:06,2023-06-11 22:22:06,50,Completed,3.4
1617,2333,193,2023-02-27 14:01:17,2023-02-27 14:43:17,42,Completed,4.0
1618,2334,53,2024-05-19 00:49:38,2024-05-19 01:21:38,32,Completed,4.0
1619,2335,140,2024-03-10 11:47:41,2024-03-10 12:29:41,42,Completed,2.6
1620,2337,255,2024-10-23 19:55:10,2024-10-23 20:35:10,40,Refund Processed,
1621,2339,145,2023-12-03 10:22:21,2023-12-03 11:14:21,52,Completed,4.2
1622,2341,82,2023-11-21 20:40:56,2023-11-21 20:57:56,17,Completed,2.8
1623,2342,107,2024-02-28 08:55:23,2024-02-28 09:27:23,32,Completed,5.0
1624,2343,138,2023-08-15 21:53:54,2023-08-15 22:36:54,43,Completed,3.6
1625,2345,147,2023-06-21 11:33:18,2023-06-21 12:23:18,50,Completed,3.4
1626,2347,74,2024-03-30 15:22:41,2024-03-30 16:06:41,44,Completed,4.2
1627,2352,34,2024-04-29 21:23:08,2024-04-29 22:02:08,39,Completed,3.6
1628,2354,151,2024-06-05 21:11:24,2024-06-05 21:59:24,48,Completed,3.7
1629,2355,203,2024-02-16 14:25:51,2024-02-16 14:52:51,27,Completed,4.9
1630,2357,210,2024-10-04 16:57:31,2024-10-04 17:48:31,51,Completed,5.0
1631,2358,125,2024-09-14 07:56:30,2024-09-14 08:31:30,35,Completed,3.3
1632,2359,148,2024-04-26 21:58:57,2024-04-26 22:39:57,41,Completed,3.9
1633,2360,66,2023-12-10 13:45:31,2023-12-10 14:19:31,34,Completed,4.0
1634,2361,272,2024-11-11 10:01:23,2024-11-11 10:56:23,55,Completed,3.7
1635,2363,8,2023-12-24 21:55:17,2023-12-24 22:21:17,26,Refund Processed,
1636,2365,80,2023-09-16 14:06:41,2023-09-16 14:27:41,21,Completed,4.5
1637,2367,65,2023-08-02 12:58:32,2023-08-02 13:41:32,43,Completed,2.8
1638,2368,282,2024-04-18 06:04:14,2024-04-18 06:38:14,34,Completed,4.0
1639,2369,43,2024-07-12 16:09:20,2024-07-12 16:35:20,26,Completed,4.6
1640,2371,108,2024-07-06 21:50:37,2024-07-06 22:09:37,19,Completed,4.8
1641,2372,79,2023-06-12 17:01:04,2023-06-12 17:44:04,43,Completed,3.0
1642,2373,209,2024-10-09 19:48:07,2024-10-09 20:20:07,32,Completed,2.6
1643,2374,12,2023-12-28 03:25:05,2023-12-28 04:11:05,46,Completed,2.9
1644,2375,275,2023-01-15 15:27:25,2023-01-15 16:08:25,41,Refund Processed,
1645,2378,7,2024-08-25 13:34:00,2024-08-25 13:52:00,18,Refund Processed,
1646,2379,74,2023-12-11 17:06:12,2023-12-11 17:33:12,27,Completed,3.2
1647,2382,47,2023-03-14 11:41:40,2023-03-14 12:06:40,25,Completed,2.6
1648,2384,272,2023-06-08 11:03:40,2023-06-08 11:51:40,48,Completed,2.7
1649,2385,84,2024-12-19 21:21:55,2024-12-19 21:59:55,38,Refund Processed,
1650,2386,174,2023-02-17 22:39:31,2023-02-17 23:11:31,32,Completed,3.8
1651,2388,103,2023-11-17 21:03:40,2023-11-17 21:19:40,16,Completed,4.5
1652,2389,267,2024-12-22 18:23:07,2024-12-22 18:40:07,17,Completed,2.8
1653,2391,256,2023-06-07 10:15:48,2023-06-07 10:34:48,19,Completed,4.4
1654,2393,114,2023-08-31 22:17:52,2023-08-31 22:43:52,26,Refund Processed,
1655,2394,235,2023-10-12 19:32:48,2023-10-12 20:04:48,32,Completed,3.3
1656,2396,198,2024-12-15 10:26:02,2024-12-15 11:11:02,45,Completed,2.8
1657,2397,231,2024-08-11 20:14:29,2024-08-11 21:00:29,46,Completed,3.6
1658,2398,105,2024-01-19 12:27:23,2024-01-19 12:54:23,27,Completed,3.5
1659,2399,252,2024-12-04 20:18:50,2024-12-04 20:38:50,20,Refund Processed,
1660,2400,289,2023-12-22 22:05:02,2023-12-22 22:23:02,18,Completed,3.6
1661,2402,108,2024-03-16 19:11:04,2024-03-16 19:46:04,35,Refund Processed,
1662,2403,236,2023-04-10 02:41:13,2023-04-10 03:27:13,46,Completed,3.9
1663,2405,300,2023-07-23 08:10:59,2023-07-23 08:56:59,46,Completed,3.6
1664,2406,37,2023-11-24 20:23:30,2023-11-24 20:42:30,19,Completed,4.3
1665,2407,157,2024-01-12 13:33:12,2024-01-12 13:57:12,24,Completed,4.0
1666,2408,212,2024-02-15 09:27:59,2024-02-15 10:19:59,52,Completed,4.6
1667,2410,21,2023-10-01 16:00:28,2023-10-01 16:28:28,28,Refund Processed,
1668,2411,165,2023-07-04 20:02:39,2023-07-04 20:23:39,21,Completed,3.3
1669,2412,36,2023-12-14 03:10:13,2023-12-14 03:44:13,34,Completed,2.9
1670,2414,43,2024-12-06 20:14:22,2024-12-06 21:02:22,48,Refund Processed,
1671,2416,116,2024-05-26 20:10:29,2024-05-26 20:44:29,34,Completed,4.8
1672,2417,266,2024-01-17 18:42:02,2024-01-17 19:17:02,35,Refund Processed,
1673,2418,206,2023-08-18 13:01:01,2023-08-18 13:30:01,29,Completed,4.9
1674,2419,41,2023-04-03 11:03:33,2023-04-03 11:50:33,47,Completed,3.9
1675,2420,135,2023-03-01 20:09:31,2023-03-01 20:40:31,31,Completed,4.3
1676,2421,3,2024-11-02 22:27:16,2024-11-02 23:21:16,54,Completed,4.2
1677,2422,191,2023-08-24 23:01:32,2023-08-24 23:22:32,21,Completed,2.8
1678,2423,263,2024-07-19 14:04:05,2024-07-19 14:30:05,26,Completed,4.6
1679,2424,298,2023-06-30 20:59:50,2023-06-30 21:19:50,20,Completed,3.6
1680,2425,288,2023-10-17 18:50:13,2023-10-17 19:18:13,28,Completed,3.7
1681,2427,277,2023-05-27 17:53:06,2023-05-27 18:47:06,54,Completed,4.6
1682,2429,182,2024-02-20 19:42:55,2024-02-20 20:23:55,41,Completed,4.2
1683,2430,74,2023-12-24 21:02:59,2023-12-24 21:35:59,33,Completed,4.4
1684,2432,60,2024-05-01 06:43:32,2024-05-01 07:33:32,50,Completed,4.9
1685,2433,107,2024-06-29 13:56:45,2024-06-29 14:37:45,41,Completed,3.2
1686,2434,260,2023-06-17 23:00:34,2023-06-17 23:21:34,21,Completed,3.2
1687,2435,269,2023-05-18 15:07:13,2023-05-18 15:49:13,42,Completed,4.8
1688,2436,149,2023-09-30 19:34:08,2023-09-30 19:49:08,15,Completed,3.9
1689,2437,254,2024-09-24 13:50:29,2024-09-24 14:26:29,36,Completed,4.0
1690,2438,65,2024-09-10 14:48:01,2024-09-10 15:29:01,41,Completed,3.0
1691,2440,238,2024-03-09 13:51:40,2024-03-09 14:44:40,53,Refund Processed,
1692,2443,248,2024-08-09 13:10:31,2024-08-09 13:33:31,23,Completed,2.9
1693,2444,90,2023-11-20 10:00:22,2023-11-20 10:42:22,42,Completed,4.1
1694,2445,120,2024-07-05 22:02:28,2024-07-05 22:21:28,19,Refund Processed,
1695,2447,67,2024-07-16 17:30:07,2024-07-16 17:49:07,19,Completed,3.1
1696,2448,293,2023-09-21 20:43:03,2023-09-21 21:24:03,41,Completed,2.8
1697,2449,63,2023-12-20 12:08:17,2023-12-20 12:50:17,42,Completed,3.3
1698,2450,15,2023-01-03 00:43:27,2023-01-03 01:13:27,30,Completed,4.7
1699,2451,130,2024-07-25 21:54:34,2024-07-25 22:26:34,32,Completed,4.4
1700,2453,40,2024-11-05 15:52:26,2024-11-05 16:09:26,17,Completed,3.7
1701,2454,299,2024-10-24 16:39:05,2024-10-24 17:26:05,47,Completed,4.6
1702,2456,54,2024-03-22 22:18:36,2024-03-22 23:13:36,55,Completed,4.0
1703,2457,262,2023-06-29 21:41:12,2023-06-29 22:17:12,36,Completed,3.9
1704,2459,43,2023-08-16 20:11:56,2023-08-16 20:48:56,37,Refund Processed,
1705,2460,284,2024-11-30 04:18:02,2024-11-30 04:45:02,27,Completed,4.9
1706,2465,92,2024-12-26 12:07:10,2024-12-26 12:36:10,29,Completed,4.7
1707,2466,113,2023-01-27 12:44:24,2023-01-27 13:24:24,40,Completed,3.7
1708,2467,162,2023-04-20 22:29:59,2023-04-20 23:04:59,35,Completed,3.4
1709,2468,88,2023-06-03 14:10:40,2023-06-03 14:51:40,41,Completed,3.1
1710,2470,34,2024-10-25 10:20:21,2024-10-25 10:58:21,38,Completed,3.5
1711,2471,194,2023-08-15 22:07:34,2023-08-15 22:32:34,25,Completed,3.6
1712,2472,240,2024-07-28 22:46:33,2024-07-28 23:34:33,48,Refund Processed,
1713,2473,260,2024-07-20 12:49:32,2024-07-20 13:24:32,35,Completed,2.6
1714,2474,240,2023-06-18 13:37:26,2023-06-18 13:56:26,19,Completed,4.2
1715,2475,277,2024-03-18 08:55:58,2024-03-18 09:21:58,26,Completed,4.1
1716,2476,218,2024-07-06 13:41:08,2024-07-06 14:27:08,46,Completed,2.7
1717,2477,299,2024-02-19 21:28:34,2024-02-19 21:50:34,22,Completed,3.0
1718,2479,61,2024-12-15 18:22:42,2024-12-15 18:56:42,34,Completed,3.9
1719,2480,237,2023-06-23 16:52:16,2023-06-23 17:21:16,29,Completed,2.8
1720,2481,194,2024-07-18 18:04:04,2024-07-18 18:35:04,31,Completed,2.5
1721,2482,117,2023-12-16 20:14:44,2023-12-16 20:59:44,45,Completed,2.7
1722,2484,232,2024-07-01 14:40:23,2024-07-01 15:08:23,28,Completed,3.2
1723,2485,280,2024-12-02 15:10:40,2024-12-02 16:05:40,55,Completed,3.7
1724,2489,236,2024-12-24 02:04:16,2024-12-24 02:59:16,55,Completed,3.6
1725,2490,61,2023-09-04 09:31:20,2023-09-04 10:02:20,31,Refund Processed,
1726,2491,113,2023-11-02 19:02:16,2023-11-02 19:56:16,54,Completed,4.1
1727,2493,181,2024-06-19 20:44:11,2024-06-19 21:16:11,32,Completed,4.1
1728,2494,277,2023-04-14 20:28:01,2023-04-14 20:59:01,31,Completed,4.7
1729,2497,188,2023-10-17 15:34:55,2023-10-17 16:09:55,35,Refund Processed,
1730,2498,157,2024-02-21 13:42:36,2024-02-21 14:26:36,44,Completed,2.6
1731,2499,79,2023-09-18 17:11:11,2023-09-18 17:53:11,42,Completed,3.0
1732,2500,181,2024-08-18 22:11:27,2024-08-18 23:03:27,52,Completed,4.7
1733,2501,50,2023-01-17 19:50:16,2023-01-17 20:28:16,38,Completed,3.7
1734,2502,24,2023-07-13 09:45:54,2023-07-13 10:00:54,15,Completed,4.0
1735,2503,293,2024-02-05 23:58:35,2024-02-06 00:37:35,39,Completed,3.9
1736,2504,213,2024-12-30 14:29:47,2024-12-30 14:46:47,17,Refund Processed,
1737,2506,115,2024-07-22 12:14:12,2024-07-22 12:44:12,30,Completed,3.7
1738,2508,147,2023-06-23 19:59:26,2023-06-23 20:19:26,20,Completed,3.3
1739,2510,265,2023-09-22 23:01:48,2023-09-22 23:26:48,25,Completed,2.9
1740,2511,266,2023-07-23 09:37:14,2023-07-23 09:53:14,16,Completed,3.8
1741,2512,13,2024-05-09 12:39:34,2024-05-09 13:31:34,52,Refund Processed,
1742,2514,96,2024-08-06 11:52:57,2024-08-06 12:13:57,21,Completed,3.7
1743,2516,204,2023-11-11 17:34:27,2023-11-11 17:49:27,15,Completed,3.0
1744,2517,12,2024-08-19 12:13:15,2024-08-19 12:42:15,29,Refund Processed,
1745,2518,149,2023-05-11 09:23:41,2023-05-11 09:59:41,36,Completed,4.4
1746,2519,182,2023-10-11 21:26:51,2023-10-11 21:57:51,31,Completed,3.1
1747,2521,216,2024-10-18 20:16:34,2024-10-18 20:39:34,23,Completed,2.7
1748,2522,224,2024-07-12 13:29:03,2024-07-12 14:14:03,45,Completed,3.0
1749,2524,263,2024-12-25 12:40:16,2024-12-25 13:35:16,55,Completed,3.0
1750,2526,183,2024-10-19 07:10:36,2024-10-19 07:29:36,19,Completed,3.6
1751,2527,181,2024-05-20 12:23:29,2024-05-20 13:11:29,48,Completed,3.7
1752,2528,61,2023-08-06 19:52:35,2023-08-06 20:40:35,48,Completed,3.4
1753,2529,249,2023-04-24 11:18:54,2023-04-24 11:40:54,22,Completed,4.7
1754,2530,65,2023-05-15 23:03:50,2023-05-15 23:31:50,28,Completed,4.3
1755,2532,122,2024-10-22 21:25:14,2024-10-22 22:05:14,40,Completed,4.3
1756,2534,140,2023-04-15 09:51:03,2023-04-15 10:35:03,44,Completed,3.4
1757,2535,81,2024-08-17 12:56:49,2024-08-17 13:27:49,31,Completed,4.9
1758,2537,208,2023-03-09 14:08:21,2023-03-09 14:35:21,27,Completed,3.9
1759,2538,92,2023-09-26 19:05:15,2023-09-26 19:39:15,34,Completed,4.5
1760,2539,275,2023-07-28 19:40:43,2023-07-28 20:27:43,47,Completed,4.7
1761,2540,211,2023-07-19 13:44:32,2023-07-19 14:23:32,39,Completed,3.2
1762,2541,178,2023-11-24 11:32:23,2023-11-24 11:52:23,20,Refund Processed,
1763,2542,6,2024-06-07 21:28:36,2024-06-07 22:05:36,37,Completed,3.4
1764,2544,134,2023-06-02 11:04:18,2023-06-02 11:21:18,17,Completed,4.5
1765,2545,89,2023-07-26 14:31:30,2023-07-26 15:25:30,54,Completed,2.6
1766,2548,46,2024-12-13 21:02:31,2024-12-13 21:55:31,53,Refund Processed,
1767,2549,175,2023-09-20 08:50:39,2023-09-20 09:12:39,22,Refund Processed,
1768,2551,127,2024-08-03 16:32:35,2024-08-03 17:12:35,40,Completed,4.9
1769,2554,224,2024-07-22 14:28:20,2024-07-22 15:22:20,54,Completed,4.0
1770,2556,54,2024-09-04 00:18:15,2024-09-04 01:06:15,48,Completed,4.7
1771,2558,151,2023-08-27 10:10:00,2023-08-27 10:30:00,20,Completed,4.2
1772,2559,91,2024-08-23 16:39:40,2024-08-23 17:22:40,43,Completed,4.5
1773,2560,143,2023-01-13 21:37:55,2023-01-13 22:19:55,42,Completed,3.4
1774,2562,255,2024-09-03 08:32:11,2024-09-03 09:06:11,34,Refund Processed,
1775,2563,193,2023-10-18 12:42:04,2023-10-18 13:21:04,39,Completed,3.9
1776,2567,30,2023-10-30 13:44:42,2023-10-30 14:09:42,25,Refund Processed,
1777,2568,184,2023-12-16 09:15:19,2023-12-16 09:45:19,30,Completed,3.9
1778,2569,122,2023-08-08 09:48:41,2023-08-08 10:39:41,51,Completed,3.8
1779,2571,240,2023-03-23 20:34:40,2023-03-23 21:02:40,28,Completed,2.7
1780,2572,256,2024-05-29 22:34:46,2024-05-29 23:07:46,33,Completed,2.9
1781,2573,298,2024-02-26 14:58:16,2024-02-26 15:15:16,17,Refund Processed,
1782,2575,90,2023-12-30 13:59:43,2023-12-30 14:18:43,19,Completed,2.7
1783,2578,47,2023-03-15 21:01:34,2023-03-15 21:24:34,23,Completed,3.6
1784,2581,67,2024-06-04 13:16:20,2024-06-04 13:44:20,28,Completed,4.8
1785,2582,115,2023-11-21 13:31:10,2023-11-21 14:05:10,34,Completed,4.1
1786,2583,103,2023-09-14 13:07:45,2023-09-14 13:35:45,28,Completed,4.2
1787,2584,183,2024-12-01 18:32:54,2024-12-01 18:53:54,21,Completed,4.1
1788,2587,124,2024-09-19 22:15:10,2024-09-19 22:53:10,38,Completed,2.8
1789,2588,280,2024-05-25 14:15:02,2024-05-25 14:35:02,20,Completed,4.6
1790,2590,120,2023-02-09 07:30:13,2023-02-09 07:46:13,16,Completed,4.5
1791,2592,48,2023-12-08 10:36:08,2023-12-08 11:23:08,47,Completed,2.9
1792,2593,80,2023-07-21 09:22:40,2023-07-21 10:11:40,49,Completed,4.0
1793,2594,47,2024-02-28 19:10:44,2024-02-28 19:59:44,49,Completed,2.5
1794,2595,226,2023-03-25 09:39:38,2023-03-25 10:05:38,26,Completed,3.8
1795,2596,16,2024-02-02 18:38:15,2024-02-02 19:05:15,27,Completed,3.1
1796,2597,32,2023-11-11 14:07:35,2023-11-11 14:54:35,47,Completed,4.2
1797,2601,190,2023-07-09 09:29:46,2023-07-09 10:12:46,43,Completed,3.0
1798,2602,28,2024-10-11 18:51:25,2024-10-11 19:19:25,28,Refund Processed,
1799,2605,212,2024-06-25 13:37:41,2024-06-25 14:12:41,35,Refund Processed,
1800,2607,238,2024-06-08 09:10:04,2024-06-08 09:41:04,31,Completed,4.1
1801,2608,16,2024-12-11 22:54:22,2024-12-11 23:39:22,45,Completed,3.5
1802,2610,8,2024-05-05 21:00:30,2024-05-05 21:35:30,35,Completed,2.6
1803,2611,130,2023-09-21 09:35:18,2023-09-21 10:30:18,55,Completed,2.7
1804,2612,50,2024-06-25 22:59:41,2024-06-25 23:23:41,24,Completed,3.9
1805,2615,186,2024-11-04 17:45:24,2024-11-04 18:04:24,19,Completed,3.0
1806,2616,134,2023-02-02 23:14:31,2023-02-02 23:58:31,44,Completed,5.0
1807,2617,197,2024-06-08 13:17:32,2024-06-08 13:32:32,15,Completed,3.9
1808,2621,82,2024-04-13 10:33:35,2024-04-13 11:26:35,53,Completed,3.0
1809,2622,124,2024-05-20 21:48:08,2024-05-20 22:21:08,33,Completed,2.9
1810,2625,56,2024-04-20 00:32:58,2024-04-20 01:09:58,37,Completed,3.3
1811,2626,34,2023-08-03 14:22:58,2023-08-03 15:02:58,40,Completed,4.1
1812,2629,92,2023-02-20 18:13:34,2023-02-20 18:49:34,36,Completed,3.7
1813,2630,170,2024-02-12 16:26:27,2024-02-12 16:44:27,18,Completed,4.1
1814,2631,53,2023-04-23 12:03:39,2023-04-23 12:37:39,34,Completed,3.0
1815,2633,174,2023-11-16 19:20:19,2023-11-16 20:10:19,50,Completed,3.7
1816,2634,170,2023-09-21 12:13:15,2023-09-21 12:40:15,27,Completed,3.0
1817,2637,65,2024-10-17 11:50:49,2024-10-17 12:13:49,23,Completed,4.1
1818,2638,84,2024-01-21 19:35:27,2024-01-21 20:26:27,51,Completed,4.4
1819,2640,59,2024-09-03 09:59:35,2024-09-03 10:28:35,29,Completed,4.4
1820,2641,297,2024-07-22 22:07:10,2024-07-22 22:33:10,26,Completed,2.6
1821,2642,291,2023-01-20 03:34:49,2023-01-20 04:07:49,33,Completed,3.3
1822,2643,184,2023-06-27 23:08:39,2023-06-27 23:58:39,50,Completed,3.9
1823,2647,247,2023-04-29 19:32:00,2023-04-29 20:21:00,49,Refund Processed,
1824,2648,137,2023-09-14 21:53:33,2023-09-14 22:08:33,15,Completed,2.8
1825,2649,70,2024-11-21 05:46:25,2024-11-21 06:19:25,33,Completed,3.6
1826,2650,108,2023-11-16 09:07:18,2023-11-16 09:51:18,44,Completed,4.8
1827,2651,89,2024-03-25 18:51:30,2024-03-25 19:06:30,15,Refund Processed,
1828,2655,257,2024-04-25 19:17:55,2024-04-25 20:07:55,50,Completed,3.5
1829,2656,134,2024-09-12 22:07:16,2024-09-12 22:55:16,48,Completed,3.4
1830,2658,257,2024-07-14 12:20:52,2024-07-14 12:43:52,23,Completed,2.6
1831,2659,163,2023-05-01 23:02:43,2023-05-01 23:34:43,32,Completed,3.4
1832,2660,240,2023-07-06 18:42:23,2023-07-06 19:13:23,31,Completed,3.0
1833,2662,158,2023-05-26 12:50:31,2023-05-26 13:33:31,43,Completed,3.7
1834,2663,146,2024-06-06 13:48:17,2024-06-06 14:08:17,20,Completed,4.9
1835,2665,287,2023-08-13 21:37:41,2023-08-13 22:22:41,45,Completed,5.0
1836,2667,256,2024-02-07 13:55:23,2024-02-07 14:45:23,50,Completed,4.1
1837,2668,82,2023-03-01 20:28:39,2023-03-01 20:52:39,24,Refund Processed,
1838,2669,20,2024-05-05 19:36:55,2024-05-05 20:28:55,52,Completed,3.7
1839,2670,1,2024-12-20 12:20:51,2024-12-20 12:36:51,16,Completed,4.3
1840,2671,119,2024-10-16 07:48:15,2024-10-16 08:22:15,34,Completed,3.2
1841,2672,130,2024-07-28 20:40:59,2024-07-28 21:29:59,49,Completed,4.4
1842,2673,109,2023-07-12 14:51:13,2023-07-12 15:06:13,15,Completed,3.3
1843,2674,182,2023-06-22 14:48:28,2023-06-22 15:17:28,29,Completed,3.9
1844,2675,133,2023-01-21 05:48:22,2023-01-21 06:27:22,39,Completed,4.8
1845,2676,106,2024-10-02 00:07:25,2024-10-02 00:37:25,30,Completed,3.4
1846,2677,273,2023-04-16 14:28:45,2023-04-16 14:45:45,17,Completed,3.5
1847,2679,299,2023-09-10 00:38:01,2023-09-10 01:18:01,40,Completed,3.7
1848,2681,114,2023-06-09 20:25:22,2023-06-09 20:57:22,32,Completed,4.8
1849,2683,237,2024-03-02 20:24:22,2024-03-02 20:55:22,31,Completed,4.4
1850,2684,126,2024-09-20 22:27:43,2024-09-20 23:01:43,34,Completed,4.7
1851,2685,297,2024-01-29 18:37:27,2024-01-29 18:58:27,21,Completed,4.9
1852,2687,92,2023-06-18 19:11:05,2023-06-18 19:39:05,28,Completed,4.0
1853,2688,49,2024-05-11 23:25:43,2024-05-11 23:55:43,30,Completed,4.6
1854,2690,109,2024-04-10 20:16:38,2024-04-10 20:49:38,33,Completed,4.3
1855,2691,262,2023-08-22 12:50:14,2023-08-22 13:25:14,35,Completed,4.7
1856,2692,277,2023-06-18 11:30:17,2023-06-18 12:19:17,49,Refund Processed,
1857,2693,89,2023-06-25 19:33:59,2023-06-25 20:08:59,35,Completed,3.2
1858,2694,24,2023-06-09 11:24:59,2023-06-09 12:17:59,53,Completed,4.5
1859,2695,118,2024-12-05 14:45:31,2024-12-05 15:38:31,53,Completed,4.8
1860,2696,162,2024-04-13 22:08:52,2024-04-13 22:43:52,35,Completed,2.8
1861,2698,291,2023-05-02 19:29:08,2023-05-02 19:58:08,29,Completed,2.8
1862,2699,138,2024-09-28 14:47:38,2024-09-28 15:19:38,32,Completed,3.3
1863,2700,16,2023-09-13 07:24:52,2023-09-13 07:49:52,25,Completed,3.4
1864,2702,16,2024-08-19 15:02:20,2024-08-19 15:52:20,50,Refund Processed,
1865,2704,137,2024-09-29 10:41:29,2024-09-29 11:17:29,36,Completed,2.8
1866,2705,122,2023-08-25 14:25:24,2023-08-25 15:11:24,46,Completed,3.8
1867,2706,222,2023-07-14 18:47:38,2023-07-14 19:02:38,15,Completed,3.5
1868,2707,141,2023-10-26 09:11:39,2023-10-26 09:48:39,37,Completed,4.8
1869,2708,184,2023-08-27 15:22:04,2023-08-27 15:44:04,22,Completed,4.7
1870,2709,5,2023-01-17 15:42:27,2023-01-17 16:03:27,21,Completed,3.3
1871,2711,150,2023-05-30 01:51:45,2023-05-30 02:20:45,29,Completed,5.0
1872,2712,212,2024-12-26 05:21:04,2024-12-26 06:02:04,41,Completed,4.2
1873,2713,277,2024-03-05 16:42:28,2024-03-05 17:30:28,48,Completed,3.6
1874,2714,127,2023-11-06 12:36:11,2023-11-06 13:29:11,53,Completed,4.6
1875,2715,95,2023-10-05 16:15:03,2023-10-05 17:01:03,46,Completed,3.8
1876,2718,196,2023-05-21 18:58:06,2023-05-21 19:25:06,27,Completed,2.8
1877,2720,205,2023-04-29 19:37:55,2023-04-29 19:59:55,22,Completed,2.7
1878,2721,189,2024-11-09 21:31:09,2024-11-09 22:04:09,33,Completed,4.8
1879,2723,165,2024-10-04 16:56:01,2024-10-04 17:19:01,23,Completed,4.0
1880,2725,49,2023-04-26 15:26:14,2023-04-26 16:12:14,46,Completed,2.6
1881,2726,169,2024-07-27 19:33:26,2024-07-27 20:24:26,51,Completed,4.6
1882,2727,289,2024-04-19 18:42:37,2024-04-19 19:28:37,46,Completed,4.7
1883,2728,213,2023-10-26 23:50:37,2023-10-27 00:22:37,32,Completed,4.2
1884,2729,136,2024-07-23 18:50:21,2024-07-23 19:36:21,46,Completed,4.7
1885,2730,189,2023-08-24 13:26:59,2023-08-24 14:16:59,50,Completed,3.5
1886,2732,165,2023-10-21 15:01:36,2023-10-21 15:17:36,16,Completed,3.3
1887,2733,270,2023-05-22 15:47:22,2023-05-22 16:18:22,31,Completed,2.9
1888,2734,155,2023-12-30 08:41:28,2023-12-30 09:31:28,50,Completed,4.0
1889,2735,175,2024-01-08 00:34:34,2024-01-08 01:27:34,53,Completed,3.6
1890,2736,49,2024-10-21 15:46:26,2024-10-21 16:39:26,53,Completed,3.6
1891,2738,151,2024-05-02 17:11:28,2024-05-02 17:35:28,24,Completed,3.7
1892,2740,64,2023-03-27 16:08:18,2023-03-27 16:56:18,48,Completed,2.9
1893,2741,119,2023-12-13 19:08:21,2023-12-13 19:38:21,30,Completed,3.0
1894,2742,283,2024-03-18 18:39:32,2024-03-18 19:01:32,22,Completed,4.0
1895,2744,87,2024-02-23 12:55:13,2024-02-23 13:28:13,33,Completed,4.5
1896,2745,297,2023-07-12 20:56:22,2023-07-12 21:38:22,42,Completed,3.8
1897,2748,101,2024-09-30 21:57:42,2024-09-30 22:36:42,39,Refund Processed,
1898,2750,54,2024-05-22 10:36:48,2024-05-22 11:18:48,42,Completed,4.1
1899,2751,224,2024-02-03 09:11:09,2024-02-03 09:29:09,18,Completed,2.6
1900,2752,186,2023-08-12 19:56:25,2023-08-12 20:13:25,17,Completed,3.6
1901,2753,45,2024-04-30 13:47:51,2024-04-30 14:22:51,35,Completed,4.0
1902,2754,118,2024-01-26 11:46:10,2024-01-26 12:08:10,22,Completed,4.0
1903,2756,241,2023-12-18 23:44:11,2023-12-19 00:28:11,44,Completed,4.4
1904,2758,144,2023-08-22 22:42:31,2023-08-22 23:01:31,19,Refund Processed,
1905,2759,284,2024-02-28 20:05:06,2024-02-28 20:59:06,54,Completed,4.4
1906,2760,294,2023-08-22 20:42:47,2023-08-22 21:23:47,41,Completed,3.8
1907,2761,257,2024-07-18 22:40:40,2024-07-18 23:12:40,32,Completed,4.0
1908,2762,48,2024-12-07 13:11:55,2024-12-07 13:43:55,32,Completed,4.6
1909,2763,61,2023-09-29 15:06:30,2023-09-29 15:27:30,21,Completed,3.3
1910,2764,43,2024-08-21 21:01:54,2024-08-21 21:42:54,41,Completed,4.3
1911,2766,117,2024-09-12 10:39:39,2024-09-12 11:04:39,25,Completed,4.3
1912,2767,101,2024-12-30 11:53:32,2024-12-30 12:26:32,33,Completed,3.8
1913,2768,232,2023-05-09 18:48:17,2023-05-09 19:34:17,46,Refund Processed,
1914,2769,84,2024-08-09 12:11:52,2024-08-09 12:26:52,15,Completed,2.6
1915,2770,181,2023-11-17 21:36:50,2023-11-17 22:14:50,38,Completed,3.5
1916,2771,280,2023-10-22 14:36:57,2023-10-22 15:05:57,29,Completed,5.0
1917,2772,98,2023-11-05 22:41:51,2023-11-05 23:08:51,27,Completed,4.3
1918,2773,205,2023-01-24 23:25:05,2023-01-24 23:59:05,34,Completed,3.3
1919,2774,187,2023-08-29 21:23:45,2023-08-29 22:17:45,54,Completed,3.6
1920,2776,52,2023-01-28 07:37:31,2023-01-28 07:52:31,15,Completed,4.5
1921,2777,234,2024-06-18 21:31:15,2024-06-18 22:14:15,43,Completed,3.1
1922,2778,80,2024-06-29 10:10:19,2024-06-29 11:04:19,54,Completed,3.9
1923,2780,82,2023-09-12 20:14:57,2023-09-12 20:57:57,43,Completed,2.6
1924,2781,236,2023-12-21 02:19:06,2023-12-21 02:57:06,38,Refund Processed,
1925,2782,265,2023-11-08 23:21:29,2023-11-09 00:11:29,50,Completed,3.4
1926,2784,81,2024-11-30 19:45:47,2024-11-30 20:23:47,38,Refund Processed,
1927,2785,6,2024-09-25 14:36:38,2024-09-25 14:59:38,23,Completed,2.9
1928,2787,231,2024-04-03 11:50:30,2024-04-03 12:18:30,28,Completed,3.9
1929,2789,221,2023-07-31 14:28:32,2023-07-31 15:23:32,55,Refund Processed,
1930,2790,9,2023-05-13 17:04:08,2023-05-13 17:45:08,41,Completed,3.2
1931,2791,264,2023-12-14 19:27:27,2023-12-14 20:20:27,53,Completed,4.7
1932,2793,43,2024-12-26 12:54:57,2024-12-26 13:43:57,49,Completed,3.0
1933,2795,256,2023-07-17 13:06:14,2023-07-17 13:54:14,48,Completed,3.4
1934,2796,237,2023-12-29 20:28:48,2023-12-29 20:58:48,30,Completed,2.5
1935,2797,45,2024-03-28 17:32:05,2024-03-28 17:51:05,19,Completed,4.4
1936,2798,104,2023-11-20 10:39:46,2023-11-20 11:20:46,41,Completed,2.9
1937,2799,143,2024-10-15 20:03:30,2024-10-15 20:25:30,22,Completed,3.9
1938,2800,237,2024-06-23 19:55:45,2024-06-23 20:35:45,40,Completed,4.3
1939,2801,202,2023-09-08 15:37:14,2023-09-08 16:23:14,46,Refund Processed,
1940,2802,181,2023-08-01 20:53:57,2023-08-01 21:44:57,51,Refund Processed,
1941,2803,78,2023-10-29 21:59:02,2023-10-29 22:47:02,48,Completed,4.0
1942,2804,157,2024-08-03 08:37:21,2024-08-03 09:12:21,35,Completed,2.8
1943,2805,226,2023-03-22 16:01:25,2023-03-22 16:37:25,36,Completed,3.3
1944,2806,42,2023-04-16 19:17:34,2023-04-16 19:34:34,17,Completed,2.7
1945,2808,252,2024-04-04 20:36:42,2024-04-04 21:26:42,50,Completed,2.9
1946,2809,65,2024-12-10 21:52:30,2024-12-10 22:40:30,48,Completed,3.3
1947,2810,236,2023-12-03 20:09:23,2023-12-03 21:03:23,54,Completed,4.6
1948,2812,224,2024-03-22 19:09:45,2024-03-22 20:04:45,55,Completed,2.8
1949,2813,207,2024-02-10 15:49:50,2024-02-10 16:44:50,55,Completed,4.1
1950,2814,281,2023-07-11 18:48:54,2023-07-11 19:06:54,18,Completed,3.4
1951,2815,111,2023-11-05 23:48:53,2023-11-06 00:05:53,17,Completed,3.2
1952,2816,218,2023-02-18 21:52:21,2023-02-18 22:23:21,31,Completed,2.9
1953,2817,264,2024-09-23 21:27:16,2024-09-23 22:15:16,48,Completed,3.9
1954,2818,7,2023-08-20 18:59:39,2023-08-20 19:40:39,41,Completed,4.2
1955,2820,287,2023-04-20 16:47:52,2023-04-20 17:14:52,27,Completed,3.6
1956,2823,293,2023-03-02 02:27:00,2023-03-02 03:20:00,53,Refund Processed,
1957,2825,2,2024-01-12 23:51:49,2024-01-13 00:42:49,51,Completed,4.6
1958,2826,294,2023-12-07 14:11:25,2023-12-07 14:38:25,27,Completed,2.8
1959,2827,41,2024-01-09 10:18:23,2024-01-09 10:33:23,15,Completed,4.8
1960,2828,58,2023-01-11 19:29:47,2023-01-11 20:11:47,42,Completed,4.2
1961,2829,175,2024-07-19 23:14:56,2024-07-20 00:06:56,52,Completed,3.2
1962,2830,170,2024-05-31 12:44:13,2024-05-31 13:11:13,27,Completed,3.1
1963,2831,196,2023-02-23 20:50:25,2023-02-23 21:31:25,41,Completed,2.7
1964,2832,181,2024-08-29 15:18:33,2024-08-29 15:52:33,34,Completed,4.3
1965,2833,57,2024-02-13 10:48:27,2024-02-13 11:37:27,49,Completed,4.3
1966,2834,26,2023-01-31 14:50:59,2023-01-31 15:34:59,44,Completed,2.8
1967,2835,192,2023-06-18 12:30:52,2023-06-18 12:54:52,24,Completed,4.0
1968,2836,107,2023-12-09 15:29:14,2023-12-09 16:13:14,44,Completed,3.6
1969,2838,41,2023-12-02 12:20:35,2023-12-02 12:54:35,34,Refund Processed,
1970,2839,173,2024-01-28 09:27:30,2024-01-28 09:47:30,20,Completed,3.9
1971,2841,10,2023-03-22 14:49:29,2023-03-22 15:11:29,22,Completed,3.7
1972,2842,57,2023-06-20 19:15:40,2023-06-20 19:44:40,29,Completed,4.0
1973,2845,222,2024-05-09 18:26:54,2024-05-09 18:47:54,21,Completed,3.0
1974,2846,189,2024-09-23 10:37:11,2024-09-23 11:29:11,52,Completed,2.7
1975,2849,200,2023-09-27 19:32:38,2023-09-27 20:10:38,38,Completed,2.7
1976,2852,273,2024-09-13 23:39:51,2024-09-14 00:12:51,33,Refund Processed,
1977,2853,60,2024-07-09 15:28:26,2024-07-09 16:23:26,55,Completed,4.7
1978,2854,70,2023-01-05 21:12:07,2023-01-05 21:32:07,20,Completed,4.7
1979,2855,63,2023-07-30 08:59:11,2023-07-30 09:17:11,18,Completed,2.6
1980,2857,239,2024-07-18 12:32:43,2024-07-18 12:52:43,20,Completed,4.2
1981,2859,60,2024-01-01 12:41:42,2024-01-01 13:16:42,35,Completed,2.5
1982,2862,212,2024-02-17 09:58:00,2024-02-17 10:27:00,29,Completed,3.8
1983,2863,3,2023-01-17 09:50:12,2023-01-17 10:34:12,44,Completed,3.9
1984,2864,172,2023-07-30 20:29:55,2023-07-30 20:49:55,20,Completed,4.6
1985,2865,204,2023-02-11 18:57:01,2023-02-11 19:12:01,15,Completed,3.8
1986,2866,261,2024-04-19 08:23:46,2024-04-19 08:47:46,24,Completed,3.8
1987,2867,85,2024-05-24 16:39:23,2024-05-24 17:12:23,33,Completed,4.8
1988,2868,299,2023-12-05 11:05:00,2023-12-05 11:24:00,19,Completed,3.2
1989,2869,183,2023-11-25 09:55:28,2023-11-25 10:44:28,49,Completed,3.0
1990,2870,249,2023-11-27 16:19:46,2023-11-27 17:04:46,45,Completed,2.8
1991,2871,228,2024-11-04 20:07:41,2024-11-04 20:24:41,17,Refund Processed,
1992,2873,100,2023-07-05 19:31:34,2023-07-05 20:26:34,55,Refund Processed,
1993,2874,295,2024-02-26 19:34:20,2024-02-26 20:13:20,39,Completed,3.8
1994,2875,26,2024-04-25 14:50:38,2024-04-25 15:38:38,48,Completed,4.1
1995,2876,117,2023-05-24 06:52:13,2023-05-24 07:16:13,24,Completed,4.9
1996,2877,115,2024-11-28 13:12:26,2024-11-28 14:05:26,53,Completed,2.9
1997,2879,266,2024-06-30 20:29:12,2024-06-30 21:17:12,48,Completed,4.6
1998,2885,214,2023-05-01 19:14:14,2023-05-01 19:59:14,45,Completed,2.8
1999,2886,149,2024-12-08 15:54:58,2024-12-08 16:27:58,33,Completed,3.1
2000,2887,219,2024-02-19 20:39:28,2024-02-19 21:25:28,46,Completed,5.0
2001,2888,151,2023-04-23 14:51:36,2023-04-23 15:08:36,17,Completed,4.6
2002,2889,70,2023-12-06 17:53:52,2023-12-06 18:40:52,47,Completed,3.2
2003,2890,111,2023-08-22 20:40:34,2023-08-22 21:24:34,44,Refund Processed,
2004,2891,47,2023-05-19 13:31:36,2023-05-19 14:07:36,36,Completed,4.1
2005,2892,264,2023-12-27 19:18:31,2023-12-27 20:00:31,42,Completed,4.8
2006,2894,199,2023-04-01 12:02:26,2023-04-01 12:56:26,54,Completed,3.1
2007,2895,116,2023-04-11 04:24:14,2023-04-11 04:57:14,33,Completed,2.8
2008,2896,183,2023-06-14 10:16:56,2023-06-14 11:09:56,53,Refund Processed,
2009,2898,170,2023-01-25 06:53:40,2023-01-25 07:25:40,32,Refund Processed,
2010,2900,69,2023-12-14 22:09:08,2023-12-14 22:39:08,30,Completed,2.7
2011,2901,245,2023-04-01 08:17:19,2023-04-01 08:49:19,32,Completed,4.9
2012,2902,9,2023-11-04 14:18:01,2023-11-04 14:37:01,19,Completed,2.7
2013,2903,272,2024-05-15 20:08:48,2024-05-15 20:37:48,29,Completed,4.3
2014,2905,12,2023-10-05 04:59:12,2023-10-05 05:47:12,48,Completed,4.7
2015,2907,277,2024-04-25 22:28:21,2024-04-25 23:05:21,37,Completed,2.8
2016,2908,80,2024-08-27 11:46:48,2024-08-27 12:09:48,23,Completed,4.6
2017,2909,264,2023-08-02 19:45:45,2023-08-02 20:38:45,53,Completed,4.2
2018,2910,176,2024-02-07 08:40:12,2024-02-07 09:00:12,20,Completed,4.6
2019,2912,231,2023-01-06 21:39:40,2023-01-06 22:33:40,54,Completed,4.0
2020,2913,104,2023-03-02 20:53:59,2023-03-02 21:25:59,32,Completed,3.6
2021,2914,204,2024-08-03 19:16:30,2024-08-03 20:02:30,46,Refund Processed,
2022,2916,192,2024-06-14 22:13:04,2024-06-14 22:49:04,36,Completed,3.8
2023,2919,210,2024-06-29 10:32:42,2024-06-29 10:47:42,15,Completed,3.5
2024,2921,57,2024-11-24 18:02:13,2024-11-24 18:45:13,43,Refund Processed,
2025,2922,249,2023-09-13 11:52:29,2023-09-13 12:17:29,25,Completed,4.5
2026,2923,232,2023-11-16 18:19:28,2023-11-16 18:53:28,34,Completed,3.1
2027,2924,130,2024-03-26 22:47:38,2024-03-26 23:36:38,49,Refund Processed,
2028,2926,89,2024-12-11 13:52:43,2024-12-11 14:33:43,41,Completed,2.7
2029,2928,298,2023-05-04 19:03:00,2023-05-04 19:54:00,51,Completed,4.4
2030,2929,229,2023-10-26 10:14:24,2023-10-26 10:57:24,43,Completed,3.4
2031,2930,186,2023-07-06 18:30:26,2023-07-06 19:02:26,32,Completed,2.7
2032,2931,87,2023-03-26 14:08:27,2023-03-26 14:52:27,44,Completed,2.9
2033,2932,299,2024-09-21 14:23:13,2024-09-21 14:46:13,23,Completed,2.8
2034,2933,12,2024-06-08 11:55:31,2024-06-08 12:46:31,51,Completed,4.1
2035,2934,120,2024-03-13 22:11:29,2024-03-13 22:54:29,43,Completed,4.1
2036,2935,38,2024-02-16 20:49:57,2024-02-16 21:29:57,40,Completed,3.4
2037,2936,88,2023-06-29 15:09:31,2023-06-29 16:01:31,52,Completed,4.1
2038,2938,34,2023-01-29 14:51:54,2023-01-29 15:41:54,50,Completed,3.7
2039,2940,239,2024-05-12 19:45:25,2024-05-12 20:35:25,50,Refund Processed,
2040,2941,219,2023-07-24 20:53:58,2023-07-24 21:08:58,15,Completed,2.6
2041,2942,113,2024-03-07 21:55:30,2024-03-07 22:14:30,19,Completed,3.5
2042,2944,129,2023-09-27 20:59:43,2023-09-27 21:16:43,17,Completed,2.6
2043,2945,208,2024-01-27 19:45:49,2024-01-27 20:17:49,32,Completed,4.7
2044,2946,206,2023-01-13 21:26:44,2023-01-13 22:17:44,51,Completed,3.8
2045,2947,189,2023-11-23 14:43:00,2023-11-23 15:24:00,41,Completed,3.2
2046,2948,228,2024-02-13 23:01:14,2024-02-13 23:33:14,32,Completed,2.8
2047,2949,206,2023-10-24 22:22:18,2023-10-24 22:37:18,15,Completed,3.1
2048,2953,7,2023-01-23 19:49:56,2023-01-23 20:17:56,28,Completed,4.0
2049,2954,186,2023-07-09 06:31:47,2023-07-09 07:07:47,36,Refund Processed,
2050,2955,205,2023-07-15 17:47:21,2023-07-15 18:25:21,38,Completed,3.4
2051,2956,69,2024-06-06 22:50:09,2024-06-06 23:35:09,45,Completed,2.7
2052,2958,43,2023-12-17 16:00:44,2023-12-17 16:18:44,18,Completed,4.0
2053,2959,96,2024-10-17 06:25:40,2024-10-17 07:12:40,47,Completed,4.3
2054,2960,171,2023-11-07 11:59:56,2023-11-07 12:48:56,49,Completed,4.1
2055,2961,258,2023-06-21 19:42:49,2023-06-21 20:21:49,39,Completed,3.9
2056,2962,179,2023-03-21 15:10:24,2023-03-21 16:01:24,51,Completed,3.3
2057,2963,297,2023-07-26 20:04:30,2023-07-26 20:46:30,42,Completed,3.9
2058,2964,120,2024-01-19 13:25:44,2024-01-19 13:58:44,33,Completed,3.0
2059,2965,137,2024-12-28 18:15:14,2024-12-28 19:05:14,50,Refund Processed,
2060,2968,234,2023-08-20 13:29:11,2023-08-20 14:09:11,40,Completed,4.7
2061,2969,206,2023-03-31 20:56:09,2023-03-31 21:44:09,48,Completed,3.4
2062,2970,75,2024-08-06 20:34:34,2024-08-06 21:26:34,52,Completed,3.3
2063,2971,258,2023-12-21 07:53:19,2023-12-21 08:35:19,42,Completed,4.9
2064,2972,10,2023-09-09 19:08:30,2023-09-09 19:35:30,27,Completed,4.7
2065,2973,106,2024-01-03 20:25:24,2024-01-03 21:13:24,48,Completed,4.4
2066,2975,169,2023-07-18 21:57:02,2023-07-18 22:20:02,23,Completed,4.8
2067,2976,67,2023-01-12 01:27:12,2023-01-12 01:51:12,24,Refund Processed,
2068,2977,117,2023-12-06 01:28:28,2023-12-06 02:21:28,53,Completed,2.8
2069,2982,223,2024-04-15 19:09:10,2024-04-15 19:36:10,27,Completed,3.7
2070,2983,134,2024-03-02 14:26:16,2024-03-02 15:19:16,53,Completed,4.8
2071,2986,115,2024-03-10 15:58:47,2024-03-10 16:30:47,32,Completed,2.9
2072,2990,288,2023-01-02 22:00:29,2023-01-02 22:52:29,52,Completed,3.0
2073,2992,218,2023-02-22 19:17:38,2023-02-22 19:49:38,32,Completed,4.1
2074,2993,162,2024-01-02 21:59:38,2024-01-02 22:39:38,40,Completed,3.8
2075,2995,79,2023-12-24 22:09:43,2023-12-24 23:01:43,52,Refund Processed,
2076,2996,87,2024-07-01 17:41:53,2024-07-01 18:36:53,55,Completed,4.2
2077,2997,211,2023-01-22 13:43:43,2023-01-22 13:59:43,16,Completed,3.0
2078,2998,28,2023-02-04 09:54:56,2023-02-04 10:43:56,49,Refund Processed,
2079,2999,24,2023-04-11 17:17:04,2023-04-11 18:12:04,55,Completed,3.7
2080,3000,118,2023-07-06 14:52:22,2023-07-06 15:47:22,55,Completed,2.6
2081,3001,269,2024-04-25 21:15:00,2024-04-25 21:58:00,43,Refund Processed,
2082,3002,111,2024-03-12 14:27:15,2024-03-12 14:59:15,32,Completed,2.8
2083,3004,81,2023-07-20 09:11:30,2023-07-20 09:45:30,34,Completed,3.0
2084,3005,106,2024-08-19 07:22:02,2024-08-19 07:42:02,20,Completed,4.0
2085,3007,50,2024-07-16 10:05:08,2024-07-16 10:42:08,37,Completed,4.7
2086,3008,87,2024-06-27 16:31:37,2024-06-27 16:50:37,19,Completed,3.0
2087,3009,264,2023-07-20 14:12:25,2023-07-20 14:34:25,22,Completed,2.7
2088,3010,286,2024-04-14 15:07:26,2024-04-14 15:39:26,32,Refund Processed,
2089,3011,47,2023-03-25 19:16:37,2023-03-25 20:00:37,44,Completed,2.6
2090,3012,54,2024-11-11 09:58:08,2024-11-11 10:16:08,18,Completed,4.0
2091,3013,13,2024-06-10 12:46:01,2024-06-10 13:08:01,22,Completed,3.6
2092,3014,120,2023-02-02 11:51:52,2023-02-02 12:18:52,27,Completed,4.4
2093,3015,32,2024-10-09 23:42:58,2024-10-09 23:58:58,16,Completed,2.8
2094,3017,204,2024-05-20 22:37:20,2024-05-20 23:26:20,49,Completed,4.1
2095,3018,267,2023-04-29 10:48:51,2023-04-29 11:03:51,15,Refund Processed,
2096,3019,96,2024-02-02 19:55:47,2024-02-02 20:19:47,24,Completed,4.5
2097,3020,66,2023-04-25 05:51:31,2023-04-25 06:34:31,43,Completed,2.7
2098,3021,50,2024-04-08 19:30:25,2024-04-08 19:49:25,19,Refund Processed,
2099,3024,127,2023-06-17 15:02:57,2023-06-17 15:24:57,22,Completed,2.8
2100,3026,92,2024-11-08 20:24:56,2024-11-08 20:39:56,15,Completed,3.4
2101,3028,234,2023-10-12 19:46:21,2023-10-12 20:22:21,36,Completed,4.2
2102,3029,112,2023-01-12 18:21:25,2023-01-12 19:12:25,51,Completed,3.8
2103,3030,49,2023-07-28 05:51:15,2023-07-28 06:09:15,18,Completed,4.4
2104,3031,96,2023-12-05 12:09:10,2023-12-05 13:00:10,51,Completed,5.0
2105,3032,119,2024-12-15 07:37:30,2024-12-15 08:08:30,31,Completed,4.3
2106,3034,70,2024-09-29 08:44:22,2024-09-29 09:01:22,17,Completed,5.0
2107,3035,105,2024-04-23 21:14:08,2024-04-23 21:51:08,37,Completed,2.6
2108,3038,43,2023-08-21 20:16:32,2023-08-21 20:44:32,28,Completed,3.1
2109,3039,169,2023-12-05 09:01:17,2023-12-05 09:27:17,26,Completed,3.3
2110,3040,254,2024-01-04 21:12:28,2024-01-04 21:31:28,19,Completed,5.0
2111,3041,57,2023-09-15 13:14:28,2023-09-15 13:53:28,39,Completed,4.0
2112,3045,13,2023-02-24 21:21:57,2023-02-24 21:52:57,31,Completed,5.0
2113,3046,175,2023-04-23 22:26:19,2023-04-23 22:56:19,30,Completed,3.4
2114,3047,231,2023-12-20 23:03:19,2023-12-20 23:32:19,29,Completed,4.6
2115,3048,94,2024-08-14 14:07:17,2024-08-14 14:47:17,40,Completed,4.1
2116,3049,281,2024-02-09 12:52:14,2024-02-09 13:32:14,40,Completed,2.6
2117,3050,258,2024-11-30 07:10:41,2024-11-30 07:36:41,26,Refund Processed,
2118,3051,202,2024-10-02 17:27:24,2024-10-02 17:55:24,28,Completed,3.8
2119,3052,136,2023-09-28 18:31:18,2023-09-28 18:48:18,17,Completed,4.3
2120,3053,146,2023-09-21 14:14:28,2023-09-21 15:02:28,48,Completed,3.8
2121,3055,18,2023-11-18 12:40:32,2023-11-18 13:32:32,52,Completed,3.9
2122,3056,114,2024-09-22 09:03:37,2024-09-22 09:32:37,29,Completed,3.5
2123,3058,210,2023-04-25 20:07:40,2023-04-25 20:52:40,45,Completed,2.9
2124,3059,55,2024-05-17 09:06:55,2024-05-17 09:35:55,29,Completed,3.0
2125,3060,134,2023-10-27 14:06:08,2023-10-27 14:27:08,21,Completed,4.1
2126,3061,204,2023-03-09 20:51:36,2023-03-09 21:20:36,29,Completed,4.3
2127,3062,220,2023-06-18 17:11:29,2023-06-18 17:45:29,34,Completed,4.8
2128,3063,245,2023-07-09 16:29:35,2023-07-09 16:59:35,30,Completed,4.8
2129,3064,84,2023-10-16 20:29:47,2023-10-16 20:47:47,18,Completed,3.9
2130,3066,105,2023-10-28 20:19:34,2023-10-28 21:08:34,49,Completed,2.6
2131,3068,258,2024-05-19 11:59:50,2024-05-19 12:40:50,41,Completed,4.1
2132,3069,132,2023-11-30 10:07:31,2023-11-30 10:47:31,40,Completed,4.3
2133,3070,102,2024-05-22 20:27:22,2024-05-22 21:01:22,34,Completed,3.0
2134,3071,196,2023-10-28 14:58:51,2023-10-28 15:38:51,40,Refund Processed,
2135,3072,294,2024-01-24 23:43:37,2024-01-25 00:22:37,39,Refund Processed,
2136,3073,184,2024-09-27 10:07:38,2024-09-27 11:02:38,55,Completed,4.4
2137,3074,70,2023-08-22 23:45:28,2023-08-23 00:21:28,36,Completed,4.4
2138,3076,241,2024-11-03 18:58:26,2024-11-03 19:22:26,24,Completed,3.7
2139,3078,105,2023-12-29 05:01:24,2023-12-29 05:20:24,19,Refund Processed,
2140,3079,263,2024-09-07 15:17:29,2024-09-07 16:10:29,53,Completed,3.9
2141,3080,103,2024-08-09 22:39:46,2024-08-09 23:25:46,46,Completed,4.3
2142,3082,231,2023-03-02 12:33:38,2023-03-02 12:50:38,17,Refund Processed,
2143,3083,192,2023-01-23 13:40:21,2023-01-23 14:19:21,39,Completed,4.1
2144,3084,209,2023-12-22 13:17:09,2023-12-22 14:06:09,49,Completed,3.8
2145,3085,238,2024-04-27 12:37:44,2024-04-27 12:52:44,15,Completed,4.8
2146,3086,274,2023-04-20 19:35:23,2023-04-20 20:05:23,30,Completed,4.3
2147,3087,180,2024-02-25 13:55:25,2024-02-25 14:11:25,16,Completed,3.4
2148,3088,219,2023-11-17 20:51:07,2023-11-17 21:08:07,17,Completed,3.2
2149,3089,184,2023-10-04 13:08:42,2023-10-04 13:31:42,23,Completed,4.3
2150,3090,7,2023-04-09 19:58:49,2023-04-09 20:13:49,15,Completed,2.6
2151,3093,148,2024-11-25 20:03:34,2024-11-25 20:29:34,26,Completed,3.6
2152,3095,189,2024-12-28 23:59:35,2024-12-29 00:26:35,27,Completed,2.8
2153,3099,148,2023-06-06 12:25:01,2023-06-06 13:03:01,38,Completed,4.4
2154,3101,133,2024-06-22 18:36:27,2024-06-22 18:51:27,15,Completed,2.8
2155,3102,224,2024-06-09 01:27:11,2024-06-09 02:21:11,54,Refund Processed,
2156,3103,260,2024-08-31 18:22:02,2024-08-31 18:49:02,27,Completed,3.6
2157,3105,254,2024-03-06 14:00:57,2024-03-06 14:16:57,16,Completed,4.1
2158,3107,127,2024-10-26 13:43:17,2024-10-26 14:38:17,55,Completed,4.6
2159,3108,16,2024-03-12 19:35:18,2024-03-12 19:55:18,20,Completed,4.4
2160,3109,69,2024-07-03 23:33:00,2024-07-04 00:25:00,52,Completed,3.3
2161,3110,144,2024-03-18 13:29:46,2024-03-18 14:18:46,49,Completed,4.3
2162,3111,34,2024-01-10 19:55:25,2024-01-10 20:43:25,48,Completed,3.9
2163,3112,18,2023-11-19 09:46:38,2023-11-19 10:38:38,52,Completed,4.6
2164,3113,74,2023-07-17 22:08:49,2023-07-17 22:28:49,20,Completed,3.9
2165,3114,143,2024-12-17 21:07:27,2024-12-17 22:01:27,54,Completed,4.2
2166,3118,172,2024-03-02 11:33:10,2024-03-02 12:13:10,40,Refund Processed,
2167,3119,43,2023-07-17 19:58:23,2023-07-17 20:14:23,16,Refund Processed,
2168,3121,242,2023-09-02 19:53:10,2023-09-02 20:47:10,54,Completed,4.1
2169,3122,263,2023-12-31 20:02:02,2023-12-31 20:47:02,45,Completed,3.5
2170,3123,90,2024-12-04 11:46:45,2024-12-04 12:22:45,36,Completed,3.4
2171,3125,40,2023-12-24 21:56:00,2023-12-24 22:42:00,46,Completed,3.3
2172,3126,63,2023-12-31 17:00:39,2023-12-31 17:44:39,44,Refund Processed,
2173,3127,92,2023-09-22 09:18:02,2023-09-22 09:39:02,21,Completed,3.7
2174,3128,223,2024-10-02 14:51:21,2024-10-02 15:45:21,54,Completed,3.6
2175,3129,136,2024-12-28 10:56:28,2024-12-28 11:28:28,32,Completed,4.3
2176,3131,256,2024-03-16 19:04:15,2024-03-16 19:42:15,38,Completed,2.7
2177,3132,61,2024-06-15 08:38:46,2024-06-15 08:53:46,15,Completed,3.6
2178,3133,286,2023-06-27 15:02:08,2023-06-27 15:35:08,33,Completed,3.8
2179,3134,297,2024-01-05 14:29:46,2024-01-05 15:01:46,32,Completed,3.5
2180,3137,118,2023-01-23 21:38:02,2023-01-23 22:13:02,35,Completed,3.5
2181,3139,100,2023-09-28 21:50:08,2023-09-28 22:11:08,21,Completed,4.9
2182,3141,175,2023-09-11 20:29:30,2023-09-11 20:44:30,15,Completed,2.7
2183,3144,162,2024-10-04 13:08:37,2024-10-04 13:29:37,21,Completed,3.5
2184,3145,119,2024-03-29 22:12:39,2024-03-29 23:00:39,48,Completed,2.9
2185,3146,171,2023-12-10 19:07:22,2023-12-10 19:58:22,51,Refund Processed,
2186,3147,28,2024-06-09 19:49:09,2024-06-09 20:06:09,17,Refund Processed,
2187,3151,190,2024-10-26 20:39:54,2024-10-26 20:54:54,15,Completed,4.0
2188,3152,200,2024-06-28 17:51:13,2024-06-28 18:13:13,22,Completed,3.1
2189,3154,70,2023-01-13 20:58:14,2023-01-13 21:37:14,39,Completed,4.3
2190,3156,256,2024-03-12 14:47:35,2024-03-12 15:34:35,47,Completed,4.6
2191,3157,225,2024-03-08 06:51:25,2024-03-08 07:41:25,50,Completed,4.9
2192,3159,280,2024-12-07 08:13:58,2024-12-07 09:08:58,55,Completed,3.9
2193,3160,33,2023-08-29 14:09:44,2023-08-29 14:42:44,33,Refund Processed,
2194,3165,143,2024-12-10 13:00:03,2024-12-10 13:54:03,54,Completed,4.9
2195,3166,132,2023-10-16 20:02:27,2023-10-16 20:42:27,40,Completed,3.0
2196,3167,175,2024-07-13 19:41:00,2024-07-13 19:56:00,15,Completed,4.7
2197,3168,199,2024-05-07 13:20:57,2024-05-07 13:52:57,32,Completed,3.3
2198,3169,115,2023-09-19 21:15:51,2023-09-19 22:02:51,47,Completed,3.6
2199,3171,190,2023-04-19 19:52:17,2023-04-19 20:34:17,42,Completed,3.2
2200,3172,45,2024-02-06 19:43:55,2024-02-06 20:31:55,48,Completed,4.4
2201,3173,106,2023-04-07 08:31:37,2023-04-07 09:10:37,39,Completed,3.3
2202,3175,182,2024-10-23 19:17:37,2024-10-23 19:43:37,26,Completed,2.7
2203,3176,50,2023-06-22 17:47:51,2023-06-22 18:06:51,19,Completed,4.2
2204,3177,2,2023-04-24 14:29:30,2023-04-24 14:47:30,18,Completed,2.6
2205,3178,149,2024-06-14 12:46:43,2024-06-14 13:13:43,27,Completed,4.1
2206,3179,41,2024-11-30 13:24:24,2024-11-30 13:44:24,20,Completed,5.0
2207,3181,260,2023-09-03 19:18:01,2023-09-03 19:47:01,29,Refund Processed,
2208,3182,12,2023-11-20 16:42:45,2023-11-20 17:26:45,44,Completed,2.7
2209,3186,269,2023-06-12 22:14:06,2023-06-12 22:51:06,37,Completed,4.6
2210,3188,231,2023-03-11 00:32:52,2023-03-11 01:11:52,39,Completed,4.1
2211,3189,167,2023-04-24 21:25:13,2023-04-24 21:42:13,17,Completed,3.3
2212,3190,241,2023-11-22 16:40:35,2023-11-22 17:28:35,48,Completed,2.9
2213,3191,77,2023-11-21 17:43:58,2023-11-21 18:00:58,17,Completed,2.7
2214,3192,220,2024-07-21 17:55:04,2024-07-21 18:17:04,22,Completed,3.0
2215,3193,205,2024-03-19 10:21:19,2024-03-19 11:16:19,55,Completed,4.3
2216,3194,204,2023-04-22 15:47:27,2023-04-22 16:14:27,27,Completed,3.1
2217,3195,83,2024-04-23 17:20:01,2024-04-23 17:39:01,19,Completed,4.1
2218,3196,114,2023-11-06 12:17:13,2023-11-06 12:54:13,37,Completed,4.6
2219,3197,33,2024-06-11 17:30:17,2024-06-11 17:55:17,25,Completed,2.7
2220,3198,44,2024-09-07 20:44:28,2024-09-07 21:00:28,16,Completed,2.9
2221,3199,280,2024-05-30 22:39:07,2024-05-30 23:12:07,33,Refund Processed,
2222,3202,212,2023-11-15 12:12:39,2023-11-15 13:04:39,52,Completed,3.8
2223,3204,78,2024-11-16 12:28:00,2024-11-16 12:45:00,17,Completed,4.9
2224,3205,24,2024-05-08 09:59:17,2024-05-08 10:42:17,43,Completed,4.1
2225,3206,117,2024-11-14 14:42:49,2024-11-14 15:04:49,22,Completed,4.9
2226,3207,34,2024-06-03 08:02:50,2024-06-03 08:28:50,26,Completed,3.3
2227,3208,167,2024-10-17 12:00:49,2024-10-17 12:25:49,25,Completed,2.5
2228,3209,227,2023-10-10 20:30:05,2023-10-10 20:46:05,16,Completed,4.1
2229,3210,134,2023-11-29 15:35:49,2023-11-29 15:54:49,19,Completed,4.3
2230,3212,186,2024-02-22 21:18:14,2024-02-22 21:44:14,26,Refund Processed,
2231,3213,194,2023-07-05 16:20:29,2023-07-05 17:07:29,47,Completed,4.4
2232,3214,21,2024-06-06 12:43:18,2024-06-06 13:34:18,51,Completed,3.6
2233,3215,30,2024-03-31 18:31:57,2024-03-31 19:20:57,49,Completed,3.2
2234,3216,16,2023-08-11 12:33:15,2023-08-11 13:00:15,27,Completed,4.7
2235,3217,212,2023-08-29 10:21:49,2023-08-29 10:36:49,15,Completed,4.3
2236,3218,102,2024-06-27 19:33:30,2024-06-27 20:17:30,44,Refund Processed,
2237,3219,78,2024-10-06 12:06:46,2024-10-06 12:24:46,18,Completed,4.1
2238,3222,291,2024-06-05 15:37:39,2024-06-05 16:27:39,50,Completed,3.6
2239,3224,262,2024-04-23 18:09:19,2024-04-23 18:39:19,30,Completed,4.5
2240,3225,136,2024-11-08 22:53:07,2024-11-08 23:40:07,47,Completed,3.0
2241,3226,195,2023-03-14 23:15:40,2023-03-14 23:56:40,41,Completed,4.4
2242,3230,159,2024-05-04 20:43:38,2024-05-04 21:08:38,25,Completed,2.6
2243,3232,225,2024-01-22 14:55:46,2024-01-22 15:45:46,50,Completed,2.9
2244,3234,200,2023-08-29 22:09:35,2023-08-29 22:46:35,37,Refund Processed,
2245,3235,74,2024-02-06 21:57:41,2024-02-06 22:44:41,47,Completed,4.8
2246,3237,266,2023-10-31 13:54:27,2023-10-31 14:44:27,50,Completed,4.3
2247,3238,242,2024-06-21 18:49:35,2024-06-21 19:16:35,27,Completed,2.8
2248,3239,173,2024-10-23 20:27:46,2024-10-23 20:50:46,23,Refund Processed,
2249,3240,174,2023-12-17 11:37:46,2023-12-17 12:07:46,30,Completed,5.0
2250,3241,12,2023-09-06 16:40:28,2023-09-06 16:59:28,19,Refund Processed,
2251,3242,65,2024-10-23 12:17:03,2024-10-23 13:05:03,48,Completed,3.1
2252,3243,141,2023-08-02 21:55:30,2023-08-02 22:16:30,21,Completed,3.1
2253,3246,147,2024-01-01 20:28:37,2024-01-01 21:12:37,44,Completed,4.2
2254,3251,88,2024-09-02 20:53:58,2024-09-02 21:43:58,50,Completed,5.0
2255,3252,180,2023-01-03 17:42:08,2023-01-03 18:04:08,22,Completed,3.3
2256,3253,54,2024-11-21 10:11:30,2024-11-21 10:26:30,15,Refund Processed,
2257,3255,286,2024-02-20 10:16:09,2024-02-20 11:05:09,49,Completed,3.0
2258,3257,201,2024-08-09 08:43:36,2024-08-09 09:24:36,41,Completed,3.8
2259,3259,95,2024-07-14 19:48:29,2024-07-14 20:15:29,27,Refund Processed,
2260,3262,250,2023-11-01 13:52:56,2023-11-01 14:36:56,44,Refund Processed,
2261,3264,200,2024-10-07 10:36:39,2024-10-07 11:21:39,45,Completed,4.9
2262,3265,22,2023-07-19 21:27:10,2023-07-19 21:50:10,23,Completed,3.7
2263,3266,178,2024-04-10 11:48:22,2024-04-10 12:32:22,44,Completed,2.7
2264,3267,290,2024-01-13 17:46:44,2024-01-13 18:07:44,21,Completed,2.7
2265,3268,154,2023-06-12 14:37:03,2023-06-12 15:12:03,35,Completed,2.8
2266,3269,200,2023-10-26 13:16:57,2023-10-26 13:58:57,42,Completed,4.8
2267,3273,50,2023-11-18 14:55:24,2023-11-18 15:30:24,35,Completed,2.5
2268,3274,137,2024-12-30 21:58:14,2024-12-30 22:52:14,54,Completed,4.9
2269,3275,46,2024-07-11 20:41:35,2024-07-11 21:28:35,47,Completed,4.1
2270,3276,74,2024-12-26 00:19:50,2024-12-26 00:34:50,15,Completed,3.7
2271,3277,234,2024-10-21 19:46:53,2024-10-21 20:32:53,46,Completed,3.0
2272,3278,296,2023-10-05 16:50:07,2023-10-05 17:21:07,31,Completed,3.0
2273,3281,178,2024-10-14 14:41:29,2024-10-14 15:03:29,22,Completed,3.3
2274,3282,183,2023-06-15 22:40:49,2023-06-15 23:13:49,33,Completed,3.5
2275,3283,244,2024-11-01 13:48:35,2024-11-01 14:25:35,37,Completed,2.9
2276,3284,8,2023-08-01 22:10:47,2023-08-01 22:48:47,38,Completed,3.9
2277,3285,272,2023-07-01 19:05:49,2023-07-01 19:35:49,30,Completed,3.7
2278,3286,295,2023-04-15 22:52:01,2023-04-15 23:14:01,22,Completed,4.0
2279,3288,276,2024-08-08 20:21:59,2024-08-08 20:41:59,20,Refund Processed,
2280,3289,262,2024-08-21 19:54:29,2024-08-21 20:39:29,45,Completed,3.8
2281,3291,269,2024-12-24 14:21:54,2024-12-24 14:48:54,27,Completed,4.6
2282,3292,143,2024-02-04 13:23:42,2024-02-04 14:17:42,54,Completed,4.2
2283,3293,204,2024-05-20 21:07:33,2024-05-20 21:51:33,44,Completed,3.5
2284,3295,134,2023-07-14 21:12:07,2023-07-14 21:57:07,45,Completed,2.7
2285,3296,278,2024-04-08 16:01:32,2024-04-08 16:20:32,19,Completed,4.7
2286,3297,67,2024-06-12 14:49:16,2024-06-12 15:11:16,22,Completed,4.2
2287,3298,214,2023-08-11 14:25:52,2023-08-11 15:11:52,46,Completed,4.1
2288,3300,200,2023-02-20 14:17:31,2023-02-20 15:11:31,54,Completed,3.5
2289,3301,161,2024-06-19 20:23:41,2024-06-19 21:07:41,44,Completed,2.8
2290,3302,7,2024-06-13 17:22:00,2024-06-13 17:46:00,24,Completed,3.2
2291,3305,113,2024-11-10 16:39:12,2024-11-10 17:07:12,28,Completed,3.1
2292,3306,255,2024-12-03 18:01:33,2024-12-03 18:35:33,34,Completed,2.9
2293,3309,237,2024-10-27 13:35:29,2024-10-27 13:56:29,21,Completed,2.6
2294,3311,229,2024-10-23 21:51:17,2024-10-23 22:38:17,47,Completed,2.8
2295,3312,146,2023-07-17 09:52:47,2023-07-17 10:12:47,20,Completed,3.1
2296,3313,232,2024-04-17 20:25:54,2024-04-17 20:40:54,15,Completed,2.7
2297,3314,173,2024-06-01 16:02:51,2024-06-01 16:24:51,22,Completed,3.1
2298,3316,218,2024-12-21 13:53:05,2024-12-21 14:43:05,50,Completed,3.4
2299,3319,36,2024-05-31 13:48:03,2024-05-31 14:29:03,41,Completed,3.3
2300,3320,214,2023-07-12 14:15:05,2023-07-12 15:10:05,55,Completed,4.4
2301,3321,96,2023-07-26 18:08:36,2023-07-26 18:54:36,46,Completed,3.5
2302,3322,34,2024-06-06 01:26:39,2024-06-06 01:51:39,25,Completed,4.4
2303,3323,188,2023-09-18 20:11:50,2023-09-18 20:41:50,30,Completed,4.6
2304,3325,70,2023-11-25 19:35:55,2023-11-25 20:26:55,51,Completed,3.5
2305,3328,156,2023-09-28 15:50:41,2023-09-28 16:23:41,33,Completed,4.4
2306,3329,204,2023-06-13 13:27:30,2023-06-13 14:17:30,50,Completed,2.6
2307,3330,60,2024-08-11 07:24:03,2024-08-11 07:43:03,19,Completed,4.4
2308,3331,252,2024-05-28 17:44:08,2024-05-28 18:12:08,28,Completed,3.3
2309,3332,87,2023-01-20 10:42:50,2023-01-20 11:26:50,44,Completed,3.3
2310,3333,100,2023-12-29 14:29:55,2023-12-29 15:11:55,42,Completed,4.7
2311,3335,258,2024-10-14 09:32:35,2024-10-14 10:20:35,48,Completed,3.9
2312,3336,192,2023-09-11 10:05:00,2023-09-11 10:31:00,26,Refund Processed,
2313,3337,155,2024-12-16 20:03:08,2024-12-16 20:48:08,45,Completed,3.7
2314,3338,205,2024-05-28 21:44:31,2024-05-28 22:08:31,24,Refund Processed,
2315,3339,122,2024-04-12 19:21:28,2024-04-12 19:39:28,18,Completed,2.8
2316,3340,171,2024-02-20 13:58:53,2024-02-20 14:35:53,37,Completed,4.3
2317,3342,191,2023-06-17 08:00:47,2023-06-17 08:19:47,19,Completed,4.2
2318,3343,115,2023-08-08 13:10:23,2023-08-08 13:51:23,41,Completed,3.4
2319,3345,224,2024-05-09 09:24:11,2024-05-09 10:10:11,46,Completed,3.6
2320,3346,113,2024-02-27 14:34:17,2024-02-27 15:20:17,46,Completed,3.4
2321,3347,108,2023-11-12 21:51:43,2023-11-12 22:16:43,25,Completed,4.6
2322,3348,272,2023-06-16 12:23:45,2023-06-16 12:43:45,20,Completed,3.6
2323,3349,263,2024-04-19 19:23:15,2024-04-19 19:39:15,16,Completed,2.6
2324,3352,214,2023-07-05 14:21:55,2023-07-05 14:48:55,27,Completed,3.9
2325,3353,60,2024-01-09 12:33:40,2024-01-09 13:16:40,43,Completed,4.5
2326,3354,94,2024-07-09 02:08:08,2024-07-09 02:45:08,37,Completed,3.1
2327,3355,111,2023-08-06 14:36:46,2023-08-06 14:51:46,15,Completed,2.9
2328,3356,126,2023-08-18 09:46:35,2023-08-18 10:12:35,26,Completed,3.9
2329,3359,201,2023-10-25 15:30:34,2023-10-25 16:00:34,30,Completed,4.8
2330,3360,106,2024-10-18 02:06:50,2024-10-18 02:25:50,19,Completed,3.8
2331,3361,239,2023-06-17 20:14:44,2023-06-17 20:50:44,36,Completed,4.1
2332,3362,272,2024-12-24 13:35:15,2024-12-24 13:58:15,23,Completed,3.4
2333,3365,19,2024-06-16 15:35:09,2024-06-16 15:53:09,18,Completed,4.4
2334,3366,220,2023-06-25 16:40:04,2023-06-25 16:57:04,17,Refund Processed,
2335,3367,123,2023-07-07 20:44:53,2023-07-07 21:09:53,25,Completed,4.1
2336,3368,162,2023-02-22 20:28:20,2023-02-22 21:12:20,44,Completed,2.8
2337,3369,21,2023-07-02 10:20:08,2023-07-02 11:02:08,42,Refund Processed,
2338,3372,291,2023-01-23 23:27:11,2023-01-24 00:14:11,47,Completed,4.2
2339,3373,19,2023-07-28 22:32:58,2023-07-28 23:08:58,36,Completed,3.5
2340,3374,212,2023-06-09 07:41:18,2023-06-09 08:30:18,49,Completed,4.0
2341,3375,49,2023-09-01 09:32:12,2023-09-01 09:58:12,26,Completed,4.9
2342,3377,35,2024-07-16 14:33:22,2024-07-16 15:14:22,41,Completed,3.5
2343,3378,286,2023-06-15 14:17:30,2023-06-15 14:52:30,35,Completed,3.1
2344,3379,262,2024-12-19 12:37:12,2024-12-19 13:08:12,31,Refund Processed,
2345,3380,124,2024-04-14 14:13:56,2024-04-14 15:07:56,54,Completed,4.8
2346,3381,269,2023-10-24 22:18:36,2023-10-24 22:51:36,33,Completed,4.9
2347,3383,132,2023-06-26 14:03:04,2023-06-26 14:47:04,44,Completed,4.7
2348,3384,18,2024-05-11 11:48:13,2024-05-11 12:28:13,40,Completed,3.4
2349,3385,113,2024-07-05 16:26:07,2024-07-05 16:52:07,26,Completed,2.6
2350,3386,12,2023-02-27 21:49:01,2023-02-27 22:23:01,34,Completed,3.5
2351,3387,266,2023-06-25 15:49:48,2023-06-25 16:39:48,50,Completed,3.6
2352,3388,157,2024-07-21 12:33:54,2024-07-21 13:03:54,30,Completed,2.6
2353,3389,163,2023-07-31 16:50:36,2023-07-31 17:15:36,25,Completed,4.2
2354,3391,124,2024-11-13 19:38:09,2024-11-13 20:18:09,40,Completed,4.1
2355,3392,44,2024-09-20 18:08:19,2024-09-20 18:40:19,32,Refund Processed,
2356,3393,242,2024-10-29 13:19:34,2024-10-29 13:39:34,20,Completed,3.9
2357,3395,125,2024-11-03 17:33:48,2024-11-03 18:19:48,46,Completed,3.5
2358,3396,87,2024-01-25 09:42:36,2024-01-25 09:59:36,17,Completed,4.9
2359,3398,135,2023-10-03 11:18:57,2023-10-03 11:45:57,27,Completed,3.2
2360,3399,26,2024-04-20 21:02:24,2024-04-20 21:31:24,29,Completed,4.6
2361,3400,192,2024-03-08 18:34:58,2024-03-08 19:00:58,26,Completed,4.7
2362,3401,209,2023-07-17 15:28:56,2023-07-17 15:50:56,22,Completed,3.7
2363,3402,243,2024-10-02 14:53:32,2024-10-02 15:08:32,15,Completed,4.4
2364,3403,289,2024-09-14 11:25:38,2024-09-14 11:56:38,31,Completed,4.9
2365,3404,56,2024-07-05 13:40:26,2024-07-05 14:02:26,22,Completed,3.7
2366,3406,194,2024-01-30 21:27:57,2024-01-30 21:45:57,18,Completed,3.6
2367,3408,150,2023-08-26 12:24:18,2023-08-26 12:51:18,27,Completed,3.3
2368,3409,294,2024-04-07 10:45:05,2024-04-07 11:28:05,43,Completed,4.0
2369,3410,221,2024-12-26 10:44:30,2024-12-26 11:29:30,45,Refund Processed,
2370,3415,112,2024-08-07 11:14:51,2024-08-07 12:00:51,46,Completed,3.1
2371,3416,212,2024-12-12 02:08:19,2024-12-12 02:26:19,18,Refund Processed,
2372,3417,156,2024-09-23 11:44:43,2024-09-23 12:26:43,42,Refund Processed,
2373,3418,129,2024-01-09 22:33:46,2024-01-09 23:01:46,28,Completed,3.1
2374,3419,281,2024-11-05 13:41:04,2024-11-05 14:35:04,54,Completed,3.8
2375,3421,100,2023-11-04 19:23:07,2023-11-04 20:11:07,48,Completed,4.2
2376,3422,298,2024-11-30 19:56:26,2024-11-30 20:37:26,41,Completed,3.9
2377,3423,61,2024-07-20 07:49:42,2024-07-20 08:15:42,26,Completed,4.8
2378,3425,61,2023-08-05 19:36:38,2023-08-05 20:03:38,27,Completed,4.6
2379,3428,55,2024-03-21 20:37:11,2024-03-21 21:17:11,40,Completed,4.5
2380,3429,64,2024-12-19 12:54:01,2024-12-19 13:29:01,35,Completed,2.7
2381,3430,254,2023-02-01 02:16:37,2023-02-01 02:35:37,19,Completed,3.4
2382,3431,76,2024-01-18 11:40:03,2024-01-18 12:10:03,30,Completed,2.8
2383,3432,264,2024-08-26 00:25:26,2024-08-26 00:56:26,31,Completed,4.1
2384,3433,169,2024-01-18 23:40:56,2024-01-19 00:04:56,24,Completed,4.8
2385,3435,55,2024-11-01 10:21:29,2024-11-01 11:08:29,47,Completed,3.7
2386,3436,158,2024-05-30 14:13:22,2024-05-30 14:47:22,34,Refund Processed,
2387,3437,262,2024-10-02 09:34:43,2024-10-02 10:03:43,29,Completed,3.5
2388,3438,158,2023-09-20 00:23:29,2023-09-20 01:18:29,55,Completed,4.5
2389,3439,250,2023-01-29 10:49:53,2023-01-29 11:11:53,22,Completed,3.8
2390,3440,88,2023-09-09 12:38:07,2023-09-09 13:08:07,30,Completed,4.3
2391,3441,176,2024-10-15 19:08:17,2024-10-15 19:33:17,25,Completed,4.7
2392,3442,74,2023-11-06 20:59:10,2023-11-06 21:47:10,48,Refund Processed,
2393,3443,219,2023-11-13 10:29:54,2023-11-13 11:13:54,44,Completed,3.6
2394,3446,61,2024-07-05 17:30:13,2024-07-05 17:46:13,16,Refund Processed,
2395,3447,247,2024-11-06 10:42:54,2024-11-06 11:09:54,27,Completed,4.3
2396,3448,126,2024-09-24 12:15:49,2024-09-24 12:47:49,32,Completed,4.7
2397,3449,211,2023-07-05 13:04:12,2023-07-05 13:24:12,20,Completed,2.7
2398,3450,234,2024-09-20 20:53:36,2024-09-20 21:44:36,51,Completed,3.3
2399,3451,194,2024-12-27 16:35:25,2024-12-27 16:56:25,21,Completed,4.0
2400,3452,116,2023-07-01 11:46:23,2023-07-01 12:01:23,15,Completed,4.1
2401,3453,124,2024-03-30 11:30:53,2024-03-30 11:58:53,28,Completed,4.7
2402,3454,241,2023-04-08 13:24:20,2023-04-08 14:03:20,39,Refund Processed,
2403,3455,175,2024-01-16 13:13:34,2024-01-16 14:04:34,51,Completed,3.5
2404,3457,271,2024-08-13 19:56:12,2024-08-13 20:39:12,43,Refund Processed,
2405,3458,23,2023-08-20 19:51:05,2023-08-20 20:09:05,18,Completed,4.1
2406,3461,298,2023-01-30 19:35:30,2023-01-30 20:22:30,47,Refund Processed,
2407,3462,192,2024-02-15 20:41:23,2024-02-15 21:33:23,52,Completed,4.4
2408,3463,15,2024-08-17 19:16:59,2024-08-17 20:05:59,49,Completed,4.7
2409,3464,140,2024-04-11 22:50:59,2024-04-11 23:27:59,37,Completed,3.4
2410,3465,52,2023-06-26 18:12:34,2023-06-26 18:54:34,42,Completed,4.4
2411,3466,175,2024-03-20 21:39:51,2024-03-20 21:55:51,16,Refund Processed,
2412,3468,288,2023-07-21 23:12:41,2023-07-21 23:27:41,15,Completed,3.6
2413,3469,61,2023-10-07 09:56:56,2023-10-07 10:23:56,27,Completed,4.4
2414,3471,113,2024-06-14 23:16:51,2024-06-14 23:32:51,16,Refund Processed,
2415,3472,31,2023-07-26 09:33:36,2023-07-26 10:07:36,34,Completed,2.7
2416,3474,144,2024-01-23 14:17:33,2024-01-23 14:55:33,38,Completed,3.1
2417,3475,161,2023-03-19 14:21:33,2023-03-19 15:02:33,41,Refund Processed,
2418,3477,132,2023-07-24 20:50:05,2023-07-24 21:09:05,19,Completed,4.7
2419,3478,204,2023-02-26 18:17:49,2023-02-26 18:48:49,31,Completed,4.8
2420,3480,123,2024-10-14 13:22:06,2024-10-14 13:51:06,29,Refund Processed,
2421,3481,224,2023-10-28 10:56:50,2023-10-28 11:27:50,31,Completed,2.7
2422,3482,284,2023-04-02 16:47:23,2023-04-02 17:22:23,35,Completed,2.8
2423,3485,191,2023-06-14 18:06:35,2023-06-14 18:21:35,15,Completed,4.8
2424,3486,225,2024-10-05 23:20:12,2024-10-05 23:56:12,36,Completed,3.9
2425,3487,200,2023-07-05 13:05:04,2023-07-05 13:26:04,21,Completed,2.7
2426,3488,108,2024-09-23 20:16:13,2024-09-23 20:55:13,39,Completed,3.4
2427,3490,133,2024-03-09 12:36:11,2024-03-09 13:27:11,51,Completed,4.7
2428,3493,126,2024-01-29 13:44:18,2024-01-29 14:29:18,45,Completed,3.8
2429,3495,83,2024-03-04 10:03:09,2024-03-04 10:44:09,41,Completed,4.2
2430,3496,205,2023-10-25 19:05:16,2023-10-25 19:46:16,41,Completed,2.8
2431,3498,156,2023-09-28 21:58:54,2023-09-28 22:28:54,30,Completed,2.7
2432,3499,181,2023-01-04 09:18:45,2023-01-04 09:33:45,15,Completed,4.7
2433,3500,214,2024-01-07 13:56:03,2024-01-07 14:50:03,54,Completed,2.6
2434,3501,181,2024-08-08 12:54:39,2024-08-08 13:09:39,15,Completed,4.0
2435,3502,32,2024-10-30 19:13:31,2024-10-30 19:51:31,38,Refund Processed,
2436,3503,296,2024-10-25 12:32:18,2024-10-25 12:56:18,24,Completed,3.7
2437,3504,235,2023-07-22 13:37:14,2023-07-22 14:28:14,51,Completed,4.5
2438,3506,47,2023-08-24 20:58:54,2023-08-24 21:30:54,32,Completed,2.5
2439,3507,140,2024-04-01 23:34:40,2024-04-01 23:52:40,18,Completed,3.3
2440,3508,40,2023-08-09 21:39:58,2023-08-09 22:22:58,43,Completed,3.4
2441,3509,122,2023-12-11 16:34:47,2023-12-11 16:53:47,19,Completed,3.7
2442,3510,52,2024-02-21 20:32:21,2024-02-21 21:24:21,52,Completed,3.9
2443,3511,37,2024-07-20 07:44:56,2024-07-20 08:07:56,23,Completed,3.8
2444,3513,146,2024-09-17 20:58:58,2024-09-17 21:47:58,49,Completed,4.0
2445,3515,84,2023-03-06 17:57:21,2023-03-06 18:40:21,43,Completed,4.6
2446,3516,33,2024-05-20 20:06:08,2024-05-20 20:53:08,47,Completed,3.8
2447,3517,233,2023-12-27 13:36:22,2023-12-27 14:15:22,39,Completed,2.6
2448,3518,145,2024-09-28 10:05:09,2024-09-28 10:35:09,30,Completed,5.0
2449,3519,221,2024-12-24 19:27:07,2024-12-24 20:04:07,37,Completed,4.2
2450,3523,178,2023-05-15 20:11:40,2023-05-15 20:40:40,29,Completed,4.7
2451,3524,242,2024-08-04 15:51:10,2024-08-04 16:36:10,45,Completed,3.1
2452,3525,224,2023-10-19 14:45:29,2023-10-19 15:34:29,49,Completed,2.7
2453,3526,118,2024-02-27 19:44:07,2024-02-27 20:04:07,20,Completed,4.2
2454,3530,63,2024-04-29 14:06:55,2024-04-29 14:31:55,25,Refund Processed,
2455,3531,63,2024-01-08 09:12:08,2024-01-08 10:04:08,52,Refund Processed,
2456,3532,33,2024-11-08 10:21:13,2024-11-08 10:42:13,21,Completed,3.8
2457,3533,281,2024-04-19 21:09:35,2024-04-19 21:54:35,45,Completed,4.6
2458,3534,50,2023-10-23 22:43:04,2023-10-23 23:04:04,21,Completed,2.6
2459,3535,278,2024-06-07 13:49:09,2024-06-07 14:06:09,17,Completed,3.1
2460,3536,239,2024-02-14 20:27:50,2024-02-14 21:09:50,42,Completed,3.4
2461,3537,237,2024-03-11 13:37:32,2024-03-11 14:17:32,40,Completed,3.3
2462,3538,107,2024-09-21 15:59:05,2024-09-21 16:31:05,32,Completed,4.4
2463,3540,227,2024-09-13 02:09:35,2024-09-13 02:49:35,40,Completed,3.2
2464,3541,127,2024-04-08 21:24:07,2024-04-08 22:01:07,37,Refund Processed,
2465,3542,262,2024-09-05 17:51:29,2024-09-05 18:15:29,24,Completed,3.0
2466,3543,146,2024-02-02 05:57:25,2024-02-02 06:49:25,52,Completed,3.0
2467,3545,197,2024-03-07 20:51:29,2024-03-07 21:32:29,41,Completed,3.4
2468,3546,201,2023-07-17 10:24:42,2023-07-17 11:05:42,41,Completed,3.4
2469,3547,275,2024-05-02 22:30:19,2024-05-02 23:13:19,43,Completed,4.2
2470,3548,257,2024-11-16 21:31:40,2024-11-16 22:24:40,53,Completed,3.7
2471,3549,117,2024-02-07 23:47:16,2024-02-08 00:11:16,24,Completed,4.8
2472,3550,92,2023-08-05 09:34:25,2023-08-05 10:27:25,53,Completed,3.1
2473,3551,178,2024-10-10 08:07:02,2024-10-10 08:35:02,28,Completed,2.7
2474,3552,109,2024-04-05 13:26:37,2024-04-05 14:17:37,51,Completed,3.9
2475,3553,284,2024-04-24 00:51:16,2024-04-24 01:23:16,32,Completed,3.5
2476,3554,249,2023-12-12 23:31:03,2023-12-12 23:51:03,20,Refund Processed,
2477,3556,123,2024-10-11 07:45:09,2024-10-11 08:33:09,48,Completed,3.3
2478,3558,34,2023-10-05 12:51:04,2023-10-05 13:20:04,29,Completed,4.3
2479,3559,238,2023-04-12 23:08:11,2023-04-12 23:54:11,46,Completed,4.4
2480,3560,272,2024-11-17 14:56:17,2024-11-17 15:20:17,24,Completed,3.4
2481,3561,138,2024-10-17 08:01:27,2024-10-17 08:19:27,18,Completed,4.0
2482,3562,258,2023-03-21 21:58:13,2023-03-21 22:34:13,36,Refund Processed,
2483,3564,117,2024-07-14 13:38:41,2024-07-14 14:22:41,44,Completed,3.7
2484,3565,57,2023-07-10 08:19:01,2023-07-10 08:36:01,17,Completed,3.0
2485,3566,78,2024-06-12 12:29:51,2024-06-12 13:19:51,50,Completed,3.7
2486,3568,8,2024-02-09 01:45:49,2024-02-09 02:08:49,23,Completed,3.2
2487,3569,24,2023-10-20 23:02:11,2023-10-20 23:29:11,27,Refund Processed,
2488,3572,94,2024-04-20 19:16:50,2024-04-20 19:36:50,20,Completed,3.0
2489,3573,148,2023-07-08 13:10:34,2023-07-08 13:53:34,43,Refund Processed,
2490,3574,193,2024-11-05 10:39:13,2024-11-05 11:18:13,39,Completed,3.5
2491,3576,117,2024-05-14 16:40:26,2024-05-14 17:27:26,47,Completed,3.5
2492,3577,143,2023-12-03 11:33:58,2023-12-03 12:15:58,42,Refund Processed,
2493,3578,163,2023-07-31 19:43:32,2023-07-31 20:22:32,39,Completed,2.7
2494,3579,146,2024-06-30 21:23:24,2024-06-30 22:17:24,54,Refund Processed,
2495,3580,18,2024-08-27 21:17:42,2024-08-27 21:32:42,15,Completed,3.6
2496,3581,78,2024-06-06 23:57:19,2024-06-07 00:22:19,25,Completed,4.3
2497,3582,10,2023-11-11 20:08:47,2023-11-11 20:58:47,50,Completed,4.7
2498,3583,231,2023-07-27 21:33:15,2023-07-27 21:53:15,20,Completed,2.9
2499,3585,274,2024-09-29 16:15:53,2024-09-29 16:40:53,25,Completed,4.3
2500,3586,282,2023-10-23 23:26:34,2023-10-23 23:42:34,16,Completed,2.6
2501,3588,283,2023-10-28 20:33:30,2023-10-28 21:17:30,44,Completed,4.1
2502,3589,127,2024-06-08 19:53:40,2024-06-08 20:26:40,33,Refund Processed,
2503,3590,237,2023-10-02 23:31:14,2023-10-03 00:24:14,53,Completed,3.7
2504,3592,167,2024-05-17 09:04:51,2024-05-17 09:57:51,53,Refund Processed,
2505,3593,127,2024-03-03 08:04:37,2024-03-03 08:37:37,33,Completed,4.2
2506,3594,161,2023-09-22 22:42:09,2023-09-22 23:17:09,35,Completed,2.8
2507,3596,75,2023-10-17 22:05:35,2023-10-17 22:42:35,37,Completed,3.0
2508,3599,74,2024-05-02 05:01:24,2024-05-02 05:50:24,49,Completed,4.3
2509,3600,188,2024-09-15 11:23:47,2024-09-15 12:14:47,51,Completed,3.2
2510,3601,245,2023-12-28 16:59:18,2023-12-28 17:44:18,45,Completed,3.1
2511,3602,256,2023-09-23 08:22:57,2023-09-23 09:05:57,43,Refund Processed,
2512,3606,50,2024-06-25 21:11:14,2024-06-25 21:52:14,41,Refund Processed,
2513,3607,47,2024-02-17 11:46:44,2024-02-17 12:17:44,31,Refund Processed,
2514,3608,281,2024-09-25 12:50:58,2024-09-25 13:24:58,34,Completed,3.0
2515,3609,165,2024-12-10 12:30:31,2024-12-10 13:07:31,37,Completed,4.6
2516,3610,243,2024-09-25 14:41:08,2024-09-25 15:17:08,36,Completed,3.0
2517,3612,85,2023-06-09 16:57:03,2023-06-09 17:32:03,35,Completed,3.2
2518,3616,219,2024-01-28 21:50:20,2024-01-28 22:14:20,24,Completed,4.2
2519,3617,20,2024-11-03 16:36:58,2024-11-03 16:59:58,23,Refund Processed,
2520,3618,76,2023-02-16 20:33:59,2023-02-16 21:15:59,42,Completed,4.1
2521,3619,278,2023-02-11 12:00:04,2023-02-11 12:31:04,31,Completed,3.5
2522,3620,258,2024-08-31 19:04:53,2024-08-31 19:39:53,35,Completed,4.4
2523,3621,165,2023-01-28 19:14:20,2023-01-28 19:38:20,24,Completed,2.7
2524,3623,40,2023-09-23 16:13:34,2023-09-23 16:31:34,18,Refund Processed,
2525,3625,46,2023-07-04 17:22:16,2023-07-04 18:13:16,51,Completed,4.7
2526,3626,174,2023-02-22 16:24:13,2023-02-22 17:07:13,43,Completed,3.2
2527,3629,275,2023-05-09 23:10:37,2023-05-09 23:55:37,45,Completed,3.7
2528,3630,194,2023-08-06 20:36:56,2023-08-06 21:30:56,54,Completed,3.0
2529,3631,123,2024-06-13 14:33:57,2024-06-13 15:15:57,42,Completed,4.0
2530,3632,75,2023-08-03 19:18:22,2023-08-03 20:04:22,46,Completed,4.9
2531,3633,102,2023-03-06 18:55:32,2023-03-06 19:24:32,29,Refund Processed,
2532,3634,134,2023-05-27 15:05:39,2023-05-27 15:35:39,30,Completed,3.1
2533,3635,47,2024-04-25 13:32:01,2024-04-25 13:53:01,21,Completed,4.3
2534,3636,286,2023-06-29 18:40:23,2023-06-29 18:55:23,15,Completed,4.8
2535,3637,273,2023-03-01 21:13:05,2023-03-01 21:44:05,31,Refund Processed,
2536,3638,220,2023-11-09 20:44:18,2023-11-09 21:22:18,38,Completed,3.1
2537,3639,87,2023-05-18 13:19:30,2023-05-18 13:41:30,22,Completed,4.7
2538,3640,74,2024-04-28 13:44:59,2024-04-28 14:07:59,23,Completed,2.9
2539,3641,284,2023-06-07 18:50:22,2023-06-07 19:17:22,27,Refund Processed,
2540,3644,249,2024-01-17 09:34:58,2024-01-17 10:08:58,34,Completed,3.8
2541,3645,195,2024-03-10 14:21:47,2024-03-10 15:00:47,39,Refund Processed,
2542,3647,233,2024-12-21 00:44:37,2024-12-21 01:05:37,21,Completed,4.0
2543,3648,279,2023-03-15 12:40:38,2023-03-15 13:00:38,20,Completed,4.6
2544,3650,288,2023-09-17 18:35:39,2023-09-17 19:13:39,38,Completed,2.8
2545,3652,10,2023-11-17 13:31:04,2023-11-17 14:02:04,31,Completed,3.6
2546,3653,117,2024-07-20 03:33:04,2024-07-20 04:08:04,35,Completed,3.4
2547,3655,125,2024-09-24 18:51:21,2024-09-24 19:08:21,17,Completed,3.2
2548,3656,138,2024-02-01 16:14:02,2024-02-01 17:09:02,55,Completed,3.1
2549,3657,137,2024-07-03 18:57:06,2024-07-03 19:39:06,42,Completed,4.8
2550,3658,294,2023-08-26 08:16:15,2023-08-26 08:44:15,28,Refund Processed,
2551,3659,79,2024-10-24 14:27:04,2024-10-24 14:55:04,28,Completed,2.7
2552,3660,19,2024-01-08 16:00:44,2024-01-08 16:38:44,38,Completed,3.7
2553,3661,167,2024-03-06 10:26:41,2024-03-06 10:41:41,15,Completed,4.8
2554,3662,123,2023-10-30 09:51:11,2023-10-30 10:36:11,45,Completed,3.4
2555,3663,123,2024-05-12 19:52:36,2024-05-12 20:19:36,27,Completed,3.5
2556,3666,70,2023-06-15 11:51:18,2023-06-15 12:06:18,15,Completed,2.6
2557,3668,32,2023-09-27 05:38:06,2023-09-27 06:00:06,22,Completed,4.1
2558,3671,262,2024-01-02 14:00:36,2024-01-02 14:25:36,25,Refund Processed,
2559,3672,140,2024-07-06 09:29:29,2024-07-06 09:52:29,23,Completed,2.6
2560,3673,53,2024-01-19 19:06:32,2024-01-19 19:21:32,15,Completed,4.5
2561,3674,36,2023-09-14 12:30:30,2023-09-14 12:55:30,25,Refund Processed,
2562,3677,16,2023-11-04 09:08:31,2023-11-04 09:33:31,25,Completed,4.8
2563,3679,39,2024-11-01 21:57:29,2024-11-01 22:52:29,55,Completed,3.1
2564,3682,233,2024-08-14 00:20:56,2024-08-14 00:51:56,31,Completed,3.5
2565,3683,91,2023-01-26 17:35:03,2023-01-26 18:02:03,27,Completed,2.5
2566,3684,274,2024-02-05 18:45:37,2024-02-05 19:18:37,33,Completed,4.9
2567,3685,252,2023-12-30 13:10:46,2023-12-30 13:25:46,15,Completed,2.6
2568,3687,122,2024-01-13 12:42:27,2024-01-13 13:32:27,50,Completed,4.3
2569,3689,244,2023-08-23 18:34:21,2023-08-23 19:24:21,50,Completed,4.9
2570,3690,252,2023-11-18 11:05:26,2023-11-18 11:24:26,19,Completed,4.2
2571,3692,77,2024-11-25 22:59:21,2024-11-25 23:36:21,37,Completed,2.9
2572,3693,52,2024-12-19 08:26:06,2024-12-19 09:21:06,55,Completed,4.4
2573,3694,67,2024-02-03 17:25:38,2024-02-03 18:07:38,42,Completed,2.9
2574,3697,105,2023-10-13 13:14:29,2023-10-13 13:30:29,16,Completed,5.0
2575,3698,60,2023-08-18 14:11:17,2023-08-18 15:06:17,55,Completed,2.7
2576,3699,245,2023-07-10 14:55:52,2023-07-10 15:26:52,31,Completed,4.5
2577,3700,138,2023-09-03 20:54:19,2023-09-03 21:09:19,15,Completed,3.0
2578,3702,280,2023-02-23 13:32:30,2023-02-23 13:55:30,23,Completed,4.0
2579,3704,158,2023-09-18 16:04:26,2023-09-18 16:32:26,28,Completed,3.2
2580,3705,175,2023-06-17 21:48:18,2023-06-17 22:26:18,38,Completed,3.9
2581,3706,129,2023-09-22 11:39:23,2023-09-22 12:13:23,34,Completed,4.3
2582,3707,74,2024-07-26 13:27:15,2024-07-26 13:50:15,23,Completed,2.8
2583,3708,293,2024-05-29 14:51:23,2024-05-29 15:46:23,55,Completed,2.5
2584,3709,37,2024-06-13 13:03:15,2024-06-13 13:37:15,34,Refund Processed,
2585,3711,298,2024-01-07 11:37:18,2024-01-07 12:20:18,43,Completed,3.5
2586,3712,60,2023-01-14 20:16:36,2023-01-14 20:50:36,34,Completed,3.0
2587,3713,124,2024-12-22 12:49:21,2024-12-22 13:33:21,44,Completed,4.2
2588,3715,50,2024-02-04 19:30:09,2024-02-04 19:57:09,27,Refund Processed,
2589,3717,229,2024-10-21 21:12:02,2024-10-21 21:40:02,28,Completed,3.3
2590,3720,104,2023-08-26 10:09:56,2023-08-26 10:47:56,38,Completed,4.6
2591,3722,60,2024-03-24 13:24:24,2024-03-24 14:04:24,40,Completed,3.4
2592,3724,225,2024-12-26 13:58:36,2024-12-26 14:17:36,19,Completed,2.6
2593,3725,82,2024-11-23 13:26:10,2024-11-23 14:03:10,37,Refund Processed,
2594,3727,136,2023-11-11 11:46:12,2023-11-11 12:28:12,42,Refund Processed,
2595,3728,129,2024-09-26 11:44:40,2024-09-26 12:24:40,40,Refund Processed,
2596,3729,218,2023-06-20 19:38:16,2023-06-20 20:10:16,32,Completed,2.8
2597,3730,187,2024-01-01 20:56:57,2024-01-01 21:40:57,44,Completed,5.0
2598,3731,226,2024-06-06 07:24:39,2024-06-06 07:51:39,27,Completed,4.3
2599,3732,175,2024-08-29 20:31:06,2024-08-29 20:58:06,27,Completed,3.9
2600,3733,256,2024-02-29 17:02:36,2024-02-29 17:20:36,18,Completed,4.9
2601,3734,76,2024-02-22 10:14:20,2024-02-22 10:35:20,21,Completed,4.6
2602,3735,299,2023-08-05 13:12:46,2023-08-05 13:52:46,40,Refund Processed,
2603,3737,233,2024-11-15 01:31:58,2024-11-15 01:57:58,26,Completed,3.2
2604,3738,10,2024-06-13 18:27:01,2024-06-13 18:45:01,18,Completed,4.7
2605,3739,281,2024-07-06 22:55:06,2024-07-06 23:17:06,22,Completed,3.1
2606,3741,202,2024-09-08 19:49:18,2024-09-08 20:13:18,24,Completed,3.0
2607,3742,74,2023-11-01 15:07:33,2023-11-01 15:34:33,27,Completed,2.8
2608,3744,100,2024-03-07 13:57:20,2024-03-07 14:17:20,20,Completed,4.6
2609,3746,140,2024-01-16 17:19:41,2024-01-16 17:34:41,15,Completed,3.3
2610,3747,124,2023-07-18 09:55:10,2023-07-18 10:50:10,55,Refund Processed,
2611,3748,91,2024-11-05 18:44:06,2024-11-05 19:01:06,17,Refund Processed,
2612,3749,195,2024-08-13 01:48:04,2024-08-13 02:09:04,21,Completed,2.7
2613,3750,211,2023-12-12 19:13:08,2023-12-12 19:31:08,18,Refund Processed,
2614,3751,204,2023-01-10 16:02:27,2023-01-10 16:50:27,48,Completed,3.1
2615,3752,59,2023-06-22 15:09:06,2023-06-22 15:43:06,34,Completed,3.8
2616,3753,2,2024-09-21 22:18:37,2024-09-21 22:34:37,16,Refund Processed,
2617,3754,277,2023-11-09 19:16:17,2023-11-09 20:05:17,49,Completed,3.0
2618,3756,135,2024-11-22 20:53:10,2024-11-22 21:24:10,31,Completed,4.6
2619,3757,232,2023-10-07 19:37:50,2023-10-07 20:21:50,44,Completed,4.5
2620,3758,278,2023-11-15 10:30:56,2023-11-15 11:01:56,31,Completed,3.1
2621,3759,262,2024-10-03 12:51:29,2024-10-03 13:24:29,33,Completed,3.3
2622,3760,104,2024-10-09 16:28:06,2024-10-09 17:23:06,55,Completed,3.1
2623,3761,133,2023-12-01 13:10:07,2023-12-01 13:33:07,23,Completed,4.0
2624,3763,91,2024-01-08 00:15:16,2024-01-08 00:41:16,26,Completed,4.1
2625,3764,49,2023-09-06 18:52:19,2023-09-06 19:37:19,45,Completed,3.5
2626,3766,2,2023-09-03 22:17:48,2023-09-03 23:01:48,44,Completed,2.8
2627,3767,205,2023-09-30 17:45:19,2023-09-30 18:09:19,24,Completed,2.6
2628,3768,270,2023-09-21 21:55:56,2023-09-21 22:22:56,27,Completed,4.7
2629,3771,12,2023-02-08 12:55:10,2023-02-08 13:26:10,31,Completed,4.6
2630,3772,270,2023-11-04 13:35:39,2023-11-04 14:03:39,28,Completed,4.8
2631,3773,124,2024-03-15 01:46:51,2024-03-15 02:31:51,45,Refund Processed,
2632,3774,173,2024-10-10 02:56:27,2024-10-10 03:38:27,42,Refund Processed,
2633,3775,64,2024-03-09 09:49:25,2024-03-09 10:40:25,51,Completed,2.8
2634,3777,107,2024-04-29 21:57:57,2024-04-29 22:32:57,35,Refund Processed,
2635,3780,242,2024-06-01 14:34:04,2024-06-01 15:24:04,50,Completed,2.7
2636,3782,282,2023-07-31 18:58:32,2023-07-31 19:40:32,42,Completed,4.1
2637,3783,109,2023-06-17 17:10:39,2023-06-17 17:54:39,44,Completed,4.8
2638,3785,59,2023-08-21 13:13:03,2023-08-21 14:00:03,47,Completed,4.3
2639,3787,81,2023-12-30 13:41:59,2023-12-30 14:02:59,21,Completed,3.5
2640,3789,145,2023-10-04 11:30:49,2023-10-04 12:20:49,50,Completed,4.1
2641,3790,119,2023-08-20 19:42:11,2023-08-20 20:33:11,51,Completed,4.3
2642,3791,79,2023-09-13 10:27:03,2023-09-13 11:11:03,44,Completed,3.2
2643,3792,157,2023-04-14 12:35:54,2023-04-14 13:12:54,37,Completed,4.4
2644,3794,293,2024-08-30 19:51:34,2024-08-30 20:24:34,33,Completed,2.6
2645,3795,52,2024-12-18 07:01:58,2024-12-18 07:43:58,42,Completed,3.8
2646,3796,31,2024-05-23 10:58:38,2024-05-23 11:35:38,37,Completed,4.7
2647,3797,104,2024-01-27 15:11:13,2024-01-27 15:40:13,29,Completed,3.2
2648,3798,178,2024-02-12 13:09:11,2024-02-12 13:26:11,17,Completed,4.6
2649,3799,162,2024-01-28 13:21:08,2024-01-28 14:01:08,40,Completed,4.5
2650,3800,260,2023-07-28 19:29:01,2023-07-28 19:45:01,16,Completed,2.7
2651,3801,26,2024-11-17 23:22:14,2024-11-18 00:00:14,38,Refund Processed,
2652,3802,80,2024-05-15 11:15:26,2024-05-15 11:46:26,31,Completed,3.0
2653,3803,208,2023-03-12 18:47:41,2023-03-12 19:25:41,38,Completed,2.9
2654,3804,249,2024-07-06 16:12:31,2024-07-06 17:07:31,55,Completed,4.6
2655,3805,300,2024-09-18 12:24:22,2024-09-18 13:04:22,40,Completed,4.9
2656,3806,214,2024-10-13 15:20:53,2024-10-13 15:44:53,24,Completed,2.7
2657,3807,193,2023-10-28 12:57:15,2023-10-28 13:17:15,20,Completed,3.4
2658,3808,197,2024-09-19 15:21:03,2024-09-19 15:58:03,37,Completed,3.3
2659,3810,52,2024-01-08 21:56:11,2024-01-08 22:37:11,41,Completed,3.4
2660,3811,23,2023-09-24 16:38:33,2023-09-24 17:31:33,53,Completed,4.0
2661,3812,116,2023-09-08 16:24:02,2023-09-08 17:03:02,39,Completed,4.5
2662,3814,59,2024-08-05 13:00:33,2024-08-05 13:18:33,18,Completed,4.6
2663,3815,57,2023-02-03 14:08:50,2023-02-03 14:33:50,25,Completed,4.1
2664,3816,140,2023-12-20 09:30:28,2023-12-20 10:25:28,55,Completed,3.7
2665,3817,190,2024-08-23 09:45:44,2024-08-23 10:31:44,46,Completed,4.0
2666,3819,106,2023-08-25 14:30:22,2023-08-25 15:14:22,44,Completed,2.8
2667,3820,137,2024-05-11 09:29:12,2024-05-11 09:50:12,21,Completed,3.2
2668,3821,169,2024-02-28 11:52:51,2024-02-28 12:29:51,37,Refund Processed,
2669,3823,225,2023-12-30 13:05:27,2023-12-30 13:31:27,26,Completed,4.4
2670,3824,107,2024-09-20 12:58:41,2024-09-20 13:37:41,39,Refund Processed,
2671,3826,140,2024-12-27 15:29:35,2024-12-27 16:07:35,38,Completed,2.7
2672,3828,258,2024-07-07 23:29:45,2024-07-07 23:55:45,26,Refund Processed,
2673,3829,136,2024-03-06 08:47:58,2024-03-06 09:19:58,32,Completed,3.8
2674,3831,239,2023-08-10 00:00:44,2023-08-10 00:44:44,44,Completed,2.9
2675,3832,188,2023-03-06 20:16:49,2023-03-06 20:35:49,19,Completed,2.7
2676,3836,134,2024-10-21 23:37:40,2024-10-22 00:08:40,31,Completed,3.9
2677,3837,24,2023-12-14 12:06:41,2023-12-14 12:36:41,30,Completed,3.0
2678,3841,81,2023-07-17 14:18:08,2023-07-17 14:41:08,23,Completed,4.7
2679,3842,33,2023-04-03 19:27:54,2023-04-03 19:46:54,19,Completed,2.6
2680,3844,261,2023-03-18 13:25:59,2023-03-18 13:48:59,23,Refund Processed,
2681,3845,264,2024-04-20 12:59:54,2024-04-20 13:50:54,51,Completed,3.3
2682,3846,143,2023-07-11 22:25:40,2023-07-11 23:09:40,44,Refund Processed,
2683,3847,228,2024-12-10 13:52:49,2024-12-10 14:23:49,31,Completed,4.3
2684,3849,40,2023-09-16 11:20:32,2023-09-16 12:08:32,48,Completed,3.3
2685,3850,133,2024-12-13 20:23:44,2024-12-13 21:17:44,54,Completed,2.7
2686,3851,162,2024-08-18 22:16:56,2024-08-18 23:04:56,48,Completed,3.7
2687,3852,245,2024-10-28 14:38:07,2024-10-28 15:00:07,22,Completed,3.1
2688,3854,148,2024-12-16 16:05:55,2024-12-16 16:41:55,36,Completed,3.5
2689,3855,70,2024-01-24 23:52:32,2024-01-25 00:46:32,54,Completed,4.1
2690,3856,100,2024-07-28 21:03:17,2024-07-28 21:39:17,36,Completed,4.7
2691,3857,7,2023-08-25 06:06:44,2023-08-25 06:33:44,27,Completed,3.7
2692,3858,199,2024-10-04 10:46:02,2024-10-04 11:19:02,33,Completed,2.9
2693,3859,167,2023-09-11 08:33:37,2023-09-11 08:53:37,20,Completed,3.6
2694,3862,114,2024-11-01 08:28:33,2024-11-01 09:00:33,32,Refund Processed,
2695,3863,109,2024-05-19 16:50:12,2024-05-19 17:13:12,23,Completed,3.0
2696,3864,122,2024-03-06 05:06:59,2024-03-06 05:52:59,46,Completed,4.9
2697,3865,275,2024-12-09 22:03:51,2024-12-09 22:24:51,21,Completed,4.5
2698,3867,149,2024-11-08 15:44:32,2024-11-08 16:01:32,17,Completed,3.4
2699,3868,21,2023-05-02 20:52:31,2023-05-02 21:26:31,34,Completed,3.2
2700,3870,223,2024-06-01 15:52:52,2024-06-01 16:24:52,32,Completed,2.6
2701,3871,108,2023-11-11 03:58:00,2023-11-11 04:16:00,18,Completed,3.1
2702,3872,111,2023-10-25 15:33:33,2023-10-25 16:09:33,36,Refund Processed,
2703,3874,238,2024-02-10 15:25:40,2024-02-10 16:02:40,37,Refund Processed,
2704,3875,295,2024-05-06 18:44:40,2024-05-06 19:24:40,40,Completed,3.5
2705,3876,100,2024-09-03 20:53:41,2024-09-03 21:43:41,50,Completed,4.5
2706,3877,240,2024-11-09 18:54:08,2024-11-09 19:09:08,15,Completed,4.9
2707,3879,182,2024-05-08 17:30:08,2024-05-08 18:23:08,53,Completed,2.5
2708,3880,109,2024-12-19 10:58:34,2024-12-19 11:23:34,25,Completed,4.0
2709,3881,35,2023-03-27 22:49:33,2023-03-27 23:30:33,41,Completed,4.7
2710,3882,90,2024-05-03 08:48:15,2024-05-03 09:13:15,25,Completed,4.3
2711,3883,256,2024-02-02 21:10:46,2024-02-02 21:42:46,32,Completed,3.1
2712,3885,130,2023-05-02 19:25:36,2023-05-02 20:12:36,47,Completed,3.8
2713,3886,41,2023-11-04 09:54:24,2023-11-04 10:46:24,52,Completed,3.6
2714,3887,266,2023-06-02 23:23:28,2023-06-03 00:03:28,40,Completed,3.7
2715,3888,213,2024-09-11 18:43:03,2024-09-11 19:28:03,45,Completed,2.6
2716,3890,51,2023-03-01 14:14:25,2023-03-01 14:34:25,20,Completed,4.6
2717,3891,120,2024-08-07 07:26:26,2024-08-07 08:03:26,37,Completed,3.4
2718,3892,277,2024-10-21 12:44:18,2024-10-21 13:33:18,49,Completed,4.3
2719,3893,150,2024-04-22 09:01:56,2024-04-22 09:31:56,30,Refund Processed,
2720,3896,51,2023-05-01 17:26:55,2023-05-01 17:41:55,15,Completed,2.6
2721,3897,157,2024-11-13 22:09:38,2024-11-13 23:01:38,52,Completed,3.8
2722,3898,269,2023-05-17 21:06:03,2023-05-17 21:48:03,42,Completed,4.4
2723,3899,269,2023-07-19 21:23:31,2023-07-19 22:03:31,40,Completed,3.1
2724,3900,178,2023-10-30 08:46:20,2023-10-30 09:32:20,46,Completed,4.8
2725,3901,178,2023-07-14 15:54:36,2023-07-14 16:16:36,22,Completed,3.0
2726,3902,202,2023-04-10 20:54:45,2023-04-10 21:14:45,20,Completed,3.3
2727,3903,239,2023-07-25 21:03:41,2023-07-25 21:38:41,35,Refund Processed,
2728,3904,85,2023-07-21 20:51:43,2023-07-21 21:10:43,19,Completed,3.3
2729,3905,114,2023-08-08 23:00:54,2023-08-08 23:34:54,34,Completed,4.3
2730,3906,103,2024-11-16 14:48:53,2024-11-16 15:09:53,21,Completed,3.6
2731,3908,165,2023-02-22 09:32:13,2023-02-22 10:12:13,40,Completed,4.8
2732,3910,271,2023-10-23 19:11:28,2023-10-23 19:45:28,34,Completed,3.2
2733,3911,271,2024-06-18 13:40:47,2024-06-18 14:25:47,45,Completed,4.4
2734,3912,107,2024-12-19 05:51:59,2024-12-19 06:22:59,31,Completed,3.2
2735,3914,199,2024-09-19 20:40:07,2024-09-19 21:33:07,53,Completed,2.5
2736,3917,278,2023-11-25 13:00:27,2023-11-25 13:54:27,54,Completed,4.1
2737,3919,199,2024-09-07 09:11:33,2024-09-07 09:57:33,46,Completed,3.3
2738,3920,64,2024-12-14 20:14:26,2024-12-14 20:42:26,28,Completed,4.4
2739,3921,120,2024-07-23 22:52:15,2024-07-23 23:31:15,39,Completed,4.6
2740,3922,295,2023-09-26 22:41:51,2023-09-26 23:20:51,39,Completed,4.3
2741,3923,226,2023-08-18 21:26:07,2023-08-18 22:10:07,44,Refund Processed,
2742,3924,222,2024-04-09 19:04:57,2024-04-09 19:47:57,43,Completed,3.6
2743,3927,15,2023-12-06 08:36:13,2023-12-06 08:57:13,21,Refund Processed,
2744,3928,102,2024-08-26 02:09:34,2024-08-26 02:47:34,38,Completed,3.0
2745,3930,124,2023-01-19 20:04:03,2023-01-19 20:38:03,34,Completed,4.2
2746,3932,169,2023-07-11 13:39:36,2023-07-11 13:59:36,20,Completed,4.5
2747,3933,35,2023-12-24 15:50:32,2023-12-24 16:15:32,25,Completed,3.9
2748,3934,12,2023-12-27 12:16:58,2023-12-27 12:52:58,36,Completed,4.7
2749,3937,267,2023-10-12 15:17:43,2023-10-12 16:01:43,44,Refund Processed,
2750,3939,57,2023-12-21 12:09:09,2023-12-21 12:45:09,36,Completed,4.9
2751,3940,296,2024-12-18 16:03:56,2024-12-18 16:28:56,25,Completed,3.6
2752,3942,58,2023-05-09 10:57:22,2023-05-09 11:39:22,42,Completed,3.2
2753,3943,229,2024-10-18 08:37:39,2024-10-18 09:18:39,41,Completed,4.7
2754,3944,163,2024-06-26 18:04:31,2024-06-26 18:26:31,22,Completed,4.9
2755,3945,220,2023-11-12 16:19:58,2023-11-12 17:03:58,44,Completed,3.5
2756,3946,15,2023-03-02 04:02:50,2023-03-02 04:52:50,50,Completed,4.3
2757,3947,184,2024-04-14 14:57:40,2024-04-14 15:51:40,54,Completed,4.7
2758,3948,81,2023-08-05 18:34:56,2023-08-05 19:04:56,30,Completed,3.2
2759,3949,76,2023-09-06 12:56:51,2023-09-06 13:38:51,42,Completed,3.9
2760,3950,69,2023-04-30 14:52:03,2023-04-30 15:13:03,21,Completed,4.8
2761,3951,236,2024-02-13 10:33:18,2024-02-13 11:13:18,40,Completed,4.0
2762,3952,147,2023-06-07 13:21:21,2023-06-07 14:15:21,54,Refund Processed,
2763,3953,271,2023-09-01 21:10:21,2023-09-01 21:55:21,45,Completed,2.6
2764,3954,261,2024-08-08 21:56:01,2024-08-08 22:13:01,17,Completed,3.2
2765,3955,123,2023-07-11 19:39:10,2023-07-11 20:08:10,29,Completed,3.0
2766,3956,102,2024-03-15 11:29:01,2024-03-15 12:01:01,32,Completed,2.7
2767,3957,6,2024-10-25 19:48:15,2024-10-25 20:08:15,20,Completed,5.0
2768,3958,263,2024-08-17 22:46:03,2024-08-17 23:11:03,25,Completed,3.9
2769,3959,124,2023-08-25 19:37:16,2023-08-25 20:07:16,30,Completed,4.4
2770,3960,69,2024-08-24 16:49:39,2024-08-24 17:10:39,21,Completed,4.6
2771,3963,187,2023-03-04 07:34:26,2023-03-04 07:54:26,20,Completed,4.2
2772,3964,60,2024-09-18 15:23:26,2024-09-18 15:53:26,30,Completed,4.5
2773,3965,148,2023-03-08 10:38:59,2023-03-08 10:57:59,19,Completed,4.2
2774,3967,124,2023-03-04 11:47:18,2023-03-04 12:17:18,30,Completed,3.9
2775,3968,142,2023-10-11 15:10:00,2023-10-11 15:28:00,18,Completed,2.7
2776,3970,100,2023-01-05 22:26:40,2023-01-05 23:17:40,51,Refund Processed,
2777,3971,239,2024-11-22 07:58:15,2024-11-22 08:37:15,39,Completed,4.4
2778,3972,213,2023-05-25 10:37:39,2023-05-25 10:55:39,18,Completed,4.5
2779,3973,187,2024-10-03 21:50:23,2024-10-03 22:37:23,47,Completed,3.0
2780,3975,216,2024-03-02 19:29:22,2024-03-02 20:09:22,40,Completed,4.8
2781,3976,7,2024-11-25 12:46:04,2024-11-25 13:41:04,55,Completed,3.0
2782,3977,95,2024-12-03 20:18:23,2024-12-03 20:51:23,33,Completed,3.0
2783,3979,256,2024-06-04 14:49:51,2024-06-04 15:07:51,18,Completed,3.2
2784,3980,294,2024-08-08 23:49:39,2024-08-09 00:10:39,21,Completed,2.8
2785,3981,258,2023-08-06 05:14:32,2023-08-06 05:33:32,19,Completed,4.5
2786,3982,231,2023-11-14 18:45:36,2023-11-14 19:03:36,18,Completed,2.6
2787,3983,276,2024-03-29 13:21:12,2024-03-29 13:50:12,29,Completed,2.9
2788,3985,239,2024-12-08 22:29:53,2024-12-08 23:02:53,33,Completed,4.3
2789,3986,239,2023-11-12 10:13:29,2023-11-12 10:40:29,27,Completed,4.6
2790,3988,145,2023-08-30 14:22:17,2023-08-30 14:47:17,25,Completed,3.5
2791,3989,81,2024-09-15 10:59:57,2024-09-15 11:33:57,34,Refund Processed,
2792,3990,138,2023-08-21 16:07:25,2023-08-21 16:36:25,29,Completed,3.9
2793,3991,266,2024-07-05 13:48:32,2024-07-05 14:03:32,15,Completed,4.6
2794,3993,237,2023-10-01 09:27:12,2023-10-01 10:14:12,47,Completed,3.2
2795,3994,10,2023-03-06 09:31:41,2023-03-06 10:21:41,50,Completed,3.4
2796,3996,170,2024-12-29 14:18:12,2024-12-29 15:02:12,44,Completed,4.9
2797,3998,258,2023-04-02 07:00:25,2023-04-02 07:24:25,24,Completed,2.9
2798,3999,107,2024-06-18 19:07:15,2024-06-18 19:45:15,38,Completed,4.2
2799,4001,13,2023-08-10 12:33:05,2023-08-10 12:59:05,26,Completed,3.8
2800,4002,105,2024-03-03 19:42:04,2024-03-03 20:37:04,55,Completed,2.5
2801,4003,262,2023-07-28 18:23:59,2023-07-28 18:58:59,35,Completed,4.9
2802,4005,98,2023-11-07 19:31:32,2023-11-07 20:05:32,34,Completed,3.8
2803,4006,178,2023-06-24 19:32:31,2023-06-24 20:22:31,50,Completed,4.6
2804,4007,140,2024-08-10 07:05:00,2024-08-10 07:48:00,43,Completed,3.3
2805,4009,107,2023-12-22 16:00:49,2023-12-22 16:32:49,32,Completed,3.7
2806,4011,108,2024-03-26 19:22:22,2024-03-26 20:08:22,46,Completed,3.7
2807,4012,175,2023-06-26 00:33:54,2023-06-26 00:52:54,19,Completed,3.5
2808,4014,284,2024-06-10 14:06:09,2024-06-10 14:23:09,17,Completed,3.0
2809,4020,172,2023-10-03 13:12:27,2023-10-03 13:32:27,20,Completed,3.2
2810,4021,5,2024-01-06 14:39:36,2024-01-06 15:30:36,51,Completed,3.3
2811,4022,216,2023-06-24 09:35:07,2023-06-24 10:19:07,44,Completed,3.9
2812,4023,147,2024-12-15 18:30:26,2024-12-15 18:49:26,19,Refund Processed,
2813,4024,31,2024-01-29 17:12:20,2024-01-29 17:52:20,40,Completed,4.0
2814,4027,38,2023-07-28 10:38:15,2023-07-28 11:06:15,28,Completed,3.9
2815,4028,24,2023-09-02 14:10:33,2023-09-02 14:52:33,42,Completed,2.9
2816,4029,279,2024-01-04 12:38:52,2024-01-04 12:58:52,20,Completed,4.3
2817,4030,147,2024-08-16 08:34:18,2024-08-16 08:50:18,16,Completed,3.5
2818,4031,250,2023-08-11 15:45:03,2023-08-11 16:30:03,45,Refund Processed,
2819,4032,37,2024-05-08 15:56:21,2024-05-08 16:19:21,23,Completed,3.8
2820,4033,39,2023-08-13 14:58:50,2023-08-13 15:35:50,37,Completed,3.5
2821,4034,56,2024-06-03 23:55:28,2024-06-04 00:36:28,41,Refund Processed,
2822,4035,202,2023-01-02 23:10:40,2023-01-02 23:47:40,37,Refund Processed,
2823,4036,172,2024-02-01 10:54:39,2024-02-01 11:45:39,51,Completed,3.9
2824,4037,182,2024-09-28 22:35:58,2024-09-28 23:10:58,35,Refund Processed,
2825,4038,40,2023-10-15 10:08:19,2023-10-15 10:44:19,36,Completed,3.9
2826,4042,250,2024-02-01 20:49:57,2024-02-01 21:41:57,52,Completed,3.4
2827,4043,213,2024-05-21 22:58:47,2024-05-21 23:24:47,26,Completed,4.3
2828,4044,90,2023-12-17 23:26:29,2023-12-17 23:57:29,31,Refund Processed,
2829,4045,58,2023-10-20 21:30:04,2023-10-20 21:54:04,24,Completed,4.1
2830,4048,248,2024-01-25 07:01:48,2024-01-25 07:17:48,16,Completed,3.3
2831,4049,122,2024-11-14 17:12:34,2024-11-14 18:03:34,51,Refund Processed,
2832,4050,149,2024-03-03 20:54:26,2024-03-03 21:26:26,32,Completed,2.8
2833,4051,210,2024-04-17 20:19:39,2024-04-17 20:52:39,33,Completed,3.1
2834,4052,170,2024-10-13 13:11:37,2024-10-13 13:39:37,28,Completed,3.7
2835,4053,265,2024-08-06 09:38:03,2024-08-06 09:59:03,21,Completed,4.0
2836,4054,105,2024-09-12 23:20:58,2024-09-12 23:41:58,21,Completed,4.8
2837,4055,100,2024-11-25 20:16:34,2024-11-25 20:52:34,36,Completed,3.8
2838,4057,140,2023-08-05 13:28:43,2023-08-05 13:43:43,15,Completed,3.9
2839,4058,119,2024-02-05 06:41:46,2024-02-05 07:06:46,25,Completed,5.0
2840,4061,257,2024-02-16 09:26:17,2024-02-16 09:45:17,19,Completed,4.2
2841,4062,33,2024-02-03 07:43:14,2024-02-03 08:14:14,31,Refund Processed,
2842,4063,271,2024-09-18 21:43:24,2024-09-18 22:26:24,43,Completed,4.8
2843,4064,47,2024-12-06 22:20:49,2024-12-06 23:07:49,47,Completed,3.1
2844,4065,81,2024-06-17 21:04:56,2024-06-17 21:37:56,33,Completed,2.7
2845,4066,79,2024-07-13 11:05:39,2024-07-13 11:53:39,48,Completed,2.6
2846,4067,15,2023-11-03 19:33:55,2023-11-03 20:11:55,38,Completed,3.9
2847,4069,190,2023-12-15 14:53:55,2023-12-15 15:40:55,47,Completed,2.6
2848,4070,58,2023-08-25 15:04:42,2023-08-25 15:58:42,54,Completed,4.2
2849,4071,82,2023-10-29 10:18:48,2023-10-29 11:00:48,42,Completed,3.4
2850,4072,170,2024-11-29 17:38:26,2024-11-29 18:23:26,45,Refund Processed,
2851,4073,60,2024-08-19 22:18:41,2024-08-19 22:48:41,30,Completed,3.4
2852,4074,163,2023-12-01 10:11:16,2023-12-01 10:49:16,38,Completed,4.4
2853,4075,228,2024-04-26 12:25:08,2024-04-26 13:06:08,41,Completed,4.1
2854,4076,33,2024-11-25 11:01:24,2024-11-25 11:44:24,43,Completed,2.6
2855,4077,288,2024-12-10 19:38:46,2024-12-10 20:29:46,51,Completed,3.7
2856,4079,39,2023-02-01 21:05:13,2023-02-01 21:49:13,44,Completed,4.6
2857,4081,132,2023-09-19 09:43:46,2023-09-19 10:23:46,40,Completed,4.7
2858,4082,104,2024-05-06 15:27:26,2024-05-06 15:55:26,28,Completed,4.2
2859,4083,237,2023-11-27 20:30:39,2023-11-27 20:58:39,28,Completed,3.5
2860,4085,53,2023-07-29 08:38:38,2023-07-29 09:17:38,39,Completed,2.9
2861,4086,115,2024-06-13 14:36:16,2024-06-13 15:28:16,52,Completed,3.3
2862,4088,1,2024-08-15 15:46:15,2024-08-15 16:17:15,31,Completed,3.3
2863,4089,126,2023-02-17 19:21:24,2023-02-17 19:45:24,24,Refund Processed,
2864,4090,22,2024-04-03 12:40:14,2024-04-03 13:22:14,42,Completed,4.3
2865,4091,254,2023-08-17 17:28:44,2023-08-17 17:50:44,22,Completed,2.6
2866,4094,114,2023-08-07 13:48:40,2023-08-07 14:06:40,18,Completed,3.4
2867,4095,94,2023-05-10 14:42:16,2023-05-10 15:04:16,22,Refund Processed,
2868,4096,51,2024-04-24 13:50:20,2024-04-24 14:20:20,30,Completed,4.2
2869,4098,296,2023-11-16 14:34:16,2023-11-16 15:25:16,51,Completed,3.1
2870,4101,70,2023-06-13 14:53:29,2023-06-13 15:41:29,48,Completed,4.2
2871,4104,158,2023-02-10 13:55:33,2023-02-10 14:15:33,20,Completed,4.3
2872,4106,137,2024-11-12 14:28:25,2024-11-12 14:57:25,29,Refund Processed,
2873,4107,291,2024-01-07 06:18:17,2024-01-07 06:44:17,26,Completed,3.8
2874,4108,235,2024-05-14 15:24:24,2024-05-14 15:48:24,24,Completed,2.9
2875,4109,115,2023-07-03 16:59:12,2023-07-03 17:46:12,47,Completed,2.8
2876,4110,266,2024-06-13 14:01:13,2024-06-13 14:43:13,42,Completed,2.8
2877,4111,96,2023-06-04 13:24:09,2023-06-04 13:48:09,24,Completed,3.4
2878,4113,229,2023-11-11 03:18:20,2023-11-11 03:44:20,26,Completed,2.6
2879,4114,223,2023-12-18 18:48:46,2023-12-18 19:21:46,33,Completed,3.5
2880,4116,44,2024-09-17 20:14:10,2024-09-17 20:31:10,17,Completed,4.5
2881,4117,132,2023-08-09 01:20:37,2023-08-09 02:11:37,51,Refund Processed,
2882,4118,165,2024-08-20 18:10:18,2024-08-20 18:53:18,43,Completed,3.9
2883,4119,92,2023-08-19 21:37:46,2023-08-19 22:10:46,33,Completed,4.1
2884,4120,75,2024-01-24 11:42:04,2024-01-24 12:16:04,34,Refund Processed,
2885,4121,231,2024-04-01 23:40:19,2024-04-02 00:14:19,34,Completed,4.5
2886,4123,85,2023-06-16 15:06:57,2023-06-16 15:37:57,31,Completed,3.2
2887,4125,288,2024-01-22 21:40:25,2024-01-22 22:25:25,45,Completed,4.1
2888,4126,281,2023-07-22 19:42:25,2023-07-22 20:09:25,27,Completed,3.4
2889,4127,226,2023-08-05 13:17:35,2023-08-05 13:55:35,38,Completed,4.8
2890,4128,50,2024-06-24 13:12:01,2024-06-24 13:29:01,17,Completed,4.1
2891,4129,237,2024-04-28 13:39:33,2024-04-28 14:26:33,47,Completed,3.3
2892,4130,210,2024-11-02 20:21:27,2024-11-02 21:10:27,49,Completed,3.2
2893,4131,119,2024-10-17 23:21:19,2024-10-18 00:05:19,44,Completed,4.2
2894,4132,187,2023-07-02 08:07:01,2023-07-02 08:28:01,21,Completed,3.9
2895,4135,138,2024-05-21 19:55:18,2024-05-21 20:44:18,49,Completed,3.2
2896,4137,19,2024-05-13 20:42:20,2024-05-13 21:05:20,23,Completed,3.7
2897,4138,145,2024-01-10 12:51:19,2024-01-10 13:31:19,40,Completed,3.9
2898,4139,269,2024-08-20 15:49:34,2024-08-20 16:33:34,44,Completed,2.5
2899,4142,59,2023-02-06 22:11:11,2023-02-06 22:26:11,15,Completed,4.3
2900,4143,47,2023-11-24 19:18:57,2023-11-24 19:57:57,39,Refund Processed,
2901,4145,237,2024-05-06 18:19:33,2024-05-06 18:58:33,39,Completed,4.8
2902,4148,293,2023-08-10 16:16:46,2023-08-10 17:09:46,53,Completed,4.4
2903,4149,293,2024-12-12 10:03:22,2024-12-12 10:41:22,38,Completed,3.6
2904,4150,190,2023-05-23 09:31:27,2023-05-23 10:21:27,50,Completed,3.6
2905,4156,175,2023-08-16 07:48:18,2023-08-16 08:37:18,49,Completed,4.1
2906,4157,138,2023-06-15 09:00:46,2023-06-15 09:40:46,40,Completed,2.7
2907,4160,291,2024-11-13 13:40:31,2024-11-13 14:25:31,45,Completed,3.5
2908,4161,218,2023-06-10 20:16:24,2023-06-10 21:05:24,49,Completed,2.6
2909,4162,35,2024-03-16 16:40:06,2024-03-16 17:31:06,51,Completed,4.5
2910,4163,213,2024-02-19 12:02:52,2024-02-19 12:38:52,36,Completed,4.2
2911,4164,219,2024-11-29 11:26:20,2024-11-29 12:15:20,49,Completed,4.2
2912,4165,60,2023-10-14 23:23:30,2023-10-15 00:13:30,50,Completed,3.7
2913,4166,226,2023-08-16 11:01:05,2023-08-16 11:46:05,45,Completed,2.6
2914,4167,119,2024-06-01 21:47:12,2024-06-01 22:09:12,22,Completed,4.5
2915,4168,119,2024-08-17 14:59:05,2024-08-17 15:31:05,32,Completed,4.8
2916,4169,56,2023-09-02 18:54:45,2023-09-02 19:39:45,45,Completed,4.5
2917,4170,245,2024-04-14 11:35:11,2024-04-14 12:28:11,53,Completed,4.9
2918,4171,228,2024-12-22 07:36:10,2024-12-22 07:55:10,19,Completed,3.6
2919,4173,92,2024-04-15 18:19:49,2024-04-15 18:36:49,17,Completed,3.3
2920,4175,50,2023-06-25 18:32:20,2023-06-25 19:07:20,35,Completed,2.9
2921,4176,12,2024-11-29 04:25:04,2024-11-29 05:10:04,45,Completed,3.0
2922,4177,83,2023-10-27 20:52:12,2023-10-27 21:07:12,15,Completed,4.0
2923,4178,85,2024-12-09 14:30:28,2024-12-09 15:21:28,51,Completed,3.4
2924,4179,115,2024-05-09 14:01:18,2024-05-09 14:38:18,37,Completed,2.6
2925,4180,2,2024-10-29 22:26:36,2024-10-29 22:52:36,26,Completed,3.5
2926,4183,51,2024-04-18 14:37:28,2024-04-18 15:29:28,52,Completed,2.8
2927,4184,33,2023-09-02 12:38:25,2023-09-02 13:20:25,42,Completed,4.9
2928,4186,213,2024-04-10 10:47:39,2024-04-10 11:11:39,24,Completed,3.8
2929,4188,183,2024-11-20 13:17:26,2024-11-20 13:54:26,37,Completed,4.2
2930,4189,204,2024-12-25 21:13:24,2024-12-25 22:05:24,52,Completed,3.0
2931,4191,213,2023-12-20 16:36:42,2023-12-20 17:00:42,24,Completed,4.9
2932,4192,280,2024-01-07 19:11:57,2024-01-07 19:40:57,29,Completed,3.3
2933,4196,214,2023-12-28 11:44:32,2023-12-28 12:26:32,42,Completed,3.8
2934,4197,293,2023-07-14 18:29:38,2023-07-14 19:03:38,34,Refund Processed,
2935,4198,133,2023-09-08 11:22:56,2023-09-08 11:53:56,31,Completed,2.6
2936,4199,40,2024-07-05 23:44:47,2024-07-06 00:13:47,29,Completed,4.4
2937,4200,37,2023-06-02 00:32:30,2023-06-02 01:26:30,54,Completed,2.6
2938,4202,226,2024-12-27 05:29:11,2024-12-27 05:51:11,22,Completed,4.1
2939,4203,232,2024-11-22 20:20:55,2024-11-22 20:58:55,38,Completed,3.1
2940,4204,300,2024-05-04 15:15:29,2024-05-04 16:03:29,48,Refund Processed,
2941,4205,66,2023-12-22 20:37:00,2023-12-22 21:13:00,36,Completed,4.3
2942,4209,79,2023-04-07 21:54:22,2023-04-07 22:28:22,34,Completed,4.9
2943,4211,85,2024-09-14 19:28:49,2024-09-14 20:09:49,41,Completed,4.6
2944,4212,291,2024-09-18 16:23:34,2024-09-18 16:47:34,24,Refund Processed,
2945,4213,52,2023-11-03 13:00:18,2023-11-03 13:16:18,16,Completed,4.6
2946,4216,16,2023-03-25 12:47:11,2023-03-25 13:30:11,43,Completed,3.1
2947,4217,214,2024-03-16 14:12:57,2024-03-16 14:57:57,45,Completed,4.3
2948,4218,8,2024-09-15 17:52:29,2024-09-15 18:13:29,21,Completed,3.5
2949,4219,15,2023-12-10 18:18:21,2023-12-10 19:08:21,50,Completed,4.8
2950,4220,30,2024-11-09 05:45:39,2024-11-09 06:10:39,25,Completed,4.7
2951,4222,145,2024-10-20 10:54:45,2024-10-20 11:44:45,50,Completed,4.6
2952,4224,51,2023-12-03 21:33:54,2023-12-03 22:14:54,41,Completed,2.7
2953,4225,142,2024-12-04 13:54:44,2024-12-04 14:27:44,33,Completed,3.0
2954,4226,116,2023-08-12 00:28:06,2023-08-12 01:16:06,48,Completed,3.7
2955,4229,227,2023-03-13 21:59:56,2023-03-13 22:14:56,15,Completed,3.5
2956,4230,157,2024-09-06 08:41:25,2024-09-06 09:36:25,55,Completed,4.4
2957,4231,24,2024-08-20 09:36:04,2024-08-20 10:01:04,25,Completed,2.8
2958,4233,201,2024-02-21 21:19:43,2024-02-21 21:44:43,25,Completed,3.4
2959,4234,239,2024-06-08 20:36:02,2024-06-08 21:21:02,45,Refund Processed,
2960,4236,135,2023-06-17 15:27:49,2023-06-17 16:11:49,44,Completed,2.9
2961,4240,199,2023-06-03 12:57:18,2023-06-03 13:25:18,28,Completed,3.3
2962,4241,21,2024-04-22 12:41:24,2024-04-22 12:59:24,18,Completed,4.0
2963,4244,82,2024-01-10 10:09:55,2024-01-10 11:04:55,55,Completed,4.1
2964,4248,217,2023-10-17 16:46:11,2023-10-17 17:01:11,15,Completed,4.8
2965,4250,228,2023-11-05 23:08:37,2023-11-05 23:27:37,19,Completed,3.5
2966,4251,37,2024-03-20 22:08:45,2024-03-20 22:29:45,21,Completed,2.6
2967,4252,127,2023-05-28 19:47:59,2023-05-28 20:23:59,36,Completed,2.9
2968,4254,243,2024-07-02 16:21:51,2024-07-02 16:54:51,33,Completed,3.0
2969,4255,32,2024-03-03 19:04:10,2024-03-03 19:29:10,25,Completed,4.8
2970,4256,118,2023-04-09 19:48:54,2023-04-09 20:09:54,21,Completed,4.3
2971,4257,145,2024-05-13 12:43:11,2024-05-13 13:34:11,51,Refund Processed,
2972,4258,183,2023-07-14 23:53:20,2023-07-15 00:19:20,26,Refund Processed,
2973,4259,10,2024-01-19 13:13:15,2024-01-19 14:03:15,50,Completed,2.9
2974,4260,214,2024-09-13 14:52:26,2024-09-13 15:36:26,44,Completed,2.8
2975,4261,277,2024-09-20 13:36:25,2024-09-20 14:09:25,33,Completed,3.0
2976,4262,209,2023-02-24 13:02:49,2023-02-24 13:56:49,54,Completed,5.0
2977,4263,228,2024-09-14 14:11:19,2024-09-14 14:47:19,36,Completed,3.7
2978,4264,87,2023-12-22 15:50:21,2023-12-22 16:32:21,42,Completed,2.7
2979,4265,279,2024-02-01 11:37:02,2024-02-01 12:20:02,43,Completed,3.2
2980,4268,266,2024-07-03 19:12:03,2024-07-03 19:28:03,16,Completed,3.9
2981,4269,82,2024-04-03 12:39:00,2024-04-03 13:31:00,52,Refund Processed,
2982,4271,233,2024-02-28 11:10:44,2024-02-28 11:41:44,31,Completed,4.6
2983,4272,34,2024-03-30 02:31:08,2024-03-30 03:14:08,43,Refund Processed,
2984,4273,7,2023-04-10 02:49:53,2023-04-10 03:42:53,53,Refund Processed,
2985,4274,36,2024-06-20 19:52:56,2024-06-20 20:35:56,43,Completed,3.1
2986,4275,117,2023-03-14 19:35:15,2023-03-14 19:53:15,18,Completed,2.6
2987,4276,173,2023-06-22 19:19:31,2023-06-22 19:54:31,35,Completed,3.5
2988,4277,177,2024-02-28 13:40:19,2024-02-28 14:18:19,38,Completed,2.9
2989,4281,67,2024-06-24 13:06:30,2024-06-24 13:27:30,21,Completed,2.5
2990,4282,47,2023-05-04 20:26:53,2023-05-04 21:14:53,48,Completed,5.0
2991,4283,297,2023-09-28 05:42:28,2023-09-28 06:13:28,31,Completed,3.9
2992,4284,132,2024-03-17 18:39:36,2024-03-17 19:06:36,27,Completed,4.1
2993,4285,182,2023-08-02 19:05:56,2023-08-02 19:51:56,46,Completed,3.1
2994,4286,23,2023-11-10 19:19:57,2023-11-10 19:54:57,35,Completed,2.9
2995,4287,203,2024-12-23 20:03:58,2024-12-23 20:22:58,19,Completed,4.2
2996,4288,250,2024-07-11 09:30:11,2024-07-11 10:13:11,43,Completed,2.8
2997,4289,8,2024-01-17 13:40:22,2024-01-17 14:31:22,51,Refund Processed,
2998,4291,245,2023-03-31 06:32:44,2023-03-31 07:11:44,39,Completed,2.7
2999,4292,267,2024-11-25 13:38:36,2024-11-25 13:53:36,15,Completed,3.0
3000,4295,101,2024-07-17 16:16:04,2024-07-17 16:51:04,35,Completed,4.4
3001,4296,48,2023-12-29 21:44:50,2023-12-29 22:17:50,33,Refund Processed,
3002,4297,16,2023-03-11 19:15:43,2023-03-11 20:07:43,52,Refund Processed,
3003,4299,212,2024-08-06 12:39:02,2024-08-06 13:14:02,35,Completed,3.7
3004,4301,7,2024-11-23 19:58:32,2024-11-23 20:38:32,40,Completed,4.5
3005,4303,219,2023-07-28 20:58:24,2023-07-28 21:17:24,19,Refund Processed,
3006,4304,125,2023-06-21 20:39:13,2023-06-21 21:08:13,29,Refund Processed,
3007,4305,112,2023-08-18 21:05:23,2023-08-18 21:37:23,32,Completed,4.0
3008,4306,273,2023-08-25 21:53:24,2023-08-25 22:25:24,32,Completed,3.8
3009,4307,15,2024-01-18 19:22:06,2024-01-18 20:05:06,43,Completed,4.0
3010,4308,134,2024-10-11 08:55:16,2024-10-11 09:47:16,52,Completed,3.0
3011,4309,83,2023-04-21 11:27:06,2023-04-21 12:08:06,41,Completed,2.9
3012,4312,281,2023-09-28 12:33:29,2023-09-28 13:23:29,50,Completed,4.5
3013,4315,150,2023-07-02 19:33:01,2023-07-02 20:27:01,54,Completed,3.2
3014,4316,15,2024-10-04 10:11:02,2024-10-04 10:52:02,41,Completed,3.6
3015,4318,164,2023-07-26 22:44:07,2023-07-26 23:33:07,49,Completed,3.4
3016,4319,219,2023-11-16 10:51:54,2023-11-16 11:43:54,52,Completed,4.3
3017,4320,297,2024-04-10 18:49:10,2024-04-10 19:20:10,31,Completed,3.7
3018,4321,257,2024-12-28 13:43:53,2024-12-28 14:21:53,38,Completed,3.7
3019,4322,291,2024-11-20 23:24:09,2024-11-21 00:15:09,51,Completed,3.3
3020,4323,224,2023-03-01 15:33:17,2023-03-01 15:50:17,17,Completed,2.5
3021,4326,147,2023-08-05 09:26:45,2023-08-05 09:47:45,21,Completed,3.6
3022,4327,249,2024-03-04 19:07:57,2024-03-04 19:45:57,38,Completed,4.1
3023,4328,208,2024-11-16 10:42:26,2024-11-16 11:03:26,21,Completed,4.0
3024,4329,254,2023-09-16 13:35:58,2023-09-16 14:26:58,51,Completed,2.9
3025,4331,133,2023-01-02 15:42:24,2023-01-02 16:02:24,20,Completed,4.4
3026,4332,275,2023-01-03 15:35:05,2023-01-03 15:52:05,17,Completed,2.8
3027,4335,222,2023-04-21 17:03:33,2023-04-21 17:50:33,47,Refund Processed,
3028,4336,227,2024-08-14 19:20:23,2024-08-14 20:10:23,50,Completed,2.7
3029,4337,136,2023-01-03 09:45:00,2023-01-03 10:03:00,18,Refund Processed,
3030,4338,300,2023-11-08 21:33:40,2023-11-08 21:52:40,19,Completed,3.2
3031,4339,170,2024-11-16 10:38:40,2024-11-16 11:23:40,45,Refund Processed,
3032,4340,78,2023-09-04 07:33:00,2023-09-04 07:56:00,23,Completed,3.7
3033,4341,157,2023-08-03 18:55:55,2023-08-03 19:26:55,31,Refund Processed,
3034,4343,118,2024-07-18 10:53:30,2024-07-18 11:48:30,55,Completed,3.4
3035,4344,40,2023-11-29 14:44:46,2023-11-29 15:00:46,16,Completed,4.6
3036,4346,165,2024-12-09 21:52:28,2024-12-09 22:19:28,27,Completed,4.3
3037,4347,211,2024-04-07 10:26:46,2024-04-07 10:46:46,20,Completed,3.2
3038,4348,234,2023-06-30 20:31:31,2023-06-30 21:09:31,38,Refund Processed,
3039,4349,149,2023-12-21 15:28:19,2023-12-21 16:02:19,34,Completed,4.3
3040,4351,203,2024-02-22 13:46:44,2024-02-22 14:36:44,50,Completed,4.5
3041,4352,183,2023-08-02 07:57:36,2023-08-02 08:28:36,31,Completed,4.7
3042,4355,290,2024-05-29 12:02:37,2024-05-29 12:49:37,47,Completed,4.7
3043,4356,1,2024-03-18 19:05:10,2024-03-18 19:25:10,20,Completed,4.9
3044,4358,94,2023-05-05 13:02:09,2023-05-05 13:46:09,44,Completed,3.9
3045,4359,10,2024-09-10 08:04:21,2024-09-10 08:56:21,52,Completed,3.6
3046,4360,174,2023-04-21 12:07:16,2023-04-21 12:52:16,45,Completed,2.6
3047,4362,16,2024-06-12 23:02:41,2024-06-12 23:44:41,42,Completed,3.1
3048,4363,148,2024-06-18 14:19:28,2024-06-18 14:38:28,19,Completed,4.3
3049,4364,144,2023-11-25 11:51:14,2023-11-25 12:45:14,54,Completed,3.8
3050,4365,5,2024-02-09 06:57:02,2024-02-09 07:42:02,45,Completed,3.9
3051,4366,33,2023-09-12 20:03:27,2023-09-12 20:43:27,40,Completed,4.0
3052,4368,159,2024-07-31 19:18:12,2024-07-31 19:51:12,33,Completed,2.7
3053,4369,21,2024-09-19 20:01:46,2024-09-19 20:28:46,27,Completed,3.7
3054,4371,108,2024-06-10 21:40:31,2024-06-10 22:26:31,46,Completed,2.9
3055,4372,240,2023-07-14 08:02:22,2023-07-14 08:24:22,22,Completed,4.8
3056,4373,231,2024-10-13 06:34:08,2024-10-13 06:54:08,20,Completed,2.5
3057,4374,113,2024-12-26 17:19:55,2024-12-26 17:38:55,19,Completed,4.7
3058,4376,174,2023-02-12 15:39:08,2023-02-12 16:28:08,49,Completed,3.5
3059,4377,133,2023-07-13 21:24:47,2023-07-13 22:17:47,53,Completed,4.9
3060,4378,282,2023-08-24 09:55:30,2023-08-24 10:43:30,48,Completed,3.8
3061,4379,264,2023-11-22 20:28:35,2023-11-22 20:50:35,22,Completed,4.6
3062,4381,122,2023-07-31 21:15:34,2023-07-31 22:09:34,54,Completed,2.6
3063,4382,291,2023-11-25 18:32:06,2023-11-25 19:26:06,54,Completed,3.5
3064,4383,157,2024-12-01 09:12:00,2024-12-01 10:05:00,53,Completed,3.2
3065,4385,267,2024-07-23 20:20:43,2024-07-23 20:57:43,37,Completed,2.8
3066,4386,271,2024-03-27 20:19:06,2024-03-27 21:03:06,44,Completed,4.1
3067,4387,60,2023-09-05 14:56:46,2023-09-05 15:12:46,16,Completed,4.2
3068,4388,296,2023-03-28 00:58:47,2023-03-28 01:25:47,27,Completed,4.0
3069,4389,164,2023-09-07 06:38:21,2023-09-07 06:53:21,15,Completed,2.7
3070,4390,281,2023-11-29 09:14:24,2023-11-29 09:30:24,16,Completed,3.3
3071,4393,109,2024-05-12 09:36:11,2024-05-12 10:25:11,49,Refund Processed,
3072,4394,98,2024-12-29 15:31:06,2024-12-29 15:54:06,23,Completed,4.1
3073,4396,192,2023-01-01 13:40:57,2023-01-01 14:12:57,32,Completed,3.1
3074,4397,30,2024-04-05 16:49:10,2024-04-05 17:27:10,38,Completed,4.4
3075,4398,264,2023-07-23 22:01:51,2023-07-23 22:16:51,15,Completed,2.9
3076,4399,186,2023-12-14 20:31:13,2023-12-14 21:06:13,35,Completed,5.0
3077,4400,60,2023-08-17 07:31:41,2023-08-17 08:21:41,50,Completed,3.0
3078,4401,199,2023-01-09 18:06:32,2023-01-09 18:34:32,28,Completed,4.2
3079,4404,192,2023-08-05 15:42:24,2023-08-05 16:26:24,44,Completed,4.9
3080,4405,177,2024-03-19 13:13:54,2024-03-19 13:58:54,45,Completed,4.8
3081,4406,231,2024-03-12 13:47:58,2024-03-12 14:42:58,55,Completed,3.7
3082,4407,245,2023-09-02 00:09:08,2023-09-02 00:32:08,23,Completed,4.6
3083,4409,106,2023-07-13 19:18:39,2023-07-13 20:07:39,49,Completed,2.7
3084,4410,154,2024-03-03 21:42:46,2024-03-03 22:25:46,43,Completed,4.1
3085,4411,278,2024-01-03 13:41:08,2024-01-03 13:57:08,16,Completed,4.5
3086,4412,3,2023-12-18 13:05:44,2023-12-18 14:00:44,55,Completed,4.7
3087,4414,299,2023-12-14 09:11:24,2023-12-14 09:57:24,46,Completed,4.4
3088,4415,143,2024-12-03 21:25:28,2024-12-03 22:14:28,49,Completed,4.2
3089,4416,231,2023-08-16 10:24:49,2023-08-16 10:42:49,18,Completed,2.7
3090,4419,262,2023-06-14 08:33:39,2023-06-14 09:22:39,49,Completed,4.3
3091,4420,41,2024-09-04 16:02:05,2024-09-04 16:44:05,42,Completed,5.0
3092,4421,171,2024-01-23 14:32:59,2024-01-23 15:11:59,39,Refund Processed,
3093,4422,248,2023-06-30 15:59:08,2023-06-30 16:26:08,27,Completed,4.9
3094,4423,248,2023-11-18 20:01:35,2023-11-18 20:46:35,45,Completed,4.3
3095,4424,43,2023-11-08 11:40:33,2023-11-08 12:03:33,23,Completed,4.0
3096,4426,2,2024-01-25 12:50:28,2024-01-25 13:10:28,20,Completed,3.3
3097,4427,120,2024-10-01 17:19:24,2024-10-01 17:47:24,28,Completed,3.7
3098,4428,79,2024-12-13 13:00:19,2024-12-13 13:48:19,48,Completed,4.4
3099,4429,118,2024-07-07 15:25:02,2024-07-07 15:44:02,19,Completed,4.4
3100,4433,49,2024-12-21 16:18:04,2024-12-21 17:13:04,55,Completed,3.3
3101,4434,134,2024-06-18 19:48:59,2024-06-18 20:37:59,49,Refund Processed,
3102,4436,91,2024-06-22 21:41:28,2024-06-22 22:00:28,19,Completed,2.9
3103,4437,42,2023-07-27 03:48:48,2023-07-27 04:42:48,54,Completed,3.5
3104,4438,163,2024-12-18 12:59:01,2024-12-18 13:53:01,54,Completed,4.1
3105,4439,151,2024-08-16 13:08:57,2024-08-16 13:55:57,47,Completed,3.4
3106,4440,35,2024-11-21 13:28:56,2024-11-21 14:20:56,52,Completed,2.5
3107,4441,260,2023-11-22 21:40:49,2023-11-22 22:20:49,40,Completed,4.1
3108,4442,94,2023-07-21 17:57:25,2023-07-21 18:38:25,41,Completed,4.5
3109,4443,207,2024-03-02 18:59:41,2024-03-02 19:36:41,37,Completed,3.7
3110,4444,174,2024-04-30 13:09:52,2024-04-30 13:47:52,38,Completed,4.5
3111,4445,111,2024-08-12 14:50:36,2024-08-12 15:28:36,38,Completed,3.4
3112,4446,232,2024-11-27 21:26:54,2024-11-27 22:12:54,46,Completed,3.6
3113,4448,154,2023-10-24 18:23:14,2023-10-24 19:04:14,41,Completed,3.3
3114,4451,151,2023-12-18 18:29:57,2023-12-18 18:59:57,30,Refund Processed,
3115,4452,101,2024-03-07 22:17:36,2024-03-07 22:51:36,34,Completed,3.7
3116,4454,222,2024-11-14 11:15:05,2024-11-14 11:53:05,38,Completed,4.0
3117,4455,249,2023-08-15 12:48:05,2023-08-15 13:18:05,30,Completed,3.8
3118,4458,296,2024-01-19 18:46:57,2024-01-19 19:23:57,37,Completed,3.8
3119,4459,35,2023-08-25 14:12:57,2023-08-25 15:04:57,52,Completed,3.7
3120,4460,127,2024-02-22 20:30:41,2024-02-22 21:19:41,49,Completed,3.7
3121,4462,116,2024-03-25 11:45:36,2024-03-25 12:06:36,21,Completed,4.9
3122,4464,273,2024-03-03 17:54:55,2024-03-03 18:22:55,28,Completed,3.8
3123,4466,199,2023-07-15 23:31:52,2023-07-15 23:50:52,19,Completed,4.3
3124,4467,192,2024-02-23 19:56:03,2024-02-23 20:39:03,43,Completed,4.2
3125,4469,30,2024-08-10 03:49:44,2024-08-10 04:21:44,32,Completed,3.1
3126,4471,66,2023-07-25 08:04:00,2023-07-25 08:56:00,52,Completed,4.4
3127,4473,281,2024-02-13 18:55:42,2024-02-13 19:27:42,32,Completed,3.8
3128,4474,28,2024-06-28 13:02:17,2024-06-28 13:18:17,16,Completed,4.2
3129,4476,51,2023-06-21 16:32:23,2023-06-21 17:12:23,40,Completed,4.1
3130,4479,118,2024-11-30 12:33:29,2024-11-30 13:13:29,40,Completed,4.1
3131,4481,169,2024-03-15 18:24:19,2024-03-15 18:53:19,29,Completed,3.0
3132,4482,276,2023-05-15 13:29:06,2023-05-15 14:13:06,44,Completed,2.6
3133,4484,193,2024-08-23 06:45:55,2024-08-23 07:20:55,35,Completed,3.6
3134,4485,173,2024-06-01 18:48:51,2024-06-01 19:39:51,51,Refund Processed,
3135,4486,46,2023-08-18 08:05:59,2023-08-18 08:55:59,50,Completed,4.7
3136,4487,116,2023-01-16 23:30:25,2023-01-16 23:49:25,19,Completed,3.8
3137,4489,45,2024-06-11 07:47:11,2024-06-11 08:37:11,50,Completed,3.0
3138,4490,2,2024-06-11 11:31:07,2024-06-11 11:51:07,20,Completed,4.5
3139,4491,140,2024-04-11 15:49:42,2024-04-11 16:40:42,51,Completed,3.4
3140,4495,290,2023-11-28 18:33:40,2023-11-28 19:08:40,35,Refund Processed,
3141,4496,135,2024-03-26 17:54:30,2024-03-26 18:14:30,20,Completed,3.3
3142,4497,19,2024-01-04 15:01:59,2024-01-04 15:21:59,20,Completed,3.4
3143,4499,60,2024-02-02 20:56:15,2024-02-02 21:11:15,15,Completed,4.0
3144,4500,226,2024-02-24 20:59:08,2024-02-24 21:33:08,34,Completed,3.5
3145,4501,84,2024-05-12 11:36:04,2024-05-12 11:59:04,23,Completed,3.6
3146,4502,103,2024-04-20 21:31:25,2024-04-20 21:49:25,18,Completed,4.7
3147,4504,45,2024-09-06 20:40:24,2024-09-06 21:21:24,41,Completed,4.4
3148,4506,220,2024-01-09 21:17:54,2024-01-09 21:52:54,35,Completed,2.9
3149,4507,231,2024-01-31 11:39:36,2024-01-31 12:23:36,44,Completed,3.5
3150,4508,172,2024-08-10 23:18:38,2024-08-10 23:55:38,37,Refund Processed,
3151,4510,119,2024-11-02 19:25:35,2024-11-02 20:01:35,36,Completed,4.2
3152,4511,10,2023-10-04 13:13:40,2023-10-04 13:28:40,15,Completed,4.3
3153,4512,201,2023-08-23 12:55:07,2023-08-23 13:14:07,19,Completed,4.5
3154,4513,296,2023-07-12 10:46:31,2023-07-12 11:23:31,37,Refund Processed,
3155,4514,172,2024-01-08 19:16:17,2024-01-08 19:51:17,35,Completed,4.9
3156,4515,299,2023-01-08 14:33:30,2023-01-08 15:12:30,39,Refund Processed,
3157,4516,249,2023-08-01 21:12:46,2023-08-01 21:56:46,44,Completed,3.9
3158,4517,64,2024-07-23 23:19:23,2024-07-23 23:34:23,15,Completed,3.7
3159,4519,103,2024-03-26 22:24:17,2024-03-26 23:15:17,51,Completed,4.7
3160,4520,240,2023-12-01 21:21:49,2023-12-01 22:10:49,49,Completed,3.4
3161,4521,258,2023-05-05 16:15:05,2023-05-05 16:49:05,34,Completed,4.0
3162,4522,220,2024-03-21 14:40:34,2024-03-21 14:55:34,15,Completed,3.8
3163,4523,118,2024-01-13 18:40:59,2024-01-13 19:04:59,24,Completed,3.9
3164,4524,55,2024-02-05 00:18:52,2024-02-05 00:58:52,40,Completed,4.5
3165,4526,193,2023-03-16 09:55:42,2023-03-16 10:15:42,20,Completed,2.6
3166,4528,67,2023-12-02 23:03:15,2023-12-02 23:48:15,45,Completed,2.8
3167,4529,34,2024-03-12 20:18:36,2024-03-12 20:43:36,25,Completed,3.7
3168,4530,184,2024-06-01 22:46:34,2024-06-01 23:40:34,54,Completed,3.0
3169,4531,141,2024-09-24 12:37:35,2024-09-24 13:04:35,27,Completed,3.0
3170,4533,300,2023-12-30 01:36:04,2023-12-30 01:58:04,22,Completed,4.0
3171,4534,238,2023-01-10 19:28:29,2023-01-10 20:14:29,46,Completed,4.9
3172,4535,149,2023-12-28 20:08:31,2023-12-28 20:48:31,40,Completed,3.8
3173,4536,269,2024-08-21 20:11:47,2024-08-21 20:48:47,37,Completed,4.3
3174,4537,143,2023-12-25 22:02:16,2023-12-25 22:52:16,50,Completed,3.0
3175,4538,56,2024-03-16 10:43:35,2024-03-16 11:27:35,44,Completed,2.9
3176,4539,218,2023-03-17 13:57:29,2023-03-17 14:26:29,29,Refund Processed,
3177,4540,236,2024-07-27 21:25:45,2024-07-27 22:02:45,37,Completed,4.7
3178,4541,140,2024-09-12 17:33:41,2024-09-12 18:22:41,49,Refund Processed,
3179,4544,82,2024-12-04 12:16:44,2024-12-04 13:07:44,51,Refund Processed,
3180,4546,9,2023-09-11 16:25:02,2023-09-11 16:47:02,22,Completed,2.6
3181,4547,245,2023-10-04 20:34:32,2023-10-04 20:59:32,25,Refund Processed,
3182,4548,214,2024-01-29 21:30:19,2024-01-29 22:25:19,55,Completed,3.7
3183,4549,21,2023-11-01 20:41:25,2023-11-01 21:11:25,30,Completed,3.9
3184,4550,210,2024-06-28 02:12:23,2024-06-28 03:07:23,55,Completed,2.7
3185,4551,19,2023-11-08 21:11:49,2023-11-08 21:27:49,16,Completed,3.7
3186,4554,220,2024-07-25 12:23:43,2024-07-25 12:43:43,20,Completed,4.3
3187,4556,157,2024-03-02 17:22:34,2024-03-02 18:07:34,45,Completed,4.0
3188,4557,101,2023-08-20 16:58:22,2023-08-20 17:31:22,33,Refund Processed,
3189,4559,205,2023-10-28 04:06:44,2023-10-28 04:59:44,53,Completed,2.7
3190,4560,65,2023-03-23 05:20:14,2023-03-23 05:51:14,31,Completed,2.9
3191,4562,298,2023-06-10 20:10:24,2023-06-10 20:48:24,38,Completed,2.6
3192,4563,92,2024-10-28 19:27:52,2024-10-28 19:55:52,28,Completed,4.4
3193,4565,79,2023-11-26 09:41:20,2023-11-26 10:00:20,19,Completed,4.5
3194,4567,98,2024-08-30 10:38:24,2024-08-30 11:26:24,48,Completed,3.3
3195,4568,183,2023-10-06 10:48:57,2023-10-06 11:35:57,47,Completed,3.2
3196,4569,130,2024-10-24 13:47:45,2024-10-24 14:03:45,16,Completed,4.9
3197,4571,145,2023-06-07 08:16:40,2023-06-07 08:32:40,16,Completed,3.7
3198,4572,119,2023-09-30 23:25:22,2023-10-01 00:01:22,36,Completed,2.9
3199,4574,144,2024-02-11 09:43:24,2024-02-11 10:04:24,21,Completed,3.6
3200,4576,59,2024-09-20 12:33:58,2024-09-20 13:02:58,29,Completed,4.7
3201,4577,237,2024-07-07 21:03:07,2024-07-07 21:40:07,37,Refund Processed,
3202,4578,290,2024-01-23 16:14:50,2024-01-23 16:49:50,35,Completed,3.0
3203,4579,158,2024-08-31 20:21:51,2024-08-31 20:45:51,24,Completed,3.1
3204,4581,173,2023-07-20 23:12:32,2023-07-20 23:49:32,37,Completed,3.8
3205,4582,31,2024-07-08 21:53:34,2024-07-08 22:09:34,16,Completed,4.8
3206,4583,69,2024-08-30 08:40:00,2024-08-30 09:15:00,35,Completed,3.4
3207,4584,132,2023-12-18 17:33:20,2023-12-18 17:55:20,22,Completed,4.8
3208,4585,284,2024-06-19 12:05:24,2024-06-19 12:40:24,35,Completed,3.0
3209,4588,47,2023-06-10 12:27:49,2023-06-10 12:44:49,17,Completed,3.9
3210,4591,265,2024-05-25 14:25:57,2024-05-25 15:03:57,38,Completed,4.8
3211,4592,266,2023-06-29 20:36:50,2023-06-29 21:13:50,37,Completed,2.7
3212,4593,157,2023-08-30 14:17:40,2023-08-30 14:53:40,36,Completed,3.6
3213,4594,295,2023-10-26 15:59:09,2023-10-26 16:42:09,43,Completed,3.5
3214,4595,190,2024-09-19 17:48:24,2024-09-19 18:32:24,44,Completed,3.0
3215,4596,247,2023-03-31 11:35:32,2023-03-31 12:10:32,35,Refund Processed,
3216,4597,235,2023-05-10 09:53:08,2023-05-10 10:38:08,45,Completed,2.9
3217,4599,43,2023-01-19 15:49:21,2023-01-19 16:15:21,26,Refund Processed,
3218,4600,250,2023-02-24 20:08:44,2023-02-24 20:28:44,20,Completed,5.0
3219,4601,239,2023-02-09 18:05:56,2023-02-09 18:24:56,19,Completed,3.1
3220,4602,106,2023-02-04 21:47:04,2023-02-04 22:28:04,41,Completed,4.9
3221,4603,20,2023-10-03 21:26:57,2023-10-03 22:00:57,34,Completed,4.6
3222,4606,70,2023-11-27 12:54:33,2023-11-27 13:49:33,55,Completed,4.3
3223,4608,19,2023-05-30 20:16:35,2023-05-30 20:56:35,40,Completed,3.7
3224,4610,252,2023-07-04 14:42:06,2023-07-04 15:02:06,20,Completed,4.0
3225,4612,263,2024-08-25 22:46:40,2024-08-25 23:02:40,16,Completed,2.8
3226,4613,64,2024-01-17 20:06:37,2024-01-17 21:01:37,55,Completed,4.1
3227,4614,282,2024-02-23 19:19:49,2024-02-23 19:52:49,33,Completed,3.4
3228,4615,64,2024-04-30 08:27:49,2024-04-30 09:06:49,39,Refund Processed,
3229,4616,116,2023-12-24 13:05:54,2023-12-24 14:00:54,55,Completed,4.1
3230,4617,67,2023-02-21 03:45:20,2023-02-21 04:07:20,22,Completed,4.0
3231,4618,87,2023-01-03 02:47:54,2023-01-03 03:34:54,47,Completed,4.9
3232,4619,60,2023-05-21 23:54:31,2023-05-22 00:13:31,19,Refund Processed,
3233,4622,255,2023-04-24 12:34:34,2023-04-24 12:52:34,18,Completed,3.3
3234,4623,1,2023-07-02 20:27:15,2023-07-02 20:51:15,24,Refund Processed,
3235,4624,16,2024-07-11 19:26:06,2024-07-11 19:59:06,33,Refund Processed,
3236,4625,124,2024-11-18 10:00:49,2024-11-18 10:28:49,28,Completed,3.9
3237,4626,273,2023-03-14 13:00:00,2023-03-14 13:48:00,48,Refund Processed,
3238,4627,57,2024-11-16 20:11:06,2024-11-16 20:33:06,22,Completed,2.9
3239,4629,59,2023-11-01 21:24:45,2023-11-01 22:08:45,44,Completed,4.8
3240,4630,193,2024-08-24 16:10:24,2024-08-24 16:54:24,44,Completed,4.0
3241,4632,142,2023-03-10 00:25:09,2023-03-10 01:16:09,51,Completed,2.8
3242,4633,281,2023-11-20 19:02:56,2023-11-20 19:44:56,42,Completed,2.6
3243,4634,132,2024-05-05 19:26:07,2024-05-05 19:51:07,25,Completed,4.2
3244,4636,256,2024-12-15 19:42:49,2024-12-15 20:00:49,18,Completed,4.3
3245,4637,2,2023-08-20 20:42:09,2023-08-20 21:36:09,54,Completed,3.4
3246,4638,134,2023-01-11 14:19:45,2023-01-11 14:55:45,36,Completed,2.9
3247,4639,22,2023-05-13 15:03:30,2023-05-13 15:35:30,32,Completed,4.9
3248,4640,213,2024-04-09 20:15:08,2024-04-09 20:43:08,28,Completed,3.7
3249,4643,70,2024-06-28 14:36:30,2024-06-28 15:19:30,43,Completed,4.3
3250,4644,161,2023-06-17 22:42:39,2023-06-17 23:10:39,28,Completed,4.2
3251,4645,50,2024-12-04 19:52:35,2024-12-04 20:36:35,44,Completed,4.5
3252,4647,196,2023-05-30 20:30:06,2023-05-30 21:14:06,44,Completed,4.0
3253,4648,41,2024-02-03 14:45:46,2024-02-03 15:21:46,36,Completed,4.3
3254,4649,231,2024-01-28 07:46:27,2024-01-28 08:18:27,32,Completed,2.9
3255,4650,265,2023-07-24 21:09:42,2023-07-24 21:42:42,33,Completed,2.9
3256,4651,46,2024-08-16 20:23:10,2024-08-16 20:43:10,20,Completed,2.5
3257,4653,31,2024-01-11 14:25:11,2024-01-11 15:04:11,39,Completed,3.2
3258,4656,255,2024-05-21 15:08:07,2024-05-21 15:23:07,15,Completed,4.9
3259,4657,179,2024-12-30 20:45:05,2024-12-30 21:28:05,43,Completed,3.3
3260,4658,1,2023-11-15 17:50:40,2023-11-15 18:09:40,19,Completed,3.6
3261,4659,107,2023-09-23 14:33:08,2023-09-23 15:25:08,52,Completed,5.0
3262,4661,22,2024-09-26 17:03:10,2024-09-26 17:57:10,54,Completed,3.7
3263,4662,265,2024-08-01 19:59:13,2024-08-01 20:20:13,21,Completed,3.6
3264,4664,292,2024-10-22 03:03:47,2024-10-22 03:55:47,52,Refund Processed,
3265,4666,13,2024-03-25 18:59:22,2024-03-25 19:25:22,26,Completed,3.4
3266,4667,220,2024-04-30 15:28:13,2024-04-30 16:15:13,47,Completed,2.7
3267,4668,221,2024-04-19 07:18:00,2024-04-19 07:38:00,20,Completed,3.3
3268,4669,137,2024-11-03 22:20:54,2024-11-03 22:44:54,24,Completed,2.8
3269,4671,30,2023-08-20 15:18:28,2023-08-20 16:02:28,44,Completed,4.9
3270,4672,74,2024-08-07 17:23:43,2024-08-07 17:59:43,36,Completed,3.5
3271,4673,209,2024-10-29 22:56:42,2024-10-29 23:18:42,22,Refund Processed,
3272,4674,150,2024-07-27 11:32:02,2024-07-27 11:56:02,24,Completed,3.8
3273,4675,193,2024-07-13 12:00:08,2024-07-13 12:49:08,49,Completed,4.0
3274,4676,266,2024-09-19 18:44:41,2024-09-19 19:32:41,48,Completed,4.3
3275,4678,106,2023-05-09 13:22:47,2023-05-09 14:08:47,46,Completed,4.4
3276,4679,96,2023-05-16 03:31:02,2023-05-16 04:22:02,51,Completed,2.9
3277,4680,51,2024-08-01 19:49:00,2024-08-01 20:06:00,17,Completed,2.6
3278,4682,172,2023-07-26 01:43:34,2023-07-26 02:26:34,43,Completed,3.0
3279,4683,174,2023-11-16 15:14:00,2023-11-16 15:51:00,37,Completed,3.9
3280,4684,261,2024-06-01 11:30:18,2024-06-01 12:09:18,39,Completed,4.1
3281,4686,79,2023-12-09 21:05:27,2023-12-09 21:22:27,17,Refund Processed,
3282,4687,270,2023-08-31 20:36:27,2023-08-31 21:19:27,43,Completed,2.7
3283,4688,244,2024-03-31 09:29:39,2024-03-31 10:21:39,52,Completed,4.6
3284,4690,167,2024-08-15 09:08:05,2024-08-15 10:02:05,54,Completed,2.6
3285,4691,290,2023-09-01 21:20:49,2023-09-01 22:10:49,50,Completed,3.8
3286,4692,120,2024-10-14 17:01:24,2024-10-14 17:17:24,16,Completed,3.9
3287,4694,169,2023-01-12 14:42:29,2023-01-12 15:29:29,47,Completed,2.8
3288,4695,278,2023-06-02 12:26:31,2023-06-02 13:17:31,51,Completed,4.0
3289,4696,156,2024-07-25 09:06:04,2024-07-25 09:25:04,19,Completed,4.7
3290,4698,220,2024-04-13 11:48:23,2024-04-13 12:30:23,42,Completed,4.5
3291,4700,24,2024-10-19 10:57:32,2024-10-19 11:41:32,44,Completed,4.5
3292,4701,112,2024-11-21 15:08:33,2024-11-21 15:54:33,46,Completed,3.2
3293,4702,113,2024-10-27 03:41:57,2024-10-27 04:16:57,35,Completed,3.4
3294,4703,157,2024-07-06 14:15:55,2024-07-06 14:38:55,23,Completed,3.5
3295,4704,115,2024-04-06 20:37:51,2024-04-06 21:04:51,27,Refund Processed,
3296,4705,172,2023-09-20 20:08:59,2023-09-20 20:53:59,45,Completed,4.0
3297,4706,64,2024-02-23 18:43:47,2024-02-23 19:02:47,19,Completed,3.2
3298,4707,118,2024-07-24 16:58:58,2024-07-24 17:43:58,45,Completed,3.9
3299,4708,83,2023-08-20 16:50:46,2023-08-20 17:45:46,55,Completed,3.7
3300,4711,60,2024-03-09 20:49:00,2024-03-09 21:16:00,27,Completed,3.8
3301,4713,33,2024-05-30 21:07:06,2024-05-30 21:44:06,37,Refund Processed,
3302,4716,203,2024-08-09 19:11:41,2024-08-09 19:55:41,44,Completed,2.8
3303,4717,124,2023-09-23 18:49:31,2023-09-23 19:32:31,43,Completed,4.5
3304,4718,141,2024-08-29 08:02:59,2024-08-29 08:42:59,40,Completed,3.7
3305,4720,208,2023-10-26 09:25:34,2023-10-26 09:48:34,23,Completed,3.4
3306,4723,158,2023-09-09 16:11:32,2023-09-09 16:52:32,41,Completed,4.5
3307,4725,6,2024-06-11 23:07:55,2024-06-11 23:54:55,47,Completed,2.6
3308,4730,162,2024-08-19 21:32:42,2024-08-19 22:19:42,47,Completed,2.7
3309,4731,41,2024-09-22 15:01:11,2024-09-22 15:42:11,41,Completed,3.4
3310,4732,245,2023-11-16 17:28:55,2023-11-16 18:16:55,48,Completed,3.8
3311,4733,158,2023-06-29 18:12:13,2023-06-29 19:02:13,50,Completed,2.8
3312,4734,154,2024-09-24 19:00:29,2024-09-24 19:33:29,33,Completed,4.4
3313,4735,61,2024-12-14 21:25:39,2024-12-14 22:16:39,51,Completed,4.8
3314,4736,148,2024-12-17 13:32:07,2024-12-17 13:53:07,21,Completed,4.5
3315,4737,178,2023-05-15 11:58:08,2023-05-15 12:42:08,44,Completed,4.5
3316,4739,177,2024-03-29 17:54:28,2024-03-29 18:25:28,31,Completed,3.7
3317,4740,65,2024-08-23 04:17:33,2024-08-23 04:57:33,40,Completed,2.7
3318,4741,111,2024-03-30 17:07:34,2024-03-30 17:23:34,16,Completed,4.2
3319,4743,173,2023-07-18 21:20:04,2023-07-18 21:53:04,33,Refund Processed,
3320,4744,187,2024-09-19 21:38:23,2024-09-19 22:11:23,33,Completed,3.3
3321,4745,286,2023-08-07 21:02:49,2023-08-07 21:54:49,52,Completed,3.9
3322,4747,252,2024-07-10 10:43:57,2024-07-10 11:36:57,53,Refund Processed,
3323,4748,187,2024-08-12 07:08:23,2024-08-12 07:44:23,36,Completed,2.8
3324,4751,30,2023-05-18 13:24:35,2023-05-18 13:58:35,34,Refund Processed,
3325,4752,262,2024-03-07 12:42:45,2024-03-07 13:10:45,28,Completed,3.0
3326,4753,69,2024-12-20 19:43:36,2024-12-20 20:03:36,20,Completed,2.6
3327,4756,247,2024-03-12 16:26:51,2024-03-12 17:09:51,43,Completed,3.9
3328,4757,155,2024-11-02 14:07:28,2024-11-02 14:31:28,24,Completed,2.7
3329,4758,88,2024-12-26 12:51:03,2024-12-26 13:45:03,54,Completed,2.9
3330,4762,51,2024-05-15 17:19:11,2024-05-15 17:36:11,17,Completed,4.5
3331,4763,52,2023-12-12 13:58:25,2023-12-12 14:25:25,27,Completed,2.9
3332,4766,127,2024-07-28 22:48:04,2024-07-28 23:38:04,50,Refund Processed,
3333,4767,82,2023-06-05 18:11:29,2023-06-05 18:38:29,27,Completed,4.3
3334,4769,272,2023-12-01 12:28:04,2023-12-01 12:58:04,30,Completed,2.6
3335,4770,191,2024-07-12 19:36:08,2024-07-12 19:52:08,16,Completed,3.2
3336,4771,236,2023-01-05 23:00:02,2023-01-05 23:55:02,55,Completed,4.0
3337,4773,108,2024-09-28 21:42:49,2024-09-28 22:33:49,51,Completed,2.7
3338,4776,82,2024-04-12 12:46:01,2024-04-12 13:02:01,16,Refund Processed,
3339,4777,32,2023-09-28 20:52:04,2023-09-28 21:14:04,22,Completed,3.7
3340,4778,260,2024-09-05 20:19:09,2024-09-05 21:09:09,50,Completed,4.9
3341,4779,45,2023-05-19 10:23:10,2023-05-19 10:50:10,27,Completed,4.3
3342,4780,288,2023-04-04 19:03:29,2023-04-04 19:31:29,28,Completed,3.4
3343,4781,3,2024-03-24 15:12:51,2024-03-24 15:44:51,32,Completed,4.5
3344,4784,31,2024-03-19 06:35:06,2024-03-19 07:09:06,34,Completed,3.8
3345,4785,19,2024-06-24 19:54:33,2024-06-24 20:34:33,40,Completed,4.8
3346,4788,132,2024-02-12 00:16:01,2024-02-12 00:44:01,28,Completed,3.8
3347,4789,273,2024-04-23 11:07:23,2024-04-23 11:22:23,15,Completed,2.5
3348,4791,51,2024-12-22 14:36:32,2024-12-22 14:55:32,19,Completed,4.3
3349,4792,116,2023-07-04 18:43:43,2023-07-04 19:28:43,45,Completed,2.8
3350,4793,158,2024-01-15 04:22:51,2024-01-15 04:47:51,25,Completed,3.6
3351,4794,57,2023-06-12 12:32:01,2023-06-12 13:25:01,53,Completed,4.1
3352,4795,206,2024-01-16 14:19:15,2024-01-16 14:52:15,33,Completed,4.5
3353,4796,288,2024-02-26 08:52:07,2024-02-26 09:30:07,38,Completed,4.7
3354,4798,91,2024-02-13 14:39:41,2024-02-13 15:07:41,28,Completed,4.0
3355,4799,124,2024-10-31 20:50:50,2024-10-31 21:07:50,17,Completed,2.8
3356,4800,255,2024-09-06 19:49:07,2024-09-06 20:31:07,42,Completed,2.8
3357,4801,155,2024-03-14 20:59:16,2024-03-14 21:26:16,27,Completed,3.3
3358,4802,236,2023-07-31 21:27:18,2023-07-31 21:46:18,19,Completed,4.1
3359,4803,229,2023-10-26 11:12:06,2023-10-26 11:46:06,34,Refund Processed,
3360,4804,203,2023-08-06 19:58:23,2023-08-06 20:15:23,17,Completed,3.0
3361,4805,117,2023-09-21 11:18:59,2023-09-21 12:04:59,46,Completed,4.8
3362,4806,155,2023-10-12 19:47:20,2023-10-12 20:36:20,49,Completed,4.5
3363,4807,34,2024-10-28 16:52:44,2024-10-28 17:24:44,32,Completed,4.7
3364,4808,107,2024-09-24 20:54:40,2024-09-24 21:23:40,29,Completed,3.1
3365,4809,100,2023-02-27 14:15:37,2023-02-27 15:06:37,51,Completed,4.3
3366,4810,174,2023-08-14 11:37:49,2023-08-14 11:54:49,17,Completed,3.5
3367,4811,240,2024-11-02 14:48:53,2024-11-02 15:29:53,41,Refund Processed,
3368,4813,104,2024-07-10 20:46:54,2024-07-10 21:18:54,32,Refund Processed,
3369,4816,277,2024-11-13 17:19:12,2024-11-13 17:49:12,30,Completed,3.7
3370,4817,191,2024-04-28 23:58:44,2024-04-29 00:18:44,20,Completed,4.7
3371,4819,126,2023-05-11 18:39:16,2023-05-11 19:18:16,39,Completed,2.7
3372,4822,157,2024-11-26 18:51:44,2024-11-26 19:22:44,31,Completed,3.9
3373,4823,202,2023-11-01 20:04:20,2023-11-01 20:41:20,37,Completed,2.8
3374,4824,142,2023-08-12 22:31:31,2023-08-12 23:12:31,41,Completed,4.5
3375,4825,51,2024-01-01 20:26:55,2024-01-01 20:50:55,24,Completed,4.3
3376,4826,241,2024-09-12 13:39:51,2024-09-12 14:33:51,54,Completed,3.0
3377,4827,256,2024-06-25 14:15:14,2024-06-25 14:30:14,15,Completed,3.0
3378,4829,186,2024-02-04 13:27:03,2024-02-04 13:58:03,31,Refund Processed,
3379,4830,40,2023-07-13 20:47:28,2023-07-13 21:06:28,19,Completed,3.1
3380,4831,202,2024-03-18 22:12:59,2024-03-18 22:54:59,42,Completed,2.7
3381,4833,134,2023-04-30 22:48:39,2023-04-30 23:10:39,22,Completed,4.6
3382,4834,15,2023-08-02 10:17:19,2023-08-02 10:44:19,27,Completed,4.1
3383,4835,239,2024-06-14 01:42:45,2024-06-14 02:06:45,24,Completed,4.7
3384,4837,114,2023-01-27 14:50:49,2023-01-27 15:20:49,30,Refund Processed,
3385,4838,84,2023-06-17 23:31:19,2023-06-17 23:46:19,15,Completed,3.5
3386,4841,64,2024-08-20 14:05:10,2024-08-20 14:55:10,50,Completed,2.8
3387,4842,143,2024-01-09 04:29:05,2024-01-09 05:21:05,52,Completed,3.7
3388,4843,175,2024-08-01 00:04:48,2024-08-01 00:32:48,28,Refund Processed,
3389,4844,81,2023-03-20 18:41:32,2023-03-20 19:36:32,55,Completed,3.3
3390,4845,239,2023-05-12 15:21:08,2023-05-12 16:05:08,44,Completed,4.6
3391,4846,34,2024-05-14 12:39:01,2024-05-14 13:29:01,50,Completed,2.8
3392,4848,26,2023-11-25 08:46:49,2023-11-25 09:22:49,36,Completed,4.4
3393,4849,112,2024-05-16 22:53:48,2024-05-16 23:27:48,34,Completed,4.7
3394,4850,92,2023-08-09 01:59:20,2023-08-09 02:26:20,27,Completed,3.9
3395,4852,197,2024-05-11 19:53:43,2024-05-11 20:17:43,24,Completed,3.8
3396,4855,279,2023-08-07 12:01:27,2023-08-07 12:24:27,23,Completed,2.8
3397,4857,294,2024-11-29 11:19:54,2024-11-29 11:44:54,25,Completed,2.6
3398,4858,98,2024-03-03 12:32:02,2024-03-03 13:01:02,29,Completed,3.2
3399,4859,87,2023-06-22 22:44:57,2023-06-22 23:16:57,32,Completed,2.6
3400,4860,297,2024-11-24 20:37:08,2024-11-24 21:25:08,48,Completed,4.6
3401,4861,296,2024-05-18 18:30:44,2024-05-18 18:59:44,29,Completed,3.7
3402,4862,255,2024-08-17 18:59:58,2024-08-17 19:38:58,39,Completed,5.0
3403,4864,88,2024-08-23 13:36:11,2024-08-23 14:26:11,50,Completed,3.2
3404,4866,50,2024-06-11 21:21:10,2024-06-11 21:48:10,27,Completed,3.7
3405,4867,115,2023-10-27 10:39:15,2023-10-27 11:00:15,21,Completed,2.8
3406,4868,280,2024-04-20 09:32:02,2024-04-20 10:11:02,39,Completed,4.2
3407,4869,132,2023-04-11 12:11:38,2023-04-11 12:34:38,23,Completed,3.4
3408,4870,281,2024-11-18 17:02:03,2024-11-18 17:30:03,28,Refund Processed,
3409,4871,138,2024-09-03 10:03:12,2024-09-03 10:36:12,33,Completed,2.6
3410,4872,218,2023-06-28 03:12:50,2023-06-28 03:38:50,26,Completed,4.3
3411,4876,266,2024-10-20 16:31:08,2024-10-20 16:46:08,15,Completed,2.8
3412,4877,66,2024-04-13 17:43:08,2024-04-13 18:18:08,35,Completed,3.2
3413,4878,226,2024-01-25 18:25:47,2024-01-25 19:13:47,48,Completed,3.7
3414,4879,88,2023-11-17 15:34:32,2023-11-17 16:04:32,30,Refund Processed,
3415,4880,234,2023-05-23 18:53:08,2023-05-23 19:40:08,47,Completed,3.3
3416,4881,284,2024-01-20 11:01:51,2024-01-20 11:34:51,33,Completed,3.9
3417,4882,89,2023-07-09 22:42:21,2023-07-09 23:20:21,38,Completed,4.1
3418,4883,255,2024-06-12 09:38:59,2024-06-12 10:19:59,41,Completed,3.5
3419,4884,181,2024-10-14 16:23:57,2024-10-14 16:47:57,24,Completed,4.5
3420,4885,108,2023-02-11 08:22:01,2023-02-11 09:14:01,52,Completed,3.8
3421,4886,134,2024-07-16 00:43:22,2024-07-16 01:22:22,39,Completed,3.8
3422,4889,266,2024-11-22 20:47:59,2024-11-22 21:36:59,49,Completed,4.1
3423,4890,172,2023-09-25 22:32:20,2023-09-25 22:48:20,16,Completed,3.8
3424,4891,155,2024-12-26 17:48:47,2024-12-26 18:10:47,22,Completed,3.5
3425,4893,287,2023-01-27 21:24:43,2023-01-27 22:17:43,53,Completed,4.8
3426,4894,23,2023-03-26 21:17:56,2023-03-26 22:05:56,48,Completed,3.5
3427,4895,136,2023-01-16 09:04:41,2023-01-16 09:21:41,17,Refund Processed,
3428,4898,118,2024-08-08 06:54:39,2024-08-08 07:38:39,44,Completed,3.4
3429,4899,207,2023-09-24 10:32:14,2023-09-24 10:54:14,22,Completed,2.7
3430,4900,290,2023-08-25 14:35:43,2023-08-25 15:10:43,35,Completed,4.5
3431,4902,255,2023-06-23 16:42:51,2023-06-23 17:17:51,35,Refund Processed,
3432,4903,21,2024-06-18 19:08:32,2024-06-18 19:57:32,49,Completed,4.4
3433,4904,174,2023-09-10 20:50:55,2023-09-10 21:05:55,15,Completed,3.2
3434,4905,144,2024-06-07 08:04:03,2024-06-07 08:46:03,42,Completed,3.4
3435,4906,291,2024-09-09 14:53:57,2024-09-09 15:27:57,34,Completed,2.5
3436,4907,46,2023-09-21 16:14:59,2023-09-21 17:03:59,49,Completed,4.5
3437,4909,280,2024-12-02 13:28:33,2024-12-02 13:53:33,25,Refund Processed,
3438,4910,241,2023-02-21 19:09:28,2023-02-21 19:42:28,33,Refund Processed,
3439,4911,235,2023-12-21 04:10:11,2023-12-21 04:49:11,39,Completed,3.6
3440,4912,255,2024-09-23 13:40:08,2024-09-23 14:35:08,55,Completed,4.0
3441,4913,12,2024-08-26 15:09:16,2024-08-26 15:26:16,17,Completed,2.7
3442,4915,297,2024-12-27 19:03:35,2024-12-27 19:50:35,47,Completed,4.3
3443,4916,296,2024-05-08 13:44:26,2024-05-08 14:35:26,51,Completed,3.9
3444,4917,165,2023-10-26 14:44:32,2023-10-26 15:02:32,18,Completed,3.0
3445,4918,8,2024-10-08 16:17:24,2024-10-08 16:47:24,30,Completed,2.8
3446,4919,64,2024-10-18 14:19:09,2024-10-18 14:56:09,37,Completed,3.2
3447,4920,133,2024-10-14 22:00:11,2024-10-14 22:38:11,38,Completed,2.6
3448,4921,193,2024-01-03 14:42:53,2024-01-03 15:11:53,29,Completed,3.3
3449,4922,233,2024-10-05 14:33:04,2024-10-05 15:27:04,54,Completed,4.3
3450,4923,20,2023-11-19 15:46:03,2023-11-19 16:19:03,33,Completed,4.6
3451,4924,151,2024-03-25 22:51:36,2024-03-25 23:45:36,54,Completed,2.6
3452,4925,221,2024-07-18 11:33:57,2024-07-18 11:59:57,26,Refund Processed,
3453,4926,172,2024-01-04 19:05:59,2024-01-04 19:40:59,35,Completed,2.8
3454,4928,107,2024-02-16 13:08:03,2024-02-16 13:40:03,32,Completed,4.8
3455,4930,180,2024-08-06 17:24:01,2024-08-06 18:01:01,37,Completed,3.3
3456,4931,70,2024-07-12 19:14:09,2024-07-12 19:32:09,18,Completed,4.1
3457,4932,217,2024-11-29 13:43:22,2024-11-29 14:12:22,29,Completed,4.1
3458,4936,288,2024-01-30 17:42:23,2024-01-30 18:01:23,19,Completed,3.5
3459,4937,169,2023-11-16 19:04:51,2023-11-16 19:41:51,37,Completed,3.2
3460,4938,104,2023-08-20 21:18:17,2023-08-20 21:37:17,19,Completed,4.9
3461,4939,15,2023-09-10 10:32:18,2023-09-10 11:24:18,52,Completed,4.4
3462,4940,118,2024-04-24 21:00:04,2024-04-24 21:49:04,49,Refund Processed,
3463,4941,286,2024-03-02 12:34:24,2024-03-02 12:52:24,18,Completed,3.3
3464,4944,241,2024-09-02 11:40:21,2024-09-02 12:12:21,32,Completed,3.7
3465,4945,115,2023-06-16 19:59:45,2023-06-16 20:28:45,29,Completed,3.1
3466,4946,282,2024-08-27 11:05:22,2024-08-27 11:50:22,45,Completed,3.8
3467,4948,282,2024-09-22 12:43:46,2024-09-22 13:21:46,38,Completed,2.5
3468,4949,243,2024-06-29 04:11:12,2024-06-29 04:35:12,24,Completed,4.8
3469,4950,81,2024-05-15 11:13:01,2024-05-15 11:59:01,46,Completed,3.7
3470,4951,40,2023-06-12 19:36:29,2023-06-12 20:18:29,42,Refund Processed,
3471,4952,290,2023-07-17 19:49:18,2023-07-17 20:44:18,55,Completed,2.6
3472,4953,36,2024-02-16 13:44:18,2024-02-16 14:15:18,31,Completed,3.5
3473,4954,16,2024-03-11 20:09:11,2024-03-11 20:58:11,49,Completed,3.5
3474,4955,209,2023-12-03 20:04:44,2023-12-03 20:25:44,21,Completed,3.0
3475,4956,165,2023-11-14 19:09:11,2023-11-14 19:56:11,47,Completed,3.7
3476,4958,298,2023-11-30 00:29:09,2023-11-30 01:12:09,43,Completed,2.8
3477,4959,31,2024-01-10 14:00:03,2024-01-10 14:17:03,17,Completed,3.0
3478,4960,256,2024-03-31 14:53:34,2024-03-31 15:42:34,49,Completed,2.8
3479,4961,165,2024-03-29 20:42:10,2024-03-29 21:22:10,40,Refund Processed,
3480,4962,247,2024-10-08 14:58:49,2024-10-08 15:22:49,24,Refund Processed,
3481,4963,59,2024-12-20 20:00:48,2024-12-20 20:18:48,18,Completed,3.0
3482,4964,66,2024-07-04 10:55:44,2024-07-04 11:13:44,18,Refund Processed,
3483,4968,98,2024-11-13 11:59:15,2024-11-13 12:15:15,16,Completed,4.9
3484,4969,272,2024-05-14 13:34:59,2024-05-14 14:05:59,31,Completed,3.3
3485,4970,211,2023-05-02 19:25:06,2023-05-02 20:14:06,49,Completed,2.9
3486,4971,114,2023-09-29 10:30:37,2023-09-29 11:11:37,41,Completed,3.4
3487,4972,49,2023-08-28 06:53:44,2023-08-28 07:42:44,49,Completed,3.6
3488,4973,172,2024-11-16 19:09:27,2024-11-16 19:50:27,41,Completed,4.2
3489,4976,293,2024-04-18 12:37:54,2024-04-18 12:58:54,21,Refund Processed,
3490,4977,112,2024-09-24 10:12:02,2024-09-24 10:55:02,43,Completed,4.6
3491,4978,199,2024-08-19 22:04:45,2024-08-19 22:28:45,24,Completed,2.5
3492,4982,36,2023-04-11 19:47:37,2023-04-11 20:20:37,33,Completed,3.6
3493,4983,294,2023-06-08 17:46:51,2023-06-08 18:09:51,23,Completed,4.9
3494,4985,261,2024-04-05 12:33:21,2024-04-05 13:19:21,46,Completed,2.6
3495,4986,244,2024-01-06 21:09:03,2024-01-06 21:35:03,26,Completed,3.0
3496,4988,26,2023-03-14 22:36:46,2023-03-14 23:15:46,39,Refund Processed,
3497,4989,186,2024-11-04 10:34:58,2024-11-04 11:26:58,52,Completed,2.8
3498,4990,249,2024-01-15 14:34:11,2024-01-15 15:25:11,51,Completed,3.5
3499,4991,136,2023-09-23 22:38:59,2023-09-23 23:16:59,38,Completed,2.8
3500,4992,234,2024-12-17 20:46:04,2024-12-17 21:04:04,18,Refund Processed,
3501,4993,79,2024-01-08 21:34:21,2024-01-08 21:53:21,19,Completed,2.7
3502,4994,65,2023-07-11 20:31:43,2023-07-11 21:13:43,42,Completed,4.4
3503,4997,125,2023-08-29 13:39:08,2023-08-29 14:31:08,52,Completed,4.9
3504,4998,192,2023-06-01 22:32:10,2023-06-01 23:05:10,33,Refund Processed,
3505,4999,104,2023-06-18 06:54:28,2023-06-18 07:22:28,28,Completed,3.3
3506,5001,60,2023-08-21 20:26:41,2023-08-21 20:54:41,28,Completed,4.0
3507,5005,179,2023-09-13 13:36:32,2023-09-13 14:14:32,38,Completed,4.7
3508,5009,77,2023-07-10 14:01:09,2023-07-10 14:43:09,42,Refund Processed,
3509,5011,177,2024-08-13 17:28:58,2024-08-13 18:17:58,49,Completed,4.5
3510,5012,79,2024-07-29 20:42:22,2024-07-29 21:18:22,36,Completed,4.9
3511,5014,188,2023-08-28 09:52:48,2023-08-28 10:07:48,15,Refund Processed,
3512,5015,74,2023-09-21 06:28:20,2023-09-21 06:47:20,19,Completed,3.8
3513,5016,117,2024-07-05 10:13:33,2024-07-05 10:45:33,32,Completed,3.9
3514,5017,203,2024-07-19 17:08:17,2024-07-19 17:46:17,38,Completed,4.0
3515,5019,179,2023-12-26 21:39:23,2023-12-26 22:22:23,43,Completed,3.7
3516,5020,297,2023-10-12 10:02:34,2023-10-12 10:42:34,40,Completed,4.6
3517,5021,135,2024-11-26 15:03:47,2024-11-26 15:34:47,31,Completed,4.6
3518,5022,112,2023-11-29 22:10:15,2023-11-29 22:55:15,45,Refund Processed,
3519,5023,63,2023-07-27 19:07:41,2023-07-27 19:57:41,50,Completed,3.5
3520,5024,294,2023-10-08 19:34:43,2023-10-08 19:59:43,25,Refund Processed,
3521,5025,105,2023-05-07 15:54:38,2023-05-07 16:28:38,34,Completed,5.0
3522,5026,266,2024-03-26 18:01:18,2024-03-26 18:32:18,31,Completed,3.4
3523,5028,115,2024-04-12 19:30:55,2024-04-12 19:47:55,17,Completed,4.0
3524,5029,281,2024-04-27 00:40:16,2024-04-27 01:02:16,22,Completed,2.9
3525,5030,169,2023-05-03 04:03:18,2023-05-03 04:58:18,55,Completed,3.7
3526,5031,220,2023-07-03 19:51:38,2023-07-03 20:25:38,34,Completed,3.3
3527,5033,277,2023-10-25 19:39:31,2023-10-25 20:24:31,45,Refund Processed,
3528,5034,243,2024-04-18 14:01:28,2024-04-18 14:20:28,19,Completed,3.2
3529,5035,48,2024-06-17 12:47:57,2024-06-17 13:16:57,29,Completed,2.8
3530,5038,55,2023-06-10 08:36:13,2023-06-10 09:28:13,52,Refund Processed,
3531,5039,161,2024-01-23 10:36:03,2024-01-23 11:08:03,32,Completed,4.2
3532,5040,170,2023-08-21 05:26:33,2023-08-21 05:52:33,26,Completed,4.1
3533,5041,276,2024-01-26 19:35:39,2024-01-26 20:16:39,41,Completed,2.9
3534,5042,182,2023-08-25 21:38:09,2023-08-25 22:02:09,24,Refund Processed,
3535,5044,106,2024-05-06 18:12:23,2024-05-06 18:41:23,29,Refund Processed,
3536,5047,23,2024-08-16 21:59:43,2024-08-16 22:35:43,36,Completed,4.6
3537,5050,276,2024-01-22 13:04:20,2024-01-22 13:38:20,34,Completed,2.6
3538,5051,87,2023-06-30 18:49:20,2023-06-30 19:22:20,33,Completed,4.6
3539,5052,300,2023-10-17 08:13:15,2023-10-17 08:30:15,17,Refund Processed,
3540,5053,198,2023-08-29 22:11:19,2023-08-29 22:39:19,28,Completed,2.9
3541,5054,152,2024-07-25 10:31:15,2024-07-25 11:25:15,54,Completed,3.8
3542,5055,133,2023-07-13 21:46:46,2023-07-13 22:29:46,43,Completed,3.3
3543,5056,49,2024-01-20 16:17:43,2024-01-20 16:46:43,29,Completed,3.6
3544,5057,137,2024-08-25 09:39:31,2024-08-25 10:30:31,51,Refund Processed,
3545,5059,276,2024-04-07 14:53:10,2024-04-07 15:29:10,36,Completed,3.3
3546,5060,194,2024-04-29 11:17:57,2024-04-29 12:10:57,53,Completed,2.7
3547,5061,216,2024-10-23 21:26:02,2024-10-23 22:20:02,54,Completed,3.9
3548,5064,200,2023-06-24 23:26:35,2023-06-25 00:10:35,44,Completed,4.1
3549,5065,279,2024-12-30 11:48:28,2024-12-30 12:11:28,23,Completed,3.1
3550,5066,237,2024-01-11 23:19:13,2024-01-12 00:13:13,54,Completed,3.2
3551,5067,98,2023-07-28 12:21:20,2023-07-28 12:47:20,26,Refund Processed,
3552,5068,159,2024-02-04 12:58:28,2024-02-04 13:40:28,42,Completed,4.6
3553,5069,283,2024-09-08 21:13:23,2024-09-08 21:40:23,27,Completed,2.6
3554,5071,47,2023-06-25 02:41:11,2023-06-25 03:33:11,52,Completed,2.5
3555,5072,179,2024-01-04 20:26:02,2024-01-04 20:44:02,18,Completed,2.8
3556,5073,116,2023-06-12 18:58:52,2023-06-12 19:42:52,44,Completed,2.9
3557,5074,149,2024-10-05 21:02:26,2024-10-05 21:52:26,50,Completed,3.3
3558,5076,262,2024-05-31 21:55:49,2024-05-31 22:49:49,54,Completed,3.7
3559,5078,117,2024-03-25 15:44:32,2024-03-25 16:25:32,41,Completed,4.6
3560,5079,182,2024-01-29 15:48:56,2024-01-29 16:26:56,38,Completed,3.8
3561,5080,63,2024-09-20 14:38:50,2024-09-20 14:58:50,20,Completed,3.9
3562,5082,234,2023-12-02 22:16:56,2023-12-02 23:02:56,46,Completed,3.3
3563,5083,228,2023-06-07 23:33:20,2023-06-08 00:12:20,39,Completed,4.3
3564,5084,255,2023-10-09 13:27:36,2023-10-09 14:15:36,48,Completed,4.8
3565,5085,125,2024-06-05 10:20:10,2024-06-05 11:14:10,54,Completed,4.3
3566,5086,94,2023-12-14 20:39:15,2023-12-14 21:10:15,31,Completed,3.2
3567,5089,115,2023-08-17 13:59:18,2023-08-17 14:20:18,21,Completed,4.7
3568,5090,91,2024-03-30 13:05:51,2024-03-30 13:58:51,53,Completed,2.8
3569,5091,154,2024-02-13 19:46:17,2024-02-13 20:17:17,31,Completed,2.8
3570,5092,266,2023-11-23 22:47:44,2023-11-23 23:21:44,34,Completed,3.6
3571,5093,140,2023-11-06 18:30:39,2023-11-06 19:15:39,45,Completed,2.9
3572,5095,83,2023-04-29 18:57:28,2023-04-29 19:28:28,31,Completed,3.8
3573,5096,138,2024-05-20 09:06:33,2024-05-20 09:36:33,30,Completed,4.3
3574,5097,260,2024-09-28 09:35:24,2024-09-28 10:06:24,31,Completed,2.9
3575,5099,231,2024-08-14 23:24:04,2024-08-15 00:04:04,40,Completed,3.6
3576,5100,53,2023-04-03 11:31:37,2023-04-03 11:49:37,18,Refund Processed,
3577,5102,92,2024-09-10 21:45:09,2024-09-10 22:28:09,43,Completed,3.9
3578,5103,284,2024-06-01 17:05:27,2024-06-01 17:33:27,28,Completed,3.0
3579,5105,197,2024-12-12 19:29:29,2024-12-12 19:47:29,18,Completed,3.0
3580,5106,170,2024-08-20 19:42:29,2024-08-20 20:27:29,45,Completed,4.1
3581,5107,26,2024-05-07 17:15:08,2024-05-07 18:09:08,54,Completed,5.0
3582,5108,184,2024-05-18 15:14:27,2024-05-18 16:01:27,47,Completed,3.6
3583,5109,165,2023-04-15 14:14:21,2023-04-15 14:33:21,19,Completed,4.4
3584,5111,287,2024-02-09 11:17:59,2024-02-09 11:47:59,30,Refund Processed,
3585,5112,194,2024-05-13 13:08:17,2024-05-13 13:41:17,33,Completed,3.9
3586,5113,211,2024-07-21 06:40:10,2024-07-21 07:23:10,43,Completed,4.7
3587,5115,102,2023-04-13 15:10:35,2023-04-13 15:36:35,26,Completed,4.0
3588,5116,255,2023-03-01 04:18:15,2023-03-01 04:43:15,25,Completed,2.6
3589,5117,95,2023-12-08 01:01:06,2023-12-08 01:17:06,16,Completed,4.0
3590,5118,293,2024-01-02 08:06:44,2024-01-02 08:24:44,18,Completed,3.6
3591,5119,112,2023-09-14 04:23:19,2023-09-14 04:56:19,33,Completed,3.9
3592,5120,189,2024-04-25 10:32:57,2024-04-25 11:00:57,28,Completed,4.1
3593,5121,61,2024-10-25 18:59:18,2024-10-25 19:32:18,33,Completed,2.8
3594,5122,100,2024-06-20 23:33:16,2024-06-21 00:07:16,34,Completed,4.9
3595,5123,37,2024-03-19 19:00:06,2024-03-19 19:28:06,28,Completed,4.6
3596,5124,130,2023-05-24 00:51:42,2023-05-24 01:21:42,30,Completed,4.2
3597,5125,163,2024-02-23 20:38:49,2024-02-23 21:03:49,25,Completed,5.0
3598,5126,151,2024-10-24 18:45:31,2024-10-24 19:16:31,31,Completed,4.6
3599,5127,189,2023-09-30 08:00:24,2023-09-30 08:36:24,36,Completed,4.6
3600,5128,30,2023-03-11 15:04:38,2023-03-11 15:53:38,49,Completed,3.3
3601,5129,287,2023-06-08 15:46:12,2023-06-08 16:40:12,54,Completed,4.7
3602,5130,243,2024-03-12 13:36:31,2024-03-12 14:06:31,30,Completed,4.2
3603,5131,149,2023-06-02 09:22:24,2023-06-02 09:39:24,17,Completed,3.6
3604,5132,289,2023-01-20 22:43:01,2023-01-20 23:33:01,50,Completed,4.1
3605,5135,248,2023-09-28 19:15:43,2023-09-28 19:44:43,29,Completed,3.3
3606,5136,101,2023-06-12 20:33:49,2023-06-12 20:58:49,25,Completed,3.7
3607,5137,191,2024-02-18 13:00:20,2024-02-18 13:36:20,36,Completed,4.8
3608,5138,104,2023-11-04 19:39:22,2023-11-04 20:05:22,26,Completed,4.3
3609,5139,31,2024-10-16 05:50:02,2024-10-16 06:21:02,31,Completed,4.3
3610,5140,79,2024-03-06 11:12:03,2024-03-06 12:01:03,49,Completed,2.7
3611,5142,102,2024-01-08 09:36:26,2024-01-08 09:59:26,23,Refund Processed,
3612,5143,81,2023-05-27 21:03:17,2023-05-27 21:50:17,47,Completed,3.2
3613,5144,216,2024-05-25 19:32:01,2024-05-25 19:56:01,24,Completed,3.2
3614,5147,83,2023-12-22 09:18:23,2023-12-22 10:12:23,54,Completed,3.2
3615,5149,244,2023-07-17 22:07:44,2023-07-17 22:59:44,52,Completed,4.5
3616,5150,78,2024-11-17 17:36:04,2024-11-17 18:30:04,54,Refund Processed,
3617,5151,175,2024-09-03 20:39:04,2024-09-03 20:59:04,20,Completed,2.9
3618,5152,254,2023-12-26 10:50:22,2023-12-26 11:21:22,31,Completed,4.3
3619,5153,189,2024-08-09 22:53:26,2024-08-09 23:08:26,15,Completed,3.4
3620,5154,187,2023-11-12 23:07:52,2023-11-12 23:53:52,46,Completed,3.8
3621,5155,18,2024-05-02 21:27:54,2024-05-02 21:44:54,17,Completed,4.7
3622,5156,53,2024-01-30 22:59:36,2024-01-30 23:32:36,33,Completed,4.4
3623,5158,98,2023-12-22 16:38:48,2023-12-22 17:05:48,27,Refund Processed,
3624,5159,297,2024-04-02 14:11:42,2024-04-02 14:50:42,39,Completed,4.7
3625,5160,226,2023-03-30 11:52:04,2023-03-30 12:38:04,46,Completed,4.5
3626,5162,207,2023-04-10 17:48:12,2023-04-10 18:25:12,37,Completed,4.2
3627,5163,117,2023-06-05 05:18:05,2023-06-05 05:35:05,17,Completed,4.5
3628,5164,214,2023-06-28 17:17:52,2023-06-28 18:04:52,47,Completed,4.4
3629,5167,3,2024-02-03 13:57:29,2024-02-03 14:24:29,27,Completed,4.5
3630,5168,190,2023-11-01 18:59:48,2023-11-01 19:18:48,19,Completed,3.7
3631,5169,16,2023-09-11 00:47:21,2023-09-11 01:18:21,31,Completed,4.9
3632,5171,102,2024-08-04 21:54:32,2024-08-04 22:24:32,30,Completed,3.7
3633,5172,6,2023-07-16 21:41:26,2023-07-16 22:29:26,48,Completed,4.1
3634,5174,82,2023-07-10 15:45:07,2023-07-10 16:05:07,20,Completed,4.6
3635,5175,59,2023-12-01 00:08:12,2023-12-01 00:24:12,16,Refund Processed,
3636,5176,63,2023-10-14 20:45:36,2023-10-14 21:19:36,34,Refund Processed,
3637,5177,172,2023-10-28 19:37:45,2023-10-28 20:31:45,54,Completed,2.7
3638,5178,130,2023-04-26 21:40:45,2023-04-26 21:56:45,16,Refund Processed,
3639,5180,58,2023-10-28 07:59:25,2023-10-28 08:18:25,19,Refund Processed,
3640,5181,186,2024-10-22 10:12:22,2024-10-22 10:56:22,44,Completed,3.0
3641,5183,44,2024-04-16 01:06:13,2024-04-16 01:30:13,24,Refund Processed,
3642,5185,245,2023-10-28 18:15:19,2023-10-28 19:00:19,45,Completed,3.0
3643,5186,257,2023-09-02 21:45:55,2023-09-02 22:15:55,30,Completed,3.3
3644,5187,95,2023-06-03 22:04:52,2023-06-03 22:30:52,26,Completed,3.4
3645,5188,243,2024-12-30 10:51:02,2024-12-30 11:33:02,42,Completed,2.5
3646,5189,186,2024-03-14 15:18:58,2024-03-14 16:10:58,52,Completed,4.6
3647,5190,12,2024-08-29 20:30:53,2024-08-29 20:55:53,25,Completed,4.8
3648,5191,5,2024-07-14 14:53:16,2024-07-14 15:27:16,34,Completed,4.0
3649,5192,61,2024-07-11 06:29:36,2024-07-11 07:15:36,46,Completed,3.3
3650,5193,38,2023-04-15 20:13:35,2023-04-15 20:45:35,32,Completed,4.0
3651,5194,294,2023-12-03 18:32:05,2023-12-03 19:04:05,32,Refund Processed,
3652,5195,109,2024-11-10 13:59:55,2024-11-10 14:34:55,35,Completed,2.6
3653,5196,214,2023-05-21 00:14:39,2023-05-21 01:07:39,53,Completed,3.0
3654,5197,240,2024-12-06 20:30:02,2024-12-06 21:05:02,35,Completed,4.5
3655,5198,270,2024-06-29 21:39:11,2024-06-29 22:28:11,49,Completed,3.1
3656,5199,164,2024-04-10 07:03:32,2024-04-10 07:37:32,34,Completed,4.9
3657,5200,237,2023-05-02 18:49:24,2023-05-02 19:42:24,53,Completed,3.0
3658,5202,284,2023-12-29 10:24:07,2023-12-29 10:47:07,23,Completed,3.0
3659,5203,236,2024-07-11 10:46:08,2024-07-11 11:09:08,23,Refund Processed,
3660,5204,70,2023-11-29 20:00:07,2023-11-29 20:53:07,53,Completed,3.2
3661,5205,77,2023-07-15 15:02:10,2023-07-15 15:44:10,42,Completed,3.4
3662,5208,184,2024-01-03 12:08:52,2024-01-03 12:45:52,37,Completed,4.8
3663,5209,187,2023-03-06 19:35:59,2023-03-06 20:04:59,29,Completed,4.3
3664,5210,144,2023-12-14 11:11:24,2023-12-14 11:36:24,25,Completed,3.1
3665,5211,5,2024-10-20 18:00:04,2024-10-20 18:25:04,25,Completed,3.3
3666,5212,244,2024-02-14 21:50:31,2024-02-14 22:31:31,41,Completed,3.6
3667,5217,210,2024-01-30 15:02:58,2024-01-30 15:19:58,17,Completed,4.9
3668,5218,100,2023-08-09 14:11:23,2023-08-09 14:32:23,21,Refund Processed,
3669,5219,278,2024-10-16 02:05:11,2024-10-16 02:46:11,41,Refund Processed,
3670,5221,260,2024-02-12 14:52:13,2024-02-12 15:23:13,31,Completed,4.6
3671,5223,214,2024-02-12 21:42:53,2024-02-12 22:21:53,39,Completed,3.2
3672,5224,115,2023-04-11 20:35:25,2023-04-11 21:01:25,26,Completed,3.6
3673,5226,205,2023-12-18 10:51:11,2023-12-18 11:18:11,27,Completed,4.8
3674,5227,210,2024-08-24 08:49:25,2024-08-24 09:32:25,43,Completed,4.0
3675,5229,293,2023-04-04 00:17:52,2023-04-04 00:40:52,23,Completed,3.2
3676,5230,49,2023-09-26 13:44:07,2023-09-26 14:03:07,19,Completed,4.8
3677,5232,35,2024-03-18 21:29:17,2024-03-18 22:15:17,46,Refund Processed,
3678,5233,206,2024-11-15 20:31:05,2024-11-15 21:14:05,43,Refund Processed,
3679,5234,126,2023-05-31 13:01:57,2023-05-31 13:24:57,23,Completed,3.3
3680,5236,108,2023-07-11 08:21:26,2023-07-11 09:11:26,50,Completed,3.2
3681,5238,188,2024-09-18 22:25:18,2024-09-18 22:50:18,25,Completed,3.1
3682,5239,175,2023-03-19 07:17:39,2023-03-19 08:06:39,49,Completed,4.2
3683,5240,176,2023-01-03 18:03:57,2023-01-03 18:31:57,28,Completed,4.3
3684,5242,50,2023-10-20 09:43:20,2023-10-20 10:38:20,55,Completed,3.7
3685,5243,157,2024-03-21 09:35:16,2024-03-21 10:02:16,27,Completed,2.9
3686,5244,280,2023-05-16 16:08:36,2023-05-16 16:41:36,33,Completed,3.3
3687,5245,148,2024-04-14 16:35:19,2024-04-14 17:17:19,42,Completed,3.6
3688,5247,42,2023-10-09 18:04:25,2023-10-09 18:23:25,19,Completed,2.8
3689,5248,187,2024-01-13 10:09:07,2024-01-13 10:44:07,35,Completed,4.9
3690,5249,56,2023-12-03 13:55:38,2023-12-03 14:26:38,31,Completed,4.2
3691,5251,81,2024-05-05 13:28:56,2024-05-05 14:04:56,36,Completed,3.6
3692,5252,281,2023-11-17 06:01:49,2023-11-17 06:35:49,34,Refund Processed,
3693,5253,23,2024-03-08 21:46:37,2024-03-08 22:32:37,46,Completed,3.3
3694,5254,35,2024-08-16 14:15:47,2024-08-16 14:48:47,33,Completed,3.5
3695,5255,229,2023-04-05 19:27:38,2023-04-05 19:49:38,22,Completed,3.1
3696,5258,84,2024-09-23 22:14:18,2024-09-23 22:40:18,26,Completed,4.1
3697,5259,5,2024-01-14 21:41:20,2024-01-14 22:02:20,21,Refund Processed,
3698,5260,294,2023-11-29 10:55:26,2023-11-29 11:43:26,48,Completed,2.6
3699,5263,232,2024-10-06 05:16:22,2024-10-06 05:48:22,32,Completed,3.7
3700,5265,124,2023-07-18 12:31:01,2023-07-18 12:47:01,16,Completed,4.4
3701,5266,52,2024-12-17 19:57:48,2024-12-17 20:48:48,51,Completed,4.7
3702,5267,180,2024-06-04 19:01:08,2024-06-04 19:47:08,46,Completed,4.0
3703,5268,273,2023-09-15 23:26:21,2023-09-16 00:08:21,42,Completed,4.5
3704,5269,22,2024-04-01 22:52:43,2024-04-01 23:25:43,33,Completed,4.7
3705,5270,94,2024-07-13 19:29:21,2024-07-13 20:18:21,49,Completed,3.3
3706,5271,262,2024-10-16 22:48:10,2024-10-16 23:03:10,15,Completed,2.7
3707,5273,256,2023-06-16 09:15:33,2023-06-16 10:07:33,52,Completed,3.6
3708,5276,264,2023-10-09 14:04:29,2023-10-09 14:37:29,33,Refund Processed,
3709,5277,158,2023-10-25 21:00:58,2023-10-25 21:51:58,51,Refund Processed,
3710,5278,267,2024-07-15 19:14:04,2024-07-15 19:30:04,16,Completed,3.7
3711,5281,188,2023-01-08 19:29:40,2023-01-08 20:23:40,54,Completed,2.9
3712,5283,165,2023-05-16 14:12:10,2023-05-16 14:56:10,44,Completed,4.4
3713,5284,196,2023-02-24 14:59:14,2023-02-24 15:37:14,38,Completed,4.0
3714,5285,203,2024-04-13 12:07:45,2024-04-13 12:22:45,15,Completed,3.7
3715,5286,95,2024-10-01 14:42:49,2024-10-01 15:09:49,27,Completed,2.9
3716,5287,180,2023-12-03 10:45:05,2023-12-03 11:09:05,24,Completed,3.2
3717,5288,247,2024-02-09 20:30:32,2024-02-09 21:12:32,42,Completed,2.8
3718,5290,173,2023-09-11 20:06:19,2023-09-11 20:40:19,34,Completed,3.4
3719,5291,48,2024-05-20 17:34:29,2024-05-20 17:49:29,15,Completed,3.0
3720,5292,262,2023-09-07 16:09:05,2023-09-07 16:28:05,19,Completed,4.6
3721,5294,263,2023-04-17 17:31:44,2023-04-17 17:49:44,18,Completed,3.1
3722,5295,300,2024-05-19 19:37:46,2024-05-19 20:31:46,54,Completed,3.1
3723,5297,65,2024-09-23 21:26:31,2024-09-23 22:19:31,53,Completed,2.8
3724,5299,13,2024-10-09 13:21:41,2024-10-09 13:57:41,36,Completed,4.3
3725,5300,167,2023-07-26 08:56:14,2023-07-26 09:24:14,28,Completed,3.0
3726,5301,156,2024-12-16 03:12:56,2024-12-16 03:44:56,32,Completed,4.8
3727,5302,141,2024-12-19 15:15:38,2024-12-19 15:47:38,32,Completed,2.7
3728,5303,3,2024-03-31 19:48:40,2024-03-31 20:16:40,28,Completed,3.2
3729,5305,229,2023-06-22 18:34:38,2023-06-22 19:23:38,49,Completed,3.5
3730,5307,157,2023-05-10 20:32:00,2023-05-10 21:17:00,45,Refund Processed,
3731,5309,61,2023-05-20 16:11:15,2023-05-20 16:36:15,25,Refund Processed,
3732,5312,234,2024-05-19 21:14:15,2024-05-19 21:45:15,31,Completed,4.7
3733,5315,13,2023-06-06 09:04:39,2023-06-06 09:26:39,22,Completed,3.2
3734,5316,181,2023-08-12 15:01:30,2023-08-12 15:49:30,48,Completed,2.8
3735,5318,236,2024-05-08 12:46:31,2024-05-08 13:27:31,41,Completed,4.2
3736,5320,122,2023-02-28 20:09:13,2023-02-28 20:40:13,31,Completed,4.0
3737,5321,235,2023-09-04 18:03:38,2023-09-04 18:31:38,28,Completed,3.9
3738,5322,48,2023-04-28 08:15:50,2023-04-28 09:10:50,55,Refund Processed,
3739,5323,59,2023-12-12 12:43:50,2023-12-12 13:32:50,49,Completed,4.8
3740,5324,231,2024-03-22 22:26:16,2024-03-22 23:09:16,43,Completed,3.6
3741,5325,117,2024-01-10 22:16:09,2024-01-10 22:50:09,34,Completed,3.1
3742,5326,200,2024-11-23 22:40:37,2024-11-23 22:59:37,19,Completed,3.6
3743,5327,255,2024-12-29 13:29:34,2024-12-29 14:00:34,31,Completed,4.9
3744,5328,112,2024-10-18 11:15:44,2024-10-18 11:36:44,21,Completed,4.6
3745,5329,85,2024-01-20 23:17:22,2024-01-20 23:54:22,37,Completed,2.6
3746,5331,223,2024-06-28 22:22:10,2024-06-28 22:41:10,19,Completed,4.5
3747,5332,206,2024-12-06 14:10:42,2024-12-06 14:51:42,41,Completed,3.2
3748,5333,83,2023-07-10 13:03:58,2023-07-10 13:53:58,50,Refund Processed,
3749,5334,183,2024-03-26 20:37:01,2024-03-26 21:01:01,24,Completed,3.7
3750,5335,66,2023-02-27 22:24:09,2023-02-27 22:54:09,30,Completed,3.8
3751,5336,51,2023-01-22 10:37:08,2023-01-22 11:08:08,31,Completed,3.1
3752,5337,235,2024-05-30 13:24:43,2024-05-30 13:40:43,16,Completed,4.1
3753,5338,119,2024-09-28 16:54:57,2024-09-28 17:20:57,26,Completed,4.7
3754,5339,261,2024-03-17 11:00:53,2024-03-17 11:20:53,20,Completed,4.3
3755,5340,208,2024-11-28 21:49:17,2024-11-28 22:31:17,42,Completed,4.1
3756,5343,53,2024-10-20 11:56:22,2024-10-20 12:28:22,32,Completed,3.1
3757,5344,231,2023-04-05 16:10:02,2023-04-05 16:29:02,19,Refund Processed,
3758,5345,250,2023-06-30 11:54:29,2023-06-30 12:49:29,55,Completed,3.8
3759,5346,148,2024-03-20 11:11:17,2024-03-20 11:54:17,43,Completed,3.5
3760,5347,286,2024-11-20 21:35:38,2024-11-20 21:55:38,20,Completed,3.4
3761,5348,186,2023-09-26 09:51:27,2023-09-26 10:27:27,36,Completed,3.1
3762,5349,94,2024-08-07 23:36:02,2024-08-08 00:18:02,42,Completed,2.9
3763,5350,210,2023-02-18 19:59:39,2023-02-18 20:24:39,25,Completed,4.6
3764,5352,18,2024-07-14 19:40:01,2024-07-14 20:24:01,44,Completed,4.5
3765,5354,76,2024-11-29 19:09:53,2024-11-29 19:52:53,43,Completed,4.7
3766,5356,286,2023-12-25 20:34:24,2023-12-25 21:03:24,29,Completed,3.2
3767,5359,257,2024-11-08 11:05:30,2024-11-08 11:48:30,43,Completed,4.3
3768,5360,113,2024-09-11 20:34:24,2024-09-11 21:09:24,35,Completed,4.3
3769,5361,256,2023-11-13 10:28:51,2023-11-13 10:52:51,24,Completed,3.7
3770,5362,163,2024-06-20 21:56:40,2024-06-20 22:22:40,26,Completed,3.7
3771,5363,295,2024-05-29 13:42:54,2024-05-29 14:26:54,44,Completed,4.4
3772,5364,196,2023-06-07 21:10:14,2023-06-07 22:01:14,51,Completed,4.3
3773,5365,295,2023-03-09 21:51:38,2023-03-09 22:12:38,21,Completed,4.0
3774,5366,33,2023-03-27 23:33:19,2023-03-28 00:10:19,37,Completed,4.8
3775,5370,113,2024-08-13 15:17:38,2024-08-13 15:58:38,41,Completed,5.0
3776,5371,196,2023-01-23 15:34:10,2023-01-23 15:51:10,17,Completed,3.4
3777,5374,26,2024-05-27 19:01:02,2024-05-27 19:36:02,35,Completed,3.5
3778,5375,298,2024-06-18 23:28:58,2024-06-18 23:44:58,16,Completed,3.5
3779,5377,136,2024-02-05 19:18:27,2024-02-05 19:48:27,30,Completed,4.9
3780,5378,245,2024-01-28 21:27:55,2024-01-28 21:54:55,27,Refund Processed,
3781,5379,209,2023-03-23 23:30:04,2023-03-23 23:52:04,22,Completed,4.2
3782,5380,50,2024-06-19 16:12:45,2024-06-19 16:31:45,19,Completed,4.3
3783,5382,216,2023-03-02 20:46:51,2023-03-02 21:21:51,35,Completed,2.8
3784,5384,293,2023-12-21 13:26:54,2023-12-21 13:59:54,33,Completed,4.7
3785,5385,19,2023-10-02 00:13:05,2023-10-02 01:05:05,52,Completed,4.0
3786,5386,65,2024-07-08 12:19:55,2024-07-08 12:47:55,28,Completed,3.7
3787,5387,38,2023-01-17 12:41:44,2023-01-17 13:19:44,38,Completed,4.4
3788,5388,69,2024-05-10 19:07:11,2024-05-10 19:33:11,26,Completed,4.3
3789,5389,239,2024-03-14 21:54:31,2024-03-14 22:48:31,54,Completed,3.5
3790,5390,175,2023-11-08 17:42:08,2023-11-08 18:06:08,24,Refund Processed,
3791,5391,91,2023-12-05 18:17:05,2023-12-05 19:02:05,45,Completed,4.4
3792,5392,37,2023-03-22 13:07:44,2023-03-22 13:33:44,26,Completed,3.2
3793,5393,96,2023-11-16 16:42:10,2023-11-16 17:34:10,52,Refund Processed,
3794,5394,267,2024-03-13 14:43:07,2024-03-13 15:26:07,43,Completed,4.8
3795,5395,67,2024-08-01 23:47:01,2024-08-02 00:14:01,27,Completed,3.2
3796,5396,8,2024-04-05 08:16:49,2024-04-05 09:03:49,47,Completed,2.9
3797,5398,16,2023-06-20 10:27:02,2023-06-20 10:56:02,29,Completed,2.8
3798,5400,187,2024-11-18 20:03:10,2024-11-18 20:58:10,55,Refund Processed,
3799,5401,181,2024-10-19 13:54:21,2024-10-19 14:43:21,49,Completed,4.7
3800,5408,114,2023-11-23 18:32:30,2023-11-23 19:07:30,35,Completed,3.2
3801,5409,33,2024-03-24 21:42:38,2024-03-24 22:06:38,24,Completed,4.3
3802,5411,193,2024-12-25 19:23:45,2024-12-25 19:39:45,16,Refund Processed,
3803,5412,239,2024-07-17 17:01:46,2024-07-17 17:41:46,40,Completed,3.4
3804,5413,217,2023-09-21 12:56:24,2023-09-21 13:23:24,27,Completed,3.9
3805,5415,266,2024-05-15 23:08:38,2024-05-15 23:34:38,26,Completed,3.2
3806,5416,187,2023-06-02 16:01:29,2023-06-02 16:41:29,40,Completed,2.9
3807,5417,49,2024-06-08 21:21:28,2024-06-08 21:41:28,20,Completed,2.5
3808,5418,12,2023-01-23 20:24:28,2023-01-23 20:39:28,15,Completed,3.0
3809,5419,217,2024-05-10 14:12:26,2024-05-10 14:56:26,44,Completed,3.9
3810,5420,276,2024-06-07 17:14:38,2024-06-07 17:40:38,26,Completed,3.2
3811,5421,293,2024-02-20 10:07:36,2024-02-20 10:28:36,21,Completed,4.5
3812,5422,252,2024-10-29 22:22:53,2024-10-29 22:46:53,24,Refund Processed,
3813,5423,218,2024-03-14 15:48:52,2024-03-14 16:42:52,54,Completed,3.5
3814,5427,32,2023-02-18 15:43:18,2023-02-18 16:38:18,55,Completed,3.3
3815,5428,169,2024-10-28 19:37:11,2024-10-28 20:05:11,28,Completed,3.5
3816,5429,227,2023-10-30 13:46:29,2023-10-30 14:25:29,39,Completed,3.8
3817,5431,231,2024-10-28 21:49:13,2024-10-28 22:07:13,18,Completed,3.7
3818,5433,271,2024-09-29 16:08:57,2024-09-29 16:29:57,21,Completed,3.5
3819,5436,196,2024-07-19 11:20:14,2024-07-19 11:55:14,35,Completed,4.3
3820,5437,12,2023-12-04 17:12:13,2023-12-04 17:32:13,20,Completed,3.5
3821,5439,265,2023-02-20 00:56:57,2023-02-20 01:14:57,18,Completed,3.9
3822,5440,88,2024-07-24 20:00:56,2024-07-24 20:44:56,44,Completed,5.0
3823,5441,211,2024-05-13 06:52:37,2024-05-13 07:39:37,47,Completed,4.0
3824,5442,239,2024-11-17 12:57:20,2024-11-17 13:38:20,41,Refund Processed,
3825,5443,87,2023-08-13 13:46:39,2023-08-13 14:23:39,37,Completed,2.7
3826,5445,112,2024-06-05 20:10:21,2024-06-05 20:49:21,39,Refund Processed,
3827,5447,58,2023-09-27 22:20:33,2023-09-27 22:52:33,32,Completed,3.0
3828,5448,226,2024-07-29 04:16:00,2024-07-29 05:09:00,53,Completed,3.6
3829,5449,6,2024-11-29 22:36:19,2024-11-29 23:07:19,31,Refund Processed,
3830,5450,239,2024-05-15 11:54:51,2024-05-15 12:19:51,25,Completed,4.9
3831,5451,37,2024-08-14 12:18:15,2024-08-14 12:49:15,31,Completed,3.9
3832,5453,40,2023-12-07 01:37:01,2023-12-07 02:02:01,25,Completed,2.7
3833,5454,225,2024-09-17 09:24:41,2024-09-17 10:05:41,41,Completed,4.3
3834,5457,179,2024-03-19 10:15:37,2024-03-19 10:36:37,21,Completed,2.6
3835,5458,227,2023-07-26 11:30:42,2023-07-26 11:53:42,23,Completed,4.3
3836,5460,199,2023-08-11 19:56:07,2023-08-11 20:43:07,47,Completed,3.4
3837,5461,92,2024-08-18 00:56:19,2024-08-18 01:26:19,30,Refund Processed,
3838,5462,266,2024-02-17 06:34:06,2024-02-17 07:12:06,38,Refund Processed,
3839,5463,170,2024-10-25 12:46:32,2024-10-25 13:32:32,46,Completed,4.4
3840,5464,59,2024-02-20 19:28:38,2024-02-20 20:09:38,41,Completed,3.7
3841,5465,178,2024-09-06 15:33:29,2024-09-06 15:55:29,22,Completed,3.2
3842,5467,103,2023-04-14 21:54:13,2023-04-14 22:20:13,26,Completed,3.1
3843,5468,56,2023-12-17 21:25:03,2023-12-17 21:42:03,17,Completed,3.1
3844,5469,48,2024-02-10 21:22:18,2024-02-10 21:51:18,29,Completed,3.1
3845,5471,269,2024-12-18 15:43:01,2024-12-18 16:03:01,20,Completed,3.6
3846,5472,158,2024-02-02 14:35:29,2024-02-02 14:52:29,17,Completed,3.8
3847,5473,8,2024-12-09 22:28:20,2024-12-09 23:22:20,54,Completed,2.8
3848,5474,48,2023-12-10 21:13:14,2023-12-10 21:42:14,29,Completed,4.7
3849,5475,239,2023-09-28 20:20:21,2023-09-28 20:53:21,33,Completed,3.5
3850,5476,85,2024-08-10 11:34:06,2024-08-10 11:55:06,21,Refund Processed,
3851,5477,197,2023-06-05 23:21:19,2023-06-05 23:41:19,20,Completed,3.7
3852,5478,291,2023-08-02 14:19:18,2023-08-02 14:51:18,32,Completed,2.6
3853,5479,184,2024-04-25 22:36:48,2024-04-25 22:59:48,23,Refund Processed,
3854,5482,3,2024-10-13 18:46:32,2024-10-13 19:25:32,39,Completed,3.3
3855,5484,106,2023-03-20 20:06:07,2023-03-20 20:21:07,15,Completed,3.7
3856,5487,270,2024-10-06 19:09:32,2024-10-06 19:26:32,17,Completed,4.1
3857,5488,16,2024-10-14 08:03:35,2024-10-14 08:21:35,18,Completed,4.9
3858,5489,157,2023-07-17 14:45:48,2023-07-17 15:31:48,46,Completed,2.7
3859,5490,82,2023-10-23 12:29:54,2023-10-23 13:14:54,45,Completed,4.5
3860,5491,280,2024-01-16 10:00:59,2024-01-16 10:50:59,50,Completed,3.2
3861,5493,189,2023-08-24 23:23:22,2023-08-25 00:09:22,46,Refund Processed,
3862,5494,5,2024-04-18 19:15:52,2024-04-18 19:49:52,34,Completed,2.7
3863,5495,41,2024-12-07 22:40:32,2024-12-07 22:57:32,17,Completed,4.9
3864,5496,46,2024-11-05 20:45:34,2024-11-05 21:28:34,43,Completed,4.1
3865,5498,205,2024-09-20 23:36:18,2024-09-21 00:05:18,29,Completed,4.0
3866,5499,288,2023-06-02 05:22:25,2023-06-02 06:14:25,52,Completed,3.5
3867,5500,187,2024-02-23 11:04:28,2024-02-23 11:55:28,51,Completed,4.5
3868,5501,263,2023-05-23 20:21:30,2023-05-23 20:41:30,20,Completed,3.7
3869,5503,48,2024-11-15 12:52:09,2024-11-15 13:34:09,42,Completed,3.5
3870,5504,124,2024-06-03 00:51:03,2024-06-03 01:41:03,50,Completed,2.7
3871,5505,284,2024-05-09 20:41:34,2024-05-09 21:27:34,46,Completed,3.3
3872,5506,136,2024-01-22 20:30:49,2024-01-22 21:21:49,51,Completed,2.9
3873,5508,291,2024-12-11 18:41:38,2024-12-11 19:11:38,30,Completed,4.2
3874,5510,155,2023-01-08 17:57:36,2023-01-08 18:38:36,41,Completed,3.4
3875,5512,120,2024-12-12 19:27:33,2024-12-12 19:45:33,18,Completed,4.3
3876,5513,293,2023-08-01 15:02:18,2023-08-01 15:21:18,19,Completed,4.7
3877,5514,255,2024-02-18 17:53:36,2024-02-18 18:36:36,43,Completed,3.1
3878,5515,294,2024-10-09 07:02:24,2024-10-09 07:34:24,32,Completed,4.7
3879,5516,239,2024-03-04 18:47:34,2024-03-04 19:04:34,17,Completed,3.0
3880,5517,84,2024-07-20 23:44:59,2024-07-21 00:21:59,37,Completed,4.7
3881,5518,8,2023-09-22 18:23:24,2023-09-22 19:12:24,49,Completed,3.0
3882,5519,209,2023-04-16 10:58:27,2023-04-16 11:46:27,48,Completed,3.6
3883,5520,52,2024-03-15 15:10:50,2024-03-15 16:04:50,54,Completed,2.9
3884,5521,124,2023-01-01 22:35:44,2023-01-01 23:29:44,54,Completed,3.9
3885,5525,172,2024-06-29 10:52:08,2024-06-29 11:21:08,29,Completed,4.8
3886,5526,263,2024-09-20 16:08:45,2024-09-20 16:33:45,25,Completed,4.6
3887,5527,272,2024-03-09 13:37:50,2024-03-09 14:32:50,55,Completed,4.5
3888,5530,52,2024-04-01 19:33:17,2024-04-01 20:05:17,32,Refund Processed,
3889,5531,55,2024-07-06 10:57:55,2024-07-06 11:33:55,36,Completed,2.7
3890,5532,44,2023-09-16 18:26:57,2023-09-16 19:17:57,51,Completed,3.4
3891,5533,89,2023-08-04 18:41:28,2023-08-04 18:58:28,17,Completed,4.5
3892,5537,281,2023-12-27 11:37:11,2023-12-27 11:54:11,17,Completed,3.5
3893,5538,261,2024-01-02 19:28:30,2024-01-02 20:01:30,33,Completed,3.6
3894,5539,294,2024-09-03 22:53:43,2024-09-03 23:44:43,51,Refund Processed,
3895,5540,293,2024-08-04 08:33:11,2024-08-04 09:02:11,29,Completed,3.6
3896,5542,182,2024-04-17 21:54:34,2024-04-17 22:44:34,50,Completed,2.8
3897,5545,136,2023-08-18 12:29:17,2023-08-18 13:04:17,35,Completed,2.6
3898,5546,116,2024-10-18 09:00:34,2024-10-18 09:48:34,48,Completed,3.3
3899,5549,247,2023-07-17 18:35:13,2023-07-17 19:14:13,39,Completed,4.4
3900,5550,40,2024-07-02 19:21:55,2024-07-02 19:49:55,28,Completed,3.8
3901,5551,74,2024-09-08 10:41:16,2024-09-08 11:31:16,50,Completed,2.8
3902,5552,63,2024-05-31 13:26:13,2024-05-31 14:15:13,49,Completed,4.7
3903,5555,229,2024-02-29 21:13:47,2024-02-29 21:52:47,39,Completed,2.8
3904,5556,53,2024-06-23 19:42:52,2024-06-23 20:23:52,41,Completed,3.0
3905,5558,154,2024-05-08 21:28:17,2024-05-08 22:05:17,37,Completed,4.8
3906,5559,143,2023-04-18 20:39:45,2023-04-18 21:15:45,36,Completed,4.7
3907,5560,287,2023-09-11 08:42:59,2023-09-11 09:09:59,27,Completed,2.9
3908,5562,167,2024-06-29 05:50:51,2024-06-29 06:27:51,37,Completed,4.3
3909,5563,248,2023-09-02 14:39:50,2023-09-02 15:10:50,31,Completed,3.7
3910,5564,98,2024-01-27 19:37:00,2024-01-27 19:52:00,15,Completed,3.6
3911,5565,95,2024-08-12 12:45:09,2024-08-12 13:24:09,39,Completed,4.1
3912,5566,129,2024-06-01 17:49:14,2024-06-01 18:31:14,42,Completed,5.0
3913,5567,286,2023-01-03 13:47:26,2023-01-03 14:26:26,39,Completed,3.1
3914,5569,295,2023-11-11 08:42:54,2023-11-11 09:35:54,53,Completed,2.9
3915,5571,236,2023-09-04 13:55:44,2023-09-04 14:48:44,53,Completed,3.4
3916,5572,8,2023-08-10 01:03:15,2023-08-10 01:41:15,38,Completed,4.8
3917,5575,15,2023-06-22 20:22:55,2023-06-22 20:41:55,19,Completed,4.0
3918,5576,177,2024-10-18 11:52:25,2024-10-18 12:41:25,49,Completed,4.1
3919,5578,289,2023-02-12 11:44:29,2023-02-12 11:59:29,15,Completed,4.7
3920,5580,234,2023-03-22 19:33:35,2023-03-22 20:12:35,39,Completed,4.9
3921,5581,270,2023-10-30 04:12:09,2023-10-30 05:00:09,48,Completed,3.2
3922,5582,22,2024-09-04 22:02:03,2024-09-04 22:36:03,34,Completed,4.6
3923,5583,206,2023-01-06 12:26:52,2023-01-06 12:45:52,19,Completed,3.3
3924,5584,159,2023-08-02 21:48:32,2023-08-02 22:18:32,30,Completed,4.3
3925,5587,165,2024-07-28 13:56:14,2024-07-28 14:14:14,18,Completed,4.8
3926,5588,219,2023-06-29 18:51:26,2023-06-29 19:16:26,25,Completed,3.6
3927,5589,94,2023-12-15 22:01:38,2023-12-15 22:22:38,21,Completed,2.7
3928,5590,145,2024-04-13 09:29:34,2024-04-13 09:50:34,21,Refund Processed,
3929,5591,108,2023-06-05 15:40:46,2023-06-05 16:22:46,42,Refund Processed,
3930,5592,209,2024-09-21 10:36:26,2024-09-21 11:28:26,52,Completed,3.4
3931,5594,132,2023-12-31 22:02:11,2023-12-31 22:22:11,20,Completed,3.7
3932,5595,78,2024-07-17 21:06:44,2024-07-17 21:59:44,53,Completed,4.7
3933,5596,148,2024-05-23 14:49:47,2024-05-23 15:41:47,52,Completed,3.9
3934,5598,54,2024-10-10 13:07:06,2024-10-10 13:40:06,33,Completed,2.8
3935,5599,58,2023-01-27 18:41:39,2023-01-27 18:59:39,18,Completed,3.1
3936,5600,189,2023-04-08 01:39:07,2023-04-08 02:22:07,43,Completed,4.8
3937,5601,173,2024-03-21 12:18:15,2024-03-21 12:59:15,41,Completed,5.0
3938,5602,194,2024-12-10 12:44:48,2024-12-10 13:38:48,54,Completed,4.3
3939,5603,138,2023-12-11 17:42:00,2023-12-11 18:30:00,48,Completed,2.5
3940,5604,40,2024-12-02 23:53:00,2024-12-03 00:30:00,37,Completed,2.7
3941,5605,213,2023-11-03 23:50:40,2023-11-04 00:32:40,42,Completed,4.3
3942,5606,220,2024-09-06 16:54:28,2024-09-06 17:23:28,29,Completed,4.0
3943,5607,288,2023-09-18 19:06:39,2023-09-18 20:01:39,55,Completed,4.6
3944,5608,189,2024-11-02 15:51:38,2024-11-02 16:46:38,55,Completed,4.8
3945,5609,12,2023-10-04 19:27:27,2023-10-04 20:15:27,48,Completed,2.9
3946,5611,85,2023-11-06 14:53:07,2023-11-06 15:20:07,27,Completed,4.8
3947,5613,229,2024-07-24 12:37:54,2024-07-24 13:16:54,39,Completed,2.7
3948,5615,55,2023-12-24 17:18:58,2023-12-24 17:55:58,37,Completed,3.0
3949,5616,143,2024-05-31 21:38:56,2024-05-31 22:32:56,54,Completed,4.4
3950,5617,26,2023-12-30 18:05:03,2023-12-30 18:47:03,42,Completed,4.9
3951,5619,200,2024-04-20 10:56:21,2024-04-20 11:25:21,29,Completed,5.0
3952,5620,177,2024-10-25 19:45:54,2024-10-25 20:38:54,53,Completed,3.4
3953,5621,236,2024-04-04 18:20:40,2024-04-04 18:58:40,38,Completed,4.2
3954,5622,87,2023-01-22 18:07:17,2023-01-22 18:57:17,50,Refund Processed,
3955,5623,74,2024-01-13 19:37:36,2024-01-13 19:56:36,19,Completed,2.6
3956,5624,172,2024-05-23 21:17:51,2024-05-23 21:37:51,20,Completed,2.5
3957,5625,74,2023-06-29 07:28:30,2023-06-29 08:04:30,36,Refund Processed,
3958,5626,7,2023-06-30 09:00:50,2023-06-30 09:55:50,55,Completed,4.1
3959,5627,158,2024-11-24 21:38:00,2024-11-24 22:07:00,29,Completed,3.8
3960,5628,24,2023-08-22 00:11:24,2023-08-22 00:52:24,41,Completed,3.2
3961,5629,254,2024-06-16 20:13:39,2024-06-16 20:45:39,32,Completed,3.4
3962,5630,162,2024-02-21 15:22:11,2024-02-21 16:05:11,43,Completed,3.5
3963,5631,297,2024-04-27 21:41:16,2024-04-27 22:31:16,50,Completed,3.6
3964,5632,44,2024-06-05 23:22:38,2024-06-06 00:15:38,53,Completed,4.6
3965,5633,56,2023-05-11 18:57:33,2023-05-11 19:16:33,19,Completed,3.0
3966,5634,100,2023-08-19 14:04:20,2023-08-19 14:47:20,43,Completed,2.8
3967,5635,161,2023-12-13 12:58:49,2023-12-13 13:47:49,49,Completed,2.6
3968,5636,75,2024-09-08 23:24:04,2024-09-08 23:42:04,18,Completed,4.1
3969,5637,146,2024-03-01 19:02:08,2024-03-01 19:57:08,55,Completed,4.2
3970,5638,45,2024-02-01 13:34:05,2024-02-01 14:17:05,43,Completed,4.7
3971,5639,201,2023-10-12 14:29:40,2023-10-12 15:02:40,33,Refund Processed,
3972,5640,298,2024-05-09 21:05:53,2024-05-09 21:49:53,44,Refund Processed,
3973,5641,267,2024-09-15 21:59:52,2024-09-15 22:43:52,44,Completed,3.8
3974,5643,82,2023-01-28 15:23:59,2023-01-28 16:17:59,54,Completed,4.8
3975,5645,53,2023-08-16 07:48:41,2023-08-16 08:41:41,53,Completed,3.2
3976,5647,84,2023-11-02 09:20:18,2023-11-02 09:45:18,25,Completed,3.2
3977,5648,245,2024-12-06 13:14:30,2024-12-06 13:32:30,18,Completed,4.6
3978,5649,49,2024-06-03 17:30:14,2024-06-03 17:52:14,22,Refund Processed,
3979,5650,34,2024-07-21 13:44:19,2024-07-21 14:22:19,38,Refund Processed,
3980,5651,28,2024-03-17 18:35:15,2024-03-17 19:27:15,52,Completed,2.9
3981,5653,40,2024-10-10 13:39:42,2024-10-10 13:55:42,16,Completed,4.7
3982,5654,120,2024-04-08 02:47:01,2024-04-08 03:10:01,23,Completed,2.7
3983,5656,261,2024-12-11 20:16:45,2024-12-11 21:03:45,47,Completed,3.6
3984,5658,23,2023-12-12 22:06:48,2023-12-12 23:00:48,54,Completed,3.1
3985,5659,9,2024-07-09 11:06:51,2024-07-09 11:51:51,45,Completed,4.1
3986,5660,183,2024-05-04 14:50:19,2024-05-04 15:28:19,38,Completed,3.4
3987,5661,225,2023-09-25 20:18:28,2023-09-25 20:52:28,34,Completed,4.7
3988,5662,21,2023-07-25 06:29:48,2023-07-25 07:08:48,39,Completed,3.2
3989,5664,247,2023-08-15 09:15:21,2023-08-15 09:49:21,34,Completed,4.0
3990,5666,23,2023-06-18 18:41:54,2023-06-18 19:24:54,43,Completed,4.4
3991,5667,140,2023-09-01 07:03:06,2023-09-01 07:20:06,17,Completed,4.7
3992,5669,52,2023-08-02 12:49:28,2023-08-02 13:41:28,52,Completed,3.9
3993,5670,156,2024-07-09 00:07:25,2024-07-09 00:23:25,16,Completed,3.2
3994,5671,64,2024-11-20 14:42:35,2024-11-20 15:05:35,23,Completed,3.8
3995,5672,78,2023-06-10 04:04:28,2023-06-10 04:22:28,18,Completed,3.4
3996,5673,24,2024-06-27 13:17:08,2024-06-27 13:44:08,27,Completed,2.6
3997,5674,221,2023-02-24 02:07:20,2023-02-24 02:25:20,18,Completed,4.3
3998,5675,50,2024-12-09 13:46:16,2024-12-09 14:01:16,15,Completed,4.5
3999,5676,28,2023-09-19 21:50:40,2023-09-19 22:30:40,40,Completed,2.8
4000,5677,35,2023-08-13 07:29:28,2023-08-13 08:01:28,32,Completed,4.4
4001,5678,7,2023-09-23 21:47:22,2023-09-23 22:23:22,36,Refund Processed,
4002,5679,249,2024-03-03 13:59:40,2024-03-03 14:50:40,51,Completed,4.6
4003,5680,82,2023-02-22 15:48:48,2023-02-22 16:41:48,53,Completed,2.8
4004,5681,21,2024-02-16 21:18:29,2024-02-16 21:47:29,29,Completed,4.8
4005,5682,60,2023-12-02 10:09:24,2023-12-02 10:51:24,42,Refund Processed,
4006,5684,120,2024-09-29 17:50:33,2024-09-29 18:40:33,50,Completed,4.6
4007,5685,245,2023-12-02 08:44:25,2023-12-02 09:30:25,46,Completed,4.0
4008,5686,194,2024-07-21 17:32:04,2024-07-21 18:09:04,37,Completed,4.6
4009,5687,100,2023-04-04 14:29:23,2023-04-04 14:50:23,21,Refund Processed,
4010,5688,120,2023-10-14 10:41:16,2023-10-14 11:13:16,32,Completed,3.4
4011,5689,252,2023-12-14 23:51:39,2023-12-15 00:46:39,55,Refund Processed,
4012,5690,180,2024-11-17 21:23:41,2024-11-17 22:03:41,40,Completed,4.1
4013,5691,64,2023-10-04 22:22:33,2023-10-04 23:16:33,54,Completed,3.3
4014,5692,169,2024-11-02 14:59:17,2024-11-02 15:35:17,36,Completed,4.0
4015,5693,157,2023-01-25 16:27:37,2023-01-25 17:12:37,45,Completed,3.0
4016,5695,194,2023-03-03 14:17:53,2023-03-03 14:42:53,25,Completed,5.0
4017,5696,218,2024-09-07 20:46:51,2024-09-07 21:31:51,45,Completed,4.1
4018,5698,176,2024-03-19 16:24:42,2024-03-19 16:56:42,32,Refund Processed,
4019,5702,83,2024-08-03 02:55:51,2024-08-03 03:15:51,20,Refund Processed,
4020,5703,205,2023-05-06 15:17:47,2023-05-06 15:54:47,37,Completed,3.6
4021,5707,81,2023-11-07 15:27:16,2023-11-07 16:20:16,53,Completed,4.8
4022,5709,126,2024-07-21 13:49:59,2024-07-21 14:38:59,49,Completed,2.7
4023,5710,87,2023-10-11 14:05:55,2023-10-11 14:38:55,33,Refund Processed,
4024,5713,223,2024-07-07 12:43:31,2024-07-07 13:08:31,25,Completed,2.7
4025,5715,248,2024-01-23 21:22:49,2024-01-23 21:49:49,27,Completed,3.7
4026,5717,228,2023-07-19 00:13:47,2023-07-19 00:32:47,19,Completed,3.1
4027,5718,147,2024-01-24 20:24:40,2024-01-24 21:08:40,44,Completed,3.6
4028,5719,116,2023-04-04 07:21:01,2023-04-04 08:08:01,47,Completed,3.5
4029,5721,111,2023-09-18 18:58:02,2023-09-18 19:37:02,39,Completed,4.6
4030,5726,1,2023-06-02 17:22:59,2023-06-02 17:55:59,33,Completed,3.4
4031,5727,80,2024-05-04 21:15:20,2024-05-04 21:58:20,43,Completed,4.5
4032,5728,75,2024-09-04 09:16:38,2024-09-04 09:38:38,22,Completed,3.2
4033,5729,26,2024-01-16 17:38:09,2024-01-16 18:11:09,33,Completed,3.9
4034,5730,134,2023-08-05 12:57:50,2023-08-05 13:20:50,23,Completed,2.9
4035,5731,19,2024-11-05 10:50:48,2024-11-05 11:29:48,39,Completed,3.4
4036,5733,148,2023-09-12 21:17:57,2023-09-12 21:38:57,21,Completed,3.8
4037,5734,52,2024-11-14 19:28:58,2024-11-14 20:11:58,43,Completed,4.2
4038,5735,228,2024-01-22 21:11:42,2024-01-22 21:51:42,40,Completed,4.8
4039,5736,241,2024-02-14 19:48:08,2024-02-14 20:11:08,23,Completed,4.2
4040,5738,6,2024-01-21 18:26:15,2024-01-21 19:14:15,48,Completed,4.4
4041,5739,224,2024-12-22 07:09:54,2024-12-22 07:37:54,28,Completed,3.2
4042,5740,242,2024-01-22 13:57:02,2024-01-22 14:23:02,26,Completed,3.9
4043,5741,197,2023-11-14 21:52:05,2023-11-14 22:39:05,47,Refund Processed,
4044,5743,179,2024-10-20 10:12:38,2024-10-20 10:52:38,40,Refund Processed,
4045,5744,13,2023-04-20 10:35:06,2023-04-20 11:16:06,41,Completed,4.0
4046,5745,222,2024-09-23 19:18:01,2024-09-23 19:39:01,21,Completed,3.5
4047,5746,243,2024-05-14 20:48:19,2024-05-14 21:12:19,24,Completed,2.9
4048,5747,200,2024-03-20 15:09:24,2024-03-20 15:37:24,28,Completed,4.2
4049,5748,74,2024-11-25 19:14:49,2024-11-25 20:06:49,52,Refund Processed,
4050,5749,219,2024-02-08 06:33:53,2024-02-08 06:54:53,21,Completed,2.9
4051,5750,133,2024-01-03 09:41:37,2024-01-03 10:14:37,33,Completed,3.4
4052,5751,189,2023-01-07 13:51:23,2023-01-07 14:17:23,26,Refund Processed,
4053,5752,220,2024-10-02 10:51:03,2024-10-02 11:46:03,55,Completed,2.8
4054,5754,193,2023-04-08 18:48:02,2023-04-08 19:12:02,24,Completed,4.5
4055,5755,219,2023-01-12 19:11:35,2023-01-12 19:26:35,15,Refund Processed,
4056,5756,89,2024-01-08 14:22:31,2024-01-08 14:38:31,16,Completed,3.6
4057,5757,81,2023-08-24 15:28:00,2023-08-24 15:50:00,22,Completed,4.0
4058,5760,119,2023-02-10 13:10:14,2023-02-10 13:52:14,42,Completed,3.2
4059,5762,214,2023-08-06 21:13:23,2023-08-06 21:47:23,34,Completed,4.6
4060,5763,167,2024-04-06 09:36:27,2024-04-06 10:12:27,36,Completed,3.4
4061,5767,130,2024-07-04 15:48:37,2024-07-04 16:05:37,17,Completed,3.7
4062,5769,223,2024-09-07 12:40:49,2024-09-07 13:16:49,36,Completed,4.5
4063,5770,94,2023-02-01 01:15:44,2023-02-01 01:59:44,44,Completed,3.8
4064,5771,100,2024-12-30 13:56:09,2024-12-30 14:13:09,17,Completed,3.3
4065,5772,149,2023-12-16 20:49:36,2023-12-16 21:41:36,52,Completed,3.0
4066,5773,144,2024-08-26 00:33:07,2024-08-26 01:13:07,40,Completed,2.7
4067,5774,76,2023-12-02 15:21:37,2023-12-02 15:44:37,23,Completed,5.0
4068,5775,41,2023-12-13 02:14:21,2023-12-13 02:40:21,26,Completed,3.4
4069,5776,244,2023-02-01 13:31:48,2023-02-01 13:55:48,24,Completed,5.0
4070,5777,113,2023-07-24 16:00:08,2023-07-24 16:42:08,42,Completed,4.1
4071,5778,108,2024-03-16 21:54:25,2024-03-16 22:42:25,48,Completed,4.9
4072,5779,101,2024-03-09 04:50:18,2024-03-09 05:34:18,44,Completed,4.9
4073,5780,205,2024-05-11 17:52:20,2024-05-11 18:10:20,18,Refund Processed,
4074,5781,82,2024-05-03 20:38:53,2024-05-03 21:29:53,51,Completed,4.9
4075,5782,119,2024-06-04 12:36:18,2024-06-04 13:17:18,41,Completed,4.4
4076,5783,216,2024-02-02 10:22:42,2024-02-02 11:17:42,55,Completed,3.2
4077,5785,178,2024-04-19 21:51:26,2024-04-19 22:23:26,32,Completed,3.4
4078,5786,219,2023-02-17 00:13:20,2023-02-17 00:51:20,38,Refund Processed,
4079,5787,63,2023-11-08 23:27:46,2023-11-09 00:14:46,47,Completed,3.1
4080,5788,300,2023-08-21 23:32:55,2023-08-21 23:55:55,23,Completed,3.2
4081,5790,192,2024-07-01 11:50:11,2024-07-01 12:37:11,47,Completed,4.1
4082,5791,229,2024-08-09 07:00:46,2024-08-09 07:41:46,41,Completed,2.8
4083,5792,107,2023-06-19 19:06:21,2023-06-19 19:50:21,44,Completed,3.5
4084,5793,288,2024-08-16 15:32:53,2024-08-16 15:54:53,22,Refund Processed,
4085,5794,182,2024-10-03 20:15:02,2024-10-03 21:04:02,49,Completed,2.7
4086,5795,269,2023-01-14 09:35:55,2023-01-14 10:24:55,49,Completed,2.5
4087,5796,120,2024-09-11 19:33:59,2024-09-11 20:26:59,53,Completed,3.2
4088,5798,22,2023-08-20 20:01:30,2023-08-20 20:39:30,38,Refund Processed,
4089,5799,145,2024-11-29 15:39:14,2024-11-29 16:16:14,37,Completed,4.4
4090,5801,291,2023-06-14 00:21:24,2023-06-14 00:45:24,24,Completed,4.5
4091,5802,83,2024-01-01 19:36:26,2024-01-01 20:00:26,24,Completed,3.4
4092,5803,74,2024-08-29 12:17:04,2024-08-29 13:08:04,51,Refund Processed,
4093,5804,130,2023-09-28 15:52:22,2023-09-28 16:15:22,23,Completed,3.7
4094,5805,266,2024-04-19 10:38:01,2024-04-19 11:19:01,41,Completed,3.0
4095,5806,163,2024-04-13 23:25:14,2024-04-13 23:59:14,34,Completed,4.8
4096,5808,163,2024-04-12 10:34:26,2024-04-12 11:24:26,50,Completed,3.4
4097,5810,53,2023-10-14 11:22:49,2023-10-14 11:49:49,27,Completed,3.1
4098,5813,198,2024-03-15 21:39:37,2024-03-15 22:26:37,47,Completed,4.8
4099,5814,83,2024-01-27 14:46:50,2024-01-27 15:03:50,17,Completed,4.9
4100,5815,137,2023-07-12 21:22:20,2023-07-12 22:13:20,51,Completed,4.4
4101,5816,298,2024-08-29 19:59:27,2024-08-29 20:35:27,36,Refund Processed,
4102,5817,173,2023-09-03 12:54:50,2023-09-03 13:32:50,38,Completed,4.7
4103,5818,198,2023-05-10 15:10:24,2023-05-10 15:51:24,41,Completed,4.6
4104,5819,56,2023-07-05 19:00:53,2023-07-05 19:42:53,42,Completed,2.6
4105,5820,76,2024-12-17 14:03:55,2024-12-17 14:42:55,39,Completed,3.0
4106,5821,156,2023-01-09 14:02:07,2023-01-09 14:38:07,36,Refund Processed,
4107,5822,79,2024-03-31 16:25:17,2024-03-31 16:43:17,18,Completed,3.8
4108,5823,137,2023-11-27 21:17:25,2023-11-27 21:50:25,33,Completed,3.8
4109,5824,188,2024-10-15 21:43:34,2024-10-15 22:30:34,47,Completed,2.7
4110,5825,277,2024-07-08 00:10:17,2024-07-08 00:35:17,25,Completed,2.8
4111,5826,277,2023-08-03 08:14:13,2023-08-03 09:03:13,49,Completed,3.4
4112,5827,82,2024-09-22 16:59:42,2024-09-22 17:27:42,28,Completed,4.3
4113,5829,188,2023-10-21 12:13:15,2023-10-21 12:33:15,20,Completed,2.9
4114,5830,226,2024-08-22 20:39:21,2024-08-22 21:18:21,39,Completed,3.7
4115,5831,186,2024-11-18 12:32:28,2024-11-18 12:47:28,15,Completed,3.7
4116,5833,197,2024-02-16 10:08:25,2024-02-16 10:48:25,40,Completed,4.8
4117,5834,3,2023-10-29 19:42:01,2023-10-29 20:20:01,38,Completed,3.3
4118,5836,229,2024-02-07 10:03:44,2024-02-07 10:22:44,19,Completed,2.6
4119,5837,220,2023-04-11 12:52:51,2023-04-11 13:26:51,34,Completed,4.2
4120,5838,88,2024-11-10 16:17:22,2024-11-10 16:39:22,22,Completed,2.7
4121,5839,260,2024-10-02 00:15:33,2024-10-02 00:36:33,21,Completed,2.8
4122,5840,286,2023-08-21 21:29:25,2023-08-21 21:45:25,16,Completed,4.7
4123,5841,54,2023-10-22 09:42:38,2023-10-22 10:12:38,30,Completed,3.7
4124,5844,164,2023-11-10 21:12:28,2023-11-10 21:58:28,46,Completed,4.8
4125,5845,129,2024-07-18 07:51:38,2024-07-18 08:31:38,40,Refund Processed,
4126,5846,233,2023-07-02 13:32:36,2023-07-02 14:12:36,40,Completed,3.4
4127,5847,192,2024-07-31 14:31:51,2024-07-31 15:18:51,47,Completed,4.0
4128,5849,211,2023-01-15 12:32:18,2023-01-15 13:24:18,52,Completed,2.7
4129,5851,114,2024-09-25 15:42:27,2024-09-25 16:18:27,36,Completed,4.6
4130,5853,158,2024-04-19 08:06:41,2024-04-19 08:23:41,17,Completed,4.2
4131,5854,74,2024-03-22 20:01:25,2024-03-22 20:39:25,38,Completed,4.1
4132,5855,132,2024-07-04 18:55:56,2024-07-04 19:15:56,20,Completed,4.5
4133,5860,203,2023-01-02 07:17:04,2023-01-02 07:35:04,18,Completed,4.5
4134,5862,220,2024-07-21 15:20:03,2024-07-21 16:06:03,46,Completed,4.4
4135,5864,238,2024-07-12 13:04:51,2024-07-12 13:21:51,17,Completed,3.0
4136,5865,32,2024-07-25 16:22:12,2024-07-25 17:03:12,41,Completed,3.0
4137,5867,140,2024-08-07 22:25:46,2024-08-07 22:52:46,27,Refund Processed,
4138,5868,2,2024-03-16 19:38:23,2024-03-16 20:32:23,54,Completed,2.6
4139,5869,233,2024-08-01 22:04:49,2024-08-01 22:44:49,40,Refund Processed,
4140,5871,186,2023-12-04 19:59:55,2023-12-04 20:34:55,35,Refund Processed,
4141,5872,124,2023-08-26 19:52:24,2023-08-26 20:16:24,24,Completed,2.7
4142,5873,94,2024-08-03 19:19:23,2024-08-03 19:48:23,29,Completed,3.3
4143,5874,162,2024-09-21 16:06:54,2024-09-21 16:47:54,41,Completed,2.7
4144,5875,95,2024-05-19 21:24:13,2024-05-19 22:07:13,43,Completed,2.8
4145,5876,48,2024-10-28 19:00:19,2024-10-28 19:50:19,50,Completed,4.8
4146,5877,111,2024-12-17 08:52:42,2024-12-17 09:29:42,37,Completed,4.5
4147,5878,164,2023-01-20 07:57:25,2023-01-20 08:45:25,48,Completed,3.1
4148,5880,59,2023-09-20 12:23:47,2023-09-20 12:43:47,20,Completed,3.6
4149,5882,31,2023-09-10 21:53:54,2023-09-10 22:11:54,18,Completed,2.5
4150,5883,130,2024-08-30 22:35:35,2024-08-30 23:26:35,51,Refund Processed,
4151,5884,92,2024-09-29 17:04:14,2024-09-29 17:31:14,27,Refund Processed,
4152,5885,300,2024-11-21 20:16:37,2024-11-21 21:06:37,50,Completed,2.6
4153,5886,233,2024-11-20 20:42:04,2024-11-20 21:21:04,39,Completed,3.0
4154,5887,23,2023-09-20 09:37:02,2023-09-20 09:57:02,20,Completed,2.6
4155,5888,194,2024-02-17 23:57:28,2024-02-18 00:34:28,37,Completed,3.0
4156,5889,33,2024-01-11 13:53:03,2024-01-11 14:40:03,47,Completed,4.0
4157,5891,135,2024-03-11 22:00:02,2024-03-11 22:30:02,30,Completed,4.6
4158,5892,242,2024-03-12 19:52:31,2024-03-12 20:23:31,31,Completed,2.9
4159,5893,145,2023-04-08 18:52:37,2023-04-08 19:37:37,45,Refund Processed,
4160,5896,167,2024-11-15 12:19:02,2024-11-15 12:45:02,26,Completed,4.1
4161,5897,172,2024-11-01 06:45:26,2024-11-01 07:24:26,39,Completed,4.5
4162,5899,59,2023-09-02 14:32:21,2023-09-02 15:08:21,36,Completed,3.5
4163,5900,44,2024-04-13 13:04:02,2024-04-13 13:32:02,28,Completed,3.8
4164,5901,108,2024-11-11 13:59:30,2024-11-11 14:31:30,32,Completed,4.3
4165,5902,162,2024-02-25 11:12:37,2024-02-25 11:37:37,25,Completed,3.0
4166,5903,241,2024-11-13 15:16:35,2024-11-13 15:52:35,36,Completed,2.8
4167,5906,182,2023-03-06 13:35:31,2023-03-06 14:29:31,54,Completed,4.2
4168,5907,92,2023-12-08 16:17:51,2023-12-08 16:38:51,21,Completed,4.4
4169,5908,252,2023-04-30 14:08:46,2023-04-30 14:36:46,28,Completed,3.3
4170,5910,266,2024-02-08 14:09:28,2024-02-08 14:55:28,46,Completed,2.6
4171,5911,190,2023-06-04 14:31:24,2023-06-04 15:14:24,43,Completed,5.0
4172,5912,127,2024-11-02 09:59:13,2024-11-02 10:36:13,37,Completed,4.6
4173,5913,61,2023-03-19 20:21:56,2023-03-19 20:58:56,37,Refund Processed,
4174,5914,38,2023-06-04 20:05:37,2023-06-04 20:21:37,16,Refund Processed,
4175,5915,47,2024-11-23 19:14:43,2024-11-23 19:59:43,45,Completed,3.5
4176,5916,205,2024-02-01 18:44:58,2024-02-01 19:23:58,39,Completed,4.3
4177,5918,278,2024-05-27 02:17:48,2024-05-27 02:37:48,20,Refund Processed,
4178,5919,130,2024-01-11 23:37:39,2024-01-12 00:07:39,30,Refund Processed,
4179,5921,145,2023-10-11 14:27:57,2023-10-11 14:43:57,16,Completed,3.4
4180,5924,28,2024-04-17 14:40:04,2024-04-17 15:33:04,53,Completed,3.6
4181,5925,20,2023-04-24 21:33:46,2023-04-24 22:26:46,53,Completed,4.8
4182,5926,87,2023-06-01 20:54:02,2023-06-01 21:33:02,39,Completed,3.1
4183,5927,48,2023-06-17 11:08:26,2023-06-17 11:23:26,15,Completed,3.7
4184,5928,212,2023-10-01 14:37:00,2023-10-01 15:29:00,52,Completed,3.7
4185,5929,263,2023-03-07 16:02:13,2023-03-07 16:17:13,15,Completed,4.5
4186,5930,21,2024-03-03 16:11:11,2024-03-03 16:35:11,24,Completed,4.7
4187,5931,43,2024-08-30 10:42:42,2024-08-30 11:33:42,51,Completed,3.5
4188,5932,277,2024-12-28 19:09:37,2024-12-28 20:01:37,52,Completed,2.9
4189,5933,288,2024-04-20 11:37:45,2024-04-20 12:29:45,52,Completed,4.9
4190,5934,116,2023-06-07 12:14:06,2023-06-07 12:32:06,18,Completed,4.0
4191,5935,5,2024-09-22 21:58:25,2024-09-22 22:45:25,47,Completed,4.2
4192,5936,3,2024-12-06 06:35:37,2024-12-06 07:07:37,32,Refund Processed,
4193,5937,20,2024-03-28 14:33:59,2024-03-28 15:02:59,29,Completed,3.3
4194,5938,74,2024-02-20 08:48:42,2024-02-20 09:43:42,55,Completed,4.2
4195,5939,87,2023-05-29 17:13:34,2023-05-29 17:54:34,41,Completed,2.6
4196,5940,207,2024-09-24 17:05:54,2024-09-24 17:37:54,32,Completed,3.9
4197,5941,209,2023-11-18 13:30:42,2023-11-18 13:52:42,22,Completed,3.3
4198,5942,170,2024-07-14 14:30:49,2024-07-14 15:12:49,42,Refund Processed,
4199,5943,130,2024-10-27 19:44:25,2024-10-27 20:32:25,48,Completed,3.4
4200,5946,293,2023-05-29 20:55:11,2023-05-29 21:42:11,47,Completed,4.2
4201,5947,192,2023-07-22 08:16:24,2023-07-22 09:11:24,55,Completed,3.7
4202,5948,52,2023-11-22 18:42:05,2023-11-22 19:21:05,39,Completed,3.3
4203,5950,262,2023-10-01 14:07:45,2023-10-01 15:02:45,55,Completed,3.3
4204,5951,30,2023-10-28 16:42:46,2023-10-28 17:32:46,50,Completed,3.8
4205,5952,88,2024-01-19 14:45:44,2024-01-19 15:37:44,52,Refund Processed,
4206,5954,95,2024-02-19 19:12:34,2024-02-19 20:06:34,54,Refund Processed,
4207,5956,297,2024-02-03 17:22:23,2024-02-03 18:07:23,45,Completed,4.4
4208,5957,22,2024-04-25 08:53:24,2024-04-25 09:29:24,36,Completed,4.8
4209,5958,19,2024-01-07 20:39:53,2024-01-07 21:18:53,39,Completed,4.4
4210,5961,200,2024-11-28 20:45:50,2024-11-28 21:37:50,52,Completed,4.1
4211,5963,67,2023-08-04 18:12:18,2023-08-04 18:57:18,45,Refund Processed,
4212,5964,118,2024-08-09 20:09:54,2024-08-09 20:57:54,48,Completed,3.4
4213,5967,169,2023-09-18 11:03:38,2023-09-18 11:19:38,16,Completed,4.1
4214,5968,174,2024-09-26 20:46:05,2024-09-26 21:20:05,34,Completed,4.6
4215,5971,122,2023-08-21 18:04:36,2023-08-21 18:34:36,30,Completed,2.6
4216,5972,7,2023-07-19 22:46:52,2023-07-19 23:41:52,55,Completed,4.9
4217,5973,158,2023-08-19 22:37:05,2023-08-19 23:17:05,40,Completed,4.6
4218,5974,220,2023-05-10 16:17:16,2023-05-10 16:39:16,22,Completed,4.5
4219,5975,163,2024-05-25 21:04:12,2024-05-25 21:58:12,54,Completed,2.7
4220,5976,79,2023-01-10 02:27:26,2023-01-10 02:58:26,31,Completed,2.6
4221,5977,162,2023-03-07 21:55:40,2023-03-07 22:38:40,43,Completed,3.7
4222,5978,209,2023-10-23 19:53:08,2023-10-23 20:21:08,28,Refund Processed,
4223,5979,241,2023-11-04 13:12:53,2023-11-04 13:59:53,47,Completed,3.7
4224,5980,286,2024-05-30 12:58:43,2024-05-30 13:44:43,46,Completed,3.1
4225,5981,287,2023-01-13 20:03:32,2023-01-13 20:23:32,20,Refund Processed,
4226,5982,15,2023-09-06 19:00:28,2023-09-06 19:31:28,31,Refund Processed,
4227,5983,56,2023-02-24 05:03:34,2023-02-24 05:46:34,43,Completed,3.2
4228,5985,127,2024-02-15 17:08:49,2024-02-15 17:32:49,24,Refund Processed,
4229,5987,79,2023-12-08 15:21:24,2023-12-08 15:48:24,27,Completed,3.2
4230,5989,224,2023-06-08 12:49:06,2023-06-08 13:32:06,43,Completed,4.2
4231,5990,297,2024-04-19 16:27:30,2024-04-19 17:20:30,53,Refund Processed,
4232,5991,84,2024-02-21 20:00:37,2024-02-21 20:50:37,50,Completed,3.0
4233,5992,28,2023-04-16 21:58:21,2023-04-16 22:33:21,35,Completed,3.8
4234,5994,117,2024-01-11 18:48:05,2024-01-11 19:22:05,34,Completed,2.7
4235,5995,34,2024-01-02 13:25:49,2024-01-02 13:49:49,24,Completed,3.6
4236,5996,65,2024-11-29 21:11:50,2024-11-29 21:57:50,46,Completed,3.9
4237,5999,63,2023-07-26 01:47:18,2023-07-26 02:16:18,29,Completed,3.7
4238,6000,250,2023-07-23 12:50:12,2023-07-23 13:10:12,20,Refund Processed,
4239,6001,64,2024-05-09 22:38:14,2024-05-09 23:13:14,35,Refund Processed,
4240,6003,57,2024-04-26 20:05:10,2024-04-26 20:48:10,43,Completed,3.6
4241,6006,18,2024-09-19 18:06:07,2024-09-19 18:30:07,24,Completed,2.7
4242,6007,265,2024-09-18 17:28:04,2024-09-18 18:05:04,37,Completed,3.9
4243,6008,36,2024-07-07 14:59:29,2024-07-07 15:53:29,54,Completed,3.5
4244,6009,78,2024-10-31 07:20:49,2024-10-31 07:56:49,36,Refund Processed,
4245,6010,180,2023-07-10 19:56:11,2023-07-10 20:21:11,25,Completed,2.9
4246,6011,181,2024-08-07 18:55:52,2024-08-07 19:30:52,35,Completed,2.8
4247,6012,140,2024-10-18 12:32:04,2024-10-18 13:16:04,44,Refund Processed,
4248,6013,213,2024-01-17 12:14:28,2024-01-17 13:02:28,48,Completed,3.9
4249,6014,275,2024-12-14 22:42:05,2024-12-14 23:15:05,33,Completed,3.9
4250,6015,156,2023-08-27 18:29:29,2023-08-27 19:14:29,45,Completed,4.9
4251,6017,66,2023-01-26 18:54:41,2023-01-26 19:13:41,19,Completed,4.2
4252,6018,231,2024-06-08 14:59:55,2024-06-08 15:24:55,25,Completed,3.0
4253,6022,189,2024-11-30 13:07:05,2024-11-30 13:45:05,38,Completed,2.9
4254,6023,239,2023-01-19 16:07:26,2023-01-19 16:22:26,15,Completed,3.4
4255,6025,277,2023-04-21 21:59:08,2023-04-21 22:46:08,47,Refund Processed,
4256,6028,255,2024-12-13 11:58:46,2024-12-13 12:44:46,46,Refund Processed,
4257,6029,214,2023-10-30 09:56:30,2023-10-30 10:14:30,18,Refund Processed,
4258,6030,193,2024-03-19 21:05:05,2024-03-19 21:38:05,33,Completed,2.8
4259,6031,28,2024-01-07 19:32:34,2024-01-07 20:19:34,47,Completed,3.7
4260,6032,136,2023-12-20 01:05:49,2023-12-20 01:31:49,26,Completed,3.3
4261,6037,212,2024-11-22 15:18:24,2024-11-22 15:43:24,25,Completed,4.2
4262,6038,37,2024-07-23 13:02:25,2024-07-23 13:50:25,48,Completed,2.9
4263,6041,66,2024-05-03 13:36:08,2024-05-03 14:13:08,37,Completed,3.7
4264,6042,201,2024-02-16 06:37:51,2024-02-16 07:29:51,52,Completed,4.7
4265,6044,94,2024-10-13 16:01:23,2024-10-13 16:40:23,39,Completed,4.1
4266,6045,5,2024-08-31 13:44:23,2024-08-31 14:21:23,37,Completed,4.9
4267,6046,1,2023-11-04 19:42:19,2023-11-04 20:20:19,38,Completed,3.3
4268,6047,226,2024-06-19 15:55:57,2024-06-19 16:39:57,44,Completed,4.1
4269,6048,95,2023-02-10 03:28:37,2023-02-10 04:23:37,55,Completed,3.7
4270,6049,179,2024-11-27 10:07:05,2024-11-27 10:47:05,40,Completed,4.8
4271,6050,146,2023-06-12 16:37:00,2023-06-12 16:56:00,19,Completed,3.0
4272,6051,237,2024-02-09 17:00:57,2024-02-09 17:38:57,38,Completed,3.7
4273,6053,111,2023-09-14 20:08:22,2023-09-14 21:03:22,55,Refund Processed,
4274,6054,40,2023-10-09 20:50:15,2023-10-09 21:23:15,33,Completed,2.7
4275,6055,247,2023-09-26 00:46:45,2023-09-26 01:19:45,33,Refund Processed,
4276,6056,125,2023-11-05 18:51:34,2023-11-05 19:23:34,32,Completed,4.2
4277,6057,254,2023-06-27 18:25:41,2023-06-27 18:52:41,27,Completed,4.6
4278,6062,152,2024-03-09 16:16:16,2024-03-09 17:03:16,47,Completed,4.2
4279,6063,145,2024-04-07 08:45:26,2024-04-07 09:28:26,43,Completed,4.8
4280,6066,263,2024-05-19 13:17:08,2024-05-19 13:52:08,35,Completed,2.9
4281,6067,31,2023-12-09 18:12:03,2023-12-09 18:49:03,37,Completed,3.1
4282,6068,208,2024-10-29 14:09:42,2024-10-29 14:27:42,18,Completed,4.9
4283,6071,227,2024-09-04 18:13:38,2024-09-04 18:59:38,46,Completed,4.3
4284,6074,104,2024-03-20 18:20:21,2024-03-20 18:43:21,23,Completed,3.5
4285,6076,1,2024-02-22 21:08:28,2024-02-22 21:47:28,39,Completed,2.6
4286,6078,148,2024-10-26 19:58:28,2024-10-26 20:27:28,29,Completed,3.6
4287,6079,250,2023-01-25 05:26:08,2023-01-25 06:02:08,36,Completed,3.4
4288,6080,248,2024-11-12 13:58:41,2024-11-12 14:24:41,26,Completed,4.2
4289,6081,165,2024-12-26 10:45:59,2024-12-26 11:38:59,53,Completed,4.4
4290,6083,69,2023-05-22 18:40:38,2023-05-22 19:33:38,53,Completed,2.7
4291,6088,5,2023-10-29 14:34:46,2023-10-29 15:19:46,45,Refund Processed,
4292,6090,34,2023-05-16 12:18:11,2023-05-16 12:56:11,38,Refund Processed,
4293,6092,221,2024-06-02 10:16:06,2024-06-02 10:52:06,36,Completed,4.0
4294,6093,267,2024-06-05 23:22:04,2024-06-06 00:04:04,42,Refund Processed,
4295,6094,28,2023-10-25 21:56:45,2023-10-25 22:49:45,53,Completed,3.2
4296,6096,148,2024-06-15 21:39:55,2024-06-15 22:19:55,40,Completed,2.7
4297,6098,173,2024-04-17 17:25:16,2024-04-17 17:56:16,31,Completed,3.1
4298,6100,298,2024-02-13 13:25:06,2024-02-13 14:15:06,50,Completed,3.5
4299,6102,26,2024-04-25 21:47:37,2024-04-25 22:18:37,31,Refund Processed,
4300,6103,100,2024-02-03 22:27:56,2024-02-03 22:43:56,16,Completed,4.7
4301,6104,88,2023-08-27 14:18:31,2023-08-27 14:56:31,38,Completed,3.9
4302,6107,260,2023-07-31 15:46:57,2023-07-31 16:07:57,21,Refund Processed,
4303,6108,54,2023-08-15 17:25:34,2023-08-15 18:05:34,40,Completed,3.7
4304,6109,15,2024-12-24 21:01:28,2024-12-24 21:37:28,36,Completed,3.7
4305,6110,300,2023-01-23 20:08:56,2023-01-23 20:43:56,35,Completed,4.8
4306,6111,186,2023-11-30 13:27:04,2023-11-30 14:18:04,51,Completed,2.9
4307,6112,218,2023-07-23 21:31:26,2023-07-23 21:51:26,20,Completed,4.8
4308,6113,238,2023-09-01 12:24:45,2023-09-01 13:00:45,36,Refund Processed,
4309,6115,237,2024-01-07 00:17:32,2024-01-07 00:56:32,39,Completed,4.5
4310,6116,294,2024-04-10 15:42:25,2024-04-10 16:16:25,34,Completed,2.6
4311,6117,9,2024-09-26 22:22:19,2024-09-26 23:11:19,49,Completed,4.1
4312,6118,150,2024-12-04 11:23:09,2024-12-04 11:49:09,26,Completed,3.9
4313,6119,48,2024-04-07 13:57:29,2024-04-07 14:41:29,44,Completed,3.0
4314,6120,216,2023-10-12 13:56:46,2023-10-12 14:25:46,29,Completed,2.7
4315,6122,208,2024-06-03 13:20:11,2024-06-03 13:39:11,19,Completed,4.4
4316,6123,53,2023-07-29 14:21:32,2023-07-29 15:09:32,48,Completed,4.2
4317,6124,213,2023-09-02 00:29:39,2023-09-02 01:08:39,39,Completed,4.3
4318,6127,164,2024-09-17 17:55:48,2024-09-17 18:37:48,42,Completed,4.3
4319,6128,206,2023-09-29 20:08:03,2023-09-29 20:36:03,28,Completed,3.6
4320,6130,10,2024-05-01 16:52:14,2024-05-01 17:43:14,51,Completed,2.8
4321,6131,288,2024-04-14 11:49:24,2024-04-14 12:21:24,32,Completed,3.4
4322,6136,18,2024-01-02 20:38:20,2024-01-02 20:58:20,20,Completed,4.4
4323,6137,127,2024-10-19 19:40:45,2024-10-19 20:25:45,45,Completed,4.9
4324,6138,26,2024-02-07 04:17:49,2024-02-07 04:32:49,15,Completed,4.8
4325,6140,147,2024-09-14 09:35:27,2024-09-14 09:51:27,16,Completed,4.3
4326,6141,16,2023-10-17 12:08:11,2023-10-17 12:36:11,28,Completed,4.7
4327,6146,40,2023-08-15 12:02:24,2023-08-15 12:40:24,38,Completed,3.6
4328,6147,271,2023-11-09 11:52:09,2023-11-09 12:46:09,54,Completed,4.6
4329,6148,228,2024-03-13 14:42:34,2024-03-13 15:32:34,50,Completed,4.7
4330,6150,243,2024-01-14 12:02:17,2024-01-14 12:28:17,26,Completed,3.9
4331,6151,295,2024-03-10 09:55:06,2024-03-10 10:48:06,53,Completed,3.0
4332,6153,90,2023-10-14 20:08:35,2023-10-14 21:00:35,52,Completed,2.6
4333,6155,277,2024-04-09 19:29:30,2024-04-09 20:06:30,37,Completed,3.5
4334,6156,47,2023-10-16 04:09:06,2023-10-16 04:50:06,41,Completed,3.5
4335,6158,146,2023-04-28 14:13:21,2023-04-28 15:06:21,53,Refund Processed,
4336,6159,116,2023-01-27 09:32:46,2023-01-27 10:25:46,53,Completed,3.6
4337,6162,5,2023-12-04 11:56:29,2023-12-04 12:41:29,45,Refund Processed,
4338,6163,155,2023-12-11 19:22:46,2023-12-11 20:02:46,40,Refund Processed,
4339,6166,222,2024-01-26 19:46:27,2024-01-26 20:09:27,23,Refund Processed,
4340,6167,90,2024-05-08 14:37:49,2024-05-08 15:27:49,50,Completed,4.3
4341,6168,297,2024-07-27 20:19:51,2024-07-27 21:06:51,47,Completed,2.9
4342,6169,22,2023-10-14 12:17:17,2023-10-14 13:02:17,45,Refund Processed,
4343,6170,123,2024-09-01 18:04:18,2024-09-01 18:33:18,29,Completed,4.4
4344,6171,41,2023-07-07 21:59:42,2023-07-07 22:20:42,21,Completed,3.0
4345,6173,200,2023-09-16 20:28:18,2023-09-16 21:07:18,39,Completed,3.1
4346,6174,220,2023-12-23 20:38:39,2023-12-23 21:14:39,36,Refund Processed,
4347,6175,123,2023-09-13 19:48:41,2023-09-13 20:20:41,32,Completed,4.9
4348,6176,256,2023-03-04 22:29:53,2023-03-04 22:49:53,20,Refund Processed,
4349,6178,201,2023-01-16 10:31:45,2023-01-16 11:05:45,34,Completed,3.6
4350,6179,244,2024-02-19 14:30:02,2024-02-19 15:23:02,53,Completed,4.9
4351,6180,2,2024-10-05 17:32:40,2024-10-05 17:53:40,21,Completed,3.1
4352,6182,102,2023-11-07 20:44:59,2023-11-07 21:08:59,24,Completed,4.6
4353,6185,32,2024-06-25 19:39:41,2024-06-25 20:18:41,39,Completed,4.3
4354,6186,298,2024-04-13 20:13:11,2024-04-13 20:34:11,21,Completed,4.6
4355,6187,83,2024-04-21 17:05:44,2024-04-21 17:50:44,45,Completed,2.8
4356,6188,199,2024-05-04 12:03:32,2024-05-04 12:24:32,21,Completed,3.1
4357,6190,60,2024-11-11 13:22:49,2024-11-11 13:48:49,26,Refund Processed,
4358,6191,270,2024-09-18 17:39:57,2024-09-18 18:33:57,54,Completed,3.7
4359,6192,130,2024-09-21 19:43:47,2024-09-21 20:31:47,48,Completed,4.9
4360,6196,141,2023-10-04 18:29:24,2023-10-04 19:05:24,36,Completed,3.8
4361,6197,52,2023-01-28 13:14:13,2023-01-28 14:03:13,49,Completed,2.7
4362,6198,109,2023-02-20 11:50:37,2023-02-20 12:25:37,35,Completed,2.6
4363,6201,187,2023-08-28 16:58:00,2023-08-28 17:36:00,38,Completed,4.0
4364,6204,82,2023-11-13 13:02:13,2023-11-13 13:40:13,38,Refund Processed,
4365,6205,60,2023-08-10 20:37:17,2023-08-10 21:28:17,51,Completed,3.5
4366,6207,225,2024-04-05 15:27:12,2024-04-05 16:21:12,54,Completed,4.7
4367,6208,209,2024-06-15 22:33:11,2024-06-15 23:10:11,37,Refund Processed,
4368,6209,278,2024-10-01 17:40:43,2024-10-01 18:07:43,27,Completed,3.9
4369,6210,111,2024-03-18 16:13:36,2024-03-18 16:55:36,42,Completed,4.2
4370,6211,167,2023-08-22 13:33:24,2023-08-22 13:50:24,17,Refund Processed,
4371,6212,55,2024-09-05 21:04:49,2024-09-05 21:30:49,26,Refund Processed,
4372,6213,182,2024-08-01 17:17:50,2024-08-01 17:41:50,24,Completed,4.3
4373,6214,116,2023-04-02 09:11:49,2023-04-02 09:54:49,43,Completed,3.1
4374,6215,161,2024-12-02 20:24:21,2024-12-02 21:17:21,53,Completed,3.5
4375,6216,250,2024-07-14 14:54:37,2024-07-14 15:20:37,26,Refund Processed,
4376,6217,143,2024-11-02 23:47:32,2024-11-03 00:20:32,33,Completed,4.4
4377,6219,152,2024-03-13 07:53:21,2024-03-13 08:29:21,36,Completed,3.9
4378,6221,278,2024-11-23 03:24:22,2024-11-23 04:14:22,50,Completed,4.4
4379,6222,267,2024-03-28 19:13:30,2024-03-28 19:28:30,15,Completed,4.1
4380,6223,233,2023-07-12 03:14:22,2023-07-12 03:40:22,26,Completed,3.6
4381,6224,132,2023-06-19 20:39:00,2023-06-19 20:57:00,18,Completed,2.9
4382,6226,22,2024-10-04 23:39:20,2024-10-04 23:57:20,18,Completed,4.5
4383,6227,138,2023-07-04 13:35:46,2023-07-04 14:20:46,45,Completed,3.1
4384,6228,95,2024-06-01 22:52:35,2024-06-01 23:10:35,18,Completed,3.2
4385,6229,103,2023-12-25 23:54:37,2023-12-26 00:46:37,52,Completed,4.1
4386,6233,8,2023-05-12 18:21:48,2023-05-12 18:38:48,17,Completed,4.3
4387,6234,37,2023-12-12 13:29:28,2023-12-12 14:07:28,38,Completed,4.9
4388,6235,91,2024-01-13 00:12:45,2024-01-13 00:40:45,28,Completed,4.6
4389,6236,211,2024-06-02 19:23:43,2024-06-02 19:49:43,26,Refund Processed,
4390,6239,64,2024-07-15 08:17:22,2024-07-15 08:42:22,25,Completed,4.7
4391,6240,263,2023-07-12 23:50:20,2023-07-13 00:41:20,51,Completed,3.3
4392,6241,151,2023-12-01 09:10:35,2023-12-01 09:36:35,26,Refund Processed,
4393,6243,249,2023-06-09 17:09:11,2023-06-09 17:48:11,39,Completed,3.1
4394,6244,243,2024-05-09 18:36:32,2024-05-09 19:16:32,40,Refund Processed,
4395,6245,108,2024-12-29 05:38:37,2024-12-29 06:28:37,50,Completed,5.0
4396,6246,151,2023-07-04 13:11:30,2023-07-04 13:30:30,19,Completed,4.3
4397,6247,204,2024-09-08 11:29:45,2024-09-08 12:15:45,46,Completed,3.5
4398,6248,207,2024-01-23 12:53:05,2024-01-23 13:14:05,21,Completed,2.9
4399,6250,192,2024-07-25 21:05:09,2024-07-25 21:56:09,51,Completed,5.0
4400,6251,37,2024-08-13 13:22:24,2024-08-13 14:14:24,52,Completed,3.3
4401,6252,272,2023-08-06 07:49:20,2023-08-06 08:07:20,18,Completed,4.5
4402,6254,76,2024-12-22 12:39:56,2024-12-22 13:32:56,53,Completed,2.7
4403,6255,94,2024-10-04 22:55:00,2024-10-04 23:21:00,26,Completed,4.7
4404,6256,216,2023-09-03 20:46:07,2023-09-03 21:38:07,52,Completed,3.8
4405,6257,79,2023-06-19 02:42:34,2023-06-19 03:20:34,38,Completed,3.6
4406,6258,89,2023-11-18 21:56:59,2023-11-18 22:16:59,20,Completed,4.6
4407,6260,76,2024-03-07 21:02:05,2024-03-07 21:52:05,50,Completed,4.2
4408,6261,137,2024-08-19 13:13:57,2024-08-19 14:02:57,49,Completed,3.3
4409,6262,289,2024-05-27 17:46:01,2024-05-27 18:31:01,45,Completed,2.7
4410,6267,7,2023-09-09 11:30:44,2023-09-09 12:21:44,51,Completed,4.2
4411,6268,296,2024-02-16 14:08:05,2024-02-16 14:53:05,45,Completed,3.0
4412,6270,286,2023-08-11 11:21:09,2023-08-11 11:59:09,38,Completed,3.5
4413,6273,76,2023-11-01 21:22:56,2023-11-01 21:46:56,24,Refund Processed,
4414,6274,34,2023-07-11 13:10:25,2023-07-11 13:34:25,24,Refund Processed,
4415,6275,38,2024-09-30 10:42:27,2024-09-30 11:29:27,47,Completed,4.8
4416,6276,18,2024-11-24 16:07:50,2024-11-24 16:47:50,40,Completed,4.8
4417,6277,200,2023-03-28 05:34:50,2023-03-28 05:54:50,20,Completed,3.7
4418,6279,46,2024-04-27 13:52:21,2024-04-27 14:32:21,40,Completed,5.0
4419,6280,169,2024-10-10 14:36:29,2024-10-10 14:52:29,16,Completed,2.7
4420,6281,203,2023-08-02 20:24:44,2023-08-02 21:05:44,41,Completed,3.5
4421,6282,111,2024-02-22 18:49:02,2024-02-22 19:24:02,35,Completed,3.4
4422,6283,82,2024-02-12 02:25:56,2024-02-12 03:06:56,41,Completed,3.1
4423,6284,292,2023-10-21 21:15:12,2023-10-21 21:42:12,27,Refund Processed,
4424,6287,231,2023-06-29 20:43:20,2023-06-29 21:28:20,45,Completed,4.2
4425,6288,36,2024-11-26 08:09:16,2024-11-26 08:40:16,31,Completed,2.6
4426,6290,191,2023-12-10 17:01:32,2023-12-10 17:22:32,21,Completed,3.6
4427,6291,109,2024-01-06 20:19:47,2024-01-06 20:47:47,28,Refund Processed,
4428,6292,109,2023-02-25 19:17:11,2023-02-25 19:32:11,15,Completed,2.6
4429,6293,286,2023-07-15 22:41:23,2023-07-15 23:31:23,50,Completed,3.5
4430,6294,263,2024-11-13 16:03:09,2024-11-13 16:19:09,16,Completed,3.6
4431,6297,59,2024-11-21 03:15:28,2024-11-21 04:00:28,45,Completed,3.4
4432,6298,295,2023-11-15 17:17:06,2023-11-15 17:42:06,25,Completed,3.8
4433,6299,290,2023-10-13 16:49:27,2023-10-13 17:09:27,20,Completed,4.8
4434,6300,174,2024-06-29 18:52:08,2024-06-29 19:24:08,32,Completed,4.6
4435,6302,256,2024-09-08 21:11:37,2024-09-08 21:45:37,34,Completed,3.1
4436,6304,255,2024-05-26 12:03:51,2024-05-26 12:48:51,45,Completed,3.1
4437,6307,40,2023-10-05 19:47:58,2023-10-05 20:21:58,34,Completed,4.7
4438,6309,295,2023-03-09 23:44:55,2023-03-10 00:18:55,34,Completed,3.8
4439,6310,67,2023-09-26 09:48:11,2023-09-26 10:40:11,52,Completed,4.9
4440,6311,237,2024-01-10 20:27:33,2024-01-10 20:52:33,25,Completed,3.2
4441,6312,290,2023-08-11 20:19:29,2023-08-11 20:47:29,28,Completed,2.8
4442,6313,125,2023-09-02 16:26:24,2023-09-02 16:55:24,29,Completed,4.3
4443,6316,50,2023-12-10 13:08:44,2023-12-10 14:00:44,52,Completed,2.8
4444,6317,133,2024-11-09 09:15:19,2024-11-09 09:36:19,21,Completed,3.6
4445,6319,105,2024-03-13 20:40:00,2024-03-13 21:30:00,50,Refund Processed,
4446,6321,6,2024-05-04 19:32:56,2024-05-04 20:04:56,32,Completed,4.5
4447,6322,102,2023-06-28 08:30:50,2023-06-28 09:03:50,33,Completed,2.9
4448,6323,188,2023-07-21 15:11:18,2023-07-21 15:29:18,18,Completed,3.3
4449,6324,181,2024-02-18 20:58:56,2024-02-18 21:32:56,34,Completed,3.5
4450,6328,36,2023-06-21 20:35:26,2023-06-21 21:22:26,47,Completed,2.5
4451,6330,134,2023-01-04 01:24:05,2023-01-04 01:49:05,25,Completed,4.2
4452,6331,186,2024-01-05 13:04:53,2024-01-05 13:20:53,16,Completed,4.8
4453,6332,113,2023-01-12 21:59:33,2023-01-12 22:52:33,53,Completed,4.7
4454,6334,7,2024-12-25 15:59:41,2024-12-25 16:21:41,22,Refund Processed,
4455,6336,21,2024-11-14 19:59:07,2024-11-14 20:42:07,43,Completed,3.8
4456,6337,145,2023-10-07 13:53:28,2023-10-07 14:23:28,30,Completed,3.3
4457,6338,238,2023-06-27 12:19:17,2023-06-27 12:50:17,31,Refund Processed,
4458,6340,9,2023-09-26 23:03:42,2023-09-26 23:42:42,39,Refund Processed,
4459,6342,293,2023-06-25 18:39:20,2023-06-25 18:58:20,19,Completed,3.4
4460,6343,157,2023-10-04 17:38:24,2023-10-04 18:02:24,24,Completed,2.8
4461,6345,187,2024-04-05 15:57:57,2024-04-05 16:27:57,30,Completed,2.8
4462,6346,53,2024-04-21 07:27:18,2024-04-21 08:10:18,43,Completed,2.9
4463,6347,237,2023-09-08 15:25:08,2023-09-08 15:41:08,16,Completed,4.6
4464,6349,249,2024-04-11 22:34:28,2024-04-11 23:12:28,38,Completed,3.1
4465,6350,155,2023-05-18 23:30:56,2023-05-19 00:07:56,37,Completed,2.9
4466,6351,55,2023-12-26 08:54:47,2023-12-26 09:43:47,49,Completed,4.2
4467,6352,64,2023-11-03 09:04:51,2023-11-03 09:44:51,40,Completed,2.8
4468,6353,49,2023-02-02 11:37:51,2023-02-02 12:13:51,36,Completed,3.8
4469,6354,147,2024-04-04 11:32:58,2024-04-04 11:55:58,23,Completed,3.6
4470,6355,291,2024-11-15 12:57:38,2024-11-15 13:47:38,50,Completed,4.8
4471,6356,91,2024-02-03 09:53:52,2024-02-03 10:44:52,51,Completed,2.9
4472,6357,236,2024-08-01 19:33:43,2024-08-01 20:23:43,50,Completed,5.0
4473,6358,236,2024-11-23 12:53:51,2024-11-23 13:30:51,37,Completed,3.2
4474,6359,63,2024-12-05 14:32:03,2024-12-05 14:56:03,24,Refund Processed,
4475,6360,143,2024-04-29 09:29:11,2024-04-29 10:02:11,33,Completed,3.9
4476,6361,19,2024-06-30 13:49:23,2024-06-30 14:08:23,19,Completed,4.3
4477,6363,265,2024-12-22 20:50:32,2024-12-22 21:39:32,49,Completed,3.0
4478,6364,298,2023-10-26 21:15:51,2023-10-26 21:53:51,38,Completed,4.1
4479,6366,227,2023-07-16 23:16:13,2023-07-17 00:07:13,51,Refund Processed,
4480,6367,239,2024-07-20 14:56:30,2024-07-20 15:30:30,34,Completed,3.5
4481,6368,84,2024-11-26 18:12:41,2024-11-26 18:35:41,23,Completed,2.5
4482,6369,138,2023-10-09 19:19:49,2023-10-09 19:55:49,36,Completed,3.2
4483,6370,120,2024-10-17 14:10:55,2024-10-17 14:52:55,42,Refund Processed,
4484,6371,74,2024-01-02 20:54:47,2024-01-02 21:28:47,34,Completed,3.2
4485,6372,183,2024-05-01 07:34:16,2024-05-01 08:26:16,52,Completed,3.6
4486,6374,194,2024-08-11 18:21:46,2024-08-11 18:39:46,18,Completed,3.8
4487,6375,63,2023-09-16 19:31:13,2023-09-16 20:11:13,40,Completed,2.7
4488,6376,180,2023-03-19 22:13:18,2023-03-19 22:43:18,30,Completed,4.9
4489,6377,53,2023-01-24 17:32:15,2023-01-24 18:03:15,31,Completed,2.6
4490,6379,120,2023-06-14 20:18:40,2023-06-14 21:09:40,51,Completed,2.7
4491,6383,180,2023-05-18 16:38:17,2023-05-18 17:19:17,41,Completed,3.4
4492,6385,300,2024-01-23 19:00:49,2024-01-23 19:33:49,33,Refund Processed,
4493,6388,210,2023-10-03 20:19:41,2023-10-03 20:34:41,15,Completed,2.6
4494,6391,210,2024-09-26 05:54:29,2024-09-26 06:31:29,37,Completed,3.7
4495,6392,58,2024-11-07 16:23:58,2024-11-07 17:14:58,51,Completed,3.9
4496,6394,31,2024-09-05 20:25:43,2024-09-05 20:47:43,22,Completed,3.7
4497,6395,103,2023-10-09 18:26:41,2023-10-09 18:42:41,16,Completed,3.6
4498,6396,210,2023-12-20 10:24:49,2023-12-20 10:39:49,15,Completed,2.9
4499,6397,299,2024-04-28 03:13:10,2024-04-28 03:53:10,40,Refund Processed,
4500,6398,76,2024-07-17 17:15:27,2024-07-17 17:49:27,34,Completed,4.6
4501,6399,54,2024-04-19 19:26:49,2024-04-19 19:59:49,33,Completed,4.2
4502,6400,123,2024-08-31 11:14:56,2024-08-31 12:04:56,50,Completed,4.9
4503,6401,288,2023-08-15 20:19:29,2023-08-15 21:00:29,41,Completed,2.9
4504,6405,210,2024-04-22 11:24:57,2024-04-22 11:50:57,26,Completed,4.3
4505,6406,1,2023-06-21 14:36:24,2023-06-21 15:20:24,44,Completed,3.1
4506,6407,130,2024-09-12 18:57:28,2024-09-12 19:48:28,51,Completed,4.9
4507,6408,295,2023-06-16 17:36:39,2023-06-16 18:22:39,46,Completed,2.6
4508,6409,220,2024-07-29 12:30:57,2024-07-29 13:01:57,31,Completed,2.8
4509,6410,165,2023-09-20 17:04:35,2023-09-20 17:53:35,49,Completed,4.3
4510,6411,144,2023-01-14 22:12:15,2023-01-14 22:55:15,43,Completed,3.9
4511,6415,67,2024-03-09 09:57:59,2024-03-09 10:45:59,48,Completed,4.9
4512,6416,159,2024-04-01 00:53:42,2024-04-01 01:18:42,25,Completed,4.9
4513,6417,103,2024-11-30 15:52:02,2024-11-30 16:13:02,21,Completed,4.7
4514,6419,102,2024-08-28 18:52:52,2024-08-28 19:22:52,30,Completed,4.0
4515,6420,294,2023-05-18 22:49:07,2023-05-18 23:18:07,29,Completed,4.3
4516,6423,23,2024-06-23 23:59:31,2024-06-24 00:42:31,43,Completed,4.5
4517,6424,182,2024-04-06 18:50:30,2024-04-06 19:30:30,40,Completed,2.7
4518,6425,16,2023-12-06 21:12:08,2023-12-06 21:47:08,35,Completed,3.2
4519,6426,292,2024-03-21 20:56:16,2024-03-21 21:40:16,44,Completed,4.1
4520,6427,77,2023-01-06 20:28:29,2023-01-06 20:57:29,29,Completed,2.5
4521,6428,132,2023-05-14 10:49:11,2023-05-14 11:41:11,52,Completed,4.9
4522,6429,58,2024-04-09 12:02:10,2024-04-09 12:45:10,43,Completed,4.6
4523,6430,56,2023-11-22 11:45:43,2023-11-22 12:23:43,38,Completed,3.5
4524,6431,172,2023-09-21 14:31:32,2023-09-21 14:47:32,16,Refund Processed,
4525,6433,19,2024-01-09 15:40:51,2024-01-09 16:31:51,51,Completed,3.4
4526,6434,148,2023-08-05 15:02:36,2023-08-05 15:38:36,36,Refund Processed,
4527,6436,141,2024-02-19 05:03:12,2024-02-19 05:31:12,28,Refund Processed,
4528,6437,21,2024-04-10 14:28:07,2024-04-10 14:49:07,21,Completed,3.6
4529,6438,174,2024-05-25 19:10:19,2024-05-25 20:03:19,53,Completed,4.2
4530,6439,248,2024-10-16 16:43:20,2024-10-16 17:35:20,52,Completed,4.5
4531,6442,163,2024-10-04 23:06:58,2024-10-04 23:54:58,48,Completed,4.7
4532,6443,102,2024-09-07 20:39:18,2024-09-07 20:58:18,19,Refund Processed,
4533,6444,278,2024-03-06 20:29:56,2024-03-06 20:56:56,27,Refund Processed,
4534,6447,163,2024-08-15 18:56:03,2024-08-15 19:17:03,21,Completed,4.5
4535,6448,26,2023-10-27 16:51:26,2023-10-27 17:09:26,18,Completed,3.3
4536,6451,205,2024-12-28 10:05:36,2024-12-28 10:26:36,21,Completed,3.7
4537,6452,78,2024-04-22 14:15:20,2024-04-22 14:39:20,24,Completed,2.5
4538,6453,190,2023-04-15 22:28:56,2023-04-15 23:23:56,55,Completed,4.8
4539,6454,270,2024-12-20 18:39:06,2024-12-20 19:21:06,42,Completed,3.2
4540,6456,195,2023-10-06 14:36:36,2023-10-06 15:13:36,37,Completed,2.9
4541,6457,57,2024-09-12 22:25:10,2024-09-12 23:18:10,53,Completed,3.6
4542,6459,22,2024-09-06 22:08:47,2024-09-06 22:47:47,39,Completed,4.7
4543,6460,79,2024-10-27 13:17:49,2024-10-27 13:54:49,37,Refund Processed,
4544,6461,82,2024-05-16 17:27:22,2024-05-16 18:09:22,42,Completed,4.0
4545,6464,148,2023-10-23 15:55:34,2023-10-23 16:16:34,21,Refund Processed,
4546,6465,150,2023-01-27 23:29:45,2023-01-28 00:24:45,55,Completed,4.7
4547,6466,116,2023-06-29 20:10:01,2023-06-29 20:30:01,20,Completed,3.1
4548,6467,19,2023-07-08 19:57:29,2023-07-08 20:16:29,19,Completed,4.0
4549,6468,191,2023-11-21 08:46:28,2023-11-21 09:24:28,38,Completed,4.2
4550,6470,292,2023-02-21 22:08:43,2023-02-21 22:35:43,27,Completed,4.0
4551,6472,218,2023-03-14 21:23:50,2023-03-14 21:46:50,23,Completed,4.8
4552,6474,94,2024-10-16 14:47:01,2024-10-16 15:16:01,29,Refund Processed,
4553,6475,270,2023-11-09 15:46:39,2023-11-09 16:22:39,36,Completed,4.3
4554,6476,287,2024-05-30 09:45:30,2024-05-30 10:00:30,15,Completed,4.2
4555,6479,260,2024-01-23 10:58:22,2024-01-23 11:52:22,54,Completed,2.6
4556,6481,115,2024-05-08 20:54:19,2024-05-08 21:22:19,28,Completed,2.5
4557,6482,137,2024-11-23 17:18:47,2024-11-23 17:45:47,27,Completed,2.7
4558,6484,172,2024-03-26 19:43:27,2024-03-26 20:30:27,47,Completed,2.5
4559,6485,224,2023-08-11 14:18:15,2023-08-11 14:54:15,36,Completed,4.8
4560,6487,172,2024-05-29 14:07:30,2024-05-29 14:58:30,51,Completed,3.7
4561,6489,32,2023-11-11 16:38:02,2023-11-11 17:04:02,26,Completed,4.3
4562,6490,24,2024-05-26 21:41:20,2024-05-26 22:36:20,55,Completed,2.9
4563,6491,85,2024-09-26 21:48:39,2024-09-26 22:22:39,34,Completed,4.4
4564,6492,202,2024-10-04 20:38:47,2024-10-04 21:32:47,54,Completed,3.8
4565,6494,226,2023-07-11 06:48:31,2023-07-11 07:25:31,37,Completed,4.3
4566,6495,18,2024-11-25 23:05:40,2024-11-25 23:22:40,17,Completed,3.9
4567,6496,293,2024-05-27 21:19:27,2024-05-27 21:48:27,29,Completed,4.6
4568,6498,38,2024-10-25 16:26:19,2024-10-25 16:54:19,28,Completed,3.1
4569,6500,3,2024-03-04 10:09:29,2024-03-04 10:54:29,45,Completed,3.9
4570,6502,94,2024-12-03 14:55:21,2024-12-03 15:20:21,25,Completed,4.9
4571,6503,283,2024-12-13 13:06:21,2024-12-13 13:59:21,53,Completed,3.3
4572,6504,299,2024-08-14 21:07:32,2024-08-14 21:54:32,47,Completed,3.9
4573,6507,49,2023-06-25 14:46:32,2023-06-25 15:06:32,20,Completed,3.1
4574,6508,262,2024-10-20 13:24:29,2024-10-20 14:12:29,48,Completed,2.5
4575,6512,197,2024-06-18 20:48:01,2024-06-18 21:04:01,16,Completed,3.3
4576,6514,258,2023-07-13 20:11:14,2023-07-13 20:46:14,35,Completed,2.7
4577,6515,206,2024-02-29 16:46:23,2024-02-29 17:30:23,44,Completed,3.7
4578,6516,94,2023-01-18 10:35:20,2023-01-18 11:10:20,35,Completed,2.7
4579,6517,224,2024-10-03 14:03:58,2024-10-03 14:19:58,16,Completed,3.0
4580,6520,13,2023-02-26 13:16:33,2023-02-26 14:08:33,52,Completed,4.8
4581,6522,112,2024-04-22 21:02:49,2024-04-22 21:20:49,18,Completed,3.7
4582,6523,234,2024-07-02 14:18:08,2024-07-02 14:33:08,15,Completed,4.0
4583,6527,38,2024-05-23 10:54:31,2024-05-23 11:38:31,44,Completed,3.3
4584,6528,138,2024-10-25 20:53:53,2024-10-25 21:45:53,52,Completed,2.9
4585,6531,240,2023-11-20 15:05:27,2023-11-20 15:53:27,48,Completed,3.2
4586,6533,193,2023-09-12 16:41:19,2023-09-12 17:27:19,46,Completed,4.0
4587,6535,101,2023-01-21 11:01:43,2023-01-21 11:34:43,33,Completed,4.9
4588,6538,126,2023-04-09 20:40:21,2023-04-09 21:21:21,41,Completed,3.7
4589,6540,258,2024-11-02 13:03:18,2024-11-02 13:48:18,45,Completed,4.4
4590,6541,254,2024-10-08 08:15:41,2024-10-08 08:30:41,15,Completed,4.2
4591,6542,224,2023-06-28 22:12:26,2023-06-28 22:55:26,43,Completed,4.0
4592,6543,205,2024-09-20 20:00:01,2024-09-20 20:18:01,18,Completed,4.8
4593,6544,275,2023-04-07 05:56:11,2023-04-07 06:49:11,53,Refund Processed,
4594,6545,35,2024-02-05 15:35:26,2024-02-05 16:30:26,55,Completed,2.8
4595,6547,82,2023-02-21 00:47:45,2023-02-21 01:14:45,27,Completed,3.0
4596,6548,114,2024-02-05 13:28:35,2024-02-05 14:08:35,40,Completed,4.4
4597,6549,205,2024-12-02 08:51:56,2024-12-02 09:27:56,36,Completed,3.1
4598,6551,123,2023-09-16 21:05:37,2023-09-16 21:35:37,30,Completed,4.9
4599,6552,213,2023-10-16 21:40:19,2023-10-16 22:23:19,43,Completed,3.2
4600,6553,59,2023-10-18 21:13:27,2023-10-18 22:00:27,47,Completed,2.6
4601,6558,49,2024-09-19 17:59:51,2024-09-19 18:27:51,28,Refund Processed,
4602,6559,150,2023-03-28 17:52:27,2023-03-28 18:31:27,39,Refund Processed,
4603,6562,22,2023-11-22 13:53:12,2023-11-22 14:39:12,46,Completed,2.7
4604,6563,120,2024-02-07 20:44:52,2024-02-07 21:23:52,39,Completed,4.1
4605,6566,157,2024-06-26 03:05:58,2024-06-26 03:44:58,39,Completed,2.8
4606,6567,151,2024-09-17 20:11:10,2024-09-17 20:36:10,25,Refund Processed,
4607,6568,179,2024-04-05 05:08:31,2024-04-05 05:44:31,36,Refund Processed,
4608,6569,12,2023-08-29 14:48:38,2023-08-29 15:34:38,46,Completed,3.1
4609,6571,46,2024-09-15 14:37:56,2024-09-15 15:22:56,45,Completed,2.7
4610,6574,175,2024-03-26 17:51:02,2024-03-26 18:09:02,18,Completed,3.7
4611,6575,24,2024-10-26 19:41:10,2024-10-26 20:29:10,48,Completed,2.8
4612,6576,57,2023-11-03 14:47:17,2023-11-03 15:11:17,24,Completed,4.7
4613,6577,130,2024-01-12 15:43:06,2024-01-12 16:26:06,43,Completed,4.6
4614,6578,22,2024-02-29 07:00:48,2024-02-29 07:34:48,34,Completed,3.6
4615,6579,138,2023-08-12 21:27:08,2023-08-12 22:15:08,48,Completed,3.1
4616,6580,199,2024-10-12 23:21:46,2024-10-13 00:00:46,39,Completed,3.2
4617,6582,49,2023-08-01 19:33:10,2023-08-01 19:48:10,15,Completed,4.7
4618,6585,184,2023-04-07 11:59:43,2023-04-07 12:26:43,27,Completed,4.0
4619,6586,84,2024-09-22 22:13:45,2024-09-22 22:41:45,28,Completed,3.5
4620,6589,221,2024-05-09 21:10:46,2024-05-09 21:49:46,39,Completed,3.6
4621,6590,300,2023-08-11 03:15:34,2023-08-11 03:38:34,23,Completed,3.4
4622,6592,60,2024-12-26 22:06:48,2024-12-26 22:39:48,33,Completed,4.3
4623,6593,35,2023-10-17 22:32:00,2023-10-17 23:19:00,47,Completed,4.5
4624,6595,81,2024-10-26 11:00:10,2024-10-26 11:40:10,40,Completed,4.8
4625,6596,161,2023-11-14 19:41:59,2023-11-14 20:05:59,24,Completed,3.3
4626,6597,81,2023-12-16 13:21:43,2023-12-16 13:54:43,33,Completed,3.3
4627,6598,289,2024-06-22 13:08:04,2024-06-22 13:29:04,21,Completed,4.8
4628,6599,194,2024-06-13 11:30:07,2024-06-13 12:11:07,41,Completed,3.0
4629,6600,84,2024-04-30 18:42:54,2024-04-30 19:32:54,50,Completed,3.4
4630,6601,163,2023-04-30 14:57:47,2023-04-30 15:30:47,33,Completed,4.2
4631,6602,274,2024-02-05 12:58:28,2024-02-05 13:25:28,27,Completed,3.8
4632,6603,85,2023-12-09 07:13:20,2023-12-09 08:08:20,55,Completed,4.0
4633,6604,300,2023-10-30 00:18:55,2023-10-30 01:09:55,51,Completed,2.8
4634,6605,173,2023-04-08 21:02:51,2023-04-08 21:22:51,20,Completed,3.1
4635,6607,181,2024-08-07 04:39:25,2024-08-07 04:54:25,15,Completed,3.1
4636,6608,96,2023-06-16 18:18:34,2023-06-16 18:34:34,16,Completed,2.7
4637,6609,5,2024-05-13 10:54:54,2024-05-13 11:12:54,18,Completed,3.4
4638,6610,37,2024-08-31 20:08:15,2024-08-31 21:02:15,54,Completed,3.9
4639,6611,100,2023-08-03 06:21:53,2023-08-03 07:11:53,50,Completed,4.5
4640,6612,289,2023-07-27 17:11:34,2023-07-27 17:58:34,47,Completed,4.5
4641,6614,28,2024-03-02 00:11:05,2024-03-02 00:36:05,25,Completed,3.3
4642,6615,116,2024-09-21 14:49:29,2024-09-21 15:13:29,24,Completed,3.7
4643,6616,24,2023-01-14 13:27:53,2023-01-14 14:04:53,37,Completed,2.5
4644,6618,158,2023-02-03 18:55:42,2023-02-03 19:20:42,25,Completed,4.8
4645,6619,36,2024-03-22 21:42:40,2024-03-22 22:04:40,22,Completed,2.6
4646,6620,87,2023-06-07 11:27:43,2023-06-07 11:46:43,19,Completed,2.7
4647,6622,116,2023-07-13 23:15:16,2023-07-13 23:33:16,18,Completed,4.8
4648,6624,95,2024-04-10 23:17:52,2024-04-10 23:52:52,35,Completed,3.9
4649,6625,199,2024-12-27 11:47:17,2024-12-27 12:04:17,17,Completed,3.7
4650,6626,108,2023-01-02 10:37:11,2023-01-02 10:54:11,17,Completed,3.4
4651,6628,213,2024-06-12 14:28:37,2024-06-12 15:08:37,40,Completed,3.0
4652,6629,291,2023-05-18 14:29:55,2023-05-18 15:06:55,37,Refund Processed,
4653,6630,54,2023-10-06 18:22:05,2023-10-06 18:37:05,15,Completed,3.0
4654,6632,243,2023-11-28 08:42:39,2023-11-28 09:37:39,55,Refund Processed,
4655,6633,15,2024-12-18 07:47:38,2024-12-18 08:25:38,38,Completed,2.8
4656,6635,260,2023-08-16 18:56:16,2023-08-16 19:37:16,41,Completed,3.5
4657,6636,69,2023-08-18 20:03:39,2023-08-18 20:37:39,34,Completed,3.9
4658,6638,22,2024-01-07 22:31:22,2024-01-07 22:59:22,28,Refund Processed,
4659,6639,229,2023-07-18 15:04:37,2023-07-18 15:58:37,54,Completed,4.3
4660,6640,132,2024-04-20 21:22:01,2024-04-20 21:49:01,27,Completed,4.5
4661,6641,127,2023-09-14 19:21:09,2023-09-14 19:41:09,20,Completed,4.0
4662,6642,222,2023-12-22 10:43:08,2023-12-22 11:17:08,34,Completed,4.1
4663,6643,182,2023-11-22 07:36:37,2023-11-22 08:10:37,34,Completed,4.0
4664,6644,12,2023-09-04 21:43:56,2023-09-04 22:03:56,20,Completed,3.2
4665,6645,218,2024-10-21 22:14:40,2024-10-21 22:31:40,17,Completed,3.8
4666,6647,239,2023-12-12 00:52:09,2023-12-12 01:08:09,16,Completed,4.1
4667,6648,218,2024-03-20 11:34:55,2024-03-20 11:52:55,18,Completed,3.7
4668,6649,7,2023-11-09 16:28:55,2023-11-09 16:46:55,18,Completed,2.6
4669,6650,66,2024-01-30 16:57:04,2024-01-30 17:20:04,23,Refund Processed,
4670,6651,133,2023-09-16 22:26:58,2023-09-16 23:03:58,37,Completed,3.4
4671,6652,148,2024-05-27 10:21:34,2024-05-27 11:04:34,43,Completed,4.0
4672,6655,122,2023-12-18 17:06:53,2023-12-18 17:38:53,32,Refund Processed,
4673,6657,237,2023-10-02 17:55:38,2023-10-02 18:17:38,22,Completed,3.1
4674,6661,18,2024-01-10 19:20:50,2024-01-10 19:57:50,37,Refund Processed,
4675,6662,193,2024-06-24 23:04:24,2024-06-24 23:19:24,15,Completed,2.9
4676,6663,295,2023-09-19 05:44:34,2023-09-19 06:05:34,21,Completed,2.5
4677,6664,82,2024-12-23 19:46:35,2024-12-23 20:21:35,35,Completed,3.3
4678,6665,241,2023-03-15 14:44:24,2023-03-15 15:39:24,55,Completed,4.3
4679,6667,213,2024-05-09 16:11:44,2024-05-09 17:04:44,53,Completed,3.6
4680,6669,199,2023-07-31 21:42:49,2023-07-31 22:33:49,51,Completed,2.8
4681,6670,67,2023-03-18 14:45:54,2023-03-18 15:32:54,47,Completed,4.7
4682,6671,94,2024-08-17 16:30:54,2024-08-17 16:49:54,19,Completed,3.5
4683,6673,200,2023-07-25 19:29:08,2023-07-25 19:44:08,15,Completed,2.6
4684,6674,77,2024-07-11 20:33:58,2024-07-11 21:02:58,29,Completed,3.9
4685,6676,188,2024-04-10 15:01:58,2024-04-10 15:25:58,24,Completed,4.1
4686,6680,125,2024-07-18 21:35:52,2024-07-18 21:58:52,23,Completed,2.6
4687,6683,281,2024-01-10 20:12:46,2024-01-10 20:29:46,17,Completed,4.4
4688,6685,300,2024-03-02 11:46:17,2024-03-02 12:21:17,35,Completed,4.0
4689,6689,167,2024-09-08 13:17:31,2024-09-08 13:39:31,22,Completed,3.7
4690,6690,141,2024-03-26 13:18:04,2024-03-26 14:13:04,55,Completed,4.3
4691,6691,8,2024-11-16 15:30:11,2024-11-16 16:24:11,54,Completed,2.9
4692,6692,117,2024-06-10 09:34:07,2024-06-10 09:53:07,19,Completed,3.5
4693,6693,124,2024-10-29 15:15:12,2024-10-29 15:31:12,16,Refund Processed,
4694,6694,116,2024-07-13 19:11:24,2024-07-13 19:53:24,42,Completed,4.0
4695,6696,127,2024-10-18 01:13:13,2024-10-18 02:05:13,52,Completed,3.4
4696,6697,262,2023-10-27 16:43:39,2023-10-27 17:01:39,18,Completed,3.0
4697,6699,278,2023-12-18 12:56:02,2023-12-18 13:48:02,52,Completed,4.0
4698,6702,78,2024-03-11 19:29:31,2024-03-11 20:14:31,45,Refund Processed,
4699,6705,279,2024-04-16 20:20:03,2024-04-16 20:58:03,38,Completed,3.8
4700,6706,207,2024-11-26 13:11:12,2024-11-26 13:26:12,15,Refund Processed,
4701,6707,239,2024-08-26 14:52:07,2024-08-26 15:37:07,45,Completed,3.3
4702,6708,126,2023-03-05 13:59:35,2023-03-05 14:40:35,41,Completed,3.9
4703,6709,63,2024-08-25 08:50:14,2024-08-25 09:12:14,22,Completed,2.7
4704,6711,191,2023-10-13 21:46:33,2023-10-13 22:09:33,23,Completed,3.1
4705,6712,45,2024-03-12 15:25:57,2024-03-12 15:56:57,31,Completed,3.2
4706,6713,171,2024-01-02 12:33:27,2024-01-02 13:05:27,32,Completed,4.0
4707,6715,46,2024-03-01 18:40:25,2024-03-01 19:08:25,28,Completed,4.2
4708,6717,83,2023-11-14 14:06:46,2023-11-14 14:29:46,23,Completed,4.2
4709,6718,228,2024-06-27 08:38:41,2024-06-27 09:07:41,29,Completed,2.6
4710,6720,271,2024-12-28 01:41:26,2024-12-28 02:09:26,28,Refund Processed,
4711,6723,116,2023-11-21 00:36:38,2023-11-21 01:30:38,54,Completed,3.2
4712,6725,124,2024-05-26 16:05:54,2024-05-26 16:25:54,20,Completed,3.3
4713,6726,114,2024-07-28 17:10:03,2024-07-28 17:42:03,32,Completed,3.3
4714,6727,12,2024-09-28 07:00:34,2024-09-28 07:16:34,16,Completed,4.3
4715,6728,1,2023-12-13 18:48:56,2023-12-13 19:30:56,42,Completed,4.4
4716,6729,267,2024-05-26 11:39:49,2024-05-26 11:55:49,16,Completed,4.2
4717,6730,60,2024-05-22 15:15:59,2024-05-22 15:45:59,30,Completed,4.3
4718,6732,162,2024-02-27 15:44:11,2024-02-27 16:07:11,23,Refund Processed,
4719,6734,212,2024-08-17 12:42:36,2024-08-17 13:07:36,25,Completed,4.7
4720,6735,15,2023-04-05 20:48:48,2023-04-05 21:43:48,55,Refund Processed,
4721,6736,77,2023-11-01 18:23:14,2023-11-01 19:11:14,48,Completed,3.9
4722,6738,214,2024-05-04 21:44:30,2024-05-04 22:37:30,53,Refund Processed,
4723,6739,26,2024-09-09 20:27:40,2024-09-09 21:22:40,55,Completed,3.7
4724,6741,135,2024-05-29 02:59:42,2024-05-29 03:24:42,25,Completed,2.7
4725,6742,208,2023-06-23 13:31:24,2023-06-23 14:11:24,40,Completed,4.2
4726,6744,260,2023-11-06 21:37:57,2023-11-06 22:12:57,35,Completed,4.6
4727,6745,69,2024-01-09 15:17:31,2024-01-09 15:45:31,28,Completed,4.7
4728,6747,225,2024-12-04 19:46:02,2024-12-04 20:08:02,22,Refund Processed,
4729,6748,194,2024-07-28 14:36:08,2024-07-28 14:58:08,22,Completed,3.4
4730,6750,37,2024-04-20 21:36:42,2024-04-20 21:54:42,18,Completed,4.4
4731,6751,276,2023-03-28 11:35:41,2023-03-28 12:24:41,49,Completed,2.6
4732,6754,280,2024-01-24 12:41:41,2024-01-24 13:21:41,40,Completed,3.1
4733,6755,35,2023-10-30 09:48:16,2023-10-30 10:06:16,18,Completed,4.9
4734,6756,8,2024-11-14 13:39:01,2024-11-14 13:57:01,18,Completed,2.7
4735,6760,60,2024-09-02 13:06:41,2024-09-02 13:33:41,27,Completed,4.3
4736,6761,45,2023-11-01 22:32:31,2023-11-01 22:52:31,20,Completed,3.0
4737,6762,158,2023-10-08 18:45:17,2023-10-08 19:22:17,37,Refund Processed,
4738,6763,15,2023-06-15 13:23:29,2023-06-15 13:45:29,22,Refund Processed,
4739,6764,289,2024-01-19 17:59:27,2024-01-19 18:35:27,36,Completed,4.6
4740,6765,276,2024-05-25 20:46:22,2024-05-25 21:32:22,46,Completed,4.2
4741,6771,143,2024-05-28 15:44:45,2024-05-28 16:03:45,19,Completed,4.2
4742,6772,292,2023-01-05 22:42:13,2023-01-05 23:04:13,22,Completed,3.8
4743,6774,270,2024-03-04 13:42:44,2024-03-04 14:13:44,31,Completed,2.6
4744,6775,20,2023-06-17 13:53:08,2023-06-17 14:46:08,53,Completed,5.0
4745,6776,175,2023-10-21 19:38:37,2023-10-21 20:03:37,25,Completed,4.5
4746,6778,202,2024-10-12 21:14:53,2024-10-12 22:01:53,47,Completed,2.9
4747,6780,146,2024-09-29 22:28:06,2024-09-29 23:11:06,43,Completed,3.5
4748,6781,190,2023-12-13 12:49:49,2023-12-13 13:07:49,18,Completed,3.0
4749,6783,264,2023-11-11 23:53:53,2023-11-12 00:29:53,36,Completed,3.2
4750,6785,88,2023-09-12 09:02:16,2023-09-12 09:46:16,44,Completed,3.9
4751,6788,281,2023-12-08 15:13:41,2023-12-08 15:35:41,22,Completed,3.1
4752,6789,257,2023-08-21 22:29:41,2023-08-21 23:07:41,38,Completed,2.8
4753,6791,145,2023-11-03 17:58:20,2023-11-03 18:34:20,36,Completed,4.6
4754,6792,219,2024-12-03 00:50:21,2024-12-03 01:44:21,54,Completed,3.8
4755,6793,181,2023-06-13 13:19:40,2023-06-13 14:06:40,47,Completed,3.8
4756,6796,265,2024-11-27 17:24:14,2024-11-27 18:06:14,42,Completed,3.2
4757,6797,141,2023-06-17 19:55:02,2023-06-17 20:47:02,52,Completed,2.9
4758,6798,43,2024-10-17 16:23:28,2024-10-17 17:05:28,42,Completed,4.2
4759,6801,148,2024-07-07 06:20:51,2024-07-07 06:38:51,18,Completed,2.6
4760,6802,40,2023-06-19 02:50:03,2023-06-19 03:21:03,31,Completed,4.8
4761,6803,111,2024-06-20 10:49:31,2024-06-20 11:06:31,17,Completed,4.6
4762,6804,267,2024-06-28 12:47:37,2024-06-28 13:21:37,34,Completed,3.9
4763,6805,38,2024-09-29 11:08:03,2024-09-29 11:36:03,28,Refund Processed,
4764,6807,180,2023-01-30 21:31:01,2023-01-30 21:50:01,19,Completed,3.3
4765,6809,108,2024-05-12 17:09:21,2024-05-12 17:39:21,30,Completed,4.4
4766,6810,101,2023-08-30 09:48:39,2023-08-30 10:31:39,43,Completed,3.1
4767,6811,199,2023-08-24 00:42:49,2023-08-24 01:37:49,55,Completed,4.7
4768,6812,101,2024-01-04 22:06:35,2024-01-04 22:40:35,34,Refund Processed,
4769,6813,217,2023-03-21 20:01:04,2023-03-21 20:52:04,51,Completed,3.2
4770,6816,234,2023-06-20 18:44:43,2023-06-20 19:35:43,51,Completed,3.8
4771,6817,124,2023-03-01 14:42:42,2023-03-01 15:19:42,37,Completed,4.5
4772,6818,42,2023-08-16 03:44:06,2023-08-16 04:22:06,38,Completed,4.0
4773,6821,190,2023-07-18 19:32:17,2023-07-18 20:10:17,38,Completed,4.1
4774,6822,66,2023-04-10 10:32:24,2023-04-10 11:10:24,38,Completed,2.9
4775,6823,262,2023-02-19 12:51:18,2023-02-19 13:11:18,20,Completed,3.5
4776,6825,56,2023-03-05 13:41:50,2023-03-05 14:35:50,54,Completed,3.4
4777,6826,189,2024-07-25 14:43:09,2024-07-25 15:01:09,18,Refund Processed,
4778,6827,147,2023-09-11 07:23:48,2023-09-11 08:04:48,41,Completed,4.4
4779,6829,186,2023-02-23 16:50:01,2023-02-23 17:29:01,39,Completed,4.7
4780,6831,288,2024-02-11 14:16:39,2024-02-11 14:53:39,37,Refund Processed,
4781,6832,277,2023-04-30 14:34:09,2023-04-30 15:18:09,44,Refund Processed,
4782,6836,87,2023-01-28 05:07:12,2023-01-28 05:43:12,36,Refund Processed,
4783,6837,180,2023-10-17 11:37:34,2023-10-17 11:57:34,20,Completed,4.7
4784,6839,193,2023-10-11 19:23:43,2023-10-11 20:02:43,39,Completed,4.8
4785,6840,175,2023-10-22 08:00:37,2023-10-22 08:42:37,42,Refund Processed,
4786,6841,163,2024-11-10 13:23:24,2024-11-10 13:42:24,19,Completed,4.6
4787,6844,50,2024-09-11 10:49:02,2024-09-11 11:16:02,27,Completed,4.7
4788,6846,269,2024-12-16 21:58:50,2024-12-16 22:15:50,17,Completed,3.2
4789,6848,262,2023-07-11 10:58:59,2023-07-11 11:23:59,25,Refund Processed,
4790,6849,124,2023-06-13 20:31:47,2023-06-13 21:10:47,39,Completed,2.8
4791,6851,18,2023-11-10 21:26:06,2023-11-10 22:16:06,50,Completed,3.7
4792,6853,291,2024-06-30 20:14:30,2024-06-30 20:38:30,24,Completed,3.5
4793,6855,40,2023-04-13 20:52:17,2023-04-13 21:07:17,15,Completed,4.7
4794,6856,156,2023-12-28 09:37:07,2023-12-28 09:54:07,17,Completed,4.7
4795,6857,82,2023-09-05 18:10:46,2023-09-05 18:26:46,16,Completed,2.7
4796,6859,231,2023-04-22 21:06:08,2023-04-22 21:41:08,35,Completed,4.1
4797,6860,184,2023-07-24 22:11:06,2023-07-24 23:01:06,50,Completed,3.3
4798,6861,119,2024-07-11 10:49:34,2024-07-11 11:31:34,42,Completed,4.5
4799,6862,40,2023-09-27 03:29:32,2023-09-27 04:17:32,48,Completed,2.9
4800,6864,148,2023-05-26 07:28:38,2023-05-26 07:52:38,24,Refund Processed,
4801,6865,12,2024-07-15 19:23:32,2024-07-15 20:08:32,45,Completed,4.2
4802,6866,136,2024-04-28 10:34:05,2024-04-28 11:02:05,28,Completed,4.0
4803,6867,175,2024-03-28 21:51:36,2024-03-28 22:14:36,23,Completed,4.7
4804,6868,228,2023-09-14 17:32:09,2023-09-14 18:18:09,46,Completed,4.7
4805,6869,105,2024-09-20 22:10:28,2024-09-20 22:25:28,15,Completed,2.7
4806,6870,101,2024-07-12 13:14:56,2024-07-12 13:32:56,18,Completed,2.7
4807,6871,113,2023-10-26 18:44:01,2023-10-26 19:29:01,45,Completed,4.2
4808,6872,283,2024-02-16 23:45:06,2024-02-17 00:19:06,34,Completed,2.9
4809,6873,54,2024-09-20 18:58:29,2024-09-20 19:52:29,54,Completed,2.5
4810,6875,289,2024-07-24 00:37:03,2024-07-24 01:26:03,49,Completed,2.8
4811,6876,35,2023-03-11 08:33:07,2023-03-11 09:10:07,37,Completed,4.2
4812,6877,133,2024-10-11 18:52:31,2024-10-11 19:44:31,52,Completed,2.9
4813,6879,41,2023-08-31 15:31:28,2023-08-31 16:20:28,49,Completed,2.7
4814,6880,50,2024-03-29 20:25:03,2024-03-29 20:46:03,21,Completed,3.6
4815,6881,200,2023-05-18 14:20:24,2023-05-18 14:38:24,18,Completed,3.9
4816,6882,297,2023-06-30 12:42:33,2023-06-30 13:25:33,43,Refund Processed,
4817,6883,294,2024-11-12 20:53:20,2024-11-12 21:23:20,30,Completed,2.8
4818,6884,288,2024-04-21 19:44:06,2024-04-21 20:17:06,33,Completed,2.6
4819,6885,77,2024-11-24 17:12:21,2024-11-24 17:47:21,35,Completed,4.6
4820,6887,175,2024-08-07 15:54:03,2024-08-07 16:46:03,52,Completed,3.4
4821,6888,10,2024-03-30 17:54:00,2024-03-30 18:49:00,55,Refund Processed,
4822,6889,212,2024-12-28 20:12:33,2024-12-28 20:34:33,22,Completed,4.0
4823,6890,284,2023-05-02 14:05:53,2023-05-02 14:40:53,35,Completed,4.2
4824,6891,105,2024-02-23 21:49:58,2024-02-23 22:39:58,50,Completed,3.7
4825,6892,67,2023-09-21 19:47:29,2023-09-21 20:36:29,49,Completed,3.0
4826,6893,207,2024-01-24 14:08:53,2024-01-24 14:52:53,44,Completed,2.9
4827,6894,115,2024-07-27 19:39:24,2024-07-27 20:00:24,21,Completed,2.9
4828,6896,296,2023-03-13 20:44:40,2023-03-13 21:12:40,28,Completed,3.2
4829,6899,264,2024-09-11 21:16:26,2024-09-11 21:41:26,25,Completed,3.6
4830,6902,140,2024-10-05 14:48:01,2024-10-05 15:04:01,16,Completed,4.2
4831,6904,147,2024-04-05 21:49:16,2024-04-05 22:42:16,53,Completed,3.8
4832,6905,46,2024-06-02 20:08:25,2024-06-02 20:57:25,49,Completed,3.7
4833,6906,32,2024-03-05 17:28:06,2024-03-05 17:53:06,25,Completed,4.3
4834,6908,113,2024-04-27 19:20:29,2024-04-27 20:04:29,44,Completed,3.5
4835,6910,271,2023-06-25 16:27:32,2023-06-25 16:45:32,18,Completed,4.2
4836,6911,10,2024-10-16 18:15:11,2024-10-16 19:08:11,53,Completed,3.9
4837,6912,57,2024-03-08 21:45:41,2024-03-08 22:08:41,23,Completed,3.7
4838,6913,34,2024-10-29 18:46:08,2024-10-29 19:38:08,52,Refund Processed,
4839,6914,109,2024-06-23 20:35:32,2024-06-23 21:14:32,39,Completed,4.7
4840,6915,120,2023-07-20 12:54:47,2023-07-20 13:38:47,44,Completed,4.2
4841,6916,291,2023-09-22 14:09:24,2023-09-22 14:30:24,21,Completed,4.8
4842,6917,30,2023-12-13 09:47:38,2023-12-13 10:29:38,42,Completed,2.8
4843,6919,87,2024-12-16 17:11:33,2024-12-16 17:41:33,30,Completed,2.8
4844,6920,19,2023-07-21 18:51:38,2023-07-21 19:12:38,21,Completed,3.1
4845,6921,249,2024-07-30 16:00:46,2024-07-30 16:53:46,53,Refund Processed,
4846,6922,91,2024-11-11 20:24:39,2024-11-11 21:01:39,37,Completed,4.1
4847,6923,243,2023-05-23 18:35:14,2023-05-23 19:03:14,28,Completed,4.5
4848,6924,201,2024-05-27 12:40:05,2024-05-27 13:27:05,47,Completed,2.6
4849,6925,236,2023-07-22 19:42:11,2023-07-22 20:32:11,50,Completed,3.1
4850,6926,243,2024-10-09 21:34:02,2024-10-09 22:07:02,33,Completed,2.5
4851,6927,141,2024-02-26 15:02:48,2024-02-26 15:42:48,40,Completed,2.5
4852,6928,279,2023-11-17 19:36:14,2023-11-17 20:17:14,41,Refund Processed,
4853,6929,10,2024-01-07 12:21:24,2024-01-07 13:05:24,44,Refund Processed,
4854,6930,117,2024-05-08 19:51:30,2024-05-08 20:17:30,26,Completed,5.0
4855,6931,207,2023-09-07 16:35:01,2023-09-07 17:18:01,43,Completed,2.7
4856,6933,100,2024-05-01 19:09:19,2024-05-01 19:30:19,21,Completed,4.3
4857,6934,239,2023-03-02 07:08:48,2023-03-02 07:46:48,38,Completed,3.9
4858,6935,269,2023-06-01 13:33:37,2023-06-01 13:52:37,19,Refund Processed,
4859,6936,271,2023-06-16 13:15:02,2023-06-16 13:49:02,34,Completed,4.5
4860,6937,155,2024-10-03 20:21:10,2024-10-03 20:40:10,19,Completed,4.3
4861,6938,288,2023-10-16 22:17:09,2023-10-16 22:32:09,15,Completed,3.6
4862,6939,141,2024-03-30 15:12:02,2024-03-30 15:52:02,40,Completed,4.2
4863,6940,212,2024-04-14 14:08:45,2024-04-14 14:31:45,23,Completed,3.0
4864,6941,172,2023-12-09 13:20:12,2023-12-09 13:36:12,16,Completed,4.4
4865,6945,119,2023-11-14 20:23:43,2023-11-14 21:06:43,43,Completed,3.8
4866,6946,12,2024-12-05 20:46:16,2024-12-05 21:34:16,48,Completed,4.3
4867,6947,239,2024-05-27 19:55:52,2024-05-27 20:11:52,16,Completed,3.2
4868,6948,205,2024-06-30 18:59:57,2024-06-30 19:36:57,37,Completed,4.8
4869,6949,188,2023-06-09 22:19:42,2023-06-09 22:53:42,34,Completed,2.7
4870,6951,293,2024-06-22 13:51:28,2024-06-22 14:27:28,36,Completed,4.4
4871,6952,242,2023-08-05 23:28:24,2023-08-05 23:49:24,21,Completed,2.9
4872,6955,39,2024-05-05 18:47:37,2024-05-05 19:16:37,29,Completed,2.9
4873,6957,119,2024-07-01 20:36:46,2024-07-01 21:24:46,48,Completed,4.5
4874,6958,151,2024-01-12 21:20:17,2024-01-12 21:47:17,27,Completed,3.1
4875,6959,238,2024-08-25 11:45:02,2024-08-25 12:08:02,23,Refund Processed,
4876,6961,8,2024-09-09 17:07:23,2024-09-09 17:45:23,38,Completed,4.3
4877,6962,209,2024-12-07 20:09:46,2024-12-07 20:58:46,49,Completed,4.6
4878,6963,292,2024-10-30 06:05:56,2024-10-30 06:29:56,24,Completed,4.7
4879,6964,116,2024-02-09 13:42:47,2024-02-09 14:02:47,20,Completed,3.5
4880,6965,299,2023-10-17 14:32:30,2023-10-17 15:18:30,46,Completed,3.2
4881,6966,202,2023-09-15 21:06:43,2023-09-15 21:53:43,47,Completed,3.7
4882,6967,22,2024-12-13 20:37:35,2024-12-13 21:32:35,55,Refund Processed,
4883,6969,79,2023-07-14 21:23:12,2023-07-14 22:00:12,37,Refund Processed,
4884,6970,109,2023-09-08 12:37:58,2023-09-08 13:04:58,27,Completed,4.9
4885,6972,252,2024-02-21 09:28:22,2024-02-21 09:56:22,28,Completed,4.8
4886,6973,271,2023-12-26 13:03:57,2023-12-26 13:47:57,44,Completed,4.5
4887,6974,78,2024-09-02 20:05:19,2024-09-02 20:57:19,52,Completed,5.0
4888,6975,119,2023-07-13 23:25:38,2023-07-13 23:49:38,24,Completed,3.0
4889,6977,245,2023-07-05 14:19:46,2023-07-05 14:55:46,36,Completed,3.3
4890,6978,26,2023-09-20 18:56:07,2023-09-20 19:38:07,42,Completed,4.3
4891,6979,216,2023-03-03 22:25:14,2023-03-03 22:41:14,16,Completed,4.4
4892,6980,169,2024-11-09 20:33:20,2024-11-09 21:20:20,47,Completed,4.5
4893,6981,182,2023-12-22 23:13:52,2023-12-23 00:06:52,53,Completed,4.4
4894,6982,181,2024-10-18 22:15:16,2024-10-18 22:50:16,35,Completed,3.1
4895,6983,141,2024-01-07 19:13:12,2024-01-07 19:49:12,36,Refund Processed,
4896,6984,109,2024-05-07 21:36:23,2024-05-07 22:20:23,44,Completed,4.8
4897,6985,174,2024-01-07 06:29:57,2024-01-07 07:08:57,39,Completed,3.5
4898,6986,122,2024-11-03 22:18:23,2024-11-03 23:05:23,47,Completed,4.5
4899,6988,177,2023-11-13 22:36:12,2023-11-13 23:12:12,36,Completed,3.6
4900,6989,274,2023-02-25 23:06:59,2023-02-25 23:50:59,44,Completed,2.7
4901,6991,95,2023-10-05 22:20:57,2023-10-05 22:58:57,38,Completed,2.8
4902,6992,272,2024-10-19 11:32:40,2024-10-19 11:47:40,15,Completed,3.9
4903,6993,243,2024-12-04 14:07:21,2024-12-04 14:44:21,37,Completed,4.8
4904,6994,240,2023-03-01 19:37:58,2023-03-01 20:24:58,47,Completed,4.8
4905,6996,226,2024-08-12 22:40:16,2024-08-12 23:21:16,41,Completed,3.9
4906,6997,135,2023-11-09 11:45:45,2023-11-09 12:10:45,25,Completed,3.8
4907,6998,155,2023-09-25 21:13:46,2023-09-25 21:59:46,46,Completed,2.9
4908,6999,223,2024-10-24 12:32:56,2024-10-24 13:04:56,32,Refund Processed,
4909,7000,163,2024-02-03 21:44:57,2024-02-03 22:38:57,54,Completed,3.0
4910,7001,88,2024-06-16 11:09:53,2024-06-16 11:30:53,21,Completed,4.9
4911,7004,211,2024-07-31 14:51:23,2024-07-31 15:06:23,15,Completed,4.0
4912,7007,164,2023-04-17 19:37:41,2023-04-17 19:55:41,18,Completed,3.3
4913,7009,272,2024-08-24 20:24:19,2024-08-24 20:44:19,20,Completed,3.0
4914,7010,178,2023-08-24 17:40:18,2023-08-24 18:00:18,20,Completed,4.3
4915,7013,274,2023-12-22 13:52:37,2023-12-22 14:38:37,46,Completed,4.1
4916,7014,23,2023-04-25 12:25:29,2023-04-25 13:02:29,37,Completed,3.7
4917,7015,205,2023-02-12 20:46:47,2023-02-12 21:35:47,49,Completed,4.2
4918,7018,249,2023-11-21 20:51:19,2023-11-21 21:27:19,36,Completed,2.8
4919,7020,90,2023-12-28 10:55:11,2023-12-28 11:44:11,49,Completed,2.5
4920,7021,186,2024-08-13 14:34:19,2024-08-13 15:12:19,38,Completed,4.7
4921,7023,59,2023-05-16 18:23:38,2023-05-16 18:41:38,18,Completed,2.6
4922,7024,193,2024-06-21 18:18:12,2024-06-21 19:05:12,47,Completed,3.2
4923,7025,83,2023-12-04 11:43:42,2023-12-04 12:15:42,32,Completed,3.3
4924,7026,70,2024-02-14 15:06:01,2024-02-14 15:56:01,50,Completed,4.3
4925,7028,104,2024-01-29 20:05:45,2024-01-29 20:39:45,34,Refund Processed,
4926,7030,300,2024-10-27 09:39:52,2024-10-27 09:59:52,20,Completed,3.2
4927,7031,22,2023-07-11 19:55:38,2023-07-11 20:22:38,27,Completed,4.3
4928,7032,294,2023-07-09 13:27:42,2023-07-09 14:09:42,42,Completed,2.8
4929,7034,113,2024-12-21 17:46:21,2024-12-21 18:04:21,18,Refund Processed,
4930,7035,187,2024-07-25 12:33:18,2024-07-25 12:55:18,22,Completed,2.9
4931,7036,50,2024-09-03 12:49:47,2024-09-03 13:33:47,44,Refund Processed,
4932,7038,8,2023-06-26 22:39:50,2023-06-26 22:55:50,16,Completed,4.6
4933,7039,3,2024-02-19 01:31:00,2024-02-19 02:01:00,30,Completed,4.8
4934,7040,60,2024-08-17 22:03:47,2024-08-17 22:30:47,27,Refund Processed,
4935,7041,116,2024-01-12 09:45:08,2024-01-12 10:11:08,26,Completed,4.3
4936,7042,90,2024-04-16 22:25:30,2024-04-16 23:14:30,49,Completed,3.1
4937,7043,39,2023-08-17 16:42:16,2023-08-17 17:12:16,30,Completed,5.0
4938,7047,201,2023-09-23 14:54:51,2023-09-23 15:18:51,24,Completed,5.0
4939,7048,293,2023-09-18 10:29:51,2023-09-18 10:45:51,16,Completed,3.4
4940,7049,98,2024-05-20 22:16:46,2024-05-20 23:05:46,49,Completed,4.3
4941,7052,292,2024-11-25 07:13:36,2024-11-25 07:55:36,42,Completed,4.7
4942,7053,6,2024-12-09 20:57:47,2024-12-09 21:29:47,32,Completed,2.6
4943,7055,56,2024-11-09 12:59:34,2024-11-09 13:28:34,29,Completed,3.3
4944,7056,63,2023-10-17 10:04:24,2023-10-17 10:20:24,16,Completed,3.8
4945,7057,244,2024-12-22 23:47:45,2024-12-23 00:40:45,53,Refund Processed,
4946,7058,16,2023-03-07 07:44:54,2023-03-07 08:00:54,16,Completed,3.3
4947,7060,3,2023-06-10 19:31:06,2023-06-10 20:20:06,49,Completed,4.6
4948,7062,104,2024-06-09 13:39:02,2024-06-09 14:20:02,41,Completed,4.0
4949,7063,135,2023-06-10 23:08:19,2023-06-10 23:46:19,38,Refund Processed,
4950,7064,55,2024-12-15 18:46:12,2024-12-15 19:01:12,15,Completed,3.0
4951,7066,83,2023-09-10 10:48:21,2023-09-10 11:09:21,21,Completed,3.1
4952,7069,42,2024-09-18 20:44:19,2024-09-18 21:25:19,41,Completed,3.2
4953,7070,132,2024-08-14 19:56:52,2024-08-14 20:19:52,23,Completed,4.6
4954,7072,154,2024-08-29 10:50:49,2024-08-29 11:25:49,35,Refund Processed,
4955,7073,135,2023-07-15 10:39:36,2023-07-15 11:03:36,24,Completed,2.7
4956,7074,188,2024-03-23 17:28:30,2024-03-23 17:59:30,31,Completed,3.8
4957,7075,148,2024-11-07 13:12:59,2024-11-07 14:03:59,51,Completed,4.6
4958,7077,51,2024-04-20 20:47:44,2024-04-20 21:28:44,41,Completed,3.3
4959,7078,221,2023-04-20 20:21:17,2023-04-20 21:16:17,55,Completed,2.8
4960,7079,220,2024-02-11 14:56:09,2024-02-11 15:42:09,46,Completed,3.4
4961,7080,244,2023-12-06 18:36:11,2023-12-06 18:54:11,18,Completed,4.0
4962,7081,189,2024-09-22 15:15:20,2024-09-22 15:52:20,37,Completed,3.0
4963,7082,117,2024-01-07 17:14:34,2024-01-07 17:57:34,43,Completed,3.9
4964,7085,191,2024-10-26 21:52:53,2024-10-26 22:13:53,21,Completed,2.6
4965,7086,94,2023-03-07 22:12:34,2023-03-07 23:01:34,49,Completed,3.8
4966,7087,271,2024-04-28 16:30:16,2024-04-28 17:21:16,51,Completed,3.3
4967,7089,95,2023-03-25 20:23:28,2023-03-25 20:42:28,19,Completed,3.8
4968,7091,193,2024-01-27 12:47:55,2024-01-27 13:05:55,18,Refund Processed,
4969,7092,222,2023-12-09 12:15:00,2023-12-09 13:04:00,49,Completed,4.7
4970,7093,88,2024-01-05 20:08:31,2024-01-05 20:59:31,51,Completed,2.8
4971,7094,179,2024-02-01 13:42:12,2024-02-01 14:15:12,33,Completed,2.7
4972,7096,13,2023-07-17 19:28:41,2023-07-17 20:21:41,53,Completed,4.9
4973,7097,18,2024-02-21 17:12:54,2024-02-21 17:33:54,21,Completed,2.5
4974,7098,196,2024-10-26 21:22:30,2024-10-26 21:41:30,19,Completed,2.6
4975,7099,15,2023-10-18 12:30:48,2023-10-18 13:05:48,35,Completed,3.9
4976,7100,31,2024-04-18 05:42:18,2024-04-18 05:57:18,15,Completed,3.2
4977,7101,162,2023-07-16 16:45:33,2023-07-16 17:38:33,53,Completed,3.2
4978,7102,148,2024-07-19 22:49:02,2024-07-19 23:13:02,24,Completed,4.8
4979,7103,222,2023-10-14 21:34:03,2023-10-14 22:26:03,52,Refund Processed,
4980,7104,267,2024-07-30 08:29:27,2024-07-30 08:53:27,24,Completed,2.5
4981,7105,180,2023-09-27 20:24:48,2023-09-27 20:40:48,16,Completed,4.7
4982,7107,81,2024-11-07 22:04:28,2024-11-07 22:57:28,53,Completed,3.9
4983,7108,222,2023-12-13 09:54:21,2023-12-13 10:36:21,42,Refund Processed,
4984,7109,18,2024-02-22 10:11:34,2024-02-22 10:47:34,36,Completed,3.9
4985,7110,219,2023-09-22 23:03:18,2023-09-22 23:40:18,37,Completed,5.0
4986,7112,184,2023-11-19 12:59:32,2023-11-19 13:16:32,17,Completed,3.6
4987,7115,237,2024-03-28 21:45:43,2024-03-28 22:19:43,34,Refund Processed,
4988,7117,201,2024-11-19 13:01:44,2024-11-19 13:41:44,40,Completed,3.1
4989,7118,283,2023-08-09 10:43:34,2023-08-09 11:07:34,24,Refund Processed,
4990,7119,129,2023-07-17 00:15:15,2023-07-17 00:40:15,25,Completed,4.1
4991,7120,227,2024-08-01 22:27:50,2024-08-01 23:22:50,55,Completed,4.9
4992,7121,49,2024-03-16 09:26:21,2024-03-16 10:19:21,53,Refund Processed,
4993,7122,50,2024-12-30 16:34:27,2024-12-30 17:10:27,36,Completed,2.9
4994,7123,114,2023-06-04 05:20:28,2023-06-04 06:08:28,48,Completed,2.9
4995,7126,219,2024-08-12 17:10:22,2024-08-12 17:27:22,17,Refund Processed,
4996,7127,276,2023-12-13 11:07:07,2023-12-13 11:59:07,52,Completed,3.5
4997,7130,232,2024-10-28 17:37:06,2024-10-28 18:06:06,29,Completed,2.6
4998,7133,227,2023-07-01 15:24:40,2023-07-01 15:48:40,24,Completed,4.9
4999,7134,174,2024-05-14 12:55:16,2024-05-14 13:49:16,54,Completed,2.5
5000,7135,32,2023-09-10 11:41:34,2023-09-10 12:32:34,51,Completed,4.8
5001,7136,133,2023-03-21 19:04:20,2023-03-21 19:27:20,23,Completed,3.4
5002,7137,158,2023-05-02 08:10:47,2023-05-02 08:33:47,23,Completed,4.5
5003,7138,260,2023-08-24 21:09:06,2023-08-24 21:27:06,18,Completed,2.6
5004,7140,240,2024-11-12 21:44:25,2024-11-12 22:18:25,34,Completed,2.7
5005,7141,279,2023-11-12 21:11:50,2023-11-12 21:43:50,32,Completed,2.8
5006,7145,234,2023-08-30 21:43:21,2023-08-30 22:01:21,18,Completed,5.0
5007,7146,280,2024-12-01 16:38:02,2024-12-01 17:03:02,25,Completed,4.4
5008,7147,5,2024-04-14 09:17:53,2024-04-14 09:42:53,25,Completed,4.8
5009,7148,221,2024-01-21 09:54:05,2024-01-21 10:19:05,25,Completed,3.3
5010,7149,282,2023-07-11 19:14:51,2023-07-11 19:37:51,23,Completed,3.8
5011,7150,108,2024-08-05 13:50:19,2024-08-05 14:38:19,48,Refund Processed,
5012,7151,271,2024-12-16 20:46:14,2024-12-16 21:12:14,26,Completed,2.8
5013,7154,291,2023-02-23 20:36:25,2023-02-23 20:54:25,18,Refund Processed,
5014,7157,284,2024-02-20 18:33:37,2024-02-20 18:50:37,17,Completed,3.0
5015,7159,102,2024-12-11 15:54:11,2024-12-11 16:11:11,17,Completed,3.4
5016,7160,299,2023-07-16 18:35:40,2023-07-16 19:00:40,25,Completed,4.2
5017,7162,195,2023-09-01 19:11:51,2023-09-01 19:31:51,20,Completed,2.6
5018,7165,187,2024-12-03 01:02:54,2024-12-03 01:34:54,32,Completed,3.9
5019,7166,47,2023-07-29 13:26:44,2023-07-29 14:21:44,55,Completed,2.6
5020,7167,79,2024-01-01 21:56:52,2024-01-01 22:15:52,19,Refund Processed,
5021,7168,249,2023-05-29 22:07:00,2023-05-29 22:51:00,44,Completed,4.5
5022,7169,222,2023-06-27 21:27:50,2023-06-27 22:03:50,36,Completed,4.9
5023,7170,236,2024-08-31 12:05:21,2024-08-31 12:29:21,24,Completed,4.4
5024,7171,256,2024-11-08 15:43:56,2024-11-08 16:32:56,49,Refund Processed,
5025,7172,33,2023-12-21 11:32:16,2023-12-21 11:58:16,26,Refund Processed,
5026,7173,105,2024-03-30 17:19:16,2024-03-30 18:09:16,50,Completed,4.0
5027,7174,101,2023-10-28 21:04:11,2023-10-28 21:48:11,44,Completed,3.9
5028,7175,132,2024-11-16 13:31:50,2024-11-16 14:25:50,54,Completed,4.6
5029,7177,225,2023-11-30 12:42:55,2023-11-30 13:07:55,25,Completed,3.8
5030,7180,66,2023-07-05 09:07:47,2023-07-05 09:58:47,51,Completed,3.9
5031,7181,186,2024-10-23 17:15:11,2024-10-23 17:52:11,37,Completed,3.2
5032,7182,291,2024-02-19 22:12:36,2024-02-19 22:33:36,21,Completed,3.8
5033,7184,46,2023-12-07 19:25:53,2023-12-07 20:00:53,35,Refund Processed,
5034,7185,252,2023-04-27 15:00:33,2023-04-27 15:52:33,52,Completed,3.2
5035,7186,240,2024-11-14 18:02:51,2024-11-14 18:55:51,53,Completed,3.4
5036,7187,282,2024-10-29 03:12:12,2024-10-29 03:38:12,26,Completed,2.5
5037,7188,186,2023-11-13 21:16:32,2023-11-13 21:40:32,24,Refund Processed,
5038,7189,136,2024-06-14 08:40:11,2024-06-14 09:19:11,39,Completed,3.2
5039,7191,197,2024-01-29 06:31:15,2024-01-29 07:26:15,55,Refund Processed,
5040,7192,241,2024-07-28 10:52:48,2024-07-28 11:35:48,43,Completed,4.5
5041,7193,235,2024-04-05 15:06:12,2024-04-05 15:42:12,36,Completed,2.6
5042,7195,65,2024-10-24 23:47:32,2024-10-25 00:10:32,23,Completed,3.5
5043,7197,277,2024-01-20 21:44:45,2024-01-20 22:37:45,53,Completed,4.6
5044,7198,249,2023-06-12 23:32:58,2023-06-12 23:56:58,24,Completed,2.9
5045,7199,216,2024-03-25 15:59:07,2024-03-25 16:19:07,20,Completed,4.5
5046,7200,157,2023-02-25 15:43:37,2023-02-25 16:18:37,35,Completed,4.3
5047,7201,58,2023-01-01 22:09:05,2023-01-01 23:01:05,52,Completed,3.3
5048,7202,188,2024-07-26 11:41:34,2024-07-26 12:08:34,27,Completed,3.5
5049,7203,241,2023-10-24 16:42:55,2023-10-24 17:14:55,32,Completed,2.9
5050,7204,34,2023-11-06 18:41:29,2023-11-06 19:27:29,46,Refund Processed,
5051,7205,177,2024-03-20 16:52:53,2024-03-20 17:47:53,55,Completed,2.6
5052,7206,2,2023-12-07 14:07:22,2023-12-07 14:45:22,38,Completed,4.5
5053,7207,196,2023-12-14 12:45:20,2023-12-14 13:12:20,27,Completed,2.6
5054,7209,209,2023-10-01 21:20:04,2023-10-01 22:13:04,53,Completed,2.6
5055,7210,141,2024-06-12 20:31:31,2024-06-12 21:20:31,49,Completed,3.6
5056,7211,238,2024-02-22 13:09:11,2024-02-22 13:24:11,15,Completed,4.2
5057,7214,288,2024-06-07 13:05:10,2024-06-07 13:32:10,27,Completed,4.6
5058,7215,235,2024-10-24 15:54:12,2024-10-24 16:43:12,49,Refund Processed,
5059,7216,102,2023-12-24 09:35:32,2023-12-24 10:07:32,32,Completed,2.7
5060,7217,5,2023-05-24 14:39:03,2023-05-24 15:19:03,40,Completed,3.5
5061,7218,213,2023-12-03 09:48:26,2023-12-03 10:11:26,23,Completed,5.0
5062,7220,51,2024-11-27 19:16:44,2024-11-27 19:38:44,22,Completed,4.3
5063,7221,297,2023-10-21 02:23:47,2023-10-21 03:14:47,51,Completed,3.6
5064,7222,292,2024-09-07 17:01:10,2024-09-07 17:51:10,50,Refund Processed,
5065,7223,293,2024-04-18 18:40:32,2024-04-18 19:21:32,41,Completed,3.2
5066,7224,170,2024-09-26 19:33:23,2024-09-26 19:51:23,18,Completed,3.3
5067,7225,19,2024-03-20 06:28:48,2024-03-20 07:09:48,41,Completed,5.0
5068,7226,16,2023-08-25 09:27:05,2023-08-25 10:08:05,41,Refund Processed,
5069,7227,274,2023-03-30 06:01:38,2023-03-30 06:32:38,31,Completed,3.7
5070,7228,199,2023-02-02 22:07:20,2023-02-02 22:36:20,29,Completed,4.1
5071,7229,100,2023-06-08 21:40:00,2023-06-08 22:28:00,48,Refund Processed,
5072,7231,9,2023-04-06 11:45:26,2023-04-06 12:39:26,54,Completed,2.7
5073,7232,248,2024-05-03 21:27:20,2024-05-03 21:59:20,32,Completed,4.0
5074,7234,67,2023-06-03 21:22:07,2023-06-03 22:07:07,45,Completed,3.3
5075,7236,252,2023-07-27 18:39:15,2023-07-27 19:28:15,49,Completed,4.1
5076,7237,157,2024-09-30 12:23:33,2024-09-30 13:02:33,39,Completed,3.0
5077,7241,162,2023-07-14 10:46:16,2023-07-14 11:22:16,36,Completed,4.2
5078,7243,287,2024-04-23 20:57:14,2024-04-23 21:48:14,51,Completed,2.8
5079,7244,81,2023-11-25 10:14:00,2023-11-25 10:42:00,28,Completed,3.9
5080,7245,32,2023-01-07 14:34:50,2023-01-07 15:20:50,46,Completed,4.6
5081,7246,255,2024-03-02 11:43:37,2024-03-02 12:12:37,29,Completed,3.1
5082,7247,223,2024-08-24 21:18:58,2024-08-24 22:04:58,46,Refund Processed,
5083,7249,130,2024-06-14 13:20:08,2024-06-14 14:03:08,43,Completed,3.0
5084,7250,96,2024-10-12 18:03:57,2024-10-12 18:45:57,42,Completed,2.8
5085,7251,150,2023-05-17 20:08:12,2023-05-17 20:54:12,46,Completed,2.9
5086,7253,119,2024-08-14 14:33:43,2024-08-14 15:20:43,47,Completed,5.0
5087,7254,89,2024-01-20 15:18:48,2024-01-20 15:33:48,15,Completed,2.7
5088,7257,76,2024-10-04 18:51:35,2024-10-04 19:30:35,39,Completed,3.5
5089,7258,70,2023-09-04 18:18:18,2023-09-04 18:52:18,34,Completed,2.7
5090,7259,239,2023-07-16 13:22:11,2023-07-16 14:16:11,54,Completed,2.7
5091,7260,276,2024-07-24 15:21:12,2024-07-24 15:56:12,35,Completed,4.5
5092,7261,147,2024-11-19 14:16:29,2024-11-19 14:42:29,26,Completed,4.6
5093,7263,46,2024-03-28 21:56:32,2024-03-28 22:46:32,50,Completed,2.6
5094,7264,278,2023-10-30 20:49:23,2023-10-30 21:27:23,38,Completed,4.9
5095,7266,258,2024-07-03 21:14:34,2024-07-03 22:03:34,49,Completed,4.5
5096,7268,282,2024-08-10 19:41:28,2024-08-10 20:09:28,28,Completed,2.8
5097,7269,19,2024-05-14 20:22:20,2024-05-14 20:38:20,16,Completed,3.8
5098,7270,41,2024-06-22 03:52:29,2024-06-22 04:36:29,44,Completed,3.3
5099,7271,138,2023-08-15 09:58:59,2023-08-15 10:16:59,18,Refund Processed,
5100,7272,270,2024-03-18 19:38:19,2024-03-18 20:20:19,42,Completed,4.9
5101,7273,239,2024-05-25 21:05:18,2024-05-25 21:23:18,18,Refund Processed,
5102,7274,61,2023-04-25 18:42:48,2023-04-25 19:04:48,22,Completed,4.4
5103,7276,132,2023-09-22 22:53:02,2023-09-22 23:32:02,39,Refund Processed,
5104,7277,20,2023-03-28 21:00:01,2023-03-28 21:33:01,33,Completed,3.6
5105,7278,3,2024-11-30 19:54:35,2024-11-30 20:44:35,50,Completed,4.5
5106,7279,132,2024-12-13 22:52:17,2024-12-13 23:32:17,40,Completed,4.2
5107,7280,151,2023-07-08 09:32:31,2023-07-08 09:59:31,27,Refund Processed,
5108,7283,162,2023-10-18 00:03:27,2023-10-18 00:54:27,51,Completed,3.1
5109,7286,116,2024-12-24 02:45:28,2024-12-24 03:25:28,40,Completed,2.8
5110,7287,129,2023-11-15 23:03:28,2023-11-15 23:45:28,42,Completed,2.6
5111,7288,294,2023-09-03 18:31:36,2023-09-03 18:49:36,18,Completed,4.8
5112,7289,193,2024-12-09 15:43:42,2024-12-09 16:02:42,19,Completed,3.2
5113,7290,274,2024-09-24 20:17:37,2024-09-24 21:05:37,48,Refund Processed,
5114,7291,291,2023-04-28 11:56:15,2023-04-28 12:41:15,45,Completed,4.6
5115,7292,208,2023-11-17 00:44:17,2023-11-17 01:09:17,25,Refund Processed,
5116,7295,103,2024-01-28 20:50:25,2024-01-28 21:36:25,46,Completed,4.9
5117,7296,56,2024-03-06 19:44:11,2024-03-06 20:28:11,44,Refund Processed,
5118,7297,35,2024-09-08 09:49:26,2024-09-08 10:06:26,17,Completed,4.2
5119,7298,143,2023-01-06 19:11:30,2023-01-06 19:59:30,48,Completed,4.4
5120,7300,278,2024-10-07 16:13:54,2024-10-07 17:02:54,49,Completed,4.9
5121,7301,81,2024-06-12 18:54:47,2024-06-12 19:49:47,55,Completed,4.5
5122,7305,271,2024-09-05 22:15:46,2024-09-05 22:58:46,43,Completed,3.9
5123,7306,165,2023-09-19 21:49:58,2023-09-19 22:22:58,33,Completed,2.6
5124,7307,277,2024-01-23 10:35:47,2024-01-23 11:09:47,34,Refund Processed,
5125,7308,77,2023-06-29 13:40:37,2023-06-29 14:14:37,34,Completed,2.8
5126,7311,105,2024-12-02 13:16:22,2024-12-02 14:05:22,49,Completed,2.7
5127,7313,256,2023-08-03 22:52:01,2023-08-03 23:25:01,33,Completed,3.9
5128,7314,53,2024-04-04 07:20:15,2024-04-04 08:02:15,42,Completed,4.3
5129,7315,138,2024-04-02 16:07:50,2024-04-02 16:48:50,41,Completed,4.6
5130,7316,94,2024-08-21 13:57:04,2024-08-21 14:12:04,15,Completed,4.7
5131,7318,163,2023-05-11 16:38:47,2023-05-11 17:01:47,23,Refund Processed,
5132,7320,74,2024-09-25 12:59:12,2024-09-25 13:28:12,29,Completed,3.4
5133,7321,250,2023-04-21 11:38:03,2023-04-21 12:25:03,47,Refund Processed,
5134,7323,124,2024-02-23 14:08:45,2024-02-23 14:57:45,49,Completed,4.1
5135,7325,275,2023-01-20 19:12:15,2023-01-20 20:06:15,54,Completed,3.6
5136,7326,64,2024-08-08 18:41:19,2024-08-08 19:18:19,37,Completed,3.9
5137,7327,266,2023-04-04 09:39:37,2023-04-04 09:56:37,17,Completed,4.1
5138,7328,80,2023-08-07 09:45:50,2023-08-07 10:11:50,26,Completed,4.7
5139,7331,284,2024-02-06 15:02:39,2024-02-06 15:23:39,21,Completed,2.7
5140,7332,49,2023-10-15 14:47:28,2023-10-15 15:16:28,29,Completed,3.3
5141,7333,233,2024-06-11 20:45:59,2024-06-11 21:29:59,44,Completed,3.9
5142,7334,103,2024-09-14 08:25:31,2024-09-14 08:43:31,18,Completed,2.9
5143,7338,9,2024-09-27 19:27:31,2024-09-27 20:14:31,47,Completed,2.8
5144,7339,220,2024-05-18 12:01:05,2024-05-18 12:48:05,47,Completed,3.7
5145,7340,116,2024-05-07 15:08:10,2024-05-07 15:28:10,20,Completed,4.2
5146,7341,21,2023-01-02 18:18:22,2023-01-02 18:55:22,37,Completed,5.0
5147,7342,123,2024-03-29 23:09:23,2024-03-29 23:35:23,26,Completed,2.9
5148,7345,233,2023-03-19 19:49:46,2023-03-19 20:12:46,23,Completed,4.0
5149,7346,197,2023-11-02 12:57:27,2023-11-02 13:18:27,21,Completed,2.9
5150,7347,74,2023-11-07 06:15:19,2023-11-07 06:59:19,44,Completed,3.8
5151,7348,112,2023-12-02 20:44:23,2023-12-02 21:15:23,31,Completed,4.1
5152,7350,7,2024-02-01 14:13:08,2024-02-01 14:48:08,35,Completed,3.9
5153,7352,87,2024-09-26 11:53:24,2024-09-26 12:17:24,24,Refund Processed,
5154,7353,37,2024-10-17 22:53:10,2024-10-17 23:29:10,36,Completed,2.7
5155,7354,262,2024-04-15 14:25:38,2024-04-15 15:06:38,41,Completed,3.9
5156,7356,187,2024-08-08 14:51:26,2024-08-08 15:09:26,18,Completed,4.4
5157,7357,273,2023-02-06 08:37:43,2023-02-06 09:32:43,55,Completed,3.5
5158,7359,70,2024-07-22 14:05:56,2024-07-22 14:35:56,30,Completed,4.4
5159,7360,239,2024-08-26 10:13:03,2024-08-26 10:51:03,38,Completed,4.9
5160,7361,286,2023-05-08 11:09:04,2023-05-08 11:46:04,37,Refund Processed,
5161,7362,70,2023-09-10 16:23:33,2023-09-10 17:11:33,48,Completed,4.1
5162,7363,277,2024-09-03 15:22:05,2024-09-03 15:42:05,20,Completed,5.0
5163,7366,218,2023-06-10 15:57:17,2023-06-10 16:14:17,17,Completed,4.7
5164,7369,183,2024-06-16 00:24:21,2024-06-16 01:00:21,36,Completed,3.7
5165,7372,203,2023-09-05 18:14:09,2023-09-05 18:36:09,22,Completed,3.7
5166,7373,274,2023-12-10 01:13:05,2023-12-10 01:43:05,30,Completed,3.7
5167,7374,162,2024-10-09 14:07:57,2024-10-09 14:59:57,52,Completed,2.6
5168,7375,190,2023-09-24 17:37:38,2023-09-24 17:53:38,16,Completed,4.6
5169,7377,193,2024-12-20 22:11:34,2024-12-20 22:51:34,40,Refund Processed,
5170,7378,33,2024-11-16 13:16:08,2024-11-16 14:02:08,46,Completed,4.5
5171,7379,265,2023-01-27 08:18:40,2023-01-27 08:52:40,34,Completed,3.2
5172,7381,76,2023-08-03 20:03:22,2023-08-03 20:55:22,52,Refund Processed,
5173,7383,275,2024-08-27 11:20:52,2024-08-27 12:04:52,44,Completed,3.7
5174,7384,143,2024-12-16 09:06:58,2024-12-16 09:29:58,23,Refund Processed,
5175,7385,54,2024-07-17 14:54:10,2024-07-17 15:14:10,20,Completed,3.5
5176,7387,103,2023-08-13 09:14:47,2023-08-13 09:54:47,40,Completed,4.2
5177,7390,63,2024-10-07 12:09:52,2024-10-07 12:25:52,16,Refund Processed,
5178,7391,219,2023-06-16 14:12:42,2023-06-16 14:35:42,23,Completed,3.2
5179,7394,265,2024-06-04 13:17:41,2024-06-04 13:58:41,41,Completed,3.1
5180,7396,233,2024-09-01 09:39:07,2024-09-01 10:09:07,30,Completed,3.0
5181,7398,234,2024-07-28 22:33:17,2024-07-28 22:54:17,21,Completed,2.9
5182,7399,214,2024-05-28 21:31:23,2024-05-28 22:07:23,36,Completed,4.5
5183,7400,212,2023-07-05 06:10:36,2023-07-05 06:51:36,41,Completed,3.5
5184,7401,257,2023-08-10 14:18:55,2023-08-10 14:53:55,35,Completed,4.6
5185,7402,149,2024-05-23 13:21:07,2024-05-23 14:08:07,47,Completed,4.6
5186,7403,262,2024-09-09 10:38:24,2024-09-09 10:53:24,15,Refund Processed,
5187,7405,192,2023-09-08 20:33:43,2023-09-08 20:55:43,22,Completed,4.1
5188,7406,79,2024-03-13 18:42:47,2024-03-13 19:01:47,19,Refund Processed,
5189,7407,8,2024-07-28 18:10:06,2024-07-28 18:56:06,46,Completed,4.2
5190,7408,92,2024-11-05 12:53:56,2024-11-05 13:41:56,48,Completed,4.5
5191,7409,35,2023-10-06 14:11:18,2023-10-06 14:39:18,28,Completed,4.4
5192,7410,181,2023-03-19 21:23:47,2023-03-19 22:05:47,42,Completed,4.2
5193,7412,78,2023-10-22 20:19:20,2023-10-22 20:59:20,40,Completed,3.8
5194,7413,299,2023-11-24 19:38:36,2023-11-24 20:22:36,44,Completed,4.1
5195,7415,102,2024-04-12 16:01:20,2024-04-12 16:55:20,54,Completed,3.0
5196,7416,189,2024-04-10 11:53:47,2024-04-10 12:43:47,50,Completed,4.4
5197,7417,85,2023-10-04 12:29:51,2023-10-04 13:06:51,37,Completed,3.3
5198,7418,148,2023-11-18 20:24:27,2023-11-18 21:14:27,50,Completed,3.5
5199,7419,288,2023-04-26 10:59:42,2023-04-26 11:47:42,48,Completed,3.9
5200,7420,151,2023-08-16 14:33:34,2023-08-16 15:02:34,29,Completed,4.4
5201,7422,162,2023-08-26 13:08:21,2023-08-26 14:03:21,55,Completed,2.7
5202,7423,50,2023-08-07 20:16:47,2023-08-07 20:46:47,30,Completed,2.6
5203,7424,202,2023-02-24 16:35:18,2023-02-24 17:10:18,35,Completed,4.0
5204,7426,111,2024-12-27 18:21:43,2024-12-27 18:40:43,19,Refund Processed,
5205,7427,217,2023-07-20 19:51:36,2023-07-20 20:22:36,31,Completed,3.7
5206,7428,199,2024-02-06 20:11:27,2024-02-06 21:05:27,54,Completed,4.5
5207,7429,76,2023-06-28 21:55:37,2023-06-28 22:12:37,17,Completed,2.6
5208,7430,190,2024-04-06 21:59:51,2024-04-06 22:42:51,43,Completed,4.1
5209,7432,145,2023-08-20 13:00:39,2023-08-20 13:43:39,43,Completed,4.1
5210,7434,295,2023-09-14 13:03:40,2023-09-14 13:53:40,50,Completed,3.7
5211,7435,296,2023-08-06 21:52:08,2023-08-06 22:26:08,34,Completed,3.4
5212,7436,225,2023-08-05 12:21:12,2023-08-05 13:09:12,48,Completed,4.8
5213,7437,38,2024-05-25 18:31:43,2024-05-25 19:01:43,30,Refund Processed,
5214,7438,35,2023-10-25 13:51:05,2023-10-25 14:18:05,27,Refund Processed,
5215,7439,179,2024-09-02 14:56:34,2024-09-02 15:16:34,20,Completed,4.0
5216,7440,122,2023-05-20 14:35:24,2023-05-20 15:26:24,51,Completed,4.1
5217,7441,207,2024-08-11 13:45:14,2024-08-11 14:06:14,21,Refund Processed,
5218,7443,41,2024-07-17 13:17:55,2024-07-17 14:02:55,45,Completed,4.8
5219,7444,142,2024-07-19 19:44:32,2024-07-19 20:07:32,23,Completed,4.8
5220,7445,218,2024-02-12 20:50:38,2024-02-12 21:06:38,16,Completed,4.1
5221,7446,205,2023-08-09 15:05:03,2023-08-09 15:57:03,52,Completed,3.3
5222,7448,249,2024-10-26 19:58:31,2024-10-26 20:42:31,44,Completed,3.6
5223,7450,262,2023-07-06 11:40:38,2023-07-06 11:55:38,15,Completed,3.8
5224,7451,214,2024-10-03 22:32:27,2024-10-03 22:49:27,17,Completed,2.8
5225,7453,178,2023-12-14 13:57:51,2023-12-14 14:18:51,21,Completed,4.3
5226,7455,106,2024-04-15 17:42:10,2024-04-15 18:04:10,22,Completed,3.0
5227,7456,55,2023-08-23 16:41:47,2023-08-23 17:18:47,37,Completed,3.0
5228,7457,173,2023-11-29 19:35:39,2023-11-29 19:58:39,23,Completed,3.0
5229,7458,101,2024-10-21 01:35:57,2024-10-21 02:29:57,54,Completed,2.7
5230,7460,258,2023-06-23 21:46:22,2023-06-23 22:30:22,44,Completed,2.7
5231,7461,60,2024-10-19 13:55:18,2024-10-19 14:48:18,53,Completed,4.5
5232,7462,75,2024-07-22 20:35:45,2024-07-22 20:59:45,24,Completed,2.7
5233,7463,101,2023-08-18 22:52:50,2023-08-18 23:19:50,27,Completed,5.0
5234,7464,266,2024-04-13 20:22:54,2024-04-13 20:45:54,23,Completed,3.5
5235,7465,85,2023-01-21 19:05:06,2023-01-21 19:33:06,28,Completed,4.6
5236,7467,281,2024-06-27 19:21:40,2024-06-27 19:55:40,34,Refund Processed,
5237,7469,224,2023-10-29 12:15:36,2023-10-29 12:39:36,24,Completed,4.6
5238,7470,10,2023-07-20 19:24:06,2023-07-20 20:09:06,45,Completed,4.1
5239,7471,70,2024-05-05 19:12:29,2024-05-05 20:04:29,52,Completed,4.9
5240,7472,184,2024-03-11 13:57:28,2024-03-11 14:30:28,33,Completed,3.6
5241,7473,255,2024-12-17 18:26:44,2024-12-17 18:48:44,22,Completed,2.8
5242,7474,232,2024-09-29 15:48:50,2024-09-29 16:35:50,47,Completed,3.4
5243,7475,19,2023-08-01 22:47:53,2023-08-01 23:35:53,48,Completed,4.7
5244,7476,75,2024-12-08 20:17:22,2024-12-08 21:11:22,54,Completed,2.8
5245,7477,278,2024-10-29 16:36:41,2024-10-29 16:59:41,23,Completed,3.5
5246,7478,124,2024-11-29 22:43:38,2024-11-29 23:09:38,26,Completed,4.6
5247,7482,92,2024-04-26 14:19:39,2024-04-26 15:08:39,49,Completed,2.9
5248,7484,190,2024-06-23 09:07:49,2024-06-23 09:43:49,36,Refund Processed,
5249,7485,117,2023-10-15 19:38:05,2023-10-15 19:56:05,18,Refund Processed,
5250,7486,123,2023-12-30 18:53:47,2023-12-30 19:37:47,44,Completed,2.6
5251,7487,113,2024-07-07 20:05:38,2024-07-07 20:20:38,15,Completed,3.1
5252,7488,229,2023-08-26 00:09:04,2023-08-26 00:40:04,31,Completed,3.5
5253,7489,85,2023-09-13 16:47:11,2023-09-13 17:31:11,44,Completed,3.7
5254,7490,291,2024-08-11 16:39:08,2024-08-11 17:13:08,34,Completed,2.9
5255,7491,282,2024-04-13 09:48:25,2024-04-13 10:14:25,26,Completed,3.5
5256,7493,276,2024-04-18 13:21:12,2024-04-18 14:04:12,43,Completed,2.9
5257,7494,149,2024-07-04 20:28:52,2024-07-04 21:09:52,41,Completed,3.2
5258,7495,298,2023-03-02 11:59:25,2023-03-02 12:44:25,45,Completed,3.9
5259,7496,271,2024-05-01 09:35:06,2024-05-01 09:53:06,18,Completed,4.1
5260,7497,130,2023-12-21 13:40:55,2023-12-21 14:10:55,30,Completed,3.2
5261,7498,221,2024-06-08 21:51:58,2024-06-08 22:23:58,32,Completed,4.5
5262,7499,74,2023-07-04 22:16:24,2023-07-04 23:02:24,46,Completed,4.4
5263,7500,231,2023-11-05 14:26:14,2023-11-05 15:17:14,51,Completed,4.9
5264,7501,204,2023-08-20 13:21:51,2023-08-20 13:50:51,29,Completed,2.6
5265,7502,281,2024-03-13 18:59:58,2024-03-13 19:28:58,29,Completed,4.9
5266,7503,289,2024-01-01 21:47:26,2024-01-01 22:04:26,17,Completed,3.2
5267,7504,79,2023-04-23 15:09:06,2023-04-23 15:43:06,34,Completed,4.2
5268,7505,245,2023-07-20 21:40:54,2023-07-20 22:34:54,54,Refund Processed,
5269,7506,140,2023-11-14 12:31:12,2023-11-14 13:26:12,55,Refund Processed,
5270,7507,101,2024-03-17 19:17:22,2024-03-17 19:55:22,38,Completed,4.3
5271,7508,258,2024-04-10 14:05:25,2024-04-10 14:28:25,23,Refund Processed,
5272,7509,136,2023-11-26 14:49:56,2023-11-26 15:44:56,55,Completed,3.5
5273,7511,250,2023-09-09 05:21:59,2023-09-09 05:43:59,22,Refund Processed,
5274,7512,5,2023-08-13 15:39:22,2023-08-13 16:33:22,54,Completed,3.6
5275,7513,292,2024-09-16 16:37:08,2024-09-16 17:14:08,37,Completed,3.1
5276,7517,115,2024-01-22 20:18:10,2024-01-22 20:58:10,40,Completed,3.8
5277,7518,280,2024-04-24 23:05:31,2024-04-24 23:23:31,18,Completed,3.8
5278,7519,235,2023-06-07 11:27:13,2023-06-07 12:13:13,46,Completed,4.0
5279,7522,226,2024-10-05 18:32:31,2024-10-05 19:00:31,28,Completed,3.7
5280,7523,286,2023-07-21 19:59:59,2023-07-21 20:14:59,15,Completed,2.9
5281,7524,2,2024-01-27 15:11:06,2024-01-27 16:02:06,51,Completed,4.3
5282,7525,66,2023-10-29 01:05:04,2023-10-29 01:52:04,47,Completed,4.7
5283,7526,158,2023-06-26 12:16:12,2023-06-26 13:11:12,55,Completed,4.0
5284,7527,224,2024-01-17 13:12:13,2024-01-17 13:55:13,43,Completed,4.7
5285,7529,195,2023-06-03 00:03:53,2023-06-03 00:34:53,31,Completed,3.6
5286,7530,57,2024-11-29 13:24:19,2024-11-29 14:12:19,48,Completed,3.0
5287,7532,207,2023-06-05 16:01:02,2023-06-05 16:41:02,40,Completed,3.8
5288,7533,270,2024-02-03 09:31:19,2024-02-03 09:53:19,22,Refund Processed,
5289,7534,15,2023-09-30 23:33:50,2023-10-01 00:08:50,35,Completed,4.6
5290,7535,232,2024-04-14 20:01:39,2024-04-14 20:16:39,15,Completed,2.9
5291,7536,118,2023-08-13 18:20:25,2023-08-13 19:06:25,46,Completed,2.7
5292,7537,119,2023-09-22 18:10:37,2023-09-22 18:38:37,28,Completed,3.2
5293,7538,127,2024-06-12 18:07:40,2024-06-12 18:38:40,31,Completed,3.1
5294,7539,90,2024-04-02 13:29:06,2024-04-02 13:52:06,23,Completed,3.1
5295,7540,273,2024-12-19 19:49:30,2024-12-19 20:29:30,40,Refund Processed,
5296,7541,294,2023-10-25 14:13:52,2023-10-25 14:54:52,41,Refund Processed,
5297,7544,247,2023-12-21 20:41:02,2023-12-21 21:10:02,29,Completed,3.2
5298,7545,266,2023-07-31 13:54:17,2023-07-31 14:41:17,47,Completed,3.7
5299,7547,228,2024-07-13 22:30:03,2024-07-13 22:47:03,17,Completed,4.8
5300,7548,53,2024-02-11 18:59:48,2024-02-11 19:45:48,46,Completed,3.6
5301,7549,108,2024-01-12 14:10:01,2024-01-12 15:00:01,50,Completed,2.8
5302,7550,289,2024-11-26 15:58:55,2024-11-26 16:53:55,55,Completed,2.6
5303,7552,163,2024-11-24 11:09:07,2024-11-24 11:29:07,20,Completed,3.5
5304,7553,138,2023-05-09 18:16:40,2023-05-09 18:52:40,36,Completed,3.1
5305,7554,119,2023-07-05 14:28:58,2023-07-05 15:15:58,47,Refund Processed,
5306,7555,2,2024-05-10 11:25:20,2024-05-10 11:41:20,16,Completed,3.7
5307,7558,132,2024-11-29 03:43:32,2024-11-29 04:07:32,24,Refund Processed,
5308,7559,53,2024-07-10 15:20:14,2024-07-10 15:40:14,20,Refund Processed,
5309,7560,195,2023-12-05 17:28:57,2023-12-05 18:05:57,37,Completed,2.6
5310,7561,35,2023-06-10 02:55:35,2023-06-10 03:10:35,15,Refund Processed,
5311,7563,206,2023-11-15 08:25:00,2023-11-15 09:06:00,41,Completed,2.7
5312,7565,274,2024-08-05 14:12:13,2024-08-05 14:44:13,32,Completed,2.8
5313,7566,255,2023-10-13 18:36:10,2023-10-13 19:10:10,34,Completed,4.7
5314,7568,245,2024-11-20 19:51:38,2024-11-20 20:30:38,39,Completed,4.4
5315,7569,291,2023-08-30 15:57:12,2023-08-30 16:52:12,55,Completed,4.8
5316,7570,187,2024-07-12 10:11:44,2024-07-12 10:34:44,23,Completed,2.9
5317,7571,13,2024-10-01 23:15:18,2024-10-02 00:07:18,52,Completed,3.4
5318,7573,184,2024-08-29 18:30:59,2024-08-29 19:18:59,48,Completed,3.2
5319,7574,294,2024-12-03 05:46:04,2024-12-03 06:05:04,19,Completed,4.5
5320,7576,130,2024-10-17 15:29:39,2024-10-17 15:46:39,17,Completed,2.7
5321,7582,300,2024-03-14 16:01:41,2024-03-14 16:20:41,19,Completed,4.0
5322,7583,276,2024-03-05 04:06:04,2024-03-05 04:57:04,51,Completed,3.5
5323,7585,12,2024-08-13 20:45:09,2024-08-13 21:31:09,46,Completed,4.4
5324,7586,141,2023-12-01 21:31:12,2023-12-01 22:19:12,48,Completed,2.6
5325,7590,28,2023-02-23 20:16:30,2023-02-23 20:47:30,31,Completed,3.3
5326,7591,23,2023-08-31 14:44:30,2023-08-31 15:02:30,18,Completed,4.2
5327,7594,177,2023-11-12 16:52:21,2023-11-12 17:35:21,43,Completed,3.1
5328,7596,15,2024-06-02 04:42:05,2024-06-02 05:09:05,27,Completed,4.5
5329,7600,236,2024-01-19 14:52:56,2024-01-19 15:16:56,24,Completed,3.7
5330,7601,171,2024-08-20 19:08:32,2024-08-20 19:25:32,17,Refund Processed,
5331,7603,154,2023-10-05 01:59:18,2023-10-05 02:15:18,16,Completed,2.8
5332,7604,117,2023-07-24 08:20:51,2023-07-24 09:05:51,45,Completed,2.9
5333,7605,124,2024-03-26 22:06:36,2024-03-26 22:55:36,49,Completed,3.4
5334,7607,175,2024-06-01 17:25:32,2024-06-01 17:44:32,19,Completed,2.9
5335,7608,182,2024-12-29 16:18:43,2024-12-29 16:59:43,41,Completed,3.8
5336,7609,96,2024-09-27 16:18:40,2024-09-27 16:37:40,19,Completed,4.9
5337,7610,34,2023-07-06 11:49:43,2023-07-06 12:42:43,53,Completed,3.4
5338,7613,91,2023-05-28 22:02:59,2023-05-28 22:31:59,29,Completed,2.8
5339,7614,195,2024-09-15 20:39:00,2024-09-15 21:28:00,49,Completed,3.6
5340,7615,92,2024-01-29 07:52:26,2024-01-29 08:29:26,37,Completed,4.7
5341,7616,138,2023-12-07 21:36:08,2023-12-07 22:29:08,53,Refund Processed,
5342,7617,82,2024-08-06 22:56:43,2024-08-06 23:32:43,36,Completed,3.9
5343,7619,75,2024-08-09 22:55:40,2024-08-09 23:45:40,50,Completed,3.2
5344,7620,115,2024-05-20 14:34:22,2024-05-20 15:01:22,27,Completed,5.0
5345,7621,102,2023-05-02 16:46:21,2023-05-02 17:06:21,20,Completed,3.8
5346,7622,240,2024-07-11 15:28:00,2024-07-11 15:57:00,29,Completed,3.2
5347,7624,287,2023-04-30 14:24:21,2023-04-30 14:48:21,24,Completed,3.1
5348,7625,33,2024-07-16 20:08:13,2024-07-16 20:56:13,48,Completed,3.1
5349,7626,115,2023-07-09 14:56:54,2023-07-09 15:27:54,31,Refund Processed,
5350,7627,295,2023-01-09 14:59:04,2023-01-09 15:28:04,29,Completed,3.4
5351,7628,47,2023-12-17 13:17:22,2023-12-17 13:51:22,34,Refund Processed,
5352,7629,24,2023-11-06 20:58:42,2023-11-06 21:47:42,49,Completed,2.7
5353,7630,79,2023-11-04 23:53:22,2023-11-05 00:14:22,21,Completed,4.6
5354,7631,201,2023-05-02 22:07:12,2023-05-02 22:25:12,18,Completed,4.8
5355,7634,220,2024-05-27 19:38:29,2024-05-27 19:58:29,20,Completed,5.0
5356,7635,112,2023-12-26 16:08:58,2023-12-26 16:34:58,26,Completed,3.0
5357,7638,237,2024-07-26 11:40:16,2024-07-26 12:21:16,41,Completed,3.3
5358,7639,10,2024-04-03 09:32:44,2024-04-03 09:47:44,15,Completed,3.6
5359,7640,15,2023-10-22 15:12:23,2023-10-22 15:40:23,28,Refund Processed,
5360,7641,243,2024-08-09 19:20:06,2024-08-09 19:43:06,23,Completed,3.3
5361,7642,262,2024-02-17 22:17:26,2024-02-17 23:04:26,47,Completed,3.6
5362,7643,220,2024-05-01 16:35:59,2024-05-01 17:22:59,47,Completed,3.9
5363,7644,148,2024-01-18 16:59:27,2024-01-18 17:20:27,21,Completed,4.5
5364,7645,143,2024-10-07 22:54:50,2024-10-07 23:30:50,36,Completed,3.1
5365,7646,140,2024-01-27 14:36:04,2024-01-27 15:13:04,37,Completed,3.3
5366,7647,40,2023-08-26 13:15:23,2023-08-26 14:04:23,49,Completed,4.3
5367,7648,288,2024-08-02 13:21:39,2024-08-02 14:16:39,55,Completed,3.7
5368,7649,161,2024-12-06 12:09:11,2024-12-06 12:52:11,43,Refund Processed,
5369,7650,96,2023-08-30 11:57:21,2023-08-30 12:22:21,25,Completed,3.8
5370,7651,23,2024-09-09 21:23:38,2024-09-09 22:10:38,47,Completed,4.2
5371,7652,53,2023-11-07 23:20:47,2023-11-08 00:14:47,54,Completed,4.4
5372,7653,167,2023-08-29 19:25:08,2023-08-29 20:12:08,47,Completed,4.6
5373,7654,104,2023-10-06 23:23:40,2023-10-07 00:05:40,42,Completed,3.8
5374,7656,264,2024-11-22 14:10:45,2024-11-22 14:37:45,27,Refund Processed,
5375,7657,161,2023-08-10 16:24:25,2023-08-10 16:57:25,33,Refund Processed,
5376,7658,236,2024-06-03 13:26:52,2024-06-03 14:17:52,51,Completed,4.2
5377,7659,300,2024-06-20 14:04:22,2024-06-20 14:20:22,16,Completed,4.4
5378,7660,108,2023-12-29 14:18:30,2023-12-29 14:48:30,30,Completed,3.2
5379,7661,35,2023-07-26 10:09:06,2023-07-26 10:51:06,42,Completed,2.8
5380,7662,81,2023-09-07 18:54:43,2023-09-07 19:48:43,54,Refund Processed,
5381,7663,292,2024-09-12 12:00:42,2024-09-12 12:50:42,50,Completed,4.4
5382,7664,265,2023-06-16 20:05:05,2023-06-16 21:00:05,55,Completed,3.4
5383,7667,199,2024-01-04 22:54:54,2024-01-04 23:30:54,36,Completed,2.7
5384,7670,202,2024-09-10 17:29:58,2024-09-10 17:44:58,15,Completed,4.5
5385,7672,20,2024-08-20 13:30:19,2024-08-20 14:01:19,31,Refund Processed,
5386,7673,132,2024-02-02 20:07:30,2024-02-02 20:29:30,22,Completed,3.1
5387,7674,286,2024-03-04 13:15:49,2024-03-04 13:57:49,42,Completed,3.6
5388,7675,256,2023-03-06 10:05:00,2023-03-06 10:26:00,21,Completed,3.8
5389,7676,134,2024-10-21 15:26:14,2024-10-21 15:44:14,18,Completed,3.3
5390,7677,30,2024-08-20 21:36:00,2024-08-20 22:15:00,39,Completed,4.7
5391,7678,79,2023-11-03 21:41:01,2023-11-03 22:27:01,46,Completed,2.6
5392,7679,182,2024-06-25 13:56:05,2024-06-25 14:48:05,52,Completed,4.7
5393,7680,42,2023-05-23 19:15:45,2023-05-23 19:58:45,43,Refund Processed,
5394,7683,52,2023-05-17 14:12:36,2023-05-17 14:41:36,29,Refund Processed,
5395,7684,283,2024-01-22 12:56:52,2024-01-22 13:36:52,40,Completed,3.0
5396,7686,64,2023-09-18 13:40:33,2023-09-18 14:03:33,23,Completed,3.7
5397,7687,197,2024-10-06 14:15:22,2024-10-06 14:31:22,16,Refund Processed,
5398,7688,199,2024-05-10 23:31:24,2024-05-10 23:59:24,28,Completed,4.3
5399,7689,101,2024-11-08 20:08:01,2024-11-08 20:35:01,27,Completed,3.5
5400,7690,170,2024-02-06 16:40:38,2024-02-06 17:11:38,31,Refund Processed,
5401,7691,220,2023-08-08 23:36:30,2023-08-09 00:12:30,36,Completed,2.6
5402,7692,272,2024-02-06 07:50:09,2024-02-06 08:27:09,37,Completed,4.5
5403,7693,60,2024-01-26 19:10:13,2024-01-26 19:59:13,49,Refund Processed,
5404,7694,278,2024-01-24 18:22:27,2024-01-24 19:16:27,54,Completed,2.8
5405,7695,149,2024-07-25 19:51:37,2024-07-25 20:43:37,52,Completed,3.9
5406,7696,292,2024-06-19 22:04:44,2024-06-19 22:46:44,42,Completed,2.8
5407,7697,292,2023-11-22 22:44:26,2023-11-22 23:10:26,26,Completed,4.1
5408,7702,42,2024-06-19 13:52:28,2024-06-19 14:11:28,19,Completed,4.5
5409,7703,190,2023-12-01 15:57:07,2023-12-01 16:18:07,21,Completed,3.1
5410,7705,15,2024-01-04 21:39:16,2024-01-04 22:21:16,42,Completed,4.2
5411,7707,8,2023-03-18 19:17:44,2023-03-18 19:51:44,34,Completed,5.0
5412,7708,84,2023-04-22 16:08:31,2023-04-22 16:45:31,37,Completed,4.7
5413,7710,49,2024-09-23 20:05:32,2024-09-23 20:32:32,27,Completed,3.1
5414,7712,255,2023-05-26 22:03:39,2023-05-26 22:40:39,37,Completed,2.6
5415,7713,49,2023-12-13 13:14:29,2023-12-13 13:36:29,22,Completed,4.7
5416,7715,234,2024-09-13 19:24:44,2024-09-13 20:02:44,38,Completed,2.8
5417,7719,283,2023-08-19 22:58:00,2023-08-19 23:19:00,21,Completed,2.8
5418,7720,150,2024-04-01 23:31:37,2024-04-02 00:06:37,35,Refund Processed,
5419,7722,46,2024-02-13 13:04:31,2024-02-13 13:26:31,22,Completed,4.7
5420,7723,155,2024-08-16 16:06:21,2024-08-16 16:24:21,18,Refund Processed,
5421,7724,63,2023-05-13 09:23:31,2023-05-13 10:01:31,38,Completed,4.5
5422,7725,205,2024-04-02 17:26:27,2024-04-02 18:05:27,39,Completed,2.5
5423,7726,248,2024-05-06 22:11:58,2024-05-06 22:40:58,29,Completed,4.3
5424,7729,143,2024-12-24 15:26:30,2024-12-24 16:17:30,51,Completed,2.7
5425,7731,6,2024-11-15 21:10:00,2024-11-15 21:57:00,47,Completed,3.5
5426,7734,245,2023-07-29 12:44:46,2023-07-29 13:28:46,44,Completed,4.5
5427,7735,199,2023-11-16 12:59:41,2023-11-16 13:51:41,52,Completed,4.5
5428,7737,149,2024-01-14 10:03:31,2024-01-14 10:39:31,36,Completed,4.3
5429,7738,57,2023-12-03 01:23:32,2023-12-03 01:55:32,32,Completed,4.9
5430,7739,161,2024-08-07 20:37:00,2024-08-07 21:11:00,34,Completed,4.9
5431,7740,276,2023-07-29 09:31:59,2023-07-29 10:26:59,55,Completed,4.5
5432,7741,118,2024-12-16 18:41:18,2024-12-16 19:22:18,41,Completed,4.2
5433,7742,89,2023-03-11 19:15:39,2023-03-11 19:59:39,44,Completed,3.3
5434,7743,10,2024-07-05 07:38:35,2024-07-05 08:14:35,36,Completed,4.8
5435,7744,291,2024-11-10 19:15:58,2024-11-10 19:33:58,18,Completed,4.7
5436,7747,76,2023-12-17 09:50:25,2023-12-17 10:28:25,38,Completed,4.5
5437,7749,22,2024-04-23 10:05:34,2024-04-23 10:43:34,38,Completed,4.7
5438,7750,254,2023-08-16 11:53:12,2023-08-16 12:27:12,34,Completed,3.1
5439,7752,212,2023-11-25 01:49:51,2023-11-25 02:27:51,38,Completed,2.9
5440,7753,32,2023-12-17 07:12:46,2023-12-17 07:35:46,23,Completed,4.8
5441,7754,147,2024-07-04 12:28:09,2024-07-04 13:04:09,36,Completed,3.0
5442,7756,291,2023-01-18 06:58:24,2023-01-18 07:48:24,50,Completed,4.2
5443,7757,175,2023-10-20 14:35:51,2023-10-20 15:11:51,36,Completed,4.7
5444,7758,271,2023-12-30 20:31:34,2023-12-30 21:10:34,39,Completed,4.9
5445,7759,199,2024-04-12 12:58:01,2024-04-12 13:30:01,32,Completed,3.7
5446,7760,31,2023-04-13 23:48:08,2023-04-14 00:07:08,19,Completed,3.8
5447,7762,126,2023-08-31 15:59:48,2023-08-31 16:47:48,48,Completed,2.5
5448,7763,118,2023-08-12 21:26:29,2023-08-12 22:15:29,49,Completed,5.0
5449,7765,159,2023-12-25 10:50:11,2023-12-25 11:14:11,24,Completed,4.6
5450,7767,83,2024-05-12 20:26:00,2024-05-12 21:02:00,36,Completed,4.2
5451,7769,294,2023-11-28 20:52:15,2023-11-28 21:40:15,48,Completed,2.6
5452,7773,237,2023-08-01 15:38:32,2023-08-01 16:32:32,54,Completed,3.3
5453,7774,210,2024-05-16 00:21:04,2024-05-16 00:54:04,33,Completed,2.8
5454,7775,3,2023-10-12 13:42:05,2023-10-12 14:09:05,27,Completed,4.6
5455,7776,108,2023-06-13 14:10:39,2023-06-13 15:00:39,50,Completed,4.5
5456,7777,227,2024-05-14 13:23:31,2024-05-14 14:14:31,51,Completed,2.7
5457,7778,256,2024-01-01 19:22:01,2024-01-01 20:06:01,44,Completed,4.6
5458,7779,20,2024-04-23 14:43:54,2024-04-23 15:16:54,33,Completed,2.6
5459,7780,187,2024-04-26 01:29:58,2024-04-26 02:21:58,52,Completed,2.6
5460,7782,133,2024-10-05 23:07:36,2024-10-05 23:37:36,30,Completed,2.7
5461,7784,3,2023-08-05 13:23:38,2023-08-05 14:13:38,50,Completed,4.9
5462,7785,294,2024-02-16 08:08:20,2024-02-16 09:01:20,53,Completed,4.6
5463,7787,60,2023-04-21 20:03:53,2023-04-21 20:39:53,36,Completed,3.7
5464,7788,191,2024-10-27 19:58:43,2024-10-27 20:45:43,47,Completed,3.8
5465,7789,70,2024-03-18 10:58:43,2024-03-18 11:39:43,41,Completed,2.7
5466,7790,140,2024-02-28 13:04:56,2024-02-28 13:59:56,55,Completed,4.6
5467,7791,45,2024-03-21 11:33:07,2024-03-21 11:55:07,22,Completed,4.6
5468,7792,19,2023-01-28 23:18:28,2023-01-29 00:12:28,54,Completed,4.3
5469,7793,196,2023-02-23 12:49:50,2023-02-23 13:18:50,29,Completed,3.8
5470,7794,44,2024-09-04 15:16:26,2024-09-04 15:59:26,43,Completed,2.7
5471,7795,269,2023-07-03 22:48:17,2023-07-03 23:12:17,24,Refund Processed,
5472,7796,204,2023-06-18 21:11:49,2023-06-18 21:27:49,16,Completed,4.6
5473,7798,297,2023-03-08 13:52:06,2023-03-08 14:16:06,24,Refund Processed,
5474,7799,19,2024-01-03 14:35:11,2024-01-03 15:07:11,32,Refund Processed,
5475,7802,81,2023-08-30 15:33:34,2023-08-30 15:50:34,17,Completed,5.0
5476,7803,204,2023-06-21 20:12:26,2023-06-21 21:06:26,54,Refund Processed,
5477,7805,127,2023-06-15 20:33:29,2023-06-15 21:00:29,27,Completed,4.5
5478,7806,126,2023-04-08 09:39:50,2023-04-08 10:34:50,55,Completed,3.0
5479,7807,108,2023-07-27 18:10:43,2023-07-27 18:50:43,40,Completed,3.7
5480,7809,103,2023-12-17 13:04:37,2023-12-17 13:36:37,32,Completed,3.8
5481,7810,114,2024-04-07 23:31:55,2024-04-07 23:57:55,26,Completed,4.5
5482,7811,273,2023-07-10 23:34:04,2023-07-11 00:17:04,43,Completed,3.1
5483,7813,277,2023-10-02 22:04:47,2023-10-02 22:43:47,39,Completed,2.6
5484,7815,5,2024-06-11 19:37:33,2024-06-11 19:52:33,15,Completed,3.5
5485,7816,219,2024-07-24 20:08:39,2024-07-24 20:29:39,21,Completed,2.8
5486,7817,270,2023-12-18 08:27:25,2023-12-18 09:07:25,40,Refund Processed,
5487,7818,59,2023-08-27 14:47:32,2023-08-27 15:40:32,53,Completed,4.0
5488,7820,262,2023-09-12 12:35:27,2023-09-12 13:09:27,34,Completed,4.0
5489,7821,181,2023-12-05 08:36:48,2023-12-05 08:51:48,15,Refund Processed,
5490,7822,145,2024-09-26 12:18:35,2024-09-26 13:13:35,55,Completed,3.1
5491,7824,222,2023-05-07 13:40:43,2023-05-07 14:29:43,49,Completed,3.7
5492,7825,58,2023-10-03 21:22:45,2023-10-03 21:37:45,15,Completed,4.2
5493,7826,191,2024-12-28 13:26:23,2024-12-28 13:56:23,30,Completed,3.6
5494,7827,195,2024-02-04 16:28:54,2024-02-04 17:15:54,47,Completed,4.5
5495,7828,293,2024-09-16 09:48:06,2024-09-16 10:06:06,18,Completed,4.8
5496,7829,55,2023-02-05 21:45:19,2023-02-05 22:06:19,21,Completed,3.6
5497,7830,266,2023-11-01 09:55:55,2023-11-01 10:40:55,45,Completed,2.5
5498,7831,81,2023-07-05 07:31:54,2023-07-05 08:07:54,36,Completed,2.7
5499,7832,15,2024-10-03 20:18:57,2024-10-03 21:09:57,51,Completed,5.0
5500,7833,167,2024-11-12 09:29:17,2024-11-12 09:59:17,30,Completed,4.7
5501,7834,231,2024-01-25 20:43:23,2024-01-25 21:01:23,18,Refund Processed,
5502,7836,205,2024-02-26 19:07:45,2024-02-26 19:33:45,26,Completed,3.9
5503,7840,57,2024-09-01 12:32:27,2024-09-01 13:21:27,49,Completed,3.0
5504,7842,150,2023-06-27 13:03:41,2023-06-27 13:36:41,33,Completed,2.7
5505,7843,281,2024-06-24 14:32:37,2024-06-24 14:48:37,16,Completed,4.1
5506,7844,278,2023-05-07 12:37:58,2023-05-07 13:27:58,50,Completed,4.9
5507,7846,228,2023-05-07 17:54:22,2023-05-07 18:43:22,49,Completed,4.2
5508,7847,118,2024-07-25 12:42:36,2024-07-25 13:06:36,24,Completed,3.3
5509,7848,237,2024-07-12 23:22:02,2024-07-12 23:43:02,21,Completed,4.4
5510,7849,57,2023-09-09 02:57:19,2023-09-09 03:30:19,33,Refund Processed,
5511,7852,92,2024-07-08 18:01:22,2024-07-08 18:53:22,52,Completed,3.0
5512,7853,98,2023-10-20 15:13:12,2023-10-20 15:40:12,27,Completed,4.3
5513,7855,180,2024-04-29 11:20:28,2024-04-29 12:01:28,41,Completed,4.4
5514,7857,81,2023-11-11 20:13:18,2023-11-11 20:57:18,44,Refund Processed,
5515,7858,65,2023-04-10 10:57:15,2023-04-10 11:22:15,25,Completed,2.5
5516,7860,262,2024-09-11 12:55:10,2024-09-11 13:30:10,35,Completed,3.5
5517,7861,96,2024-05-17 14:20:47,2024-05-17 14:37:47,17,Refund Processed,
5518,7863,20,2023-06-12 22:39:54,2023-06-12 23:05:54,26,Completed,3.6
5519,7864,157,2023-05-03 00:55:33,2023-05-03 01:44:33,49,Completed,3.9
5520,7866,165,2024-10-20 20:26:02,2024-10-20 21:16:02,50,Completed,4.0
5521,7867,57,2023-10-04 13:54:18,2023-10-04 14:09:18,15,Completed,4.6
5522,7871,240,2024-08-30 20:17:16,2024-08-30 20:40:16,23,Refund Processed,
5523,7874,156,2024-04-29 14:14:45,2024-04-29 14:58:45,44,Completed,4.1
5524,7875,241,2024-08-17 12:27:24,2024-08-17 12:51:24,24,Refund Processed,
5525,7878,219,2024-06-13 14:49:57,2024-06-13 15:21:57,32,Completed,3.9
5526,7879,234,2024-07-17 18:25:38,2024-07-17 18:42:38,17,Completed,4.2
5527,7880,118,2024-04-14 19:51:57,2024-04-14 20:41:57,50,Refund Processed,
5528,7881,165,2024-01-26 19:28:24,2024-01-26 20:11:24,43,Completed,3.0
5529,7882,238,2023-02-07 17:19:41,2023-02-07 17:38:41,19,Completed,2.8
5530,7883,53,2023-02-23 03:01:47,2023-02-23 03:33:47,32,Refund Processed,
5531,7885,47,2023-04-06 10:35:07,2023-04-06 10:58:07,23,Completed,4.8
5532,7888,5,2024-08-31 18:08:08,2024-08-31 18:37:08,29,Completed,3.4
5533,7890,228,2023-05-01 21:34:22,2023-05-01 21:53:22,19,Completed,4.6
5534,7891,171,2024-08-09 13:24:31,2024-08-09 14:06:31,42,Completed,3.9
5535,7892,82,2024-09-21 09:44:21,2024-09-21 10:28:21,44,Completed,3.4
5536,7893,132,2024-05-24 18:27:30,2024-05-24 18:58:30,31,Completed,5.0
5537,7894,265,2023-08-23 17:14:13,2023-08-23 17:29:13,15,Completed,3.6
5538,7895,235,2023-11-03 21:43:10,2023-11-03 22:09:10,26,Completed,3.2
5539,7896,199,2024-05-07 18:26:22,2024-05-07 18:45:22,19,Completed,2.7
5540,7897,296,2023-02-17 23:46:19,2023-02-18 00:35:19,49,Refund Processed,
5541,7899,180,2023-10-31 17:34:01,2023-10-31 17:49:01,15,Completed,3.5
5542,7900,82,2023-04-25 16:58:11,2023-04-25 17:14:11,16,Completed,4.2
5543,7901,248,2024-09-06 19:35:58,2024-09-06 20:10:58,35,Completed,3.0
5544,7902,34,2023-11-05 17:27:00,2023-11-05 18:18:00,51,Completed,3.4
5545,7903,91,2023-12-24 15:11:45,2023-12-24 15:26:45,15,Completed,4.3
5546,7905,61,2023-08-18 11:12:46,2023-08-18 11:30:46,18,Completed,3.9
5547,7906,187,2024-07-01 13:46:00,2024-07-01 14:05:00,19,Completed,2.7
5548,7907,299,2024-02-04 13:32:03,2024-02-04 14:14:03,42,Completed,4.2
5549,7908,21,2024-07-04 20:02:19,2024-07-04 20:28:19,26,Completed,4.2
5550,7909,79,2024-08-01 22:33:11,2024-08-01 23:19:11,46,Completed,3.5
5551,7910,194,2023-12-12 20:13:30,2023-12-12 20:37:30,24,Completed,2.9
5552,7911,169,2024-10-19 21:20:53,2024-10-19 22:01:53,41,Completed,3.5
5553,7912,111,2023-10-27 22:03:34,2023-10-27 22:54:34,51,Refund Processed,
5554,7913,194,2023-08-01 20:48:36,2023-08-01 21:16:36,28,Completed,4.7
5555,7916,1,2024-03-03 19:23:34,2024-03-03 20:16:34,53,Completed,3.9
5556,7917,288,2023-11-12 14:13:17,2023-11-12 15:08:17,55,Refund Processed,
5557,7919,60,2024-10-12 20:52:10,2024-10-12 21:36:10,44,Refund Processed,
5558,7920,115,2024-10-21 17:28:22,2024-10-21 18:20:22,52,Completed,4.1
5559,7922,287,2024-11-15 20:19:45,2024-11-15 20:49:45,30,Completed,2.8
5560,7925,23,2023-04-25 21:48:45,2023-04-25 22:11:45,23,Completed,5.0
5561,7926,75,2023-09-20 18:25:50,2023-09-20 18:57:50,32,Completed,3.2
5562,7927,245,2023-11-25 21:28:29,2023-11-25 22:00:29,32,Completed,4.6
5563,7928,19,2024-03-04 14:51:22,2024-03-04 15:11:22,20,Completed,4.6
5564,7929,6,2023-01-06 14:34:40,2023-01-06 15:25:40,51,Completed,4.1
5565,7930,63,2023-11-10 19:28:56,2023-11-10 19:46:56,18,Completed,3.9
5566,7931,288,2023-03-24 11:04:07,2023-03-24 11:41:07,37,Completed,4.4
5567,7932,117,2023-07-19 12:39:28,2023-07-19 13:18:28,39,Completed,4.0
5568,7933,6,2024-08-11 13:54:59,2024-08-11 14:10:59,16,Completed,4.5
5569,7935,51,2023-12-02 14:16:05,2023-12-02 14:31:05,15,Completed,3.1
5570,7937,208,2023-12-31 11:37:08,2023-12-31 12:16:08,39,Completed,3.8
5571,7938,61,2024-06-25 19:44:28,2024-06-25 20:26:28,42,Completed,4.5
5572,7939,64,2023-03-04 02:34:10,2023-03-04 03:02:10,28,Refund Processed,
5573,7940,47,2024-10-21 12:51:10,2024-10-21 13:34:10,43,Completed,4.0
5574,7942,227,2023-01-30 19:22:59,2023-01-30 19:58:59,36,Completed,2.6
5575,7945,257,2024-01-13 07:17:53,2024-01-13 07:36:53,19,Completed,2.8
5576,7947,23,2024-04-19 21:14:02,2024-04-19 21:33:02,19,Completed,3.0
5577,7948,76,2023-06-07 10:51:47,2023-06-07 11:46:47,55,Refund Processed,
5578,7951,288,2024-07-29 13:38:31,2024-07-29 14:00:31,22,Completed,5.0
5579,7952,1,2024-12-05 20:49:12,2024-12-05 21:39:12,50,Refund Processed,
5580,7955,165,2024-08-01 12:54:13,2024-08-01 13:33:13,39,Completed,4.4
5581,7956,216,2023-09-10 20:54:03,2023-09-10 21:11:03,17,Completed,2.6
5582,7958,289,2024-06-22 13:49:23,2024-06-22 14:09:23,20,Completed,2.8
5583,7963,173,2023-07-13 19:38:11,2023-07-13 20:18:11,40,Completed,3.7
5584,7964,174,2023-10-31 17:10:27,2023-10-31 17:55:27,45,Completed,4.8
5585,7965,203,2023-09-23 14:09:27,2023-09-23 14:48:27,39,Refund Processed,
5586,7967,135,2024-09-28 06:58:52,2024-09-28 07:47:52,49,Completed,3.5
5587,7968,207,2023-07-29 15:44:34,2023-07-29 16:31:34,47,Completed,5.0
5588,7969,282,2023-03-06 20:35:19,2023-03-06 20:51:19,16,Completed,4.5
5589,7975,288,2024-05-12 20:02:34,2024-05-12 20:38:34,36,Completed,3.0
5590,7976,261,2024-09-13 11:06:33,2024-09-13 11:56:33,50,Completed,3.0
5591,7978,58,2023-08-28 13:42:09,2023-08-28 14:29:09,47,Refund Processed,
5592,7979,53,2023-09-12 00:32:14,2023-09-12 00:57:14,25,Completed,4.1
5593,7983,254,2024-10-02 09:11:17,2024-10-02 09:40:17,29,Completed,3.1
5594,7984,101,2024-10-09 20:39:16,2024-10-09 21:30:16,51,Completed,3.5
5595,7987,237,2023-09-10 11:11:27,2023-09-10 11:37:27,26,Completed,3.2
5596,7988,206,2024-03-17 13:44:42,2024-03-17 14:17:42,33,Completed,2.9
5597,7989,24,2024-01-02 16:09:28,2024-01-02 16:34:28,25,Refund Processed,
5598,7990,234,2023-07-29 12:58:41,2023-07-29 13:14:41,16,Completed,3.8
5599,7991,88,2023-08-11 15:04:01,2023-08-11 15:53:01,49,Completed,3.3
5600,7993,192,2024-02-03 04:46:26,2024-02-03 05:08:26,22,Completed,4.2
5601,7994,175,2024-05-27 12:44:29,2024-05-27 12:59:29,15,Completed,3.6
5602,7995,269,2024-02-02 17:13:47,2024-02-02 17:29:47,16,Completed,3.4
5603,7996,56,2023-03-29 20:43:53,2023-03-29 21:29:53,46,Completed,2.7
5604,7997,3,2024-04-28 22:04:10,2024-04-28 22:57:10,53,Completed,4.0
5605,7998,16,2023-06-26 13:18:11,2023-06-26 13:35:11,17,Completed,3.0
5606,8000,1,2023-09-02 12:11:55,2023-09-02 12:47:55,36,Completed,4.2
5607,8001,7,2024-03-20 22:27:56,2024-03-20 22:51:56,24,Completed,3.0
5608,8002,159,2024-07-01 10:59:41,2024-07-01 11:45:41,46,Completed,3.5
5609,8003,297,2024-01-22 21:46:58,2024-01-22 22:11:58,25,Completed,2.7
5610,8004,119,2024-02-28 17:22:38,2024-02-28 17:54:38,32,Completed,3.7
5611,8005,59,2024-12-23 06:49:57,2024-12-23 07:33:57,44,Completed,4.9
5612,8006,34,2024-04-11 14:35:39,2024-04-11 15:10:39,35,Completed,2.7
5613,8007,263,2023-06-11 22:04:24,2023-06-11 22:42:24,38,Completed,3.7
5614,8009,70,2024-01-24 07:42:56,2024-01-24 08:32:56,50,Completed,4.3
5615,8010,156,2023-06-26 23:16:16,2023-06-26 23:46:16,30,Refund Processed,
5616,8012,177,2023-06-17 08:11:41,2023-06-17 08:45:41,34,Completed,4.9
5617,8015,67,2023-08-06 13:27:24,2023-08-06 14:16:24,49,Completed,3.7
5618,8016,108,2023-05-03 20:43:09,2023-05-03 21:20:09,37,Completed,4.2
5619,8018,205,2024-12-04 14:51:01,2024-12-04 15:45:01,54,Completed,4.3
5620,8020,187,2023-12-09 17:15:36,2023-12-09 17:59:36,44,Refund Processed,
5621,8021,298,2024-10-14 20:37:11,2024-10-14 20:57:11,20,Completed,4.7
5622,8022,58,2023-08-11 19:49:49,2023-08-11 20:37:49,48,Refund Processed,
5623,8023,226,2023-10-02 13:46:21,2023-10-02 14:25:21,39,Completed,4.3
5624,8024,58,2023-06-03 20:09:46,2023-06-03 20:40:46,31,Refund Processed,
5625,8025,270,2023-10-22 03:06:37,2023-10-22 03:51:37,45,Completed,4.5
5626,8026,49,2023-09-10 20:59:51,2023-09-10 21:54:51,55,Completed,3.3
5627,8028,217,2023-01-27 20:04:21,2023-01-27 20:39:21,35,Completed,4.3
5628,8030,154,2023-02-26 08:37:11,2023-02-26 08:56:11,19,Completed,3.5
5629,8031,69,2023-10-13 13:31:25,2023-10-13 13:46:25,15,Completed,2.5
5630,8032,165,2024-12-01 17:36:41,2024-12-01 18:15:41,39,Completed,4.3
5631,8033,271,2024-09-13 04:44:03,2024-09-13 05:33:03,49,Completed,3.3
5632,8034,55,2023-09-26 19:54:01,2023-09-26 20:41:01,47,Completed,2.9
5633,8035,130,2023-07-30 15:39:17,2023-07-30 16:28:17,49,Completed,3.3
5634,8038,232,2023-08-22 18:51:31,2023-08-22 19:23:31,32,Completed,3.6
5635,8039,227,2024-11-24 20:06:21,2024-11-24 20:30:21,24,Completed,4.2
5636,8040,44,2024-01-12 14:15:44,2024-01-12 15:08:44,53,Completed,4.4
5637,8041,299,2023-05-16 20:02:08,2023-05-16 20:38:08,36,Completed,3.3
5638,8042,54,2024-09-20 18:51:26,2024-09-20 19:20:26,29,Completed,3.0
5639,8043,103,2023-07-27 17:15:15,2023-07-27 17:47:15,32,Completed,4.2
5640,8047,95,2024-03-23 11:26:10,2024-03-23 12:10:10,44,Refund Processed,
5641,8048,118,2023-11-08 20:22:25,2023-11-08 21:16:25,54,Completed,4.7
5642,8049,269,2023-05-23 19:06:03,2023-05-23 19:50:03,44,Completed,2.8
5643,8053,94,2023-12-20 04:35:03,2023-12-20 05:15:03,40,Completed,4.2
5644,8055,69,2023-08-03 20:24:58,2023-08-03 20:59:58,35,Completed,4.2
5645,8056,170,2024-05-28 22:08:33,2024-05-28 22:39:33,31,Completed,4.1
5646,8059,276,2024-10-08 19:15:09,2024-10-08 20:04:09,49,Completed,3.1
5647,8060,136,2023-01-31 15:19:29,2023-01-31 15:47:29,28,Refund Processed,
5648,8061,41,2024-08-12 17:56:48,2024-08-12 18:17:48,21,Completed,3.5
5649,8064,229,2024-12-10 10:46:03,2024-12-10 11:30:03,44,Completed,3.0
5650,8065,190,2024-06-12 14:19:37,2024-06-12 15:10:37,51,Completed,4.7
5651,8066,188,2024-06-24 16:28:38,2024-06-24 17:02:38,34,Completed,4.7
5652,8067,190,2023-05-16 00:19:32,2023-05-16 01:12:32,53,Completed,4.6
5653,8069,295,2023-03-02 22:02:41,2023-03-02 22:32:41,30,Completed,3.7
5654,8070,147,2023-10-24 13:23:03,2023-10-24 14:00:03,37,Completed,3.7
5655,8071,239,2024-04-10 08:52:40,2024-04-10 09:13:40,21,Completed,2.9
5656,8072,109,2023-12-16 22:04:43,2023-12-16 22:38:43,34,Completed,4.0
5657,8073,189,2023-09-13 15:01:18,2023-09-13 15:56:18,55,Completed,4.8
5658,8075,167,2023-09-15 15:06:09,2023-09-15 15:53:09,47,Completed,3.6
5659,8077,8,2024-05-20 15:32:42,2024-05-20 15:52:42,20,Completed,2.9
5660,8078,96,2023-11-01 10:14:40,2023-11-01 11:04:40,50,Completed,3.8
5661,8080,33,2023-10-22 21:40:43,2023-10-22 22:12:43,32,Completed,3.7
5662,8081,217,2024-11-04 17:51:28,2024-11-04 18:23:28,32,Completed,4.6
5663,8082,188,2023-06-12 00:58:57,2023-06-12 01:24:57,26,Completed,4.0
5664,8083,288,2024-02-28 14:42:12,2024-02-28 15:15:12,33,Completed,2.8
5665,8085,158,2024-01-22 20:43:44,2024-01-22 21:17:44,34,Completed,3.5
5666,8086,7,2024-03-03 18:09:02,2024-03-03 18:50:02,41,Completed,3.3
5667,8087,163,2023-10-24 12:55:07,2023-10-24 13:31:07,36,Completed,2.8
5668,8088,31,2023-02-09 13:09:08,2023-02-09 13:29:08,20,Completed,3.8
5669,8090,10,2024-06-12 12:54:34,2024-06-12 13:13:34,19,Completed,3.1
5670,8092,43,2024-08-03 16:16:13,2024-08-03 16:58:13,42,Completed,4.5
5671,8093,276,2024-02-14 19:44:48,2024-02-14 20:37:48,53,Refund Processed,
5672,8098,237,2024-10-03 23:20:56,2024-10-04 00:00:56,40,Completed,2.9
5673,8099,231,2023-04-25 12:31:37,2023-04-25 12:51:37,20,Completed,4.0
5674,8101,96,2023-04-22 07:02:27,2023-04-22 07:30:27,28,Completed,3.4
5675,8102,125,2023-07-02 17:10:20,2023-07-02 18:04:20,54,Refund Processed,
5676,8104,194,2024-09-19 14:43:24,2024-09-19 15:17:24,34,Completed,4.1
5677,8105,37,2023-02-02 10:45:57,2023-02-02 11:11:57,26,Completed,4.6
5678,8106,196,2024-10-22 10:28:38,2024-10-22 11:08:38,40,Completed,4.1
5679,8108,274,2024-04-19 21:27:26,2024-04-19 22:08:26,41,Completed,4.1
5680,8109,179,2024-06-24 14:36:59,2024-06-24 15:03:59,27,Completed,2.9
5681,8111,239,2024-06-10 12:02:54,2024-06-10 12:44:54,42,Completed,4.2
5682,8112,116,2023-12-03 20:23:19,2023-12-03 21:15:19,52,Completed,3.4
5683,8114,182,2024-06-03 21:53:23,2024-06-03 22:44:23,51,Refund Processed,
5684,8115,103,2023-12-10 11:02:08,2023-12-10 11:51:08,49,Completed,5.0
5685,8117,126,2024-11-06 22:32:30,2024-11-06 22:54:30,22,Completed,2.9
5686,8118,76,2024-09-19 20:31:53,2024-09-19 20:50:53,19,Completed,3.7
5687,8119,249,2023-10-14 23:36:38,2023-10-14 23:56:38,20,Completed,4.6
5688,8120,239,2023-05-04 14:29:59,2023-05-04 15:03:59,34,Completed,3.9
5689,8121,204,2023-08-03 13:47:42,2023-08-03 14:12:42,25,Completed,3.9
5690,8122,111,2023-04-25 13:37:27,2023-04-25 14:13:27,36,Completed,2.9
5691,8124,236,2024-07-28 17:21:35,2024-07-28 17:38:35,17,Completed,4.6
5692,8125,70,2023-06-11 04:07:18,2023-06-11 04:54:18,47,Completed,3.0
5693,8126,184,2023-12-30 14:11:51,2023-12-30 14:53:51,42,Completed,2.8
5694,8127,269,2023-10-12 21:07:29,2023-10-12 21:46:29,39,Completed,4.9
5695,8128,147,2024-02-29 22:31:48,2024-02-29 22:54:48,23,Completed,2.5
5696,8130,105,2023-08-20 23:22:38,2023-08-21 00:13:38,51,Completed,3.9
5697,8131,161,2023-07-25 14:46:18,2023-07-25 15:13:18,27,Refund Processed,
5698,8132,228,2023-04-27 09:48:02,2023-04-27 10:06:02,18,Refund Processed,
5699,8135,19,2023-09-02 12:57:22,2023-09-02 13:26:22,29,Completed,4.6
5700,8137,150,2023-09-19 13:07:57,2023-09-19 13:38:57,31,Completed,4.2
5701,8139,109,2023-11-28 13:10:10,2023-11-28 14:05:10,55,Completed,4.3
5702,8140,74,2023-09-18 10:35:17,2023-09-18 11:13:17,38,Completed,4.9
5703,8141,187,2023-11-27 20:23:46,2023-11-27 21:18:46,55,Completed,5.0
5704,8142,192,2023-08-12 10:48:28,2023-08-12 11:40:28,52,Completed,3.9
5705,8144,162,2024-03-07 15:23:33,2024-03-07 15:54:33,31,Completed,5.0
5706,8146,294,2023-10-17 13:27:55,2023-10-17 14:02:55,35,Completed,4.8
5707,8147,169,2024-10-29 09:03:00,2024-10-29 09:40:00,37,Refund Processed,
5708,8148,111,2024-04-09 17:52:23,2024-04-09 18:42:23,50,Refund Processed,
5709,8149,273,2023-07-17 12:26:47,2023-07-17 12:44:47,18,Completed,2.9
5710,8151,269,2024-11-02 10:02:59,2024-11-02 10:29:59,27,Completed,4.0
5711,8152,250,2023-11-04 13:41:38,2023-11-04 13:57:38,16,Completed,4.5
5712,8153,187,2024-02-12 20:11:28,2024-02-12 20:32:28,21,Completed,3.4
5713,8154,154,2024-11-07 21:28:16,2024-11-07 22:23:16,55,Completed,4.9
5714,8155,122,2024-02-10 03:06:58,2024-02-10 03:23:58,17,Completed,5.0
5715,8156,125,2023-04-05 20:21:44,2023-04-05 21:02:44,41,Completed,2.6
5716,8157,39,2023-06-20 16:15:35,2023-06-20 16:59:35,44,Completed,3.7
5717,8158,63,2023-11-11 16:16:54,2023-11-11 17:10:54,54,Completed,2.6
5718,8159,41,2023-04-20 13:12:50,2023-04-20 13:52:50,40,Completed,4.8
5719,8160,43,2024-04-10 23:41:05,2024-04-11 00:09:05,28,Completed,4.4
5720,8161,53,2023-09-12 11:11:48,2023-09-12 11:53:48,42,Completed,4.9
5721,8168,58,2024-11-08 17:59:50,2024-11-08 18:40:50,41,Completed,3.5
5722,8169,152,2024-10-21 17:40:40,2024-10-21 18:17:40,37,Completed,4.6
5723,8170,101,2024-07-20 20:13:15,2024-07-20 20:43:15,30,Completed,4.2
5724,8171,36,2024-10-31 20:11:17,2024-10-31 20:43:17,32,Completed,4.4
5725,8172,216,2023-08-03 03:40:59,2023-08-03 04:21:59,41,Completed,3.1
5726,8173,22,2024-11-25 14:02:07,2024-11-25 14:40:07,38,Refund Processed,
5727,8174,260,2023-06-25 15:00:26,2023-06-25 15:41:26,41,Refund Processed,
5728,8175,157,2024-12-07 18:42:22,2024-12-07 19:01:22,19,Completed,4.3
5729,8176,249,2023-11-30 19:43:52,2023-11-30 20:18:52,35,Completed,2.9
5730,8177,199,2023-06-28 00:51:20,2023-06-28 01:20:20,29,Refund Processed,
5731,8178,218,2024-06-25 18:38:57,2024-06-25 18:56:57,18,Completed,3.7
5732,8180,181,2024-10-18 04:26:36,2024-10-18 05:09:36,43,Completed,4.6
5733,8181,290,2023-06-28 20:52:22,2023-06-28 21:16:22,24,Completed,3.8
5734,8182,228,2023-07-05 15:34:45,2023-07-05 16:05:45,31,Completed,3.4
5735,8186,37,2023-04-03 22:55:39,2023-04-03 23:15:39,20,Completed,2.5
5736,8187,248,2024-06-19 20:11:41,2024-06-19 20:38:41,27,Completed,2.9
5737,8189,85,2023-09-21 14:17:13,2023-09-21 14:44:13,27,Completed,3.2
5738,8191,262,2024-01-02 05:31:28,2024-01-02 06:25:28,54,Completed,3.4
5739,8193,130,2024-01-14 19:52:06,2024-01-14 20:47:06,55,Completed,3.8
5740,8195,1,2023-07-16 08:02:11,2023-07-16 08:19:11,17,Completed,3.4
5741,8196,155,2023-01-28 23:50:19,2023-01-29 00:38:19,48,Completed,4.4
5742,8198,61,2024-08-06 07:03:21,2024-08-06 07:45:21,42,Completed,4.0
5743,8199,247,2024-07-04 02:52:51,2024-07-04 03:35:51,43,Completed,3.8
5744,8200,250,2023-03-30 13:19:17,2023-03-30 13:48:17,29,Completed,3.2
5745,8201,238,2024-07-01 19:37:52,2024-07-01 20:24:52,47,Completed,4.3
5746,8202,236,2024-04-30 21:50:34,2024-04-30 22:24:34,34,Completed,4.3
5747,8203,7,2024-07-24 20:25:48,2024-07-24 20:46:48,21,Refund Processed,
5748,8204,262,2024-02-15 07:00:15,2024-02-15 07:17:15,17,Completed,4.3
5749,8205,264,2023-10-02 16:41:52,2023-10-02 17:26:52,45,Completed,3.5
5750,8206,275,2024-09-07 12:52:00,2024-09-07 13:34:00,42,Completed,2.5
5751,8208,138,2024-06-07 18:20:14,2024-06-07 18:50:14,30,Completed,2.7
5752,8209,236,2023-08-07 18:28:42,2023-08-07 18:43:42,15,Completed,3.3
5753,8210,67,2024-10-25 20:13:58,2024-10-25 21:04:58,51,Completed,4.4
5754,8211,76,2023-10-12 08:59:56,2023-10-12 09:51:56,52,Completed,4.5
5755,8212,12,2024-12-24 04:01:47,2024-12-24 04:24:47,23,Completed,4.8
5756,8213,278,2024-03-05 20:20:39,2024-03-05 21:07:39,47,Completed,3.2
5757,8215,227,2024-02-22 09:06:55,2024-02-22 09:50:55,44,Completed,4.6
5758,8216,118,2023-08-09 11:49:37,2023-08-09 12:33:37,44,Completed,2.7
5759,8217,206,2024-10-17 06:40:46,2024-10-17 07:29:46,49,Refund Processed,
5760,8218,236,2024-07-01 21:45:05,2024-07-01 22:25:05,40,Completed,4.3
5761,8219,124,2023-08-10 18:55:20,2023-08-10 19:14:20,19,Completed,3.8
5762,8220,262,2023-12-08 02:42:25,2023-12-08 03:01:25,19,Completed,4.4
5763,8223,138,2024-01-21 02:25:33,2024-01-21 02:41:33,16,Completed,2.9
5764,8224,102,2024-10-25 21:05:40,2024-10-25 21:28:40,23,Completed,2.8
5765,8226,249,2024-10-20 13:28:04,2024-10-20 14:10:04,42,Completed,4.1
5766,8227,280,2023-08-11 20:45:59,2023-08-11 21:16:59,31,Completed,5.0
5767,8230,51,2024-12-25 23:22:02,2024-12-26 00:03:02,41,Completed,4.8
5768,8232,201,2024-07-19 19:13:53,2024-07-19 19:51:53,38,Completed,3.0
5769,8233,88,2024-07-03 22:19:09,2024-07-03 22:56:09,37,Completed,3.5
5770,8235,150,2024-08-05 21:17:18,2024-08-05 21:34:18,17,Completed,4.0
5771,8236,252,2023-02-27 13:01:52,2023-02-27 13:25:52,24,Completed,3.5
5772,8237,300,2024-09-28 19:15:38,2024-09-28 19:38:38,23,Completed,2.6
5773,8239,217,2024-12-02 14:59:52,2024-12-02 15:18:52,19,Completed,4.3
5774,8242,222,2023-01-15 18:43:27,2023-01-15 19:29:27,46,Completed,3.4
5775,8243,113,2024-07-29 11:37:51,2024-07-29 12:20:51,43,Refund Processed,
5776,8244,28,2024-10-06 22:45:30,2024-10-06 23:31:30,46,Completed,2.5
5777,8248,202,2023-08-18 21:37:10,2023-08-18 21:53:10,16,Completed,3.5
5778,8249,2,2023-08-22 22:10:01,2023-08-22 23:02:01,52,Refund Processed,
5779,8251,33,2024-05-24 19:54:37,2024-05-24 20:21:37,27,Completed,4.3
5780,8254,75,2023-04-29 17:41:47,2023-04-29 18:12:47,31,Completed,4.5
5781,8255,136,2023-10-02 22:49:33,2023-10-02 23:34:33,45,Completed,4.8
5782,8256,106,2024-08-03 20:15:26,2024-08-03 21:00:26,45,Completed,4.8
5783,8258,104,2023-12-07 10:57:05,2023-12-07 11:28:05,31,Completed,3.8
5784,8259,19,2023-12-09 19:24:46,2023-12-09 19:40:46,16,Completed,3.1
5785,8261,69,2023-03-30 08:10:48,2023-03-30 08:39:48,29,Completed,3.1
5786,8262,48,2024-03-25 15:59:45,2024-03-25 16:19:45,20,Refund Processed,
5787,8263,108,2023-12-03 04:39:53,2023-12-03 05:05:53,26,Completed,4.0
5788,8266,129,2024-03-29 08:18:46,2024-03-29 08:47:46,29,Completed,2.8
5789,8267,209,2024-03-08 21:41:37,2024-03-08 22:07:37,26,Completed,4.2
5790,8268,156,2023-11-09 17:41:56,2023-11-09 18:26:56,45,Completed,3.4
5791,8269,295,2024-09-13 14:58:58,2024-09-13 15:47:58,49,Completed,4.7
5792,8270,225,2024-06-13 10:11:07,2024-06-13 10:28:07,17,Completed,2.9
5793,8271,35,2024-03-26 13:48:24,2024-03-26 14:28:24,40,Completed,2.8
5794,8272,126,2024-12-12 18:50:56,2024-12-12 19:16:56,26,Completed,3.8
5795,8273,140,2023-03-25 02:01:43,2023-03-25 02:22:43,21,Completed,3.8
5796,8274,129,2023-04-15 07:47:57,2023-04-15 08:28:57,41,Completed,4.0
5797,8275,146,2023-06-27 05:27:33,2023-06-27 06:00:33,33,Refund Processed,
5798,8277,120,2024-03-01 20:11:36,2024-03-01 20:32:36,21,Completed,3.1
5799,8278,264,2024-04-04 08:25:11,2024-04-04 08:59:11,34,Refund Processed,
5800,8280,295,2024-12-28 03:16:45,2024-12-28 04:02:45,46,Completed,3.9
5801,8281,183,2024-04-05 20:43:17,2024-04-05 21:02:17,19,Completed,3.8
5802,8283,90,2024-09-22 10:15:27,2024-09-22 10:37:27,22,Completed,3.3
5803,8284,113,2024-01-12 22:42:19,2024-01-12 23:12:19,30,Completed,3.3
5804,8285,241,2024-02-26 21:29:31,2024-02-26 22:13:31,44,Completed,4.6
5805,8288,77,2023-10-05 20:31:18,2023-10-05 21:08:18,37,Completed,3.5
5806,8290,210,2023-11-14 21:51:22,2023-11-14 22:19:22,28,Completed,2.8
5807,8291,262,2023-08-16 21:27:45,2023-08-16 22:19:45,52,Refund Processed,
5808,8292,167,2024-10-21 19:38:19,2024-10-21 20:33:19,55,Refund Processed,
5809,8293,182,2023-10-14 19:28:28,2023-10-14 20:08:28,40,Completed,3.8
5810,8294,256,2023-12-09 19:49:36,2023-12-09 20:29:36,40,Completed,3.2
5811,8295,237,2023-06-14 20:53:12,2023-06-14 21:20:12,27,Completed,2.7
5812,8297,85,2024-02-15 12:46:23,2024-02-15 13:33:23,47,Completed,4.4
5813,8300,138,2023-10-01 17:51:03,2023-10-01 18:46:03,55,Completed,3.6
5814,8301,120,2023-07-22 13:05:40,2023-07-22 13:39:40,34,Refund Processed,
5815,8302,132,2023-09-09 13:42:01,2023-09-09 14:07:01,25,Refund Processed,
5816,8303,77,2024-05-04 14:19:44,2024-05-04 14:55:44,36,Completed,3.9
5817,8304,18,2023-08-26 14:47:25,2023-08-26 15:25:25,38,Completed,4.8
5818,8306,76,2023-10-07 23:42:06,2023-10-08 00:16:06,34,Completed,3.4
5819,8307,291,2023-08-27 03:39:06,2023-08-27 04:06:06,27,Completed,4.9
5820,8308,98,2023-07-05 15:25:49,2023-07-05 16:03:49,38,Completed,4.4
5821,8309,258,2023-07-30 11:17:35,2023-07-30 11:41:35,24,Completed,2.5
5822,8310,130,2023-07-30 20:10:37,2023-07-30 20:26:37,16,Completed,3.5
5823,8311,280,2023-06-29 20:52:18,2023-06-29 21:30:18,38,Completed,4.8
5824,8312,26,2023-01-20 10:56:37,2023-01-20 11:30:37,34,Refund Processed,
5825,8314,275,2024-12-15 18:23:04,2024-12-15 18:58:04,35,Completed,4.3
5826,8315,269,2024-01-23 01:09:11,2024-01-23 02:00:11,51,Completed,2.9
5827,8316,293,2023-02-18 19:52:48,2023-02-18 20:32:48,40,Completed,3.5
5828,8317,79,2024-02-06 14:52:47,2024-02-06 15:43:47,51,Completed,4.6
5829,8319,106,2023-08-22 12:49:42,2023-08-22 13:31:42,42,Completed,3.8
5830,8320,65,2023-06-13 16:27:06,2023-06-13 16:58:06,31,Completed,3.5
5831,8321,294,2024-07-13 14:40:14,2024-07-13 15:35:14,55,Refund Processed,
5832,8322,292,2024-01-04 22:06:10,2024-01-04 22:32:10,26,Completed,4.8
5833,8323,144,2023-12-08 21:45:52,2023-12-08 22:26:52,41,Completed,2.6
5834,8324,127,2024-04-18 15:37:09,2024-04-18 16:29:09,52,Completed,2.8
5835,8325,232,2023-01-13 21:57:59,2023-01-13 22:24:59,27,Completed,4.3
5836,8326,297,2024-08-12 10:45:59,2024-08-12 11:01:59,16,Completed,3.5
5837,8327,63,2024-07-18 19:17:14,2024-07-18 19:41:14,24,Refund Processed,
5838,8329,298,2023-05-07 09:37:55,2023-05-07 10:30:55,53,Completed,2.8
5839,8330,49,2023-04-14 22:08:40,2023-04-14 22:50:40,42,Completed,3.7
5840,8331,220,2023-12-13 14:01:28,2023-12-13 14:35:28,34,Refund Processed,
5841,8332,205,2024-11-27 19:02:14,2024-11-27 19:46:14,44,Completed,3.1
5842,8333,2,2024-11-17 04:21:22,2024-11-17 04:57:22,36,Completed,4.1
5843,8334,149,2024-10-15 20:11:28,2024-10-15 20:32:28,21,Completed,2.5
5844,8336,130,2024-07-02 08:52:12,2024-07-02 09:46:12,54,Completed,3.5
5845,8338,297,2023-07-15 15:22:17,2023-07-15 16:08:17,46,Completed,3.0
5846,8339,181,2023-09-28 18:13:14,2023-09-28 18:42:14,29,Completed,3.5
5847,8340,269,2023-06-22 16:38:11,2023-06-22 17:26:11,48,Refund Processed,
5848,8342,277,2024-09-30 19:54:06,2024-09-30 20:43:06,49,Completed,3.9
5849,8343,70,2023-06-24 14:01:25,2023-06-24 14:49:25,48,Completed,3.4
5850,8345,85,2024-09-25 19:54:24,2024-09-25 20:21:24,27,Completed,4.3
5851,8346,256,2024-09-12 01:06:28,2024-09-12 01:38:28,32,Completed,3.7
5852,8347,249,2024-01-23 15:20:37,2024-01-23 15:42:37,22,Completed,4.0
5853,8350,204,2023-12-27 07:51:41,2023-12-27 08:14:41,23,Refund Processed,
5854,8351,85,2024-03-20 01:11:03,2024-03-20 01:51:03,40,Completed,3.5
5855,8352,39,2023-08-09 13:51:50,2023-08-09 14:25:50,34,Completed,3.7
5856,8353,177,2023-07-08 23:51:22,2023-07-09 00:41:22,50,Completed,4.8
5857,8356,177,2024-12-06 17:14:48,2024-12-06 17:43:48,29,Refund Processed,
5858,8358,201,2024-10-30 11:09:04,2024-10-30 11:24:04,15,Completed,4.3
5859,8360,140,2023-07-01 18:36:17,2023-07-01 19:13:17,37,Completed,2.6
5860,8362,284,2023-01-01 14:13:31,2023-01-01 14:56:31,43,Completed,3.8
5861,8365,209,2024-06-14 04:51:30,2024-06-14 05:29:30,38,Refund Processed,
5862,8367,221,2023-09-05 14:41:51,2023-09-05 15:11:51,30,Completed,3.1
5863,8369,43,2024-02-25 12:05:58,2024-02-25 12:29:58,24,Completed,4.7
5864,8370,125,2023-10-06 16:14:48,2023-10-06 16:58:48,44,Completed,3.2
5865,8371,245,2024-08-29 09:17:44,2024-08-29 10:09:44,52,Completed,3.1
5866,8372,118,2023-09-13 00:28:00,2023-09-13 00:44:00,16,Completed,3.8
5867,8374,127,2024-01-29 21:49:14,2024-01-29 22:29:14,40,Completed,3.2
5868,8377,243,2024-12-17 00:17:43,2024-12-17 00:59:43,42,Completed,4.0
5869,8378,255,2024-09-13 21:58:49,2024-09-13 22:29:49,31,Completed,4.1
5870,8380,104,2023-10-16 18:55:24,2023-10-16 19:34:24,39,Completed,2.6
5871,8381,240,2024-05-18 07:43:18,2024-05-18 08:07:18,24,Completed,4.1
5872,8382,64,2023-02-01 19:38:50,2023-02-01 20:18:50,40,Completed,2.9
5873,8383,217,2024-11-03 20:58:43,2024-11-03 21:41:43,43,Completed,4.2
5874,8384,221,2023-09-15 13:46:44,2023-09-15 14:35:44,49,Completed,4.2
5875,8386,260,2024-02-16 21:40:19,2024-02-16 21:58:19,18,Completed,4.5
5876,8387,18,2024-09-04 13:06:51,2024-09-04 13:55:51,49,Refund Processed,
5877,8388,125,2023-10-26 12:43:56,2023-10-26 13:20:56,37,Completed,4.1
5878,8389,60,2023-11-20 00:01:35,2023-11-20 00:33:35,32,Completed,4.0
5879,8390,8,2023-11-12 12:04:48,2023-11-12 12:46:48,42,Refund Processed,
5880,8391,276,2023-06-28 11:15:29,2023-06-28 11:33:29,18,Completed,4.8
5881,8392,157,2024-07-03 22:42:49,2024-07-03 23:00:49,18,Completed,3.0
5882,8395,275,2023-09-04 11:13:06,2023-09-04 11:39:06,26,Completed,4.8
5883,8396,232,2024-01-26 13:17:02,2024-01-26 14:00:02,43,Completed,2.9
5884,8397,107,2024-09-13 07:20:44,2024-09-13 07:57:44,37,Completed,4.8
5885,8398,98,2023-10-14 19:26:33,2023-10-14 20:21:33,55,Completed,3.7
5886,8399,12,2024-09-11 20:20:40,2024-09-11 21:09:40,49,Completed,4.2
5887,8400,112,2023-11-24 22:06:01,2023-11-24 22:34:01,28,Refund Processed,
5888,8401,181,2023-11-16 21:13:30,2023-11-16 21:53:30,40,Completed,4.7
5889,8403,181,2023-03-04 21:10:30,2023-03-04 21:39:30,29,Completed,4.0
5890,8406,135,2023-02-24 13:25:41,2023-02-24 13:42:41,17,Refund Processed,
5891,8407,254,2023-10-10 21:01:29,2023-10-10 21:54:29,53,Completed,3.5
5892,8408,273,2023-08-02 09:37:58,2023-08-02 10:19:58,42,Completed,4.4
5893,8409,50,2024-06-02 15:29:18,2024-06-02 16:18:18,49,Completed,5.0
5894,8412,120,2024-11-01 20:17:10,2024-11-01 21:10:10,53,Completed,2.7
5895,8413,15,2023-08-23 16:29:31,2023-08-23 17:11:31,42,Completed,3.6
5896,8414,125,2023-12-09 13:22:40,2023-12-09 13:43:40,21,Completed,4.2
5897,8415,132,2024-08-27 05:34:48,2024-08-27 06:09:48,35,Completed,4.0
5898,8416,205,2023-05-20 16:37:06,2023-05-20 17:16:06,39,Completed,3.9
5899,8418,108,2024-09-13 20:00:03,2024-09-13 20:38:03,38,Completed,4.2
5900,8420,240,2023-12-14 19:54:44,2023-12-14 20:32:44,38,Completed,3.1
5901,8421,296,2024-02-14 22:09:27,2024-02-14 22:28:27,19,Completed,4.4
5902,8422,188,2024-04-23 20:55:51,2024-04-23 21:20:51,25,Completed,2.6
5903,8423,255,2023-11-23 11:55:39,2023-11-23 12:49:39,54,Completed,4.3
5904,8424,247,2023-12-26 16:32:34,2023-12-26 17:15:34,43,Completed,4.8
5905,8425,13,2023-07-04 03:49:17,2023-07-04 04:22:17,33,Completed,2.6
5906,8426,227,2023-09-10 07:43:44,2023-09-10 08:14:44,31,Completed,4.1
5907,8427,37,2023-10-23 01:45:44,2023-10-23 02:28:44,43,Completed,4.4
5908,8431,64,2024-09-22 21:39:48,2024-09-22 22:18:48,39,Refund Processed,
5909,8434,5,2023-12-27 09:20:46,2023-12-27 09:52:46,32,Completed,4.6
5910,8436,66,2024-01-16 20:22:31,2024-01-16 20:48:31,26,Completed,4.8
5911,8437,297,2023-01-10 21:11:48,2023-01-10 21:58:48,47,Completed,2.5
5912,8439,219,2023-12-04 18:07:48,2023-12-04 18:44:48,37,Completed,4.3
5913,8440,296,2024-12-19 14:15:13,2024-12-19 14:31:13,16,Completed,3.5
5914,8441,124,2024-11-16 22:25:29,2024-11-16 22:49:29,24,Completed,3.2
5915,8442,209,2024-02-23 06:40:32,2024-02-23 07:02:32,22,Refund Processed,
5916,8443,20,2024-01-05 09:02:17,2024-01-05 09:52:17,50,Completed,3.1
5917,8444,118,2024-10-13 14:21:31,2024-10-13 14:48:31,27,Completed,4.3
5918,8446,238,2023-02-12 11:30:09,2023-02-12 11:48:09,18,Completed,3.0
5919,8449,129,2024-12-29 15:02:00,2024-12-29 15:39:00,37,Completed,3.5
5920,8450,34,2023-10-08 20:20:43,2023-10-08 20:56:43,36,Completed,3.1
5921,8452,177,2024-07-14 17:05:50,2024-07-14 17:31:50,26,Completed,2.9
5922,8454,210,2024-07-01 17:57:34,2024-07-01 18:23:34,26,Refund Processed,
5923,8457,134,2024-12-17 10:26:23,2024-12-17 11:07:23,41,Completed,4.0
5924,8458,122,2023-11-13 15:02:43,2023-11-13 15:26:43,24,Completed,4.3
5925,8459,58,2024-04-16 22:01:08,2024-04-16 22:26:08,25,Completed,4.6
5926,8462,261,2023-11-13 09:30:49,2023-11-13 09:52:49,22,Completed,2.7
5927,8463,267,2023-08-10 00:19:44,2023-08-10 01:04:44,45,Completed,3.3
5928,8465,180,2023-08-27 10:08:08,2023-08-27 10:51:08,43,Refund Processed,
5929,8466,250,2024-12-18 17:13:13,2024-12-18 18:02:13,49,Completed,4.6
5930,8468,28,2023-11-17 16:33:59,2023-11-17 17:07:59,34,Completed,4.6
5931,8469,85,2024-07-01 11:31:39,2024-07-01 12:10:39,39,Completed,3.3
5932,8470,163,2023-02-03 16:05:21,2023-02-03 16:52:21,47,Refund Processed,
5933,8472,179,2024-08-31 20:20:41,2024-08-31 20:56:41,36,Completed,4.4
5934,8473,119,2024-09-06 12:30:46,2024-09-06 12:45:46,15,Completed,3.3
5935,8474,265,2023-06-08 12:21:33,2023-06-08 13:01:33,40,Completed,3.2
5936,8477,124,2024-04-26 00:38:26,2024-04-26 01:14:26,36,Refund Processed,
5937,8478,46,2024-07-01 06:34:45,2024-07-01 07:11:45,37,Completed,3.8
5938,8479,40,2023-10-17 12:32:54,2023-10-17 13:04:54,32,Completed,4.2
5939,8481,8,2023-05-11 19:49:54,2023-05-11 20:16:54,27,Completed,4.8
5940,8484,177,2023-12-21 14:55:44,2023-12-21 15:10:44,15,Completed,4.7
5941,8485,74,2024-06-27 21:31:06,2024-06-27 22:26:06,55,Completed,4.3
5942,8487,256,2024-10-08 19:13:18,2024-10-08 20:04:18,51,Refund Processed,
5943,8488,77,2024-05-08 22:29:11,2024-05-08 22:46:11,17,Completed,4.1
5944,8492,88,2024-04-27 12:54:03,2024-04-27 13:19:03,25,Completed,3.8
5945,8493,119,2023-06-11 20:49:55,2023-06-11 21:39:55,50,Completed,4.1
5946,8498,144,2023-05-14 23:09:15,2023-05-14 23:50:15,41,Completed,4.7
5947,8499,85,2023-06-16 22:18:59,2023-06-16 22:42:59,24,Completed,3.2
5948,8500,216,2023-10-08 08:16:04,2023-10-08 08:33:04,17,Completed,4.7
