order_id,customer_id,restaurant_id,order_datetime,order_status,subtotal,delivery_fee,discount_amount,gst_amount,total_amount,payment_mode
1,424,52,2024-09-22 01:58:14,Delivered,430.0,25,86.0,18.45,369.0,Wallet
2,1965,112,2023-08-05 06:34:14,Refunded,1060.0,0.0,0.0,53.0,1060.0,UPI
3,788,15,2024-07-02 20:05:52,Delivered,60.0,35,0.0,4.75,95.0,Wallet
4,1692,136,2023-11-19 07:53:56,Refunded,140.0,30,0.0,8.5,170.0,Cash on Delivery
5,1863,135,2024-01-27 12:08:27,Delivered,440.0,20,0.0,23.0,460.0,Cash on Delivery
6,985,32,2024-01-31 15:25:17,Refunded,540.0,0.0,81.0,22.95,459.0,Card
7,181,39,2023-12-24 21:11:31,Delivered,290.0,25,0.0,15.75,315.0,Cash on Delivery
8,1975,16,2024-03-03 21:38:42,Cancelled,1940.0,0.0,100,92.0,1840.0,UPI
9,965,84,2024-02-06 22:53:48,Delivered,280.0,25,28.0,13.85,277.0,Wallet
10,1893,138,2024-08-02 17:36:47,Delivered,1200.0,0.0,0.0,60.0,1200.0,UPI
11,715,114,2024-04-13 10:17:43,Delivered,1170.0,0.0,0.0,58.5,1170.0,Cash on Delivery
12,264,13,2024-02-20 18:04:34,Cancelled,620.0,0.0,100,26.0,520.0,UPI
13,357,33,2024-04-12 17:52:23,Delivered,1090.0,0.0,0.0,54.5,1090.0,UPI
14,1310,62,2024-11-27 20:28:59,Delivered,600.0,0.0,0.0,30.0,600.0,Cash on Delivery
15,1533,126,2024-04-12 18:58:49,Delivered,1500.0,0.0,0.0,75.0,1500.0,UPI
16,660,64,2024-05-23 14:35:58,Pending,830.0,0.0,0.0,41.5,830.0,Card
17,1712,126,2024-05-23 16:27:03,Cancelled,1060.0,0.0,0.0,53.0,1060.0,UPI
18,952,90,2023-07-09 09:56:24,Cancelled,730.0,0.0,0.0,36.5,730.0,Card
19,676,88,2023-01-10 19:50:17,Delivered,570.0,0.0,0.0,28.5,570.0,UPI
20,1525,117,2023-07-06 19:28:25,Delivered,340.0,25,0.0,18.25,365.0,UPI
21,1133,88,2023-01-30 18:44:19,Cancelled,590.0,0.0,59.0,26.55,531.0,UPI
22,688,23,2024-12-06 14:16:54,Cancelled,1780.0,0.0,100,84.0,1680.0,UPI
23,468,10,2023-08-02 23:10:24,Delivered,70.0,40,0.0,5.5,110.0,UPI
24,1060,128,2023-10-28 16:43:12,Delivered,1310.0,0.0,0.0,65.5,1310.0,Wallet
25,965,70,2024-02-23 20:20:53,Cancelled,90.0,40,13.5,5.83,116.5,Card
26,227,66,2024-05-09 11:06:30,Pending,310.0,20,0.0,16.5,330.0,Card
27,1452,27,2024-08-14 14:56:37,Delivered,1640.0,0.0,100,77.0,1540.0,Card
28,471,82,2024-09-23 17:04:01,Delivered,1180.0,0.0,0.0,59.0,1180.0,Card
29,1613,34,2023-08-06 19:52:45,Cancelled,700.0,0.0,0.0,35.0,700.0,UPI
30,597,109,2023-09-21 16:50:11,Cancelled,190.0,35,0.0,11.25,225.0,Card
31,1220,114,2024-02-13 12:01:32,Cancelled,1250.0,0.0,0.0,62.5,1250.0,UPI
32,1597,39,2024-05-31 23:30:50,Delivered,860.0,0.0,0.0,43.0,860.0,UPI
33,415,20,2024-10-15 14:43:32,Cancelled,920.0,0.0,0.0,46.0,920.0,Wallet
34,1577,100,2024-05-03 19:07:26,Cancelled,210.0,35,21.0,11.2,224.0,UPI
35,390,55,2023-01-20 01:11:30,Delivered,690.0,0.0,0.0,34.5,690.0,UPI
36,1016,97,2023-02-06 11:49:51,Delivered,560.0,0.0,100,23.0,460.0,Cash on Delivery
37,301,146,2024-01-28 08:04:12,Refunded,810.0,0.0,0.0,40.5,810.0,UPI
38,1082,88,2024-09-10 11:02:19,Cancelled,860.0,0.0,0.0,43.0,860.0,UPI
39,15,24,2024-10-16 22:30:19,Pending,1380.0,0.0,100,64.0,1280.0,UPI
40,273,114,2023-08-17 19:30:27,Pending,1180.0,0.0,0.0,59.0,1180.0,Cash on Delivery
41,1678,39,2023-03-26 14:33:43,Delivered,1000.0,0.0,0.0,50.0,1000.0,Card
42,679,149,2023-10-23 14:31:29,Delivered,200.0,40,0.0,12.0,240.0,Wallet
43,1493,97,2024-12-18 19:34:36,Delivered,230.0,25,57.5,9.88,197.5,Cash on Delivery
44,1317,64,2024-10-31 13:04:26,Delivered,650.0,0.0,100,27.5,550.0,UPI
45,214,85,2023-06-26 08:25:29,Pending,520.0,0.0,0.0,26.0,520.0,Card
46,1195,19,2023-03-26 13:35:57,Cancelled,310.0,20,0.0,16.5,330.0,Wallet
47,445,11,2024-08-17 13:11:01,Cancelled,780.0,0.0,0.0,39.0,780.0,Cash on Delivery
48,336,124,2024-02-12 17:17:13,Delivered,770.0,0.0,0.0,38.5,770.0,Card
49,1400,127,2024-10-19 06:52:42,Delivered,300.0,20,0.0,16.0,320.0,Card
50,1734,21,2023-03-27 12:54:39,Delivered,840.0,0.0,0.0,42.0,840.0,Net Banking
51,1271,93,2023-11-12 20:06:53,Pending,310.0,20,0.0,16.5,330.0,Card
52,353,91,2023-08-20 14:19:26,Cancelled,520.0,0.0,78.0,22.1,442.0,Card
53,1384,148,2024-11-19 17:25:12,Delivered,1110.0,0.0,0.0,55.5,1110.0,Cash on Delivery
54,474,105,2024-02-11 12:02:18,Cancelled,180.0,30,0.0,10.5,210.0,UPI
55,709,86,2024-02-14 15:21:36,Cancelled,610.0,0.0,0.0,30.5,610.0,Card
56,313,93,2023-03-24 14:17:35,Delivered,770.0,0.0,0.0,38.5,770.0,UPI
57,225,57,2024-07-02 10:51:14,Delivered,1020.0,0.0,0.0,51.0,1020.0,UPI
58,105,140,2024-08-22 20:38:37,Delivered,250.0,40,50.0,12.0,240.0,Wallet
59,1282,81,2024-10-18 22:59:55,Delivered,430.0,15,0.0,22.25,445.0,Card
60,443,5,2024-11-30 21:19:58,Delivered,240.0,35,36.0,11.95,239.0,Cash on Delivery
61,459,1,2023-03-15 21:06:53,Cancelled,300.0,20,30.0,14.5,290.0,UPI
62,554,67,2023-06-06 19:19:29,Delivered,1170.0,0.0,0.0,58.5,1170.0,Net Banking
63,1165,82,2023-10-01 10:34:23,Cancelled,340.0,20,0.0,18.0,360.0,UPI
64,1680,117,2023-07-14 15:52:05,Delivered,1020.0,0.0,0.0,51.0,1020.0,UPI
65,756,98,2024-04-10 10:10:54,Delivered,350.0,20,35.0,16.75,335.0,Card
66,1674,69,2023-09-07 12:40:55,Refunded,780.0,0.0,0.0,39.0,780.0,UPI
67,507,12,2024-12-24 15:27:37,Pending,500.0,0.0,75.0,21.25,425.0,Cash on Delivery
68,351,57,2024-08-04 12:01:03,Delivered,320.0,20,64.0,13.8,276.0,Card
69,1619,98,2023-08-09 12:20:18,Cancelled,510.0,0.0,0.0,25.5,510.0,UPI
70,1116,89,2023-12-31 23:47:55,Cancelled,1040.0,0.0,0.0,52.0,1040.0,UPI
71,225,29,2024-11-08 20:54:42,Delivered,500.0,0.0,0.0,25.0,500.0,UPI
72,783,98,2023-12-02 19:00:56,Cancelled,170.0,25,0.0,9.75,195.0,UPI
73,1332,138,2024-07-15 18:13:32,Delivered,560.0,0.0,0.0,28.0,560.0,Card
74,1818,76,2023-11-14 20:36:22,Cancelled,40.0,35,0.0,3.75,75.0,Cash on Delivery
75,878,105,2024-04-01 10:21:47,Refunded,480.0,20,72.0,21.4,428.0,Card
76,1522,46,2024-02-04 23:04:43,Cancelled,920.0,0.0,100,41.0,820.0,UPI
77,1036,115,2023-08-05 02:05:16,Refunded,60.0,35,9.0,4.3,86.0,UPI
78,1809,138,2024-05-23 13:24:13,Cancelled,160.0,30,24.0,8.3,166.0,Cash on Delivery
79,419,46,2023-06-14 18:16:05,Delivered,1400.0,0.0,100,65.0,1300.0,Card
80,1494,137,2023-06-20 20:56:49,Delivered,510.0,0.0,0.0,25.5,510.0,UPI
81,78,146,2024-09-13 15:31:17,Delivered,500.0,0.0,100.0,20.0,400.0,Wallet
82,1695,100,2024-09-03 12:52:08,Refunded,990.0,0.0,100,44.5,890.0,UPI
83,635,52,2024-10-19 19:03:37,Cancelled,1160.0,0.0,0.0,58.0,1160.0,UPI
84,63,97,2023-10-05 19:09:10,Delivered,1250.0,0.0,0.0,62.5,1250.0,Card
85,1728,69,2024-04-29 23:40:52,Cancelled,1470.0,0.0,100,68.5,1370.0,Card
86,1517,130,2023-07-31 07:44:03,Cancelled,170.0,25,0.0,9.75,195.0,UPI
87,418,90,2023-11-09 14:19:53,Cancelled,520.0,0.0,0.0,26.0,520.0,Cash on Delivery
88,554,123,2024-04-15 13:41:35,Refunded,1940.0,0.0,0.0,97.0,1940.0,Card
89,1444,136,2023-11-27 00:11:31,Delivered,290.0,25,72.5,12.12,242.5,Cash on Delivery
90,137,14,2023-06-17 21:34:42,Delivered,310.0,15,31.0,14.7,294.0,UPI
91,599,23,2023-01-03 10:38:14,Delivered,580.0,0.0,0.0,29.0,580.0,Wallet
92,1983,137,2024-06-13 19:55:46,Delivered,290.0,30,0.0,16.0,320.0,UPI
93,1040,141,2023-11-21 19:34:32,Refunded,900.0,0.0,90.0,40.5,810.0,Card
94,1620,94,2024-02-10 12:56:32,Cancelled,1660.0,0.0,0.0,83.0,1660.0,UPI
95,404,89,2023-08-30 16:36:23,Delivered,570.0,0.0,0.0,28.5,570.0,Net Banking
96,1222,132,2024-08-01 20:48:24,Refunded,1130.0,0.0,0.0,56.5,1130.0,UPI
97,1760,40,2023-07-12 22:20:42,Delivered,90.0,40,0.0,6.5,130.0,UPI
98,1771,146,2024-01-22 18:20:18,Delivered,710.0,0.0,0.0,35.5,710.0,UPI
99,293,149,2023-07-27 13:03:21,Delivered,350.0,25,0.0,18.75,375.0,Cash on Delivery
100,1518,133,2023-09-05 09:42:39,Delivered,540.0,0.0,0.0,27.0,540.0,Card
101,755,124,2023-04-24 03:12:05,Cancelled,660.0,0.0,0.0,33.0,660.0,UPI
102,1606,126,2024-01-18 09:08:04,Delivered,990.0,0.0,0.0,49.5,990.0,Wallet
103,273,141,2023-09-03 09:22:46,Delivered,1260.0,0.0,0.0,63.0,1260.0,Cash on Delivery
104,797,8,2023-08-12 16:11:57,Cancelled,720.0,0.0,0.0,36.0,720.0,UPI
105,1444,136,2023-08-04 18:46:38,Delivered,440.0,20,88.0,18.6,372.0,Card
106,1073,108,2024-12-17 21:22:04,Delivered,1140.0,0.0,0.0,57.0,1140.0,Wallet
107,1605,146,2023-10-24 01:17:54,Delivered,940.0,0.0,0.0,47.0,940.0,UPI
108,1449,86,2023-08-16 20:48:48,Delivered,580.0,0.0,58.0,26.1,522.0,Card
109,1140,62,2023-11-29 12:08:59,Delivered,900.0,0.0,0.0,45.0,900.0,UPI
110,1469,110,2023-07-18 20:48:35,Delivered,580.0,0.0,0.0,29.0,580.0,UPI
111,1441,32,2024-02-14 11:15:01,Delivered,260.0,40,0.0,15.0,300.0,UPI
112,1015,124,2023-08-05 12:35:49,Delivered,2320.0,0.0,0.0,116.0,2320.0,Cash on Delivery
113,989,79,2024-01-01 07:43:18,Delivered,750.0,0.0,75.0,33.75,675.0,Cash on Delivery
114,527,104,2023-07-26 19:49:10,Cancelled,300.0,25,30.0,14.75,295.0,Card
115,405,27,2023-07-18 20:25:55,Cancelled,1270.0,0.0,0.0,63.5,1270.0,Cash on Delivery
116,418,56,2024-01-08 13:35:33,Delivered,2390.0,0.0,0.0,119.5,2390.0,UPI
117,143,60,2024-05-06 19:23:20,Cancelled,460.0,20,46.0,21.7,434.0,UPI
118,1185,17,2024-04-22 21:31:32,Refunded,1170.0,0.0,0.0,58.5,1170.0,UPI
119,1206,88,2024-09-29 23:26:59,Delivered,1350.0,0.0,0.0,67.5,1350.0,Net Banking
120,31,63,2024-11-10 12:08:23,Delivered,190.0,35,0.0,11.25,225.0,Cash on Delivery
121,1136,15,2024-06-08 20:05:31,Cancelled,530.0,0.0,53.0,23.85,477.0,Cash on Delivery
122,1216,35,2024-11-04 08:58:26,Delivered,630.0,0.0,100,26.5,530.0,UPI
123,639,102,2023-01-15 13:19:37,Cancelled,890.0,0.0,0.0,44.5,890.0,Card
124,1321,135,2024-04-14 20:11:55,Pending,1220.0,0.0,0.0,61.0,1220.0,UPI
125,239,96,2023-06-30 14:03:57,Cancelled,120.0,40,0.0,8.0,160.0,UPI
126,571,38,2024-05-30 07:57:25,Cancelled,510.0,0.0,100,20.5,410.0,UPI
127,1931,46,2023-03-15 13:21:42,Refunded,610.0,0.0,0.0,30.5,610.0,Net Banking
128,1576,85,2024-08-03 17:53:26,Delivered,1440.0,0.0,0.0,72.0,1440.0,UPI
129,2,19,2023-12-13 13:37:11,Pending,1230.0,0.0,0.0,61.5,1230.0,Cash on Delivery
130,1647,51,2023-04-07 16:45:44,Delivered,910.0,0.0,0.0,45.5,910.0,UPI
131,1655,15,2023-12-24 13:43:31,Delivered,890.0,0.0,0.0,44.5,890.0,Card
132,1417,127,2023-10-11 17:49:24,Delivered,300.0,20,0.0,16.0,320.0,Cash on Delivery
133,1597,130,2023-02-05 15:29:25,Delivered,880.0,0.0,88.0,39.6,792.0,Cash on Delivery
134,92,64,2023-03-06 15:19:04,Pending,120.0,30,30.0,6.0,120.0,Card
135,1646,111,2023-07-28 15:01:37,Delivered,1020.0,0.0,0.0,51.0,1020.0,Card
136,1039,104,2023-05-21 22:42:03,Delivered,680.0,0.0,0.0,34.0,680.0,Card
137,1599,45,2024-09-29 18:20:56,Refunded,660.0,0.0,0.0,33.0,660.0,Cash on Delivery
138,907,101,2023-07-31 13:23:45,Cancelled,70.0,35,0.0,5.25,105.0,UPI
139,204,146,2024-10-30 20:57:26,Cancelled,130.0,25,0.0,7.75,155.0,UPI
140,405,120,2023-08-17 18:13:03,Delivered,1240.0,0.0,100,57.0,1140.0,UPI
141,236,134,2023-03-22 21:00:41,Delivered,810.0,0.0,81.0,36.45,729.0,Net Banking
142,1100,75,2023-09-21 19:23:39,Delivered,470.0,15,0.0,24.25,485.0,UPI
143,778,29,2023-06-25 21:42:13,Delivered,800.0,0.0,0.0,40.0,800.0,Cash on Delivery
144,491,21,2024-03-14 19:48:23,Delivered,180.0,25,0.0,10.25,205.0,Card
145,1485,144,2023-03-19 10:34:19,Delivered,1020.0,0.0,0.0,51.0,1020.0,UPI
146,683,126,2023-06-03 09:07:42,Delivered,280.0,30,56.0,12.7,254.0,Card
147,1245,69,2023-10-09 14:56:18,Refunded,2800.0,0.0,0.0,140.0,2800.0,UPI
148,478,57,2023-05-23 15:40:03,Delivered,700.0,0.0,0.0,35.0,700.0,UPI
149,379,101,2023-12-18 21:57:59,Delivered,120.0,40,12.0,7.4,148.0,Net Banking
150,1191,76,2023-10-27 16:07:58,Cancelled,260.0,25,52.0,11.65,233.0,UPI
151,650,136,2024-08-30 20:29:10,Cancelled,820.0,0.0,100,36.0,720.0,Cash on Delivery
152,1454,85,2023-12-15 23:55:07,Delivered,340.0,20,0.0,18.0,360.0,UPI
153,1714,27,2024-01-11 06:38:58,Cancelled,1590.0,0.0,0.0,79.5,1590.0,Wallet
154,223,94,2024-01-03 13:56:18,Delivered,390.0,20,97.5,15.62,312.5,Cash on Delivery
155,1886,45,2024-03-26 01:32:28,Delivered,550.0,0.0,0.0,27.5,550.0,Wallet
156,1867,138,2023-01-27 18:55:07,Delivered,660.0,0.0,100,28.0,560.0,UPI
157,1755,121,2023-07-25 18:05:12,Delivered,290.0,30,29.0,14.55,291.0,UPI
158,381,82,2023-02-10 19:13:13,Cancelled,1600.0,0.0,0.0,80.0,1600.0,UPI
159,443,75,2024-09-18 13:08:10,Delivered,200.0,30,0.0,11.5,230.0,UPI
160,519,146,2023-09-19 12:30:41,Cancelled,700.0,0.0,0.0,35.0,700.0,UPI
161,335,96,2024-12-03 09:51:05,Delivered,120.0,35,0.0,7.75,155.0,UPI
162,1940,111,2024-10-08 22:34:14,Delivered,610.0,0.0,0.0,30.5,610.0,Wallet
163,838,96,2024-08-25 17:08:56,Delivered,280.0,30,0.0,15.5,310.0,Cash on Delivery
164,1599,129,2023-08-27 14:42:31,Delivered,540.0,0.0,0.0,27.0,540.0,UPI
165,79,58,2024-02-18 18:09:17,Pending,660.0,0.0,0.0,33.0,660.0,UPI
166,1771,126,2023-12-28 07:17:23,Delivered,490.0,20,49.0,23.05,461.0,Cash on Delivery
167,1154,29,2023-07-10 11:46:42,Delivered,520.0,0.0,0.0,26.0,520.0,UPI
168,1382,89,2024-07-03 18:27:43,Delivered,620.0,0.0,0.0,31.0,620.0,UPI
169,1336,25,2024-04-27 18:00:53,Delivered,560.0,0.0,0.0,28.0,560.0,Wallet
170,701,17,2023-04-03 20:09:02,Delivered,2290.0,0.0,0.0,114.5,2290.0,Wallet
171,1819,129,2024-12-06 13:20:45,Refunded,340.0,25,0.0,18.25,365.0,UPI
172,669,96,2024-11-22 20:50:55,Pending,1170.0,0.0,0.0,58.5,1170.0,Cash on Delivery
173,353,100,2024-12-17 14:48:06,Pending,500.0,0.0,100.0,20.0,400.0,UPI
174,1760,123,2024-05-25 15:10:11,Cancelled,1360.0,0.0,100,63.0,1260.0,Card
175,1155,45,2023-04-15 21:41:44,Delivered,210.0,25,0.0,11.75,235.0,Card
176,977,55,2023-08-12 21:25:30,Delivered,1490.0,0.0,0.0,74.5,1490.0,UPI
177,1267,18,2024-11-09 12:29:17,Delivered,840.0,0.0,0.0,42.0,840.0,Cash on Delivery
178,1834,40,2024-02-12 18:47:02,Delivered,430.0,20,0.0,22.5,450.0,Cash on Delivery
179,166,122,2023-01-16 20:10:22,Delivered,630.0,0.0,0.0,31.5,630.0,Cash on Delivery
180,910,132,2024-10-13 12:09:09,Delivered,1030.0,0.0,100,46.5,930.0,UPI
181,1205,137,2023-07-18 19:28:04,Pending,840.0,0.0,0.0,42.0,840.0,UPI
182,1707,142,2024-04-03 20:50:33,Pending,300.0,15,45.0,13.5,270.0,UPI
183,1602,38,2023-07-11 02:30:02,Delivered,630.0,0.0,100,26.5,530.0,UPI
184,1871,93,2024-07-23 13:45:24,Refunded,110.0,35,0.0,7.25,145.0,UPI
185,652,102,2024-12-02 08:22:31,Delivered,1140.0,0.0,0.0,57.0,1140.0,UPI
186,1197,129,2023-05-25 20:08:44,Delivered,510.0,0.0,76.5,21.68,433.5,Wallet
187,1495,58,2024-04-19 22:59:46,Cancelled,180.0,35,0.0,10.75,215.0,Wallet
188,630,33,2024-11-25 21:27:42,Cancelled,640.0,0.0,0.0,32.0,640.0,UPI
189,28,31,2024-12-30 13:54:37,Refunded,690.0,0.0,0.0,34.5,690.0,UPI
190,79,55,2024-09-14 16:24:50,Delivered,1160.0,0.0,100,53.0,1060.0,Cash on Delivery
191,1538,11,2023-03-03 21:48:27,Cancelled,710.0,0.0,100,30.5,610.0,UPI
192,1605,33,2023-10-27 22:35:27,Delivered,1180.0,0.0,0.0,59.0,1180.0,UPI
193,1328,99,2024-08-12 16:48:22,Delivered,2160.0,0.0,100,103.0,2060.0,Cash on Delivery
194,1272,88,2023-11-23 12:29:02,Delivered,250.0,35,50.0,11.75,235.0,UPI
195,160,70,2023-08-08 04:27:40,Delivered,480.0,20,0.0,25.0,500.0,UPI
196,1347,91,2023-06-10 23:15:50,Pending,200.0,40,30.0,10.5,210.0,UPI
197,62,67,2024-04-28 12:50:00,Delivered,610.0,0.0,0.0,30.5,610.0,UPI
198,560,13,2023-01-10 20:09:54,Delivered,1050.0,0.0,100,47.5,950.0,UPI
199,59,137,2023-01-29 18:37:58,Pending,1010.0,0.0,100,45.5,910.0,UPI
200,428,1,2023-06-24 17:18:16,Delivered,180.0,25,0.0,10.25,205.0,Net Banking
201,1145,67,2023-07-30 13:24:55,Delivered,610.0,0.0,0.0,30.5,610.0,UPI
202,490,140,2023-04-22 04:24:14,Cancelled,100.0,35,0.0,6.75,135.0,Cash on Delivery
203,1659,86,2024-10-01 10:55:56,Delivered,960.0,0.0,0.0,48.0,960.0,UPI
204,1179,52,2023-11-20 07:08:59,Delivered,540.0,0.0,100,22.0,440.0,Cash on Delivery
205,785,82,2024-11-05 14:29:12,Delivered,930.0,0.0,0.0,46.5,930.0,Cash on Delivery
206,260,21,2024-04-14 19:42:50,Delivered,300.0,15,0.0,15.75,315.0,Card
207,1615,93,2024-03-20 22:43:10,Delivered,1120.0,0.0,100,51.0,1020.0,Card
208,1966,136,2024-11-28 11:20:48,Cancelled,360.0,20,0.0,19.0,380.0,Card
209,543,141,2024-03-27 14:18:04,Cancelled,710.0,0.0,0.0,35.5,710.0,Cash on Delivery
210,777,37,2023-10-24 09:20:48,Cancelled,500.0,0.0,100,20.0,400.0,UPI
211,1240,133,2024-05-15 00:14:42,Delivered,120.0,35,30.0,6.25,125.0,Net Banking
212,336,141,2024-02-28 11:04:31,Cancelled,600.0,0.0,0.0,30.0,600.0,UPI
213,1992,93,2023-08-18 13:06:50,Delivered,930.0,0.0,100,41.5,830.0,Card
214,1747,144,2024-09-26 15:17:41,Delivered,690.0,0.0,69.0,31.05,621.0,Wallet
215,895,60,2024-05-22 15:36:02,Pending,1200.0,0.0,100,55.0,1100.0,Card
216,1160,15,2023-01-29 12:01:50,Delivered,50.0,35,12.5,3.62,72.5,Card
217,1052,103,2024-11-26 21:23:58,Pending,40.0,25,0.0,3.25,65.0,Cash on Delivery
218,713,29,2024-01-28 18:51:08,Delivered,300.0,15,0.0,15.75,315.0,Cash on Delivery
219,911,46,2024-08-15 14:58:08,Delivered,1070.0,0.0,0.0,53.5,1070.0,Wallet
220,476,109,2024-05-26 20:35:41,Delivered,1380.0,0.0,0.0,69.0,1380.0,UPI
221,779,84,2023-01-05 13:35:19,Cancelled,380.0,25,57.0,17.4,348.0,UPI
222,786,112,2024-04-20 10:56:05,Delivered,960.0,0.0,0.0,48.0,960.0,UPI
223,1692,114,2023-12-02 11:08:58,Delivered,1850.0,0.0,100,87.5,1750.0,UPI
224,10,32,2024-06-02 19:03:33,Delivered,100.0,35,0.0,6.75,135.0,Net Banking
225,1710,109,2024-07-28 16:08:09,Cancelled,280.0,40,0.0,16.0,320.0,Card
226,1537,136,2024-08-09 20:30:30,Delivered,640.0,0.0,0.0,32.0,640.0,Net Banking
227,1457,24,2023-09-07 23:49:33,Pending,500.0,0.0,0.0,25.0,500.0,UPI
228,571,11,2024-05-10 18:45:48,Delivered,110.0,25,0.0,6.75,135.0,Card
229,1825,24,2023-11-18 20:27:47,Delivered,2540.0,0.0,0.0,127.0,2540.0,UPI
230,348,60,2024-05-24 17:38:26,Refunded,930.0,0.0,0.0,46.5,930.0,Cash on Delivery
231,550,137,2024-05-04 14:45:25,Cancelled,800.0,0.0,0.0,40.0,800.0,UPI
232,861,113,2024-02-08 03:35:16,Delivered,700.0,0.0,0.0,35.0,700.0,Cash on Delivery
233,1403,80,2024-07-17 14:39:13,Delivered,1510.0,0.0,100,70.5,1410.0,UPI
234,1028,126,2023-01-06 10:20:54,Delivered,670.0,0.0,100,28.5,570.0,Net Banking
235,1923,86,2024-12-11 14:43:42,Delivered,180.0,40,45.0,8.75,175.0,UPI
236,220,149,2024-08-05 12:54:22,Delivered,50.0,35,0.0,4.25,85.0,UPI
237,1264,110,2023-04-19 15:14:37,Pending,480.0,25,0.0,25.25,505.0,UPI
238,1838,56,2023-05-23 00:08:43,Delivered,1500.0,0.0,0.0,75.0,1500.0,UPI
239,652,117,2024-12-19 12:21:55,Delivered,1570.0,0.0,0.0,78.5,1570.0,Cash on Delivery
240,93,5,2023-12-17 09:15:10,Delivered,310.0,25,0.0,16.75,335.0,Cash on Delivery
241,1990,45,2024-08-20 08:27:10,Cancelled,70.0,25,0.0,4.75,95.0,Cash on Delivery
242,431,98,2024-04-20 13:35:21,Delivered,730.0,0.0,73.0,32.85,657.0,Card
243,1107,119,2023-09-15 16:06:10,Delivered,860.0,0.0,0.0,43.0,860.0,UPI
244,28,124,2024-09-20 17:45:09,Delivered,1080.0,0.0,0.0,54.0,1080.0,UPI
245,1111,113,2024-05-08 12:22:21,Pending,1500.0,0.0,0.0,75.0,1500.0,UPI
246,720,26,2023-03-31 21:49:56,Delivered,310.0,25,0.0,16.75,335.0,UPI
247,545,38,2023-01-16 12:22:30,Refunded,1030.0,0.0,0.0,51.5,1030.0,Card
248,1224,68,2024-06-29 12:44:17,Cancelled,410.0,20,0.0,21.5,430.0,Card
249,1965,110,2023-05-27 19:37:49,Cancelled,280.0,40,0.0,16.0,320.0,UPI
250,1743,131,2023-08-20 07:24:25,Delivered,160.0,25,0.0,9.25,185.0,UPI
251,402,105,2024-04-07 19:03:16,Delivered,1470.0,0.0,0.0,73.5,1470.0,Card
252,1799,66,2024-07-21 20:38:43,Cancelled,580.0,0.0,0.0,29.0,580.0,UPI
253,788,125,2023-11-19 11:43:14,Delivered,540.0,0.0,0.0,27.0,540.0,Net Banking
254,1105,38,2024-03-22 14:44:04,Delivered,1620.0,0.0,0.0,81.0,1620.0,Wallet
255,1794,92,2023-08-04 08:02:20,Delivered,660.0,0.0,0.0,33.0,660.0,UPI
256,1987,67,2023-01-25 22:46:35,Delivered,450.0,25,0.0,23.75,475.0,Wallet
257,1418,84,2023-10-10 15:20:28,Delivered,740.0,0.0,0.0,37.0,740.0,Net Banking
258,1906,75,2024-10-19 18:51:43,Cancelled,670.0,0.0,67.0,30.15,603.0,Cash on Delivery
259,3,51,2023-10-29 17:09:30,Delivered,940.0,0.0,100,42.0,840.0,Cash on Delivery
260,2000,130,2024-06-14 20:20:53,Delivered,340.0,25,0.0,18.25,365.0,UPI
261,271,81,2023-02-28 12:50:17,Cancelled,180.0,40,0.0,11.0,220.0,UPI
262,1963,69,2023-03-30 14:04:12,Delivered,2280.0,0.0,0.0,114.0,2280.0,Net Banking
263,650,97,2023-08-20 21:10:06,Refunded,640.0,0.0,0.0,32.0,640.0,Wallet
264,1628,63,2023-02-09 09:26:09,Delivered,460.0,25,69.0,20.8,416.0,UPI
265,378,6,2023-12-22 18:26:02,Delivered,330.0,25,0.0,17.75,355.0,Wallet
266,361,75,2023-10-18 22:43:49,Delivered,320.0,25,0.0,17.25,345.0,Card
267,346,95,2023-11-10 12:39:11,Delivered,260.0,25,0.0,14.25,285.0,UPI
268,1710,97,2023-05-03 17:24:08,Cancelled,1400.0,0.0,100,65.0,1300.0,Wallet
269,267,39,2023-09-11 14:47:29,Delivered,440.0,25,0.0,23.25,465.0,Card
270,306,143,2024-11-20 19:01:07,Pending,1830.0,0.0,0.0,91.5,1830.0,UPI
271,1148,1,2024-05-17 14:53:55,Pending,320.0,20,0.0,17.0,340.0,Card
272,937,82,2023-08-01 21:16:00,Delivered,380.0,20,95.0,15.25,305.0,Card
273,1235,113,2023-09-27 16:09:55,Delivered,350.0,15,0.0,18.25,365.0,Cash on Delivery
274,47,121,2023-02-27 18:27:25,Delivered,80.0,40,0.0,6.0,120.0,Net Banking
275,1060,23,2023-12-21 09:43:53,Delivered,2570.0,0.0,0.0,128.5,2570.0,Wallet
276,1566,119,2023-08-19 13:02:13,Delivered,520.0,0.0,0.0,26.0,520.0,UPI
277,1304,16,2024-06-04 06:04:35,Delivered,1000.0,0.0,0.0,50.0,1000.0,Cash on Delivery
278,1340,39,2024-06-16 19:40:45,Delivered,860.0,0.0,0.0,43.0,860.0,Cash on Delivery
279,1315,93,2024-05-12 11:38:01,Delivered,560.0,0.0,84.0,23.8,476.0,UPI
280,169,60,2024-08-27 19:28:57,Delivered,2830.0,0.0,0.0,141.5,2830.0,Cash on Delivery
281,1498,19,2024-07-16 12:31:31,Cancelled,1180.0,0.0,0.0,59.0,1180.0,UPI
282,537,101,2023-02-15 11:52:56,Cancelled,130.0,35,32.5,6.62,132.5,UPI
283,508,81,2023-04-23 22:47:11,Delivered,500.0,0.0,100.0,20.0,400.0,Cash on Delivery
284,1786,131,2024-12-16 12:14:23,Refunded,50.0,25,0.0,3.75,75.0,UPI
285,1309,146,2023-06-07 21:02:11,Refunded,290.0,35,0.0,16.25,325.0,Net Banking
286,670,112,2024-10-03 10:36:29,Delivered,570.0,0.0,0.0,28.5,570.0,UPI
287,7,42,2024-12-27 14:06:30,Delivered,620.0,0.0,62.0,27.9,558.0,Card
288,532,122,2024-10-08 21:27:17,Delivered,720.0,0.0,100,31.0,620.0,Cash on Delivery
289,1834,27,2024-12-12 22:44:11,Pending,940.0,0.0,100,42.0,840.0,UPI
290,1979,148,2023-06-12 11:57:05,Delivered,750.0,0.0,100,32.5,650.0,UPI
291,806,82,2023-07-19 22:51:25,Delivered,930.0,0.0,100,41.5,830.0,Card
292,1677,50,2024-10-18 19:58:52,Delivered,310.0,20,0.0,16.5,330.0,Wallet
293,410,119,2024-07-27 20:35:22,Pending,430.0,20,86.0,18.2,364.0,Card
294,746,81,2024-07-04 20:05:34,Delivered,90.0,30,9.0,5.55,111.0,Wallet
295,1823,123,2023-12-29 13:59:02,Cancelled,1260.0,0.0,0.0,63.0,1260.0,Net Banking
296,904,26,2023-07-05 11:42:12,Delivered,450.0,15,67.5,19.88,397.5,Wallet
297,1961,75,2024-12-22 21:30:43,Delivered,300.0,20,45.0,13.75,275.0,Card
298,1021,108,2024-03-11 11:17:31,Delivered,290.0,30,0.0,16.0,320.0,UPI
299,973,76,2023-05-15 10:41:51,Delivered,260.0,35,0.0,14.75,295.0,Card
300,1282,23,2024-08-01 13:59:24,Refunded,980.0,0.0,0.0,49.0,980.0,Card
301,1307,19,2023-11-19 14:35:06,Delivered,1890.0,0.0,0.0,94.5,1890.0,UPI
302,446,31,2024-09-27 20:44:25,Delivered,360.0,15,0.0,18.75,375.0,Card
303,626,131,2024-10-15 12:10:24,Delivered,100.0,35,10.0,6.25,125.0,UPI
304,480,48,2023-12-05 19:32:11,Delivered,1990.0,0.0,100,94.5,1890.0,Net Banking
305,1677,68,2024-05-22 02:40:03,Cancelled,780.0,0.0,0.0,39.0,780.0,Card
306,1244,115,2024-10-31 21:22:51,Pending,500.0,0.0,75.0,21.25,425.0,Cash on Delivery
307,772,140,2023-03-06 14:19:16,Delivered,940.0,0.0,0.0,47.0,940.0,UPI
308,1011,24,2023-11-03 18:06:29,Refunded,600.0,0.0,90.0,25.5,510.0,UPI
309,1268,72,2023-12-26 10:32:19,Cancelled,560.0,0.0,0.0,28.0,560.0,UPI
310,1875,58,2024-01-08 01:44:35,Delivered,180.0,25,0.0,10.25,205.0,UPI
311,1326,115,2024-02-02 17:03:09,Cancelled,370.0,25,55.5,16.98,339.5,UPI
312,818,141,2024-04-06 07:50:54,Delivered,1520.0,0.0,100,71.0,1420.0,Cash on Delivery
313,365,129,2023-09-08 08:07:44,Delivered,1010.0,0.0,100,45.5,910.0,Card
314,1068,64,2024-11-08 13:51:22,Delivered,100.0,25,0.0,6.25,125.0,UPI
315,1136,45,2023-08-13 14:09:16,Delivered,110.0,25,0.0,6.75,135.0,UPI
316,1023,96,2023-01-14 12:55:04,Delivered,340.0,15,68.0,14.35,287.0,Card
317,1782,75,2023-09-25 06:45:31,Delivered,800.0,0.0,100,35.0,700.0,Cash on Delivery
318,388,129,2024-01-27 19:05:38,Cancelled,1700.0,0.0,0.0,85.0,1700.0,Card
319,752,21,2024-04-25 13:29:47,Delivered,870.0,0.0,0.0,43.5,870.0,Cash on Delivery
320,928,19,2024-07-30 18:33:51,Refunded,970.0,0.0,100,43.5,870.0,UPI
321,1774,69,2023-08-10 21:34:29,Cancelled,890.0,0.0,0.0,44.5,890.0,Wallet
322,998,133,2024-11-21 12:34:22,Refunded,480.0,25,96.0,20.45,409.0,Net Banking
323,1544,103,2023-06-19 22:58:02,Delivered,2060.0,0.0,0.0,103.0,2060.0,UPI
324,460,62,2024-02-08 12:26:30,Refunded,300.0,25,75.0,12.5,250.0,UPI
325,75,77,2023-09-16 13:10:38,Delivered,550.0,0.0,100,22.5,450.0,UPI
326,240,51,2024-06-30 13:04:22,Delivered,1390.0,0.0,0.0,69.5,1390.0,UPI
327,36,93,2024-12-02 18:24:11,Pending,1550.0,0.0,0.0,77.5,1550.0,Card
328,187,8,2023-06-04 12:51:47,Cancelled,320.0,15,32.0,15.15,303.0,Wallet
329,196,37,2023-04-29 15:09:07,Pending,2420.0,0.0,0.0,121.0,2420.0,Card
330,1081,19,2024-03-27 12:43:59,Cancelled,210.0,25,0.0,11.75,235.0,Card
331,174,68,2023-01-26 16:04:31,Delivered,1660.0,0.0,0.0,83.0,1660.0,Card
332,1387,81,2024-12-21 17:45:21,Cancelled,840.0,0.0,100,37.0,740.0,Card
333,657,16,2024-12-28 19:30:20,Refunded,840.0,0.0,0.0,42.0,840.0,Wallet
334,401,144,2024-05-29 19:44:44,Cancelled,840.0,0.0,0.0,42.0,840.0,Wallet
335,854,111,2024-04-15 15:05:37,Cancelled,1600.0,0.0,0.0,80.0,1600.0,UPI
336,1319,35,2024-07-26 19:02:30,Refunded,2190.0,0.0,0.0,109.5,2190.0,Wallet
337,1554,120,2023-06-06 18:30:34,Delivered,360.0,25,54.0,16.55,331.0,UPI
338,1286,138,2023-08-14 20:21:27,Delivered,360.0,25,0.0,19.25,385.0,Net Banking
339,1873,123,2023-04-04 08:26:15,Delivered,720.0,0.0,100,31.0,620.0,UPI
340,345,85,2023-03-24 22:52:18,Cancelled,300.0,15,0.0,15.75,315.0,Cash on Delivery
341,977,109,2024-10-13 22:31:11,Delivered,1060.0,0.0,0.0,53.0,1060.0,UPI
342,1512,134,2023-06-24 16:10:46,Cancelled,1000.0,0.0,0.0,50.0,1000.0,UPI
343,1093,89,2024-07-31 23:53:05,Delivered,3840.0,0.0,100,187.0,3740.0,UPI
344,481,17,2024-02-14 18:48:44,Cancelled,1970.0,0.0,100,93.5,1870.0,UPI
345,532,111,2024-06-21 14:46:50,Delivered,640.0,0.0,0.0,32.0,640.0,Cash on Delivery
346,890,97,2024-03-06 18:05:11,Cancelled,270.0,35,27.0,13.9,278.0,UPI
347,668,26,2023-02-17 10:11:40,Delivered,930.0,0.0,93.0,41.85,837.0,Net Banking
348,443,85,2024-02-22 09:09:23,Delivered,270.0,40,0.0,15.5,310.0,Card
349,1755,95,2024-09-09 21:12:32,Delivered,480.0,25,0.0,25.25,505.0,Cash on Delivery
350,1577,40,2024-06-21 18:11:11,Delivered,350.0,25,0.0,18.75,375.0,Wallet
351,494,34,2024-07-31 14:17:33,Delivered,380.0,25,0.0,20.25,405.0,Wallet
352,1539,62,2024-10-14 15:35:20,Cancelled,300.0,25,0.0,16.25,325.0,Cash on Delivery
353,1257,142,2024-06-10 08:26:17,Delivered,900.0,0.0,0.0,45.0,900.0,UPI
354,1387,81,2024-06-01 19:50:11,Delivered,750.0,0.0,0.0,37.5,750.0,Card
355,1238,23,2024-07-13 23:13:34,Cancelled,1730.0,0.0,0.0,86.5,1730.0,Cash on Delivery
356,1725,25,2024-06-22 13:15:50,Delivered,660.0,0.0,0.0,33.0,660.0,Cash on Delivery
357,792,140,2024-02-12 13:42:08,Cancelled,120.0,35,0.0,7.75,155.0,Card
358,1075,92,2024-08-27 13:39:39,Delivered,120.0,40,12.0,7.4,148.0,UPI
359,890,109,2024-04-18 11:38:12,Delivered,710.0,0.0,0.0,35.5,710.0,UPI
360,949,52,2023-01-25 06:47:11,Refunded,120.0,40,0.0,8.0,160.0,UPI
361,702,121,2023-11-07 19:52:04,Delivered,730.0,0.0,0.0,36.5,730.0,UPI
362,1462,51,2023-09-28 13:19:51,Pending,1320.0,0.0,0.0,66.0,1320.0,UPI
363,719,11,2024-06-11 23:50:25,Delivered,1540.0,0.0,0.0,77.0,1540.0,Cash on Delivery
364,992,46,2024-04-21 14:36:18,Refunded,1270.0,0.0,0.0,63.5,1270.0,Card
365,1013,104,2024-03-29 14:58:09,Pending,140.0,25,0.0,8.25,165.0,Wallet
366,1090,75,2023-08-01 11:16:15,Delivered,260.0,30,65.0,11.25,225.0,UPI
367,597,126,2023-12-13 15:38:05,Delivered,2430.0,0.0,0.0,121.5,2430.0,UPI
368,118,70,2023-12-09 12:27:20,Cancelled,820.0,0.0,100,36.0,720.0,UPI
369,1520,127,2024-11-24 12:22:28,Delivered,170.0,25,34.0,8.05,161.0,UPI
370,276,136,2023-10-05 18:00:35,Delivered,620.0,0.0,0.0,31.0,620.0,UPI
371,1052,137,2023-06-25 07:54:15,Delivered,290.0,25,0.0,15.75,315.0,Wallet
372,1169,68,2024-04-30 19:23:56,Delivered,400.0,15,0.0,20.75,415.0,Card
373,1326,1,2024-07-21 01:19:32,Cancelled,260.0,35,26.0,13.45,269.0,Card
374,170,60,2023-06-11 20:04:45,Cancelled,1750.0,0.0,0.0,87.5,1750.0,Cash on Delivery
375,79,130,2023-11-13 14:43:14,Delivered,590.0,0.0,0.0,29.5,590.0,Wallet
376,1308,75,2024-04-04 23:23:00,Pending,270.0,25,0.0,14.75,295.0,UPI
377,165,117,2023-09-11 20:45:42,Cancelled,500.0,0.0,0.0,25.0,500.0,UPI
378,358,128,2024-06-19 17:58:33,Delivered,1300.0,0.0,0.0,65.0,1300.0,Card
379,1418,117,2024-08-15 13:35:33,Delivered,690.0,0.0,0.0,34.5,690.0,Cash on Delivery
380,1557,120,2023-06-11 12:47:20,Cancelled,400.0,15,60.0,17.75,355.0,UPI
381,1140,93,2024-02-29 03:25:17,Delivered,290.0,40,72.5,12.88,257.5,Card
382,1828,129,2023-07-02 15:09:28,Cancelled,370.0,20,0.0,19.5,390.0,Wallet
383,1309,39,2024-02-01 20:43:18,Cancelled,680.0,0.0,0.0,34.0,680.0,UPI
384,201,96,2024-06-19 09:40:55,Delivered,700.0,0.0,0.0,35.0,700.0,UPI
385,899,32,2024-08-12 13:08:22,Cancelled,390.0,20,0.0,20.5,410.0,UPI
386,1112,130,2024-01-11 18:07:03,Delivered,300.0,15,60.0,12.75,255.0,Wallet
387,1876,43,2023-05-20 22:21:26,Delivered,1770.0,0.0,0.0,88.5,1770.0,UPI
388,713,66,2024-02-12 10:05:57,Delivered,810.0,0.0,100,35.5,710.0,UPI
389,1443,98,2023-03-08 21:58:40,Refunded,600.0,0.0,60.0,27.0,540.0,UPI
390,433,40,2024-11-10 20:29:19,Refunded,170.0,30,17.0,9.15,183.0,Card
391,196,143,2023-03-04 15:41:51,Delivered,450.0,20,100,18.5,370.0,UPI
392,716,46,2024-02-25 20:26:56,Delivered,1730.0,0.0,100,81.5,1630.0,UPI
393,654,78,2024-07-13 18:48:29,Delivered,290.0,35,0.0,16.25,325.0,Card
394,322,108,2024-04-04 14:24:44,Pending,850.0,0.0,0.0,42.5,850.0,Cash on Delivery
395,273,114,2023-11-09 07:53:43,Refunded,990.0,0.0,99.0,44.55,891.0,Card
396,1584,1,2024-05-08 20:00:23,Refunded,90.0,40,0.0,6.5,130.0,UPI
397,1867,97,2024-09-10 18:30:36,Delivered,280.0,30,0.0,15.5,310.0,Cash on Delivery
398,1236,8,2023-07-06 19:50:39,Cancelled,120.0,35,0.0,7.75,155.0,Card
399,707,76,2023-09-01 07:33:16,Delivered,110.0,25,0.0,6.75,135.0,Net Banking
400,311,40,2023-12-21 14:58:42,Delivered,60.0,25,0.0,4.25,85.0,UPI
401,1739,146,2023-07-02 21:28:53,Delivered,1280.0,0.0,0.0,64.0,1280.0,Card
402,923,141,2023-12-16 00:01:19,Delivered,600.0,0.0,0.0,30.0,600.0,Card
403,257,142,2024-10-14 16:07:21,Delivered,300.0,25,60.0,13.25,265.0,Cash on Delivery
404,419,133,2023-01-09 21:46:46,Cancelled,660.0,0.0,0.0,33.0,660.0,UPI
405,538,61,2023-03-15 10:16:16,Cancelled,300.0,25,60.0,13.25,265.0,Net Banking
406,1603,23,2023-07-23 10:01:50,Refunded,3250.0,0.0,0.0,162.5,3250.0,Cash on Delivery
407,1384,148,2023-09-29 21:47:17,Pending,1580.0,0.0,0.0,79.0,1580.0,Card
408,1520,51,2024-04-14 10:44:49,Delivered,530.0,0.0,0.0,26.5,530.0,Card
409,1557,43,2024-09-05 07:22:26,Delivered,560.0,0.0,0.0,28.0,560.0,UPI
410,246,14,2023-03-14 07:14:20,Cancelled,470.0,20,0.0,24.5,490.0,Card
411,320,95,2024-09-11 01:00:57,Refunded,310.0,20,0.0,16.5,330.0,Cash on Delivery
412,1962,24,2024-02-22 23:30:51,Delivered,1140.0,0.0,100,52.0,1040.0,Card
413,1532,91,2023-08-26 11:11:51,Delivered,1000.0,0.0,0.0,50.0,1000.0,Card
414,1369,39,2024-08-19 21:29:23,Delivered,540.0,0.0,100,22.0,440.0,Cash on Delivery
415,1931,67,2023-11-12 15:44:52,Delivered,1770.0,0.0,100,83.5,1670.0,Card
416,1830,98,2023-12-30 12:31:33,Delivered,250.0,35,0.0,14.25,285.0,Cash on Delivery
417,1318,135,2023-07-21 20:40:04,Delivered,440.0,20,0.0,23.0,460.0,Wallet
418,38,132,2023-07-12 10:41:44,Delivered,1060.0,0.0,100,48.0,960.0,UPI
419,1884,109,2024-02-12 00:14:54,Delivered,1590.0,0.0,0.0,79.5,1590.0,UPI
420,753,143,2023-07-04 19:17:08,Refunded,140.0,35,14.0,8.05,161.0,Cash on Delivery
421,1626,15,2023-09-02 08:51:54,Cancelled,50.0,40,0.0,4.5,90.0,Card
422,397,67,2024-05-28 12:27:49,Delivered,2250.0,0.0,0.0,112.5,2250.0,UPI
423,1525,129,2023-07-25 06:05:39,Delivered,430.0,20,0.0,22.5,450.0,UPI
424,397,40,2023-06-17 14:16:17,Delivered,610.0,0.0,0.0,30.5,610.0,Cash on Delivery
425,1528,68,2024-10-30 15:21:07,Delivered,680.0,0.0,0.0,34.0,680.0,Net Banking
426,797,37,2024-03-18 08:12:49,Delivered,1020.0,0.0,100,46.0,920.0,Wallet
427,899,136,2024-01-28 19:00:06,Delivered,140.0,40,0.0,9.0,180.0,UPI
428,68,51,2024-07-22 18:19:01,Delivered,1330.0,0.0,100,61.5,1230.0,Cash on Delivery
429,1244,111,2023-07-15 18:12:41,Delivered,300.0,20,30.0,14.5,290.0,Card
430,526,46,2024-11-21 05:35:25,Cancelled,1850.0,0.0,100,87.5,1750.0,UPI
431,1241,31,2024-07-31 13:13:19,Refunded,700.0,0.0,0.0,35.0,700.0,Wallet
432,1698,72,2023-06-03 23:01:12,Delivered,1380.0,0.0,100,64.0,1280.0,UPI
433,1953,1,2023-08-15 09:05:07,Cancelled,390.0,25,39.0,18.8,376.0,UPI
434,1744,21,2024-08-14 11:03:39,Pending,580.0,0.0,0.0,29.0,580.0,Wallet
435,1208,117,2024-07-13 22:09:20,Delivered,1350.0,0.0,0.0,67.5,1350.0,Wallet
436,1702,25,2024-06-26 13:55:15,Delivered,1020.0,0.0,0.0,51.0,1020.0,UPI
437,1462,104,2024-01-22 12:32:25,Delivered,40.0,35,0.0,3.75,75.0,UPI
438,1034,43,2023-08-12 13:18:02,Delivered,1650.0,0.0,100,77.5,1550.0,Card
439,281,75,2024-02-12 12:49:47,Refunded,460.0,15,100,18.75,375.0,UPI
440,1202,18,2024-06-18 06:18:27,Refunded,1220.0,0.0,0.0,61.0,1220.0,Card
441,683,109,2023-08-31 09:23:03,Delivered,450.0,25,0.0,23.75,475.0,UPI
442,1969,119,2024-04-04 13:51:25,Delivered,170.0,40,0.0,10.5,210.0,Card
443,721,46,2023-10-02 13:21:47,Refunded,1250.0,0.0,0.0,62.5,1250.0,Cash on Delivery
444,1406,130,2023-11-19 15:35:35,Refunded,270.0,25,27.0,13.4,268.0,Card
445,1133,26,2024-05-01 19:29:25,Delivered,240.0,30,0.0,13.5,270.0,Cash on Delivery
446,1926,101,2024-02-29 13:43:25,Delivered,240.0,30,0.0,13.5,270.0,UPI
447,816,99,2024-07-04 10:43:19,Cancelled,3370.0,0.0,0.0,168.5,3370.0,Card
448,1282,20,2024-08-08 16:13:24,Delivered,1600.0,0.0,0.0,80.0,1600.0,UPI
449,598,50,2023-08-17 10:49:14,Delivered,340.0,15,51.0,15.2,304.0,Cash on Delivery
450,876,97,2024-09-01 18:33:50,Delivered,970.0,0.0,0.0,48.5,970.0,UPI
451,1592,104,2023-07-13 08:20:14,Delivered,400.0,15,0.0,20.75,415.0,Cash on Delivery
452,1616,96,2023-10-29 13:42:48,Pending,500.0,0.0,75.0,21.25,425.0,UPI
453,1550,37,2023-07-26 13:31:57,Delivered,1580.0,0.0,0.0,79.0,1580.0,Card
454,103,57,2024-02-10 17:43:57,Refunded,2000.0,0.0,0.0,100.0,2000.0,Cash on Delivery
455,137,75,2024-05-09 19:41:38,Delivered,650.0,0.0,0.0,32.5,650.0,UPI
456,1606,13,2023-08-15 09:43:46,Delivered,410.0,20,41.0,19.45,389.0,Card
457,825,60,2023-06-23 12:54:56,Delivered,300.0,15,0.0,15.75,315.0,Wallet
458,1990,81,2024-11-03 17:45:14,Delivered,340.0,25,0.0,18.25,365.0,Card
459,307,111,2023-07-27 13:57:50,Refunded,380.0,15,0.0,19.75,395.0,Cash on Delivery
460,1914,51,2023-09-03 21:32:49,Refunded,160.0,40,0.0,10.0,200.0,Wallet
461,431,18,2024-04-07 19:57:52,Refunded,30.0,35,4.5,3.03,60.5,Wallet
462,469,17,2023-08-09 11:39:14,Delivered,760.0,0.0,0.0,38.0,760.0,UPI
463,1934,10,2023-11-22 19:16:37,Delivered,340.0,15,0.0,17.75,355.0,Wallet
464,630,138,2023-10-04 21:54:09,Refunded,660.0,0.0,99.0,28.05,561.0,UPI
465,910,80,2023-10-18 22:23:53,Cancelled,200.0,30,40.0,9.5,190.0,UPI
466,557,67,2023-03-05 21:26:19,Delivered,1410.0,0.0,100,65.5,1310.0,UPI
467,1263,12,2024-03-21 03:46:20,Delivered,750.0,0.0,100,32.5,650.0,Card
468,432,124,2023-10-11 19:14:14,Pending,590.0,0.0,0.0,29.5,590.0,UPI
469,606,14,2023-06-03 17:34:31,Refunded,260.0,40,0.0,15.0,300.0,UPI
470,1577,120,2023-12-27 14:07:36,Refunded,340.0,15,0.0,17.75,355.0,Wallet
471,904,112,2024-03-17 13:06:12,Delivered,1340.0,0.0,0.0,67.0,1340.0,UPI
472,1449,123,2023-02-02 19:38:04,Cancelled,260.0,30,0.0,14.5,290.0,UPI
473,1299,98,2024-12-06 20:46:40,Delivered,680.0,0.0,0.0,34.0,680.0,UPI
474,1686,131,2024-06-21 20:24:55,Refunded,560.0,0.0,100,23.0,460.0,Card
475,234,39,2023-11-15 03:08:31,Pending,760.0,0.0,100,33.0,660.0,Card
476,4,123,2024-01-03 20:00:56,Refunded,240.0,30,0.0,13.5,270.0,Card
477,41,133,2023-12-25 14:31:36,Refunded,500.0,0.0,100.0,20.0,400.0,Card
478,876,113,2023-06-07 18:38:44,Delivered,1190.0,0.0,0.0,59.5,1190.0,UPI
479,1858,121,2023-11-06 12:33:46,Cancelled,690.0,0.0,0.0,34.5,690.0,UPI
480,955,32,2024-08-01 09:07:24,Delivered,530.0,0.0,100,21.5,430.0,Cash on Delivery
481,772,85,2024-08-06 09:22:11,Delivered,200.0,40,0.0,12.0,240.0,Card
482,237,70,2024-08-28 17:13:19,Delivered,230.0,40,0.0,13.5,270.0,Card
483,1688,111,2023-10-12 06:38:32,Cancelled,400.0,25,0.0,21.25,425.0,UPI
484,729,117,2023-05-09 20:08:40,Delivered,250.0,35,0.0,14.25,285.0,UPI
485,1525,78,2024-02-08 22:44:55,Cancelled,320.0,15,64.0,13.55,271.0,UPI
486,483,31,2023-07-24 18:31:27,Delivered,960.0,0.0,0.0,48.0,960.0,Card
487,506,18,2023-11-13 16:56:56,Refunded,470.0,25,0.0,24.75,495.0,UPI
488,1611,114,2023-07-23 01:09:29,Refunded,1180.0,0.0,0.0,59.0,1180.0,UPI
489,1104,76,2024-04-19 21:39:35,Cancelled,180.0,30,0.0,10.5,210.0,Net Banking
490,642,101,2024-11-20 18:06:12,Delivered,700.0,0.0,0.0,35.0,700.0,UPI
491,1881,96,2023-11-20 23:00:43,Pending,1370.0,0.0,100,63.5,1270.0,UPI
492,590,66,2024-12-10 06:51:06,Cancelled,570.0,0.0,0.0,28.5,570.0,Cash on Delivery
493,490,26,2023-01-20 14:49:51,Delivered,620.0,0.0,0.0,31.0,620.0,UPI
494,988,75,2024-02-04 05:38:08,Delivered,1090.0,0.0,100,49.5,990.0,Cash on Delivery
495,20,122,2023-07-23 12:27:12,Cancelled,570.0,0.0,100,23.5,470.0,Card
496,341,33,2024-05-14 18:41:09,Delivered,810.0,0.0,81.0,36.45,729.0,UPI
497,1173,96,2024-10-25 10:20:53,Delivered,1730.0,0.0,100,81.5,1630.0,Card
498,596,90,2023-04-25 14:51:30,Delivered,380.0,20,0.0,20.0,400.0,Net Banking
499,1166,104,2023-10-27 20:46:41,Delivered,440.0,20,0.0,23.0,460.0,Card
500,493,15,2024-07-18 09:56:19,Cancelled,1030.0,0.0,100,46.5,930.0,UPI
501,1875,43,2023-10-02 11:27:42,Delivered,60.0,35,0.0,4.75,95.0,Card
502,1792,109,2023-08-23 06:34:42,Cancelled,1000.0,0.0,100,45.0,900.0,Cash on Delivery
503,1760,25,2023-06-15 18:52:05,Refunded,270.0,30,40.5,12.98,259.5,Card
504,1499,110,2024-04-05 18:37:51,Delivered,580.0,0.0,0.0,29.0,580.0,Card
505,1258,100,2024-03-02 18:33:00,Delivered,800.0,0.0,0.0,40.0,800.0,Card
506,1458,56,2023-09-19 07:12:33,Delivered,650.0,0.0,0.0,32.5,650.0,Cash on Delivery
507,1132,96,2024-08-13 12:36:13,Cancelled,340.0,15,34.0,16.05,321.0,Cash on Delivery
508,1823,123,2023-12-17 16:47:40,Delivered,1600.0,0.0,0.0,80.0,1600.0,Cash on Delivery
509,1176,111,2023-05-18 08:47:43,Cancelled,1210.0,0.0,0.0,60.5,1210.0,Cash on Delivery
510,15,10,2023-12-13 06:15:24,Delivered,1720.0,0.0,0.0,86.0,1720.0,Net Banking
511,1102,16,2023-12-09 06:50:44,Refunded,1730.0,0.0,0.0,86.5,1730.0,Cash on Delivery
512,1801,93,2024-03-27 14:48:27,Refunded,1870.0,0.0,0.0,93.5,1870.0,UPI
513,1473,148,2024-11-21 12:53:48,Delivered,530.0,0.0,0.0,26.5,530.0,UPI
514,1438,6,2023-04-11 07:09:58,Delivered,900.0,0.0,0.0,45.0,900.0,Card
515,556,119,2023-06-09 11:08:06,Pending,990.0,0.0,100,44.5,890.0,UPI
516,832,11,2023-06-17 12:25:21,Delivered,110.0,30,22.0,5.9,118.0,Net Banking
517,954,27,2024-06-15 18:43:31,Delivered,2190.0,0.0,0.0,109.5,2190.0,Net Banking
518,1652,100,2023-10-13 14:23:20,Refunded,240.0,30,0.0,13.5,270.0,Card
519,916,16,2023-07-03 12:30:44,Delivered,1220.0,0.0,0.0,61.0,1220.0,Cash on Delivery
520,1088,19,2024-01-23 22:37:32,Cancelled,940.0,0.0,100,42.0,840.0,Card
521,1811,90,2024-05-10 12:42:51,Delivered,190.0,35,0.0,11.25,225.0,Cash on Delivery
522,1140,148,2024-04-14 11:20:53,Refunded,2240.0,0.0,100,107.0,2140.0,UPI
523,1522,46,2023-08-08 22:54:25,Delivered,720.0,0.0,0.0,36.0,720.0,Net Banking
524,1604,21,2024-07-28 04:49:50,Delivered,1090.0,0.0,100,49.5,990.0,UPI
525,1084,148,2024-01-04 08:56:46,Delivered,430.0,20,86.0,18.2,364.0,UPI
526,837,128,2023-01-13 23:32:26,Delivered,900.0,0.0,0.0,45.0,900.0,UPI
527,1325,141,2023-09-13 21:38:12,Refunded,960.0,0.0,0.0,48.0,960.0,Card
528,811,58,2023-12-29 02:54:26,Delivered,180.0,25,0.0,10.25,205.0,Cash on Delivery
529,1634,91,2024-09-25 13:32:41,Cancelled,200.0,40,30.0,10.5,210.0,UPI
530,1802,80,2024-07-20 20:22:39,Refunded,1570.0,0.0,100,73.5,1470.0,Wallet
531,264,43,2023-08-24 18:07:18,Delivered,570.0,0.0,85.5,24.23,484.5,UPI
532,858,140,2023-07-09 19:23:09,Refunded,450.0,20,90.0,19.0,380.0,Cash on Delivery
533,835,146,2023-12-31 20:21:34,Delivered,590.0,0.0,0.0,29.5,590.0,Cash on Delivery
534,530,96,2023-06-25 10:12:41,Delivered,540.0,0.0,100,22.0,440.0,Wallet
535,1617,121,2024-07-10 18:05:21,Delivered,470.0,25,0.0,24.75,495.0,Card
536,539,144,2023-04-06 04:27:39,Delivered,270.0,30,0.0,15.0,300.0,Card
537,1611,123,2023-11-24 19:52:12,Pending,760.0,0.0,76.0,34.2,684.0,UPI
538,1692,27,2024-03-06 12:22:18,Cancelled,3420.0,0.0,100,166.0,3320.0,Card
539,886,149,2023-04-16 13:57:20,Cancelled,510.0,0.0,0.0,25.5,510.0,Cash on Delivery
540,1958,58,2023-07-11 18:38:51,Delivered,360.0,15,0.0,18.75,375.0,UPI
541,1153,93,2024-12-20 20:38:33,Cancelled,670.0,0.0,0.0,33.5,670.0,UPI
542,1463,13,2024-05-07 19:33:15,Delivered,1730.0,0.0,0.0,86.5,1730.0,Card
543,550,73,2024-05-30 13:05:23,Delivered,810.0,0.0,0.0,40.5,810.0,Cash on Delivery
544,327,92,2024-11-09 18:37:50,Delivered,880.0,0.0,0.0,44.0,880.0,UPI
545,410,80,2023-11-26 20:56:58,Delivered,1370.0,0.0,100,63.5,1270.0,UPI
546,888,43,2023-05-31 21:40:00,Delivered,2070.0,0.0,0.0,103.5,2070.0,UPI
547,1148,92,2023-12-18 11:42:47,Refunded,300.0,15,45.0,13.5,270.0,Card
548,1493,21,2024-11-25 23:10:46,Cancelled,1040.0,0.0,100,47.0,940.0,UPI
549,1439,13,2024-06-01 09:01:03,Delivered,2070.0,0.0,100,98.5,1970.0,Card
550,410,149,2024-09-27 15:29:07,Pending,620.0,0.0,93.0,26.35,527.0,UPI
551,1644,128,2023-07-15 20:55:27,Delivered,2030.0,0.0,100,96.5,1930.0,UPI
552,1043,104,2023-09-22 18:21:40,Pending,200.0,35,40.0,9.75,195.0,Card
553,1816,42,2023-10-31 13:18:05,Cancelled,270.0,35,27.0,13.9,278.0,UPI
554,1385,126,2023-11-23 18:17:58,Cancelled,450.0,15,0.0,23.25,465.0,UPI
555,1332,135,2024-11-06 10:36:25,Pending,720.0,0.0,0.0,36.0,720.0,Wallet
556,904,108,2024-08-05 21:35:54,Cancelled,1050.0,0.0,100,47.5,950.0,Card
557,1915,67,2024-05-16 20:27:16,Delivered,360.0,25,0.0,19.25,385.0,UPI
558,104,43,2024-03-22 11:53:33,Delivered,650.0,0.0,0.0,32.5,650.0,Card
559,76,51,2023-10-30 13:51:49,Delivered,1280.0,0.0,0.0,64.0,1280.0,UPI
560,408,102,2023-08-31 09:24:03,Refunded,1560.0,0.0,100,73.0,1460.0,UPI
561,9,137,2023-06-01 21:21:40,Pending,2910.0,0.0,100,140.5,2810.0,Wallet
562,816,23,2024-04-01 15:27:01,Cancelled,920.0,0.0,0.0,46.0,920.0,Card
563,1928,19,2024-04-27 05:31:40,Delivered,310.0,15,0.0,16.25,325.0,Cash on Delivery
564,561,79,2023-03-06 18:40:42,Refunded,910.0,0.0,91.0,40.95,819.0,Cash on Delivery
565,881,26,2024-01-12 19:46:09,Delivered,100.0,30,0.0,6.5,130.0,UPI
566,1428,57,2023-08-03 18:08:53,Delivered,640.0,0.0,0.0,32.0,640.0,Wallet
567,39,54,2023-06-14 20:08:58,Cancelled,720.0,0.0,100,31.0,620.0,UPI
568,1848,126,2024-10-30 12:46:30,Pending,1620.0,0.0,0.0,81.0,1620.0,UPI
569,1644,121,2024-10-20 13:58:10,Cancelled,640.0,0.0,0.0,32.0,640.0,Card
570,788,23,2023-06-07 15:47:20,Pending,1670.0,0.0,0.0,83.5,1670.0,Card
571,281,138,2023-09-20 14:19:07,Cancelled,260.0,35,0.0,14.75,295.0,UPI
572,1221,112,2024-05-29 19:14:48,Cancelled,90.0,35,0.0,6.25,125.0,Net Banking
573,397,27,2023-08-08 12:03:16,Delivered,420.0,15,0.0,21.75,435.0,UPI
574,495,104,2024-07-11 15:23:07,Delivered,300.0,20,0.0,16.0,320.0,Wallet
575,144,146,2023-11-03 18:29:46,Cancelled,40.0,40,0.0,4.0,80.0,Wallet
576,873,80,2024-07-26 19:36:02,Delivered,2230.0,0.0,0.0,111.5,2230.0,Card
577,1723,90,2024-10-05 14:45:20,Pending,690.0,0.0,0.0,34.5,690.0,Wallet
578,1675,125,2023-12-22 10:30:11,Delivered,1220.0,0.0,0.0,61.0,1220.0,Cash on Delivery
579,371,108,2023-05-04 08:08:37,Delivered,2100.0,0.0,100,100.0,2000.0,Cash on Delivery
580,306,58,2024-04-26 13:40:04,Cancelled,810.0,0.0,81.0,36.45,729.0,Net Banking
581,23,82,2023-09-01 12:54:28,Delivered,870.0,0.0,0.0,43.5,870.0,Card
582,731,135,2023-06-14 19:15:39,Pending,900.0,0.0,0.0,45.0,900.0,UPI
583,530,51,2023-08-06 02:39:59,Delivered,1820.0,0.0,100,86.0,1720.0,Cash on Delivery
584,991,46,2023-12-09 13:28:44,Delivered,1230.0,0.0,100,56.5,1130.0,UPI
585,1777,37,2024-09-12 19:47:31,Refunded,940.0,0.0,100,42.0,840.0,Wallet
586,101,100,2024-10-25 19:39:08,Cancelled,370.0,25,0.0,19.75,395.0,Card
587,1667,122,2023-07-04 11:58:23,Delivered,450.0,25,0.0,23.75,475.0,Net Banking
588,187,16,2023-05-18 04:59:06,Cancelled,1330.0,0.0,0.0,66.5,1330.0,Wallet
589,783,35,2024-10-01 09:49:27,Delivered,1460.0,0.0,100,68.0,1360.0,UPI
590,320,143,2024-05-12 21:20:20,Cancelled,450.0,25,0.0,23.75,475.0,UPI
591,23,15,2024-05-31 14:40:39,Pending,690.0,0.0,0.0,34.5,690.0,UPI
592,733,121,2023-05-09 16:19:38,Pending,390.0,20,0.0,20.5,410.0,Cash on Delivery
593,1529,143,2023-08-10 22:49:12,Delivered,730.0,0.0,73.0,32.85,657.0,Cash on Delivery
594,1688,148,2024-11-05 13:45:50,Refunded,810.0,0.0,0.0,40.5,810.0,Wallet
595,1498,93,2024-04-02 19:33:41,Delivered,310.0,15,62.0,13.15,263.0,UPI
596,275,91,2023-07-06 12:18:15,Delivered,300.0,15,75.0,12.0,240.0,UPI
597,1565,42,2023-08-30 21:42:52,Delivered,270.0,25,0.0,14.75,295.0,Cash on Delivery
598,44,104,2023-06-03 17:58:58,Delivered,240.0,40,0.0,14.0,280.0,UPI
599,870,148,2023-08-28 18:14:50,Delivered,1340.0,0.0,0.0,67.0,1340.0,UPI
600,669,39,2024-08-17 14:11:40,Delivered,210.0,40,0.0,12.5,250.0,UPI
601,1646,50,2024-01-03 22:46:29,Cancelled,320.0,20,0.0,17.0,340.0,UPI
602,704,46,2024-09-08 19:24:10,Delivered,320.0,15,0.0,16.75,335.0,Card
603,534,140,2023-07-17 21:48:11,Delivered,1260.0,0.0,100,58.0,1160.0,UPI
604,1101,95,2024-07-29 10:30:56,Delivered,340.0,15,0.0,17.75,355.0,Card
605,1747,127,2023-01-22 07:13:05,Delivered,120.0,30,30.0,6.0,120.0,Card
606,7,26,2023-05-11 15:11:48,Delivered,230.0,35,0.0,13.25,265.0,Wallet
607,641,136,2024-11-17 01:44:01,Delivered,870.0,0.0,0.0,43.5,870.0,Net Banking
608,347,54,2024-07-16 11:13:39,Cancelled,1070.0,0.0,0.0,53.5,1070.0,UPI
609,1240,101,2023-07-16 21:44:16,Delivered,250.0,30,0.0,14.0,280.0,Wallet
610,1979,15,2024-10-30 20:59:23,Cancelled,120.0,25,0.0,7.25,145.0,Cash on Delivery
611,43,51,2023-05-19 12:04:58,Delivered,580.0,0.0,0.0,29.0,580.0,UPI
612,183,73,2023-12-29 16:46:18,Delivered,170.0,25,17.0,8.9,178.0,UPI
613,1971,137,2024-02-22 13:08:01,Pending,180.0,40,0.0,11.0,220.0,Cash on Delivery
614,873,6,2023-10-11 10:39:45,Delivered,750.0,0.0,75.0,33.75,675.0,UPI
615,154,35,2023-02-17 18:01:20,Delivered,670.0,0.0,100,28.5,570.0,Card
616,1478,137,2023-06-26 23:41:17,Delivered,1220.0,0.0,100,56.0,1120.0,UPI
617,1201,13,2024-07-31 10:01:31,Delivered,960.0,0.0,100,43.0,860.0,Wallet
618,1202,50,2024-01-22 05:20:43,Delivered,1370.0,0.0,100,63.5,1270.0,UPI
619,1032,52,2024-05-04 18:10:50,Refunded,880.0,0.0,0.0,44.0,880.0,Net Banking
620,127,121,2024-10-17 12:58:07,Delivered,610.0,0.0,0.0,30.5,610.0,UPI
621,76,18,2023-12-16 14:21:13,Delivered,550.0,0.0,0.0,27.5,550.0,UPI
622,283,137,2023-09-24 06:58:40,Delivered,630.0,0.0,0.0,31.5,630.0,UPI
623,1914,51,2023-06-16 18:21:02,Cancelled,2310.0,0.0,100,110.5,2210.0,Cash on Delivery
624,568,24,2024-06-10 14:37:47,Delivered,540.0,0.0,0.0,27.0,540.0,Card
625,1581,42,2023-09-17 22:55:35,Delivered,120.0,40,0.0,8.0,160.0,UPI
626,531,45,2024-11-18 21:05:28,Delivered,200.0,40,30.0,10.5,210.0,UPI
627,719,12,2024-12-26 21:41:47,Pending,690.0,0.0,69.0,31.05,621.0,Card
628,520,69,2023-08-09 12:41:11,Delivered,1870.0,0.0,100,88.5,1770.0,Wallet
629,1959,85,2024-10-11 18:57:26,Delivered,300.0,20,0.0,16.0,320.0,UPI
630,1153,40,2024-10-25 00:29:55,Delivered,150.0,25,0.0,8.75,175.0,UPI
631,1379,58,2023-06-30 20:35:28,Delivered,990.0,0.0,100,44.5,890.0,Wallet
632,1658,23,2023-08-28 11:03:29,Pending,1420.0,0.0,0.0,71.0,1420.0,UPI
633,1728,60,2024-05-12 21:38:31,Delivered,1760.0,0.0,0.0,88.0,1760.0,UPI
634,1174,141,2023-03-05 12:08:17,Cancelled,300.0,20,0.0,16.0,320.0,UPI
635,1966,144,2024-09-25 16:50:52,Pending,1490.0,0.0,0.0,74.5,1490.0,UPI
636,70,97,2024-08-15 13:38:23,Refunded,1530.0,0.0,100,71.5,1430.0,UPI
637,434,60,2024-07-02 20:58:40,Delivered,1680.0,0.0,0.0,84.0,1680.0,UPI
638,1517,143,2023-10-11 17:01:00,Delivered,1630.0,0.0,0.0,81.5,1630.0,UPI
639,1255,96,2023-06-19 17:46:34,Cancelled,670.0,0.0,0.0,33.5,670.0,Card
640,1949,95,2024-07-30 03:08:24,Delivered,1200.0,0.0,100,55.0,1100.0,Cash on Delivery
641,165,13,2023-08-08 15:08:22,Delivered,810.0,0.0,0.0,40.5,810.0,UPI
642,1577,67,2024-04-10 13:21:38,Delivered,870.0,0.0,100,38.5,770.0,Cash on Delivery
643,436,86,2024-03-11 20:51:43,Cancelled,1300.0,0.0,0.0,65.0,1300.0,UPI
644,1591,8,2023-03-05 18:51:55,Delivered,150.0,30,0.0,9.0,180.0,Card
645,1252,142,2024-08-28 22:36:34,Cancelled,600.0,0.0,60.0,27.0,540.0,Card
646,118,17,2023-09-24 17:05:05,Pending,530.0,0.0,0.0,26.5,530.0,Card
647,140,142,2024-04-17 21:24:29,Cancelled,300.0,20,75.0,12.25,245.0,Cash on Delivery
648,35,61,2023-04-20 02:50:01,Delivered,270.0,30,0.0,15.0,300.0,Card
649,1779,37,2024-11-19 15:18:23,Delivered,1160.0,0.0,0.0,58.0,1160.0,UPI
650,1615,77,2024-11-07 01:38:17,Pending,270.0,25,0.0,14.75,295.0,Cash on Delivery
651,136,91,2024-01-13 19:46:09,Pending,400.0,20,0.0,21.0,420.0,UPI
652,598,21,2023-06-11 11:32:37,Delivered,510.0,0.0,51.0,22.95,459.0,UPI
653,403,128,2024-04-25 19:08:59,Delivered,380.0,15,0.0,19.75,395.0,Cash on Delivery
654,1504,6,2023-04-22 13:01:18,Delivered,1590.0,0.0,0.0,79.5,1590.0,UPI
655,1870,91,2024-01-08 16:15:12,Cancelled,720.0,0.0,100,31.0,620.0,Card
656,107,141,2024-12-14 10:10:10,Cancelled,640.0,0.0,0.0,32.0,640.0,Card
657,910,77,2024-03-17 16:34:44,Delivered,2270.0,0.0,0.0,113.5,2270.0,Card
658,787,96,2023-12-02 11:20:02,Delivered,2740.0,0.0,0.0,137.0,2740.0,Card
659,1578,121,2024-06-14 17:22:36,Cancelled,40.0,25,0.0,3.25,65.0,Card
660,1517,37,2024-10-11 22:57:41,Delivered,420.0,25,42.0,20.15,403.0,Card
661,530,14,2024-11-04 11:26:11,Delivered,840.0,0.0,100,37.0,740.0,UPI
662,354,45,2024-11-06 09:35:14,Cancelled,110.0,25,0.0,6.75,135.0,Wallet
663,1057,94,2023-10-06 19:07:04,Cancelled,480.0,25,0.0,25.25,505.0,Net Banking
664,1142,89,2023-10-29 11:40:25,Delivered,820.0,0.0,100,36.0,720.0,Card
665,1809,143,2023-09-24 13:38:52,Delivered,1150.0,0.0,0.0,57.5,1150.0,Cash on Delivery
666,608,111,2024-09-30 17:26:42,Cancelled,200.0,35,20.0,10.75,215.0,UPI
667,402,57,2023-05-21 19:52:34,Delivered,300.0,15,60.0,12.75,255.0,UPI
668,1946,31,2024-03-19 20:55:24,Delivered,680.0,0.0,100,29.0,580.0,UPI
669,372,89,2024-05-13 19:31:07,Delivered,520.0,0.0,100,21.0,420.0,Wallet
670,29,92,2024-08-18 15:45:09,Delivered,480.0,25,96.0,20.45,409.0,Wallet
671,1517,42,2024-07-24 00:53:37,Delivered,1740.0,0.0,0.0,87.0,1740.0,Cash on Delivery
672,331,100,2024-01-12 20:01:01,Refunded,510.0,0.0,100,20.5,410.0,Card
673,322,73,2024-08-25 15:21:42,Delivered,120.0,30,0.0,7.5,150.0,Card
674,690,48,2024-05-27 10:45:40,Delivered,810.0,0.0,0.0,40.5,810.0,Card
675,808,21,2023-12-21 20:08:17,Cancelled,510.0,0.0,0.0,25.5,510.0,Cash on Delivery
676,1207,111,2024-01-26 21:58:26,Delivered,520.0,0.0,0.0,26.0,520.0,UPI
677,287,50,2023-09-12 19:51:37,Cancelled,70.0,35,0.0,5.25,105.0,Card
678,1636,42,2024-03-13 12:54:12,Delivered,980.0,0.0,0.0,49.0,980.0,UPI
679,1083,104,2023-06-13 19:56:28,Pending,470.0,15,70.5,20.73,414.5,Card
680,1310,88,2024-09-02 19:24:07,Refunded,450.0,20,100,18.5,370.0,Card
681,1347,134,2024-12-02 11:40:01,Cancelled,550.0,0.0,0.0,27.5,550.0,Card
682,1703,66,2023-12-10 10:01:44,Delivered,810.0,0.0,0.0,40.5,810.0,Card
683,3,104,2024-01-16 20:53:47,Refunded,100.0,35,25.0,5.5,110.0,UPI
684,494,125,2024-07-30 23:17:40,Pending,750.0,0.0,0.0,37.5,750.0,Card
685,265,73,2023-06-14 23:08:04,Pending,540.0,0.0,54.0,24.3,486.0,Card
686,1043,24,2024-08-28 12:07:02,Refunded,710.0,0.0,0.0,35.5,710.0,UPI
687,783,136,2023-06-30 18:46:33,Delivered,290.0,25,0.0,15.75,315.0,UPI
688,1890,26,2024-02-11 11:06:27,Delivered,300.0,25,0.0,16.25,325.0,Cash on Delivery
689,220,14,2023-10-31 19:38:59,Delivered,220.0,25,0.0,12.25,245.0,UPI
690,1429,141,2024-03-29 20:02:24,Pending,560.0,0.0,0.0,28.0,560.0,UPI
691,397,96,2023-06-13 18:36:10,Cancelled,1540.0,0.0,0.0,77.0,1540.0,UPI
692,1251,108,2024-07-02 01:24:25,Cancelled,670.0,0.0,100,28.5,570.0,Card
693,1116,38,2023-08-21 07:30:03,Delivered,240.0,40,0.0,14.0,280.0,Card
694,119,75,2023-05-05 20:17:32,Delivered,690.0,0.0,0.0,34.5,690.0,UPI
695,1298,97,2024-06-01 18:11:36,Delivered,1120.0,0.0,0.0,56.0,1120.0,Card
696,618,61,2024-08-17 10:28:47,Cancelled,690.0,0.0,0.0,34.5,690.0,Cash on Delivery
697,1894,29,2023-10-02 08:33:45,Delivered,100.0,35,0.0,6.75,135.0,Card
698,148,69,2024-12-23 14:02:01,Cancelled,1080.0,0.0,0.0,54.0,1080.0,UPI
699,1222,119,2023-06-12 23:55:38,Delivered,170.0,40,34.0,8.8,176.0,Cash on Delivery
700,1708,125,2023-09-26 11:39:30,Pending,380.0,20,0.0,20.0,400.0,Wallet
701,1878,97,2023-10-28 16:00:40,Refunded,280.0,30,0.0,15.5,310.0,UPI
702,1438,140,2023-10-21 17:29:44,Pending,750.0,0.0,0.0,37.5,750.0,UPI
703,1375,69,2024-05-30 16:28:36,Cancelled,1110.0,0.0,100,50.5,1010.0,UPI
704,1593,61,2023-09-17 15:44:47,Delivered,420.0,25,0.0,22.25,445.0,UPI
705,637,60,2023-03-08 12:00:51,Delivered,350.0,15,0.0,18.25,365.0,Card
706,15,146,2024-03-22 13:06:05,Delivered,430.0,15,0.0,22.25,445.0,UPI
707,581,69,2024-05-06 13:43:44,Cancelled,840.0,0.0,0.0,42.0,840.0,UPI
708,1870,91,2023-11-10 07:12:40,Delivered,700.0,0.0,0.0,35.0,700.0,UPI
709,1043,138,2023-08-07 17:40:57,Delivered,1000.0,0.0,100.0,45.0,900.0,UPI
710,1514,48,2024-03-08 20:19:59,Delivered,460.0,25,0.0,24.25,485.0,Cash on Delivery
711,863,117,2024-08-24 13:02:00,Cancelled,900.0,0.0,100,40.0,800.0,UPI
712,1663,91,2023-09-13 21:17:37,Delivered,200.0,35,50.0,9.25,185.0,Wallet
713,112,110,2023-08-01 09:13:21,Cancelled,680.0,0.0,68.0,30.6,612.0,Cash on Delivery
714,24,23,2024-09-21 15:01:50,Delivered,680.0,0.0,100,29.0,580.0,UPI
715,164,73,2023-10-05 12:51:33,Delivered,560.0,0.0,0.0,28.0,560.0,UPI
716,1794,125,2024-05-22 10:32:46,Delivered,910.0,0.0,100,40.5,810.0,UPI
717,446,62,2024-09-09 06:56:32,Cancelled,900.0,0.0,0.0,45.0,900.0,UPI
718,1492,43,2024-09-09 13:09:40,Cancelled,990.0,0.0,100,44.5,890.0,Card
719,785,97,2024-03-29 17:09:43,Refunded,350.0,25,0.0,18.75,375.0,UPI
720,832,23,2024-09-01 18:32:42,Delivered,580.0,0.0,100,24.0,480.0,Cash on Delivery
721,266,81,2023-10-11 08:39:05,Delivered,340.0,15,0.0,17.75,355.0,Card
722,504,120,2023-09-25 12:33:55,Delivered,740.0,0.0,100,32.0,640.0,UPI
723,1595,25,2023-01-06 16:34:29,Delivered,240.0,30,0.0,13.5,270.0,Cash on Delivery
724,483,124,2023-06-15 09:38:37,Cancelled,320.0,25,32.0,15.65,313.0,UPI
725,1491,97,2023-12-31 15:29:17,Delivered,320.0,20,48.0,14.6,292.0,Cash on Delivery
726,1533,126,2023-09-14 19:56:09,Refunded,180.0,30,45.0,8.25,165.0,Wallet
727,171,123,2024-01-15 20:19:56,Delivered,1160.0,0.0,0.0,58.0,1160.0,UPI
728,922,54,2023-10-11 20:24:27,Pending,930.0,0.0,0.0,46.5,930.0,Cash on Delivery
729,1552,58,2024-05-31 11:57:54,Delivered,1350.0,0.0,0.0,67.5,1350.0,Card
730,1776,134,2024-12-06 21:51:10,Delivered,680.0,0.0,0.0,34.0,680.0,Card
731,452,122,2023-02-24 08:16:06,Delivered,1320.0,0.0,100,61.0,1220.0,UPI
732,1121,123,2024-03-31 20:10:44,Refunded,1120.0,0.0,0.0,56.0,1120.0,UPI
733,1072,112,2023-05-16 18:35:50,Cancelled,490.0,20,0.0,25.5,510.0,Net Banking
734,35,103,2024-08-06 18:16:52,Delivered,810.0,0.0,0.0,40.5,810.0,UPI
735,1990,72,2024-01-29 22:02:58,Delivered,1260.0,0.0,100,58.0,1160.0,UPI
736,1704,85,2024-06-19 10:26:19,Delivered,590.0,0.0,0.0,29.5,590.0,Cash on Delivery
737,646,13,2023-10-03 18:37:21,Delivered,680.0,0.0,0.0,34.0,680.0,Cash on Delivery
738,1409,144,2023-05-03 13:50:18,Delivered,760.0,0.0,0.0,38.0,760.0,UPI
739,1758,141,2023-08-19 14:13:22,Cancelled,1260.0,0.0,0.0,63.0,1260.0,Card
740,1221,51,2023-11-11 15:40:21,Delivered,1530.0,0.0,0.0,76.5,1530.0,UPI
741,1990,80,2023-09-06 13:03:24,Refunded,730.0,0.0,0.0,36.5,730.0,Card
742,641,88,2023-06-26 18:11:24,Delivered,120.0,40,18.0,7.1,142.0,UPI
743,880,96,2024-10-22 00:14:52,Cancelled,1020.0,0.0,100,46.0,920.0,Net Banking
744,548,136,2023-05-10 22:32:06,Cancelled,1060.0,0.0,100,48.0,960.0,UPI
745,1557,120,2024-10-20 16:18:24,Delivered,1580.0,0.0,0.0,79.0,1580.0,Net Banking
746,1075,62,2024-01-11 08:49:36,Delivered,600.0,0.0,0.0,30.0,600.0,Card
747,1202,60,2024-01-30 14:02:07,Delivered,160.0,25,0.0,9.25,185.0,Cash on Delivery
748,1183,128,2023-07-14 17:13:17,Delivered,1590.0,0.0,100,74.5,1490.0,Wallet
749,746,95,2024-08-21 13:09:16,Refunded,110.0,40,11.0,6.95,139.0,Net Banking
750,1068,95,2024-12-11 14:39:44,Delivered,620.0,0.0,100,26.0,520.0,Card
751,988,38,2023-01-07 19:33:42,Refunded,1620.0,0.0,0.0,81.0,1620.0,Net Banking
752,25,114,2024-10-13 03:02:50,Delivered,1310.0,0.0,0.0,65.5,1310.0,Cash on Delivery
753,1279,61,2023-01-27 08:44:49,Delivered,630.0,0.0,0.0,31.5,630.0,UPI
754,299,113,2024-11-14 19:22:24,Delivered,1680.0,0.0,0.0,84.0,1680.0,UPI
755,1724,42,2023-11-22 07:53:35,Delivered,1100.0,0.0,100,50.0,1000.0,UPI
756,1960,21,2023-08-24 11:32:33,Delivered,840.0,0.0,0.0,42.0,840.0,Card
757,1692,25,2023-12-28 21:35:48,Pending,1120.0,0.0,0.0,56.0,1120.0,UPI
758,1682,85,2023-07-15 12:25:10,Delivered,800.0,0.0,100,35.0,700.0,Card
759,1073,111,2023-09-06 17:00:38,Delivered,590.0,0.0,0.0,29.5,590.0,UPI
760,837,128,2023-05-16 14:14:56,Pending,640.0,0.0,0.0,32.0,640.0,Net Banking
761,1928,100,2024-08-09 20:49:22,Pending,1110.0,0.0,0.0,55.5,1110.0,UPI
762,1039,77,2024-01-22 07:01:25,Delivered,270.0,35,40.5,13.23,264.5,Cash on Delivery
763,1756,40,2024-04-27 07:47:23,Delivered,920.0,0.0,0.0,46.0,920.0,Cash on Delivery
764,103,11,2024-10-27 21:18:15,Delivered,220.0,30,0.0,12.5,250.0,Cash on Delivery
765,1517,51,2024-01-06 09:20:22,Delivered,580.0,0.0,100,24.0,480.0,Card
766,716,19,2023-10-07 23:42:45,Refunded,1210.0,0.0,100,55.5,1110.0,UPI
767,449,120,2024-01-15 16:32:36,Refunded,440.0,25,88.0,18.85,377.0,Wallet
768,1335,92,2023-12-14 19:03:44,Refunded,660.0,0.0,99.0,28.05,561.0,Cash on Delivery
769,622,70,2024-07-07 18:41:18,Delivered,2060.0,0.0,0.0,103.0,2060.0,UPI
770,1566,144,2023-09-13 19:04:48,Delivered,740.0,0.0,0.0,37.0,740.0,UPI
771,1154,109,2023-10-31 15:50:32,Delivered,1390.0,0.0,0.0,69.5,1390.0,UPI
772,1300,8,2023-08-15 19:11:22,Delivered,270.0,40,54.0,12.8,256.0,UPI
773,897,19,2024-05-30 15:00:49,Cancelled,820.0,0.0,0.0,41.0,820.0,Cash on Delivery
774,1747,144,2023-11-03 14:45:10,Cancelled,860.0,0.0,0.0,43.0,860.0,Cash on Delivery
775,130,72,2023-11-07 19:15:10,Delivered,2470.0,0.0,0.0,123.5,2470.0,Card
776,1428,117,2023-08-11 12:30:21,Pending,80.0,25,0.0,5.25,105.0,UPI
777,1880,149,2023-06-28 15:16:32,Pending,720.0,0.0,100,31.0,620.0,Cash on Delivery
778,1788,108,2023-09-01 19:10:59,Delivered,90.0,30,0.0,6.0,120.0,Cash on Delivery
779,772,125,2023-10-16 19:56:05,Delivered,420.0,15,0.0,21.75,435.0,Card
780,1382,90,2024-09-22 14:24:24,Delivered,640.0,0.0,0.0,32.0,640.0,Card
781,1159,143,2023-12-09 13:44:35,Delivered,250.0,35,50.0,11.75,235.0,UPI
782,788,20,2023-07-12 13:04:11,Delivered,560.0,0.0,0.0,28.0,560.0,Cash on Delivery
783,400,52,2023-12-06 21:46:40,Delivered,560.0,0.0,100,23.0,460.0,Card
784,1401,58,2024-02-06 17:45:24,Cancelled,720.0,0.0,0.0,36.0,720.0,Wallet
785,652,57,2024-06-06 01:42:40,Delivered,640.0,0.0,96.0,27.2,544.0,UPI
786,320,122,2024-07-28 20:18:44,Delivered,210.0,35,42.0,10.15,203.0,UPI
787,955,88,2024-02-16 16:10:49,Delivered,340.0,20,51.0,15.45,309.0,Cash on Delivery
788,1600,23,2024-02-26 20:33:57,Cancelled,530.0,0.0,0.0,26.5,530.0,Card
789,829,27,2023-11-15 15:19:32,Refunded,540.0,0.0,81.0,22.95,459.0,UPI
790,1897,6,2024-02-13 16:59:08,Delivered,400.0,25,0.0,21.25,425.0,Card
791,2,146,2024-11-10 20:31:15,Delivered,440.0,25,0.0,23.25,465.0,UPI
792,474,52,2024-05-11 14:47:47,Delivered,1070.0,0.0,100,48.5,970.0,UPI
793,1288,55,2023-02-09 12:10:49,Delivered,760.0,0.0,0.0,38.0,760.0,Card
794,706,132,2023-12-01 23:26:09,Delivered,980.0,0.0,100,44.0,880.0,Card
795,402,105,2024-02-14 13:28:51,Refunded,1890.0,0.0,0.0,94.5,1890.0,UPI
796,1916,127,2023-02-20 21:15:32,Refunded,620.0,0.0,0.0,31.0,620.0,UPI
797,541,126,2023-10-25 21:04:13,Cancelled,750.0,0.0,0.0,37.5,750.0,UPI
798,369,15,2023-12-23 06:37:44,Delivered,230.0,35,23.0,12.1,242.0,Card
799,266,85,2023-08-20 23:12:58,Cancelled,250.0,40,37.5,12.62,252.5,UPI
800,1586,78,2024-04-20 22:20:40,Pending,810.0,0.0,100,35.5,710.0,Card
801,1537,109,2024-06-26 18:35:05,Delivered,870.0,0.0,0.0,43.5,870.0,Card
802,832,144,2024-06-22 15:20:49,Pending,1530.0,0.0,0.0,76.5,1530.0,Cash on Delivery
803,1940,131,2023-08-03 02:28:39,Cancelled,720.0,0.0,100,31.0,620.0,Card
804,1349,91,2024-06-23 08:29:56,Delivered,400.0,25,0.0,21.25,425.0,Card
805,1755,128,2024-05-23 18:32:16,Cancelled,900.0,0.0,0.0,45.0,900.0,UPI
806,1492,102,2023-09-19 14:13:48,Refunded,1100.0,0.0,100,50.0,1000.0,UPI
807,1661,135,2024-02-09 22:14:43,Delivered,590.0,0.0,100,24.5,490.0,Cash on Delivery
808,420,46,2024-06-14 21:13:16,Pending,420.0,15,0.0,21.75,435.0,Card
809,1343,68,2024-01-04 15:59:32,Delivered,870.0,0.0,87.0,39.15,783.0,UPI
810,20,57,2024-11-16 20:47:32,Delivered,460.0,15,100,18.75,375.0,Card
811,90,50,2023-03-30 02:18:00,Delivered,210.0,35,0.0,12.25,245.0,UPI
812,865,32,2023-08-06 13:23:46,Cancelled,540.0,0.0,81.0,22.95,459.0,UPI
813,966,148,2024-04-28 18:59:45,Cancelled,1170.0,0.0,0.0,58.5,1170.0,Wallet
814,1308,6,2024-12-15 18:50:08,Cancelled,90.0,30,0.0,6.0,120.0,UPI
815,651,25,2024-01-12 04:46:56,Delivered,680.0,0.0,100,29.0,580.0,UPI
816,512,142,2024-07-05 16:17:11,Cancelled,600.0,0.0,0.0,30.0,600.0,Cash on Delivery
817,1003,55,2023-08-21 12:43:50,Delivered,150.0,40,37.5,7.62,152.5,Wallet
818,1919,32,2023-06-23 21:14:08,Refunded,200.0,25,40.0,9.25,185.0,UPI
819,733,26,2024-11-03 13:26:24,Delivered,500.0,0.0,0.0,25.0,500.0,Net Banking
820,618,10,2024-03-07 06:36:10,Cancelled,750.0,0.0,100,32.5,650.0,UPI
821,548,26,2023-07-25 20:49:48,Delivered,190.0,35,19.0,10.3,206.0,UPI
822,1369,37,2024-04-10 21:26:44,Cancelled,900.0,0.0,0.0,45.0,900.0,UPI
823,428,79,2024-08-07 05:38:23,Delivered,540.0,0.0,81.0,22.95,459.0,Cash on Delivery
824,1357,43,2023-12-27 00:10:27,Delivered,330.0,20,0.0,17.5,350.0,UPI
825,1667,43,2023-09-04 20:23:05,Delivered,1700.0,0.0,0.0,85.0,1700.0,Wallet
826,1302,16,2024-06-25 01:10:44,Delivered,610.0,0.0,0.0,30.5,610.0,UPI
827,1477,69,2023-12-31 09:15:02,Delivered,3010.0,0.0,0.0,150.5,3010.0,Card
828,1291,64,2023-08-15 18:36:54,Delivered,870.0,0.0,0.0,43.5,870.0,Cash on Delivery
829,1637,18,2023-12-20 18:14:54,Delivered,340.0,15,0.0,17.75,355.0,Wallet
830,1202,64,2023-07-03 21:35:52,Cancelled,540.0,0.0,0.0,27.0,540.0,Cash on Delivery
831,1770,6,2023-03-23 13:17:06,Delivered,90.0,25,0.0,5.75,115.0,Wallet
832,704,40,2024-08-11 15:58:13,Delivered,520.0,0.0,100,21.0,420.0,Cash on Delivery
833,753,67,2023-06-30 22:26:44,Pending,1000.0,0.0,0.0,50.0,1000.0,UPI
834,1286,37,2024-04-27 22:06:28,Pending,560.0,0.0,0.0,28.0,560.0,Wallet
835,1775,5,2023-11-03 09:39:22,Refunded,620.0,0.0,0.0,31.0,620.0,UPI
836,1870,89,2023-11-14 14:05:58,Cancelled,240.0,30,0.0,13.5,270.0,UPI
837,1063,26,2024-12-18 12:12:35,Delivered,240.0,30,24.0,12.3,246.0,UPI
838,77,31,2024-10-19 22:31:04,Delivered,580.0,0.0,0.0,29.0,580.0,Wallet
839,406,77,2024-06-04 18:49:54,Delivered,180.0,30,0.0,10.5,210.0,Net Banking
840,728,16,2024-06-27 16:50:46,Delivered,2060.0,0.0,0.0,103.0,2060.0,Cash on Delivery
841,1674,132,2024-02-28 13:40:29,Cancelled,590.0,0.0,0.0,29.5,590.0,Cash on Delivery
842,1938,15,2024-07-22 10:28:45,Cancelled,500.0,0.0,0.0,25.0,500.0,Net Banking
843,1423,33,2023-06-12 11:51:56,Cancelled,1250.0,0.0,0.0,62.5,1250.0,UPI
844,1844,32,2023-01-06 20:27:52,Delivered,260.0,30,65.0,11.25,225.0,Cash on Delivery
845,443,18,2024-01-14 06:35:23,Pending,190.0,40,38.0,9.6,192.0,UPI
846,1843,57,2024-08-15 08:42:53,Cancelled,180.0,35,0.0,10.75,215.0,Card
847,1623,23,2024-04-20 23:23:32,Delivered,240.0,30,36.0,11.7,234.0,Cash on Delivery
848,1945,97,2024-01-08 23:03:06,Delivered,1070.0,0.0,0.0,53.5,1070.0,Card
849,1171,24,2024-06-22 13:09:47,Delivered,710.0,0.0,0.0,35.5,710.0,Cash on Delivery
850,934,143,2024-09-04 20:07:36,Delivered,1190.0,0.0,100,54.5,1090.0,UPI
851,1931,25,2024-12-11 18:13:22,Delivered,980.0,0.0,100,44.0,880.0,Cash on Delivery
852,7,140,2023-04-05 18:50:50,Delivered,130.0,25,19.5,6.78,135.5,Card
853,1059,20,2024-05-19 09:15:04,Pending,850.0,0.0,85.0,38.25,765.0,Cash on Delivery
854,1703,78,2023-08-14 20:49:09,Delivered,90.0,30,0.0,6.0,120.0,UPI
855,1382,31,2024-10-11 09:56:39,Pending,110.0,30,11.0,6.45,129.0,Cash on Delivery
856,1783,13,2024-12-28 07:05:25,Delivered,790.0,0.0,0.0,39.5,790.0,UPI
857,1384,23,2023-02-20 20:31:59,Delivered,640.0,0.0,0.0,32.0,640.0,Card
858,648,54,2023-03-16 18:13:51,Delivered,1640.0,0.0,0.0,82.0,1640.0,Wallet
859,1674,121,2024-03-18 06:35:04,Refunded,460.0,20,0.0,24.0,480.0,Card
860,527,104,2024-10-20 20:30:44,Delivered,700.0,0.0,0.0,35.0,700.0,UPI
861,1966,52,2024-06-02 02:58:51,Cancelled,430.0,15,0.0,22.25,445.0,UPI
862,1141,94,2023-06-26 17:30:02,Pending,60.0,30,0.0,4.5,90.0,Card
863,793,137,2024-04-15 17:57:41,Delivered,120.0,35,0.0,7.75,155.0,UPI
864,1779,111,2024-07-18 23:47:36,Cancelled,1150.0,0.0,0.0,57.5,1150.0,Card
865,1177,146,2023-09-24 19:56:52,Delivered,50.0,40,0.0,4.5,90.0,UPI
866,1885,48,2024-04-25 10:29:33,Cancelled,1320.0,0.0,100,61.0,1220.0,Cash on Delivery
867,619,98,2023-07-16 10:28:38,Delivered,1200.0,0.0,0.0,60.0,1200.0,Net Banking
868,1803,10,2024-11-01 19:23:38,Delivered,1510.0,0.0,100,70.5,1410.0,Card
869,1574,95,2023-09-24 07:20:59,Delivered,440.0,25,88.0,18.85,377.0,UPI
870,289,39,2023-11-25 20:58:21,Delivered,220.0,40,44.0,10.8,216.0,UPI
871,1065,79,2024-02-08 11:39:23,Delivered,50.0,30,5.0,3.75,75.0,Card
872,1252,76,2024-07-27 12:45:40,Delivered,200.0,35,0.0,11.75,235.0,Card
873,408,43,2024-08-20 12:10:16,Delivered,510.0,0.0,76.5,21.68,433.5,Wallet
874,1119,21,2024-07-02 03:35:21,Refunded,850.0,0.0,100,37.5,750.0,Card
875,1043,61,2023-12-27 07:23:40,Delivered,750.0,0.0,75.0,33.75,675.0,UPI
876,1333,40,2023-03-12 08:50:21,Pending,160.0,30,0.0,9.5,190.0,Cash on Delivery
877,1686,13,2023-11-26 15:39:47,Delivered,740.0,0.0,74.0,33.3,666.0,Cash on Delivery
878,569,120,2023-04-11 05:09:19,Refunded,620.0,0.0,0.0,31.0,620.0,UPI
879,713,78,2023-07-18 19:21:10,Refunded,210.0,40,0.0,12.5,250.0,UPI
880,1809,14,2024-09-25 13:35:15,Refunded,820.0,0.0,0.0,41.0,820.0,Wallet
881,644,121,2024-07-31 19:34:05,Cancelled,1230.0,0.0,0.0,61.5,1230.0,Wallet
882,1847,76,2024-06-11 20:17:10,Delivered,440.0,15,44.0,20.55,411.0,UPI
883,698,6,2023-10-29 18:01:37,Delivered,1650.0,0.0,100,77.5,1550.0,Cash on Delivery
884,764,46,2024-07-22 22:51:53,Delivered,320.0,25,0.0,17.25,345.0,UPI
885,893,33,2024-02-16 04:30:02,Cancelled,1420.0,0.0,100,66.0,1320.0,UPI
886,1357,63,2024-09-10 02:15:58,Delivered,3260.0,0.0,0.0,163.0,3260.0,Cash on Delivery
887,1923,130,2023-09-30 19:07:32,Delivered,880.0,0.0,0.0,44.0,880.0,Wallet
888,724,120,2024-04-16 21:11:57,Delivered,340.0,15,0.0,17.75,355.0,Wallet
889,534,142,2023-08-05 19:59:15,Cancelled,300.0,25,0.0,16.25,325.0,Net Banking
890,195,96,2024-02-16 21:36:50,Pending,1340.0,0.0,0.0,67.0,1340.0,Wallet
891,1727,68,2023-11-30 21:50:26,Delivered,970.0,0.0,0.0,48.5,970.0,Card
892,1707,34,2023-12-18 16:20:22,Delivered,690.0,0.0,0.0,34.5,690.0,Card
893,165,33,2024-03-10 10:53:32,Delivered,1080.0,0.0,0.0,54.0,1080.0,Wallet
894,849,73,2024-08-20 08:40:42,Delivered,340.0,20,68.0,14.6,292.0,Wallet
895,1830,62,2023-06-27 13:28:01,Refunded,300.0,20,0.0,16.0,320.0,Cash on Delivery
896,730,100,2023-08-08 04:53:35,Cancelled,1020.0,0.0,0.0,51.0,1020.0,Net Banking
897,526,46,2023-10-05 13:21:51,Cancelled,860.0,0.0,100,38.0,760.0,UPI
898,1806,104,2023-06-17 19:43:25,Delivered,740.0,0.0,100,32.0,640.0,Card
899,1127,50,2023-10-13 21:27:54,Refunded,70.0,25,0.0,4.75,95.0,UPI
900,518,141,2024-09-09 22:51:38,Pending,300.0,20,0.0,16.0,320.0,UPI
901,215,138,2024-01-21 21:29:04,Cancelled,740.0,0.0,74.0,33.3,666.0,UPI
902,1888,73,2023-06-17 20:43:43,Delivered,250.0,25,0.0,13.75,275.0,UPI
903,1253,12,2024-01-07 18:01:18,Delivered,500.0,0.0,0.0,25.0,500.0,Card
904,353,123,2024-12-08 10:49:29,Delivered,900.0,0.0,0.0,45.0,900.0,Card
905,603,14,2023-12-10 07:06:57,Delivered,440.0,25,44.0,21.05,421.0,Cash on Delivery
906,1809,126,2024-09-11 22:27:33,Cancelled,1280.0,0.0,0.0,64.0,1280.0,UPI
907,1724,64,2023-10-02 16:19:09,Delivered,180.0,25,0.0,10.25,205.0,UPI
908,284,79,2024-03-22 11:04:23,Delivered,600.0,0.0,0.0,30.0,600.0,UPI
909,1904,136,2024-06-13 17:15:45,Cancelled,500.0,0.0,0.0,25.0,500.0,UPI
910,1579,123,2023-03-06 06:01:04,Delivered,1680.0,0.0,0.0,84.0,1680.0,UPI
911,1342,6,2024-01-08 02:04:26,Cancelled,80.0,30,0.0,5.5,110.0,Cash on Delivery
912,489,113,2023-02-13 23:11:10,Delivered,620.0,0.0,62.0,27.9,558.0,Card
913,56,56,2024-02-02 12:25:47,Delivered,640.0,0.0,0.0,32.0,640.0,Cash on Delivery
914,195,126,2023-11-19 22:51:04,Delivered,310.0,25,0.0,16.75,335.0,Wallet
915,1670,129,2024-05-26 05:53:04,Refunded,750.0,0.0,0.0,37.5,750.0,UPI
916,1897,43,2023-01-13 23:26:56,Delivered,2040.0,0.0,100,97.0,1940.0,Wallet
917,79,79,2023-08-04 06:35:53,Cancelled,690.0,0.0,69.0,31.05,621.0,Wallet
918,1503,136,2023-03-29 17:20:19,Cancelled,860.0,0.0,0.0,43.0,860.0,UPI
919,1856,85,2024-04-16 14:03:48,Refunded,350.0,20,70.0,15.0,300.0,UPI
920,1524,46,2024-10-27 19:32:51,Delivered,150.0,35,0.0,9.25,185.0,Cash on Delivery
921,249,33,2023-10-25 06:35:05,Delivered,640.0,0.0,100,27.0,540.0,UPI
922,756,21,2023-07-24 12:18:37,Delivered,1610.0,0.0,0.0,80.5,1610.0,Cash on Delivery
923,1408,26,2023-09-13 20:14:03,Delivered,320.0,25,0.0,17.25,345.0,Card
924,1458,31,2023-04-25 09:58:23,Pending,230.0,40,0.0,13.5,270.0,Wallet
925,429,100,2023-04-30 18:14:41,Delivered,440.0,15,44.0,20.55,411.0,Cash on Delivery
926,1739,33,2024-12-03 19:56:50,Delivered,2060.0,0.0,0.0,103.0,2060.0,Card
927,1381,39,2024-09-12 20:35:37,Cancelled,410.0,15,61.5,18.18,363.5,Card
928,351,102,2024-07-20 11:27:19,Pending,290.0,25,29.0,14.3,286.0,UPI
929,1180,50,2023-09-25 14:56:44,Cancelled,1260.0,0.0,0.0,63.0,1260.0,UPI
930,1521,29,2024-02-18 11:06:48,Cancelled,1400.0,0.0,100,65.0,1300.0,Cash on Delivery
931,919,63,2023-12-27 13:22:37,Refunded,440.0,25,0.0,23.25,465.0,Cash on Delivery
932,768,13,2023-10-31 13:55:16,Delivered,1180.0,0.0,0.0,59.0,1180.0,UPI
933,1232,108,2023-11-06 20:57:31,Cancelled,580.0,0.0,0.0,29.0,580.0,Wallet
934,1520,10,2024-05-05 13:34:55,Delivered,1280.0,0.0,0.0,64.0,1280.0,UPI
935,439,103,2023-01-02 19:38:17,Cancelled,1250.0,0.0,0.0,62.5,1250.0,Card
936,1893,61,2023-07-15 12:00:41,Delivered,330.0,25,0.0,17.75,355.0,UPI
937,1104,85,2023-09-13 12:13:49,Pending,270.0,30,0.0,15.0,300.0,Card
938,1574,68,2024-01-31 11:00:46,Delivered,130.0,35,0.0,8.25,165.0,UPI
939,193,133,2024-01-04 18:49:25,Delivered,560.0,0.0,56.0,25.2,504.0,UPI
940,1933,19,2024-01-18 12:59:45,Delivered,720.0,0.0,0.0,36.0,720.0,UPI
941,1253,95,2024-03-12 17:58:46,Delivered,600.0,0.0,100,25.0,500.0,UPI
942,727,128,2023-07-06 14:09:59,Delivered,1090.0,0.0,0.0,54.5,1090.0,Cash on Delivery
943,570,52,2023-06-11 22:22:29,Cancelled,240.0,35,0.0,13.75,275.0,Card
944,1588,103,2024-03-04 19:23:47,Delivered,220.0,25,0.0,12.25,245.0,Card
945,470,6,2023-04-10 10:17:33,Delivered,1070.0,0.0,100,48.5,970.0,Card
946,480,103,2024-03-21 14:19:57,Delivered,530.0,0.0,0.0,26.5,530.0,Card
947,1990,13,2024-08-04 19:09:10,Delivered,1100.0,0.0,0.0,55.0,1100.0,UPI
948,1140,129,2024-04-17 20:25:38,Delivered,920.0,0.0,0.0,46.0,920.0,UPI
949,91,16,2023-10-14 10:43:22,Delivered,780.0,0.0,0.0,39.0,780.0,UPI
950,916,1,2023-11-16 09:35:28,Delivered,470.0,25,0.0,24.75,495.0,UPI
951,1116,129,2023-12-29 21:34:38,Delivered,290.0,30,0.0,16.0,320.0,UPI
952,853,91,2023-04-26 06:59:52,Cancelled,820.0,0.0,0.0,41.0,820.0,UPI
953,1060,81,2024-11-30 21:15:56,Delivered,180.0,40,18.0,10.1,202.0,UPI
954,205,108,2023-06-05 19:18:40,Refunded,2190.0,0.0,100,104.5,2090.0,UPI
955,323,128,2023-01-31 13:55:47,Cancelled,1150.0,0.0,0.0,57.5,1150.0,UPI
956,1829,5,2024-08-16 08:28:57,Delivered,680.0,0.0,0.0,34.0,680.0,Wallet
957,1337,69,2023-09-17 16:27:55,Delivered,260.0,40,65.0,11.75,235.0,Card
958,207,72,2023-08-20 11:10:47,Delivered,1430.0,0.0,0.0,71.5,1430.0,Card
959,497,76,2023-05-26 16:57:16,Delivered,90.0,40,9.0,6.05,121.0,Card
960,159,56,2023-11-15 09:14:25,Cancelled,70.0,25,17.5,3.88,77.5,UPI
961,565,21,2024-03-30 20:04:35,Delivered,720.0,0.0,0.0,36.0,720.0,Wallet
962,486,79,2023-12-10 15:17:39,Refunded,230.0,35,0.0,13.25,265.0,Cash on Delivery
963,357,63,2024-10-29 18:36:16,Delivered,1690.0,0.0,0.0,84.5,1690.0,UPI
964,1076,54,2023-08-31 20:05:07,Delivered,560.0,0.0,0.0,28.0,560.0,UPI
965,870,81,2023-02-17 20:12:26,Delivered,340.0,15,0.0,17.75,355.0,Cash on Delivery
966,1008,129,2024-08-09 15:20:40,Delivered,1290.0,0.0,0.0,64.5,1290.0,Cash on Delivery
967,207,72,2024-12-17 11:58:53,Cancelled,570.0,0.0,85.5,24.23,484.5,Card
968,618,120,2023-11-29 22:58:39,Delivered,1060.0,0.0,100,48.0,960.0,Cash on Delivery
969,1581,34,2024-05-28 19:06:08,Delivered,560.0,0.0,0.0,28.0,560.0,UPI
970,1968,39,2024-08-23 17:04:34,Delivered,460.0,25,0.0,24.25,485.0,Cash on Delivery
971,143,88,2024-05-30 16:36:53,Delivered,1080.0,0.0,0.0,54.0,1080.0,Cash on Delivery
972,521,136,2023-12-30 19:32:57,Cancelled,330.0,25,0.0,17.75,355.0,UPI
973,1870,46,2024-02-09 18:47:45,Delivered,1230.0,0.0,100,56.5,1130.0,UPI
974,425,132,2023-02-10 15:23:30,Refunded,960.0,0.0,0.0,48.0,960.0,UPI
975,813,40,2023-02-20 14:28:20,Delivered,1760.0,0.0,0.0,88.0,1760.0,Card
976,1245,34,2023-10-29 16:06:49,Refunded,650.0,0.0,0.0,32.5,650.0,Net Banking
977,312,128,2023-04-25 19:01:18,Delivered,610.0,0.0,0.0,30.5,610.0,Card
978,662,35,2023-07-25 23:28:53,Delivered,1060.0,0.0,100,48.0,960.0,Cash on Delivery
979,101,6,2024-09-14 02:02:53,Delivered,1000.0,0.0,0.0,50.0,1000.0,Cash on Delivery
980,1283,89,2024-02-03 21:03:23,Refunded,920.0,0.0,0.0,46.0,920.0,Card
981,1163,16,2024-07-04 21:31:46,Delivered,1780.0,0.0,100,84.0,1680.0,UPI
982,1722,56,2024-05-12 17:46:24,Delivered,1190.0,0.0,0.0,59.5,1190.0,Card
983,1347,19,2024-03-22 22:45:22,Refunded,1110.0,0.0,0.0,55.5,1110.0,UPI
984,641,90,2023-09-30 13:41:23,Pending,510.0,0.0,0.0,25.5,510.0,UPI
985,1663,91,2023-07-30 18:51:30,Delivered,300.0,25,60.0,13.25,265.0,Net Banking
986,783,108,2023-10-21 19:29:00,Delivered,1340.0,0.0,0.0,67.0,1340.0,Card
987,875,18,2024-12-16 09:15:07,Delivered,690.0,0.0,0.0,34.5,690.0,Wallet
988,1787,131,2024-09-06 01:13:49,Cancelled,1390.0,0.0,0.0,69.5,1390.0,Card
989,127,99,2023-03-28 13:03:52,Delivered,2070.0,0.0,100,98.5,1970.0,UPI
990,1366,98,2024-06-08 10:38:06,Delivered,860.0,0.0,0.0,43.0,860.0,UPI
991,1726,1,2024-07-03 18:31:58,Delivered,500.0,0.0,75.0,21.25,425.0,Card
992,1992,86,2024-12-16 15:44:00,Delivered,500.0,0.0,75.0,21.25,425.0,Wallet
993,1462,131,2024-02-10 13:48:47,Cancelled,830.0,0.0,83.0,37.35,747.0,Cash on Delivery
994,904,73,2023-07-14 16:42:02,Cancelled,750.0,0.0,0.0,37.5,750.0,Cash on Delivery
995,253,149,2023-07-19 13:32:32,Cancelled,720.0,0.0,0.0,36.0,720.0,UPI
996,1205,60,2024-11-11 20:04:55,Delivered,2220.0,0.0,0.0,111.0,2220.0,Net Banking
997,1080,100,2023-07-14 20:27:14,Pending,360.0,15,0.0,18.75,375.0,Wallet
998,616,140,2024-10-09 14:46:29,Delivered,360.0,25,36.0,17.45,349.0,UPI
999,685,126,2024-08-04 09:43:43,Delivered,450.0,15,45.0,21.0,420.0,UPI
1000,195,146,2024-04-17 14:49:53,Delivered,810.0,0.0,100,35.5,710.0,Card
1001,148,20,2023-06-08 09:55:45,Refunded,1320.0,0.0,100,61.0,1220.0,Card
1002,1075,131,2023-10-07 14:11:19,Delivered,660.0,0.0,66.0,29.7,594.0,UPI
1003,545,63,2024-11-06 22:13:47,Cancelled,420.0,15,0.0,21.75,435.0,UPI
1004,1002,55,2024-11-27 10:20:45,Delivered,1450.0,0.0,0.0,72.5,1450.0,UPI
1005,739,113,2023-12-19 20:20:29,Cancelled,1160.0,0.0,0.0,58.0,1160.0,Card
1006,1054,119,2023-09-27 15:47:19,Delivered,330.0,20,0.0,17.5,350.0,UPI
1007,1060,128,2023-09-12 20:08:22,Delivered,1550.0,0.0,100,72.5,1450.0,Wallet
1008,1541,69,2024-12-28 22:30:05,Pending,1740.0,0.0,0.0,87.0,1740.0,Net Banking
1009,1187,101,2023-06-25 20:44:24,Pending,750.0,0.0,100,32.5,650.0,Cash on Delivery
1010,1317,131,2024-09-18 13:52:49,Delivered,760.0,0.0,100,33.0,660.0,Card
1011,1094,52,2024-09-01 12:26:57,Refunded,1210.0,0.0,0.0,60.5,1210.0,Card
1012,1153,80,2024-04-15 17:21:54,Delivered,2340.0,0.0,0.0,117.0,2340.0,Card
1013,480,5,2024-03-06 13:21:09,Cancelled,990.0,0.0,100,44.5,890.0,UPI
1014,1068,142,2023-06-02 18:35:16,Refunded,300.0,15,0.0,15.75,315.0,UPI
1015,558,34,2024-06-30 13:15:58,Cancelled,1850.0,0.0,100,87.5,1750.0,UPI
1016,1668,20,2023-11-02 10:54:09,Cancelled,2940.0,0.0,100,142.0,2840.0,Cash on Delivery
1017,1019,40,2024-02-03 21:44:39,Delivered,630.0,0.0,63.0,28.35,567.0,Card
1018,1695,100,2023-05-10 17:45:07,Pending,870.0,0.0,100,38.5,770.0,UPI
1019,1068,1,2024-01-26 10:15:58,Refunded,170.0,35,0.0,10.25,205.0,UPI
1020,1716,60,2023-04-12 20:10:55,Refunded,300.0,25,30.0,14.75,295.0,Wallet
1021,1212,73,2023-02-20 11:55:58,Cancelled,250.0,30,0.0,14.0,280.0,Net Banking
1022,351,105,2023-08-10 20:19:59,Delivered,820.0,0.0,0.0,41.0,820.0,UPI
1023,1155,95,2023-10-13 20:13:59,Cancelled,800.0,0.0,100,35.0,700.0,Wallet
1024,1165,32,2024-01-12 11:56:17,Refunded,570.0,0.0,0.0,28.5,570.0,UPI
1025,1950,35,2024-05-10 20:21:40,Delivered,1020.0,0.0,0.0,51.0,1020.0,Net Banking
1026,210,120,2023-01-16 19:01:19,Cancelled,400.0,25,60.0,18.25,365.0,Cash on Delivery
1027,527,10,2023-11-22 17:49:51,Cancelled,1800.0,0.0,0.0,90.0,1800.0,Wallet
1028,33,1,2023-08-13 13:22:48,Delivered,640.0,0.0,100,27.0,540.0,Cash on Delivery
1029,1966,50,2024-03-29 20:29:39,Delivered,340.0,25,68.0,14.85,297.0,Net Banking
1030,1755,128,2024-10-09 15:10:00,Delivered,1790.0,0.0,100,84.5,1690.0,UPI
1031,296,138,2023-08-29 18:37:39,Pending,1640.0,0.0,0.0,82.0,1640.0,Wallet
1032,1960,88,2023-08-25 14:20:03,Delivered,390.0,25,0.0,20.75,415.0,UPI
1033,1429,141,2023-07-03 09:12:54,Delivered,120.0,35,24.0,6.55,131.0,Wallet
1034,197,57,2023-08-01 03:36:30,Delivered,1910.0,0.0,100,90.5,1810.0,Card
1035,1521,84,2024-04-25 18:06:06,Delivered,690.0,0.0,0.0,34.5,690.0,Cash on Delivery
1036,825,109,2023-10-20 12:35:23,Refunded,370.0,25,0.0,19.75,395.0,Cash on Delivery
1037,1172,78,2024-11-16 01:37:26,Delivered,50.0,35,0.0,4.25,85.0,Cash on Delivery
1038,1720,67,2023-04-20 01:11:47,Pending,1030.0,0.0,0.0,51.5,1030.0,Card
1039,1708,60,2023-10-23 16:13:29,Refunded,950.0,0.0,100,42.5,850.0,Cash on Delivery
1040,220,138,2024-05-26 20:37:51,Delivered,800.0,0.0,100,35.0,700.0,UPI
1041,1527,69,2023-06-20 20:37:34,Pending,3200.0,0.0,0.0,160.0,3200.0,UPI
1042,859,79,2024-04-30 10:24:18,Delivered,310.0,15,0.0,16.25,325.0,UPI
1043,1537,32,2023-12-24 06:14:16,Delivered,270.0,30,67.5,11.62,232.5,UPI
1044,63,137,2024-05-02 07:06:35,Delivered,300.0,15,0.0,15.75,315.0,UPI
1045,85,15,2024-02-13 23:12:11,Delivered,300.0,15,0.0,15.75,315.0,Cash on Delivery
1046,1490,64,2023-10-11 03:13:19,Delivered,300.0,20,0.0,16.0,320.0,UPI
1047,1875,104,2023-08-15 19:32:04,Delivered,400.0,25,0.0,21.25,425.0,Card
1048,266,68,2024-06-03 15:56:20,Delivered,650.0,0.0,0.0,32.5,650.0,UPI
1049,1893,39,2024-08-05 15:10:02,Delivered,720.0,0.0,0.0,36.0,720.0,Cash on Delivery
1050,385,16,2023-05-28 14:08:51,Cancelled,720.0,0.0,0.0,36.0,720.0,UPI
1051,1788,137,2023-11-26 12:07:33,Cancelled,350.0,25,0.0,18.75,375.0,UPI
1052,1624,39,2024-12-17 14:08:01,Refunded,580.0,0.0,0.0,29.0,580.0,Card
1053,1324,111,2024-06-26 16:02:09,Pending,110.0,25,0.0,6.75,135.0,UPI
1054,623,85,2024-08-12 15:25:05,Delivered,320.0,25,0.0,17.25,345.0,Card
1055,485,80,2024-02-22 07:33:19,Delivered,190.0,35,0.0,11.25,225.0,Card
1056,1929,108,2024-05-16 22:06:07,Delivered,2010.0,0.0,0.0,100.5,2010.0,UPI
1057,1272,98,2023-03-18 20:05:18,Delivered,680.0,0.0,0.0,34.0,680.0,UPI
1058,1990,15,2023-09-25 16:00:12,Delivered,1000.0,0.0,100,45.0,900.0,UPI
1059,808,76,2024-02-27 18:35:52,Delivered,220.0,30,0.0,12.5,250.0,Card
1060,372,114,2024-05-12 07:15:38,Delivered,480.0,25,0.0,25.25,505.0,Card
1061,1428,102,2024-12-27 20:23:46,Delivered,120.0,30,30.0,6.0,120.0,Card
1062,1225,105,2023-07-01 13:34:51,Pending,2880.0,0.0,0.0,144.0,2880.0,UPI
1063,275,1,2023-10-20 13:54:51,Delivered,780.0,0.0,0.0,39.0,780.0,Wallet
1064,882,77,2024-04-02 12:14:11,Refunded,360.0,15,0.0,18.75,375.0,Card
1065,1471,12,2023-01-12 15:49:12,Refunded,710.0,0.0,0.0,35.5,710.0,UPI
1066,1248,109,2024-01-01 20:37:00,Delivered,260.0,35,52.0,12.15,243.0,Card
1067,18,121,2024-06-04 19:00:45,Cancelled,370.0,25,0.0,19.75,395.0,Net Banking
1068,561,68,2023-01-06 19:47:56,Delivered,620.0,0.0,0.0,31.0,620.0,UPI
1069,1615,51,2024-11-20 13:38:53,Delivered,740.0,0.0,0.0,37.0,740.0,UPI
1070,1692,97,2023-06-13 13:12:33,Delivered,1290.0,0.0,0.0,64.5,1290.0,UPI
1071,1709,142,2023-03-31 15:48:37,Delivered,300.0,15,45.0,13.5,270.0,Wallet
1072,1611,123,2023-12-05 20:39:24,Delivered,520.0,0.0,52.0,23.4,468.0,Card
1073,1880,35,2023-11-01 12:54:31,Cancelled,460.0,15,100,18.75,375.0,Cash on Delivery
1074,1704,13,2024-12-29 11:24:35,Cancelled,1860.0,0.0,0.0,93.0,1860.0,Card
1075,752,88,2024-08-24 18:41:55,Delivered,590.0,0.0,0.0,29.5,590.0,Card
1076,629,125,2023-04-02 20:01:44,Refunded,570.0,0.0,0.0,28.5,570.0,UPI
1077,1851,99,2024-10-14 17:25:03,Delivered,2160.0,0.0,0.0,108.0,2160.0,Card
1078,1052,142,2023-08-01 23:19:43,Delivered,300.0,25,0.0,16.25,325.0,UPI
1079,551,113,2023-04-17 13:17:57,Delivered,350.0,25,87.5,14.38,287.5,Wallet
1080,916,135,2023-12-08 18:59:29,Delivered,650.0,0.0,0.0,32.5,650.0,Card
1081,738,108,2023-06-01 21:30:43,Delivered,180.0,30,0.0,10.5,210.0,Card
1082,908,100,2024-06-21 19:49:09,Cancelled,460.0,25,0.0,24.25,485.0,UPI
1083,1471,101,2023-11-16 07:57:12,Delivered,250.0,25,37.5,11.88,237.5,UPI
1084,1236,10,2024-09-16 12:25:09,Delivered,1340.0,0.0,0.0,67.0,1340.0,Cash on Delivery
1085,935,141,2024-02-25 18:54:26,Delivered,650.0,0.0,97.5,27.62,552.5,Card
1086,1720,46,2024-05-06 13:33:13,Delivered,1160.0,0.0,100,53.0,1060.0,UPI
1087,264,79,2024-02-10 15:17:54,Cancelled,250.0,25,0.0,13.75,275.0,UPI
1088,904,115,2024-12-28 20:51:18,Delivered,240.0,35,0.0,13.75,275.0,UPI
1089,901,11,2023-11-18 20:45:17,Cancelled,380.0,25,0.0,20.25,405.0,UPI
1090,837,37,2023-03-02 16:04:34,Cancelled,1190.0,0.0,0.0,59.5,1190.0,Wallet
1091,716,25,2023-09-08 20:51:46,Delivered,410.0,15,61.5,18.18,363.5,Cash on Delivery
1092,1660,67,2024-11-11 20:16:07,Refunded,800.0,0.0,0.0,40.0,800.0,Card
1093,1393,38,2024-08-30 22:32:18,Delivered,880.0,0.0,88.0,39.6,792.0,Card
1094,1083,72,2023-07-11 19:42:56,Pending,1000.0,0.0,0.0,50.0,1000.0,UPI
1095,1892,115,2023-06-26 11:28:33,Delivered,550.0,0.0,0.0,27.5,550.0,UPI
1096,1525,78,2023-12-15 18:03:12,Delivered,180.0,25,0.0,10.25,205.0,Wallet
1097,24,45,2024-08-25 03:02:50,Delivered,200.0,30,0.0,11.5,230.0,UPI
1098,1880,99,2023-09-23 21:19:14,Cancelled,210.0,30,0.0,12.0,240.0,Card
1099,1552,8,2024-08-23 18:05:29,Pending,480.0,25,0.0,25.25,505.0,UPI
1100,1692,50,2024-12-15 20:32:23,Delivered,320.0,20,0.0,17.0,340.0,Card
1101,1280,132,2024-08-08 12:55:08,Delivered,2040.0,0.0,0.0,102.0,2040.0,Cash on Delivery
1102,1650,95,2024-03-04 21:42:48,Delivered,600.0,0.0,0.0,30.0,600.0,Card
1103,33,46,2024-07-18 11:31:27,Delivered,620.0,0.0,100,26.0,520.0,UPI
1104,979,123,2024-11-04 00:04:38,Delivered,1920.0,0.0,0.0,96.0,1920.0,Card
1105,1559,142,2024-04-22 12:04:58,Pending,300.0,20,60.0,13.0,260.0,UPI
1106,1410,42,2023-03-24 22:57:51,Refunded,470.0,15,47.0,21.9,438.0,UPI
1107,1621,84,2024-07-06 19:13:32,Pending,670.0,0.0,100,28.5,570.0,UPI
1108,275,91,2024-12-26 12:17:04,Delivered,100.0,40,0.0,7.0,140.0,Cash on Delivery
1109,1240,21,2024-07-27 08:03:39,Delivered,1820.0,0.0,0.0,91.0,1820.0,Cash on Delivery
1110,532,131,2023-11-29 19:34:13,Cancelled,200.0,30,0.0,11.5,230.0,Card
1111,1463,43,2024-06-14 21:05:18,Refunded,140.0,30,0.0,8.5,170.0,Net Banking
1112,327,134,2023-06-04 12:53:12,Delivered,660.0,0.0,0.0,33.0,660.0,Wallet
1113,1544,86,2024-05-12 13:51:56,Cancelled,490.0,15,0.0,25.25,505.0,Cash on Delivery
1114,1646,21,2023-05-30 20:22:50,Delivered,150.0,40,0.0,9.5,190.0,Cash on Delivery
1115,1946,8,2024-02-20 21:32:11,Cancelled,1020.0,0.0,0.0,51.0,1020.0,Cash on Delivery
1116,1847,18,2023-09-12 14:44:11,Delivered,560.0,0.0,0.0,28.0,560.0,Wallet
1117,1825,57,2023-04-29 21:30:49,Delivered,760.0,0.0,0.0,38.0,760.0,UPI
1118,1769,117,2024-01-28 14:36:11,Delivered,1360.0,0.0,0.0,68.0,1360.0,Cash on Delivery
1119,1158,101,2024-11-30 13:14:23,Cancelled,610.0,0.0,0.0,30.5,610.0,Cash on Delivery
1120,152,12,2024-04-27 18:24:58,Cancelled,710.0,0.0,0.0,35.5,710.0,UPI
1121,192,123,2024-07-01 13:43:28,Cancelled,80.0,35,12.0,5.15,103.0,Wallet
1122,1974,8,2024-05-03 10:47:53,Cancelled,140.0,40,21.0,7.95,159.0,UPI
1123,1863,68,2023-03-07 18:13:28,Delivered,210.0,30,21.0,10.95,219.0,Cash on Delivery
1124,1524,46,2024-06-13 09:57:42,Cancelled,320.0,15,0.0,16.75,335.0,Card
1125,578,69,2023-08-11 15:08:00,Cancelled,540.0,0.0,100,22.0,440.0,UPI
1126,1445,115,2024-02-16 08:43:27,Delivered,1260.0,0.0,0.0,63.0,1260.0,UPI
1127,1349,120,2024-05-27 13:25:10,Delivered,440.0,25,100,18.25,365.0,Card
1128,1691,104,2023-08-29 13:11:23,Delivered,400.0,25,80.0,17.25,345.0,Cash on Delivery
1129,705,43,2024-11-12 12:33:57,Pending,390.0,25,0.0,20.75,415.0,UPI
1130,916,89,2023-11-30 10:38:03,Delivered,240.0,35,0.0,13.75,275.0,UPI
1131,1755,69,2023-08-23 15:44:58,Refunded,610.0,0.0,0.0,30.5,610.0,UPI
1132,1727,131,2024-11-10 21:40:31,Delivered,780.0,0.0,78.0,35.1,702.0,Cash on Delivery
1133,1769,54,2024-02-05 13:32:17,Pending,130.0,25,0.0,7.75,155.0,UPI
1134,988,43,2023-01-11 21:00:56,Cancelled,1140.0,0.0,0.0,57.0,1140.0,Cash on Delivery
1135,334,124,2023-07-23 20:38:38,Cancelled,390.0,20,0.0,20.5,410.0,UPI
1136,1648,146,2024-05-17 22:33:49,Delivered,90.0,40,22.5,5.38,107.5,UPI
1137,44,143,2024-08-19 16:00:40,Delivered,690.0,0.0,0.0,34.5,690.0,UPI
1138,1457,55,2023-07-10 21:12:24,Delivered,270.0,40,0.0,15.5,310.0,UPI
1139,1888,32,2024-03-11 12:22:55,Refunded,880.0,0.0,0.0,44.0,880.0,UPI
1140,616,42,2024-10-27 16:13:46,Delivered,1130.0,0.0,0.0,56.5,1130.0,Card
1141,1224,25,2024-08-22 19:14:45,Pending,330.0,25,0.0,17.75,355.0,UPI
1142,1317,122,2023-08-15 21:05:42,Cancelled,630.0,0.0,0.0,31.5,630.0,UPI
1143,1403,69,2023-08-07 12:37:45,Cancelled,680.0,0.0,0.0,34.0,680.0,Card
1144,320,78,2024-09-05 19:32:19,Cancelled,500.0,0.0,0.0,25.0,500.0,UPI
1145,1257,63,2024-08-31 15:34:40,Cancelled,630.0,0.0,100,26.5,530.0,UPI
1146,1092,138,2024-01-19 18:01:18,Refunded,400.0,20,60.0,18.0,360.0,Net Banking
1147,643,142,2024-04-24 09:22:33,Pending,600.0,0.0,0.0,30.0,600.0,UPI
1148,1380,129,2024-04-10 19:00:11,Delivered,1040.0,0.0,0.0,52.0,1040.0,Net Banking
1149,1946,8,2023-11-02 21:28:53,Pending,360.0,20,0.0,19.0,380.0,Wallet
1150,1677,109,2024-01-11 14:15:48,Pending,2590.0,0.0,0.0,129.5,2590.0,UPI
1151,526,25,2024-01-28 01:16:55,Refunded,170.0,25,42.5,7.62,152.5,Wallet
1152,1968,146,2024-10-19 19:59:01,Delivered,550.0,0.0,100,22.5,450.0,Card
1153,861,143,2024-01-06 15:42:16,Delivered,1510.0,0.0,100,70.5,1410.0,Card
1154,1282,69,2024-01-10 14:18:59,Refunded,1040.0,0.0,0.0,52.0,1040.0,Wallet
1155,220,33,2023-11-01 16:28:52,Refunded,1210.0,0.0,0.0,60.5,1210.0,UPI
1156,574,132,2023-11-25 22:29:13,Cancelled,330.0,25,0.0,17.75,355.0,Cash on Delivery
1157,927,51,2023-10-22 06:16:17,Delivered,2480.0,0.0,100,119.0,2380.0,Cash on Delivery
1158,781,143,2024-10-29 15:29:09,Delivered,2910.0,0.0,0.0,145.5,2910.0,UPI
1159,132,1,2023-10-15 12:54:43,Delivered,270.0,35,0.0,15.25,305.0,Card
1160,1142,56,2023-11-19 15:14:18,Delivered,280.0,30,56.0,12.7,254.0,UPI
1161,345,63,2023-09-27 15:47:04,Delivered,630.0,0.0,100,26.5,530.0,UPI
1162,559,130,2023-11-16 10:31:49,Cancelled,270.0,25,27.0,13.4,268.0,UPI
1163,753,138,2024-03-28 11:18:25,Delivered,120.0,40,0.0,8.0,160.0,UPI
1164,1430,115,2023-11-09 16:31:37,Delivered,120.0,25,18.0,6.35,127.0,Net Banking
1165,1346,67,2023-02-03 12:47:30,Cancelled,1080.0,0.0,0.0,54.0,1080.0,Net Banking
1166,668,13,2024-11-12 10:02:16,Refunded,1390.0,0.0,100,64.5,1290.0,UPI
1167,1691,46,2023-07-11 15:02:53,Cancelled,810.0,0.0,0.0,40.5,810.0,UPI
1168,470,110,2023-02-19 15:09:08,Delivered,1100.0,0.0,0.0,55.0,1100.0,Net Banking
1169,1480,101,2024-03-28 00:43:25,Delivered,360.0,20,90.0,14.5,290.0,Cash on Delivery
1170,1538,17,2024-05-16 13:34:20,Pending,1160.0,0.0,100,53.0,1060.0,Cash on Delivery
1171,1161,76,2024-08-11 14:54:15,Delivered,300.0,20,0.0,16.0,320.0,UPI
1172,280,27,2024-03-06 13:54:18,Pending,580.0,0.0,87.0,24.65,493.0,UPI
1173,470,111,2023-04-13 19:03:20,Delivered,160.0,30,0.0,9.5,190.0,Cash on Delivery
1174,1186,33,2024-12-06 21:21:12,Delivered,670.0,0.0,0.0,33.5,670.0,Card
1175,1482,95,2024-12-23 15:24:15,Delivered,2200.0,0.0,100,105.0,2100.0,UPI
1176,481,99,2023-02-12 09:12:46,Pending,1530.0,0.0,0.0,76.5,1530.0,Card
1177,1187,128,2024-09-07 18:36:09,Delivered,860.0,0.0,100,38.0,760.0,UPI
1178,366,88,2023-11-21 10:46:03,Cancelled,590.0,0.0,0.0,29.5,590.0,UPI
1179,1211,25,2024-01-12 18:49:37,Delivered,830.0,0.0,100,36.5,730.0,UPI
1180,495,132,2024-11-06 03:42:15,Refunded,560.0,0.0,100,23.0,460.0,Wallet
1181,1298,12,2024-02-29 21:54:04,Delivered,1190.0,0.0,0.0,59.5,1190.0,Cash on Delivery
1182,62,46,2024-02-20 16:23:08,Delivered,150.0,40,22.5,8.38,167.5,Cash on Delivery
1183,6,26,2024-03-09 14:52:47,Delivered,880.0,0.0,0.0,44.0,880.0,Net Banking
1184,1548,23,2023-12-22 20:55:36,Pending,700.0,0.0,0.0,35.0,700.0,UPI
1185,1611,46,2024-09-29 08:07:42,Cancelled,270.0,40,54.0,12.8,256.0,Net Banking
1186,296,132,2024-04-22 21:32:18,Delivered,610.0,0.0,100,25.5,510.0,Wallet
1187,1958,73,2023-09-06 12:46:20,Cancelled,190.0,30,19.0,10.05,201.0,Cash on Delivery
1188,1808,52,2024-01-07 07:09:32,Refunded,1300.0,0.0,100,60.0,1200.0,Card
1189,1462,39,2023-10-06 23:10:21,Cancelled,930.0,0.0,0.0,46.5,930.0,UPI
1190,330,61,2023-01-29 14:42:13,Cancelled,420.0,15,84.0,17.55,351.0,Card
1191,15,96,2023-09-09 08:47:52,Delivered,1310.0,0.0,0.0,65.5,1310.0,Cash on Delivery
1192,379,132,2024-09-17 12:36:01,Delivered,170.0,40,34.0,8.8,176.0,UPI
1193,1693,80,2023-02-28 03:22:41,Delivered,540.0,0.0,0.0,27.0,540.0,Card
1194,869,126,2024-10-15 08:07:44,Delivered,140.0,25,0.0,8.25,165.0,UPI
1195,1376,124,2023-06-28 16:07:19,Delivered,340.0,20,0.0,18.0,360.0,UPI
1196,237,95,2024-02-08 01:16:58,Pending,880.0,0.0,100,39.0,780.0,UPI
1197,61,64,2023-09-07 20:47:11,Delivered,2200.0,0.0,0.0,110.0,2200.0,UPI
1198,1233,15,2023-11-20 21:06:38,Pending,480.0,25,0.0,25.25,505.0,Card
1199,1426,37,2024-05-29 19:50:23,Cancelled,1140.0,0.0,0.0,57.0,1140.0,Wallet
1200,1248,46,2024-05-08 10:45:34,Delivered,320.0,15,0.0,16.75,335.0,Card
1201,787,72,2024-03-02 06:05:53,Delivered,190.0,30,0.0,11.0,220.0,Card
1202,997,111,2023-04-01 18:29:08,Delivered,200.0,30,20.0,10.5,210.0,Card
1203,1439,38,2023-10-27 19:06:43,Pending,1440.0,0.0,0.0,72.0,1440.0,Wallet
1204,773,16,2024-05-12 20:58:53,Delivered,3050.0,0.0,0.0,152.5,3050.0,Wallet
1205,1702,46,2023-06-02 18:39:30,Delivered,600.0,0.0,0.0,30.0,600.0,Cash on Delivery
1206,405,123,2024-10-16 22:02:08,Delivered,1400.0,0.0,100,65.0,1300.0,UPI
1207,841,67,2023-02-07 19:37:56,Cancelled,1240.0,0.0,0.0,62.0,1240.0,Wallet
1208,514,127,2023-07-08 13:44:44,Delivered,250.0,25,0.0,13.75,275.0,Wallet
1209,518,24,2023-08-12 14:17:46,Delivered,2420.0,0.0,100,116.0,2320.0,Cash on Delivery
1210,1880,77,2024-09-25 12:45:57,Delivered,1370.0,0.0,0.0,68.5,1370.0,Card
1211,1773,105,2024-11-24 23:31:51,Delivered,700.0,0.0,0.0,35.0,700.0,Cash on Delivery
1212,1713,42,2023-09-04 09:55:33,Delivered,660.0,0.0,0.0,33.0,660.0,UPI
1213,990,67,2023-03-30 21:25:25,Delivered,230.0,35,0.0,13.25,265.0,UPI
1214,876,55,2024-06-19 10:29:55,Cancelled,1430.0,0.0,0.0,71.5,1430.0,UPI
1215,1309,130,2024-03-03 19:37:24,Delivered,100.0,40,0.0,7.0,140.0,Wallet
1216,904,33,2024-09-14 22:34:54,Delivered,670.0,0.0,100,28.5,570.0,UPI
1217,749,17,2024-04-26 22:03:39,Delivered,430.0,15,64.5,19.03,380.5,Cash on Delivery
1218,1870,81,2024-07-22 22:21:02,Delivered,750.0,0.0,75.0,33.75,675.0,Cash on Delivery
1219,862,18,2024-09-29 15:38:18,Delivered,60.0,35,0.0,4.75,95.0,Card
1220,732,146,2023-04-12 19:13:36,Delivered,980.0,0.0,100,44.0,880.0,UPI
1221,1807,91,2023-10-30 17:01:44,Delivered,1540.0,0.0,0.0,77.0,1540.0,UPI
1222,1872,6,2024-05-28 21:51:48,Pending,1080.0,0.0,100,49.0,980.0,Wallet
1223,468,104,2023-02-24 10:33:04,Delivered,480.0,20,0.0,25.0,500.0,Cash on Delivery
1224,1828,133,2023-09-12 05:12:38,Delivered,240.0,35,48.0,11.35,227.0,UPI
1225,1700,95,2024-07-07 06:14:13,Delivered,390.0,20,78.0,16.6,332.0,Cash on Delivery
1226,634,35,2024-05-13 12:56:24,Cancelled,330.0,25,82.5,13.62,272.5,Cash on Delivery
1227,1498,19,2024-03-27 07:55:39,Pending,280.0,25,0.0,15.25,305.0,UPI
1228,1788,130,2024-12-17 17:20:32,Delivered,460.0,20,0.0,24.0,480.0,Card
1229,656,38,2023-08-20 22:30:37,Cancelled,870.0,0.0,0.0,43.5,870.0,Card
1230,1570,94,2024-09-11 20:49:57,Delivered,460.0,15,0.0,23.75,475.0,Cash on Delivery
1231,610,133,2024-08-10 23:36:58,Delivered,220.0,30,22.0,11.4,228.0,Wallet
1232,1767,127,2023-10-06 15:45:12,Cancelled,250.0,40,0.0,14.5,290.0,Wallet
1233,332,43,2023-12-04 15:21:46,Pending,300.0,20,0.0,16.0,320.0,Card
1234,532,62,2023-06-24 03:52:03,Delivered,600.0,0.0,0.0,30.0,600.0,UPI
1235,1786,112,2023-06-06 12:27:11,Delivered,390.0,25,97.5,15.88,317.5,UPI
1236,885,32,2024-02-28 14:29:00,Delivered,960.0,0.0,0.0,48.0,960.0,UPI
1237,1453,51,2023-01-16 19:13:21,Pending,560.0,0.0,84.0,23.8,476.0,UPI
1238,1356,110,2024-07-11 19:41:33,Cancelled,500.0,0.0,100,20.0,400.0,Card
1239,1266,43,2024-01-19 13:56:01,Pending,230.0,25,0.0,12.75,255.0,Card
1240,1154,57,2024-02-15 14:23:05,Cancelled,300.0,25,30.0,14.75,295.0,Cash on Delivery
1241,373,38,2024-08-26 14:16:47,Delivered,360.0,15,0.0,18.75,375.0,UPI
1242,1131,67,2023-03-07 14:50:34,Cancelled,230.0,40,0.0,13.5,270.0,Net Banking
1243,1218,32,2023-06-12 08:54:05,Delivered,730.0,0.0,0.0,36.5,730.0,UPI
1244,324,84,2024-05-16 12:54:43,Delivered,520.0,0.0,0.0,26.0,520.0,Card
1245,866,42,2023-10-15 16:11:13,Delivered,1680.0,0.0,0.0,84.0,1680.0,Cash on Delivery
1246,849,64,2024-11-01 12:19:02,Refunded,1320.0,0.0,100,61.0,1220.0,Wallet
1247,289,130,2024-12-03 19:17:21,Delivered,1530.0,0.0,0.0,76.5,1530.0,UPI
1248,121,45,2024-01-26 15:55:44,Delivered,50.0,30,0.0,4.0,80.0,Wallet
1249,1568,142,2023-10-13 18:19:41,Delivered,900.0,0.0,100,40.0,800.0,Card
1250,1709,56,2024-06-13 23:17:15,Refunded,1480.0,0.0,0.0,74.0,1480.0,UPI
1251,1830,52,2023-10-23 08:56:39,Delivered,780.0,0.0,0.0,39.0,780.0,Net Banking
1252,92,60,2023-05-28 12:31:12,Cancelled,1590.0,0.0,0.0,79.5,1590.0,UPI
1253,1278,1,2024-11-30 17:01:34,Refunded,1270.0,0.0,100,58.5,1170.0,UPI
1254,998,1,2024-10-22 17:02:58,Pending,830.0,0.0,0.0,41.5,830.0,UPI
1255,1548,23,2024-12-21 12:35:18,Delivered,3010.0,0.0,100,145.5,2910.0,UPI
1256,329,132,2023-09-16 21:40:53,Refunded,1770.0,0.0,0.0,88.5,1770.0,Card
1257,1634,100,2024-06-17 03:55:23,Cancelled,260.0,40,0.0,15.0,300.0,Cash on Delivery
1258,513,122,2023-12-20 09:00:50,Delivered,660.0,0.0,0.0,33.0,660.0,Card
1259,1920,80,2023-06-19 11:30:56,Delivered,810.0,0.0,0.0,40.5,810.0,UPI
1260,1390,128,2024-05-22 22:04:54,Refunded,1150.0,0.0,100,52.5,1050.0,UPI
1261,1431,11,2024-01-19 21:00:46,Delivered,740.0,0.0,0.0,37.0,740.0,Cash on Delivery
1262,13,69,2024-06-10 12:20:13,Delivered,650.0,0.0,0.0,32.5,650.0,Card
1263,1334,136,2024-08-28 19:36:33,Delivered,70.0,30,0.0,5.0,100.0,UPI
1264,871,138,2024-10-22 12:14:39,Delivered,1340.0,0.0,100,62.0,1240.0,UPI
1265,1415,8,2023-07-30 06:45:15,Delivered,880.0,0.0,100,39.0,780.0,Card
1266,207,50,2024-04-01 21:11:15,Refunded,140.0,25,21.0,7.2,144.0,Card
1267,1468,135,2024-08-15 21:46:23,Pending,210.0,30,0.0,12.0,240.0,UPI
1268,898,8,2024-06-27 15:11:22,Delivered,1310.0,0.0,0.0,65.5,1310.0,Cash on Delivery
1269,191,88,2024-07-11 22:23:03,Delivered,160.0,30,0.0,9.5,190.0,UPI
1270,121,140,2023-05-01 18:41:39,Pending,1370.0,0.0,0.0,68.5,1370.0,UPI
1271,718,99,2023-04-17 19:14:00,Delivered,180.0,30,18.0,9.6,192.0,UPI
1272,615,42,2023-12-28 18:32:51,Cancelled,960.0,0.0,0.0,48.0,960.0,UPI
1273,1328,92,2024-03-13 14:39:09,Pending,1100.0,0.0,0.0,55.0,1100.0,Cash on Delivery
1274,880,24,2023-07-20 11:00:19,Refunded,490.0,15,0.0,25.25,505.0,Card
1275,1822,64,2024-01-23 12:42:51,Pending,810.0,0.0,0.0,40.5,810.0,Card
1276,1626,50,2023-04-21 09:44:27,Delivered,800.0,0.0,0.0,40.0,800.0,Cash on Delivery
1277,1954,68,2024-07-27 20:56:15,Cancelled,260.0,25,52.0,11.65,233.0,Wallet
1278,1587,82,2024-02-28 21:08:55,Delivered,340.0,25,0.0,18.25,365.0,Wallet
1279,275,27,2024-12-14 20:21:56,Cancelled,1780.0,0.0,0.0,89.0,1780.0,Cash on Delivery
1280,929,88,2024-11-02 03:42:41,Delivered,780.0,0.0,78.0,35.1,702.0,UPI
1281,1214,54,2023-12-30 11:38:22,Refunded,450.0,25,0.0,23.75,475.0,UPI
1282,138,81,2024-12-08 14:14:20,Delivered,1250.0,0.0,0.0,62.5,1250.0,UPI
1283,1293,111,2023-03-23 12:31:11,Delivered,440.0,25,0.0,23.25,465.0,Cash on Delivery
1284,1456,29,2024-06-04 21:41:13,Delivered,520.0,0.0,78.0,22.1,442.0,UPI
1285,1923,48,2024-10-08 10:40:39,Delivered,310.0,25,0.0,16.75,335.0,UPI
1286,1075,42,2024-10-17 13:58:38,Delivered,1230.0,0.0,100,56.5,1130.0,Wallet
1287,683,131,2023-08-22 19:32:59,Delivered,150.0,40,15.0,8.75,175.0,UPI
1288,685,51,2023-10-18 06:46:19,Delivered,1380.0,0.0,100,64.0,1280.0,UPI
1289,1172,19,2024-12-04 19:51:36,Delivered,1470.0,0.0,0.0,73.5,1470.0,UPI
1290,1213,39,2023-12-12 17:01:01,Delivered,410.0,15,100,16.25,325.0,Wallet
1291,85,39,2023-05-09 09:29:39,Delivered,1490.0,0.0,100,69.5,1390.0,Cash on Delivery
1292,414,143,2023-07-15 08:04:08,Refunded,280.0,30,0.0,15.5,310.0,Card
1293,410,17,2023-12-27 12:33:42,Refunded,1490.0,0.0,0.0,74.5,1490.0,UPI
1294,1854,95,2023-03-23 13:47:30,Delivered,490.0,20,0.0,25.5,510.0,UPI
1295,753,99,2024-04-27 18:41:52,Cancelled,1410.0,0.0,100,65.5,1310.0,Wallet
1296,336,141,2023-06-26 12:13:14,Delivered,1450.0,0.0,100,67.5,1350.0,Net Banking
1297,1787,11,2023-03-08 17:02:49,Pending,600.0,0.0,0.0,30.0,600.0,UPI
1298,248,111,2023-05-11 08:22:58,Cancelled,400.0,25,80.0,17.25,345.0,Net Banking
1299,1533,133,2024-09-14 09:22:16,Delivered,500.0,0.0,0.0,25.0,500.0,Card
1300,508,81,2024-10-14 15:52:42,Delivered,500.0,0.0,100.0,20.0,400.0,UPI
1301,783,88,2024-10-09 18:11:33,Refunded,490.0,20,0.0,25.5,510.0,UPI
1302,99,141,2023-10-11 01:12:23,Cancelled,830.0,0.0,0.0,41.5,830.0,UPI
1303,294,127,2024-01-02 12:52:44,Delivered,470.0,20,100,19.5,390.0,Cash on Delivery
1304,1471,101,2023-06-16 09:19:41,Delivered,600.0,0.0,60.0,27.0,540.0,Card
1305,1606,10,2024-04-10 16:46:42,Delivered,270.0,30,0.0,15.0,300.0,Net Banking
1306,365,46,2023-09-14 13:14:18,Cancelled,1720.0,0.0,100,81.0,1620.0,UPI
1307,202,144,2023-05-26 19:11:31,Delivered,1470.0,0.0,0.0,73.5,1470.0,UPI
1308,1173,10,2024-07-25 22:52:11,Delivered,1430.0,0.0,0.0,71.5,1430.0,UPI
1309,1160,20,2024-02-22 12:25:15,Delivered,280.0,35,0.0,15.75,315.0,Cash on Delivery
1310,714,24,2024-04-08 13:52:17,Delivered,880.0,0.0,100,39.0,780.0,Cash on Delivery
1311,1486,110,2023-07-15 22:18:56,Cancelled,400.0,15,0.0,20.75,415.0,UPI
1312,1300,115,2024-06-07 10:32:44,Delivered,700.0,0.0,100,30.0,600.0,Card
1313,1023,29,2023-07-04 08:19:57,Delivered,470.0,20,0.0,24.5,490.0,UPI
1314,1273,64,2023-06-28 21:12:39,Cancelled,2040.0,0.0,100,97.0,1940.0,UPI
1315,227,105,2024-08-17 22:44:15,Cancelled,240.0,35,24.0,12.55,251.0,UPI
1316,1036,79,2023-09-01 18:26:01,Delivered,660.0,0.0,0.0,33.0,660.0,Card
1317,1467,52,2023-03-26 21:27:40,Delivered,270.0,40,27.0,14.15,283.0,Card
1318,909,121,2024-10-31 20:53:05,Delivered,100.0,35,0.0,6.75,135.0,Cash on Delivery
1319,1638,18,2024-05-30 18:39:00,Cancelled,280.0,30,0.0,15.5,310.0,UPI
1320,1125,34,2023-02-20 18:06:43,Cancelled,1540.0,0.0,100,72.0,1440.0,Card
1321,298,40,2024-11-12 08:21:54,Delivered,50.0,25,7.5,3.38,67.5,Card
1322,1743,64,2024-06-05 13:22:23,Delivered,2580.0,0.0,0.0,129.0,2580.0,UPI
1323,1301,121,2024-07-11 10:07:10,Pending,40.0,30,0.0,3.5,70.0,Wallet
1324,397,126,2024-09-22 17:55:30,Cancelled,1860.0,0.0,0.0,93.0,1860.0,Net Banking
1325,443,34,2024-04-22 13:32:16,Delivered,570.0,0.0,0.0,28.5,570.0,Wallet
1326,1218,21,2023-11-27 18:33:39,Cancelled,580.0,0.0,0.0,29.0,580.0,Card
1327,1471,101,2023-09-17 12:40:46,Delivered,230.0,25,23.0,11.6,232.0,UPI
1328,1743,115,2024-04-07 14:24:42,Delivered,1880.0,0.0,0.0,94.0,1880.0,Cash on Delivery
1329,1842,61,2023-02-08 22:50:14,Pending,390.0,25,0.0,20.75,415.0,Cash on Delivery
1330,1931,133,2023-08-08 02:10:10,Refunded,300.0,15,0.0,15.75,315.0,Card
1331,105,55,2023-03-10 19:13:56,Cancelled,580.0,0.0,58.0,26.1,522.0,UPI
1332,506,113,2023-05-18 18:03:42,Cancelled,1120.0,0.0,0.0,56.0,1120.0,UPI
1333,1414,64,2024-12-22 16:18:09,Delivered,470.0,25,0.0,24.75,495.0,Wallet
1334,1835,51,2024-03-12 10:03:19,Delivered,730.0,0.0,0.0,36.5,730.0,UPI
1335,1498,51,2023-09-01 22:43:33,Delivered,2620.0,0.0,0.0,131.0,2620.0,Wallet
1336,1075,66,2024-11-02 02:27:26,Cancelled,1180.0,0.0,0.0,59.0,1180.0,Card
1337,1357,1,2024-07-27 20:59:08,Delivered,610.0,0.0,0.0,30.5,610.0,Cash on Delivery
1338,470,58,2023-07-30 18:57:56,Delivered,1170.0,0.0,0.0,58.5,1170.0,Cash on Delivery
1339,452,117,2023-04-22 06:04:20,Delivered,1340.0,0.0,100,62.0,1240.0,Card
1340,745,58,2023-07-02 17:40:49,Cancelled,720.0,0.0,0.0,36.0,720.0,Net Banking
1341,641,122,2024-01-16 16:03:01,Refunded,390.0,25,78.0,16.85,337.0,Cash on Delivery
1342,1365,102,2024-11-25 22:44:14,Pending,1440.0,0.0,0.0,72.0,1440.0,UPI
1343,221,136,2024-03-02 20:29:56,Delivered,70.0,40,0.0,5.5,110.0,Card
1344,1508,120,2023-07-07 17:01:26,Pending,280.0,25,70.0,11.75,235.0,UPI
1345,1532,26,2024-12-07 19:38:52,Delivered,770.0,0.0,100,33.5,670.0,UPI
1346,861,51,2023-06-11 19:50:14,Delivered,1360.0,0.0,100,63.0,1260.0,Card
1347,416,78,2024-03-12 10:39:07,Pending,840.0,0.0,0.0,42.0,840.0,UPI
1348,597,51,2024-05-06 14:12:34,Cancelled,1620.0,0.0,0.0,81.0,1620.0,Card
1349,624,76,2024-08-27 13:42:26,Delivered,290.0,25,0.0,15.75,315.0,Card
1350,739,73,2024-09-21 09:53:20,Delivered,350.0,25,0.0,18.75,375.0,UPI
1351,821,149,2023-09-01 13:32:00,Cancelled,460.0,15,0.0,23.75,475.0,Card
1352,329,23,2023-05-21 13:07:51,Delivered,1030.0,0.0,0.0,51.5,1030.0,Net Banking
1353,1909,136,2023-08-17 15:16:39,Delivered,200.0,35,30.0,10.25,205.0,Cash on Delivery
1354,1976,84,2024-11-01 18:36:07,Cancelled,700.0,0.0,0.0,35.0,700.0,UPI
1355,1115,104,2023-03-03 09:00:39,Delivered,170.0,35,0.0,10.25,205.0,Card
1356,1781,40,2023-11-26 20:36:48,Delivered,610.0,0.0,0.0,30.5,610.0,Card
1357,1692,109,2024-03-12 19:13:48,Delivered,1440.0,0.0,0.0,72.0,1440.0,Wallet
1358,1897,125,2023-01-28 20:35:28,Delivered,730.0,0.0,73.0,32.85,657.0,Card
1359,1962,132,2024-08-23 23:42:20,Pending,2570.0,0.0,0.0,128.5,2570.0,UPI
1360,1210,94,2024-04-01 20:34:29,Pending,690.0,0.0,0.0,34.5,690.0,UPI
1361,1680,63,2024-03-28 16:42:29,Refunded,230.0,40,23.0,12.35,247.0,UPI
1362,1322,100,2024-08-15 20:23:10,Pending,1450.0,0.0,0.0,72.5,1450.0,Card
1363,1857,34,2023-03-21 14:36:29,Refunded,850.0,0.0,0.0,42.5,850.0,UPI
1364,1448,79,2023-08-25 12:42:23,Pending,60.0,35,15.0,4.0,80.0,UPI
1365,935,25,2023-04-23 15:31:04,Cancelled,580.0,0.0,58.0,26.1,522.0,UPI
1366,1893,12,2024-06-29 22:11:14,Refunded,600.0,0.0,100,25.0,500.0,Card
1367,1757,85,2023-03-28 20:02:08,Refunded,640.0,0.0,64.0,28.8,576.0,Card
1368,1575,82,2024-06-09 12:16:41,Delivered,1810.0,0.0,0.0,90.5,1810.0,UPI
1369,1263,13,2024-04-21 22:44:25,Delivered,330.0,20,33.0,15.85,317.0,UPI
1370,527,127,2024-05-02 12:40:22,Cancelled,380.0,20,38.0,18.1,362.0,UPI
1371,531,97,2024-07-25 21:56:49,Refunded,600.0,0.0,100,25.0,500.0,UPI
1372,885,108,2023-09-22 18:48:43,Delivered,960.0,0.0,0.0,48.0,960.0,UPI
1373,516,33,2024-11-09 12:16:42,Delivered,1600.0,0.0,0.0,80.0,1600.0,Card
1374,1728,122,2023-11-26 21:16:37,Delivered,330.0,15,33.0,15.6,312.0,UPI
1375,428,81,2024-06-10 21:08:31,Cancelled,180.0,35,36.0,8.95,179.0,Net Banking
1376,1974,35,2024-07-14 18:17:23,Cancelled,190.0,40,0.0,11.5,230.0,UPI
1377,597,80,2024-02-24 11:30:02,Delivered,1580.0,0.0,0.0,79.0,1580.0,Card
1378,323,128,2023-09-23 21:12:00,Pending,1100.0,0.0,0.0,55.0,1100.0,Net Banking
1379,323,98,2023-08-07 20:49:49,Cancelled,1630.0,0.0,0.0,81.5,1630.0,Wallet
1380,1604,62,2023-05-21 16:31:50,Refunded,300.0,25,60.0,13.25,265.0,UPI
1381,371,52,2023-08-09 16:29:11,Cancelled,820.0,0.0,100,36.0,720.0,UPI
1382,1557,19,2023-06-19 18:05:16,Cancelled,2150.0,0.0,100,102.5,2050.0,Card
1383,1680,102,2023-09-01 21:05:39,Pending,80.0,40,0.0,6.0,120.0,Net Banking
1384,100,32,2024-03-17 23:53:44,Refunded,360.0,20,0.0,19.0,380.0,UPI
1385,1154,54,2024-03-03 09:57:45,Delivered,40.0,40,0.0,4.0,80.0,UPI
1386,112,89,2023-02-07 06:17:05,Delivered,100.0,25,15.0,5.5,110.0,UPI
1387,728,10,2023-06-16 11:55:18,Delivered,640.0,0.0,0.0,32.0,640.0,Cash on Delivery
1388,1641,111,2024-07-29 12:58:17,Delivered,220.0,30,22.0,11.4,228.0,Card
1389,959,130,2023-03-29 08:38:27,Cancelled,730.0,0.0,0.0,36.5,730.0,Card
1390,589,16,2024-06-09 13:55:04,Pending,1330.0,0.0,0.0,66.5,1330.0,Cash on Delivery
1391,550,26,2023-12-02 17:19:31,Delivered,960.0,0.0,0.0,48.0,960.0,Card
1392,762,27,2023-11-14 21:30:23,Delivered,290.0,35,0.0,16.25,325.0,Cash on Delivery
1393,1570,25,2023-10-12 12:28:07,Delivered,2100.0,0.0,0.0,105.0,2100.0,UPI
1394,1613,38,2023-02-23 08:02:12,Delivered,330.0,15,66.0,13.95,279.0,UPI
1395,36,80,2024-10-09 14:50:27,Delivered,470.0,25,0.0,24.75,495.0,UPI
1396,517,68,2024-08-17 18:36:37,Delivered,1170.0,0.0,100,53.5,1070.0,UPI
1397,503,142,2024-02-15 12:51:47,Cancelled,600.0,0.0,0.0,30.0,600.0,Cash on Delivery
1398,1854,45,2023-02-14 19:06:59,Delivered,210.0,35,0.0,12.25,245.0,UPI
1399,142,125,2024-04-24 17:29:34,Delivered,210.0,25,0.0,11.75,235.0,Cash on Delivery
1400,1611,100,2024-02-28 14:23:08,Delivered,50.0,25,5.0,3.5,70.0,UPI
1401,228,16,2024-07-05 16:42:46,Delivered,1450.0,0.0,100,67.5,1350.0,UPI
1402,1765,138,2023-01-22 18:06:44,Delivered,740.0,0.0,100,32.0,640.0,Net Banking
1403,900,102,2024-01-27 13:03:10,Delivered,80.0,40,0.0,6.0,120.0,UPI
1404,278,127,2023-10-24 19:04:23,Delivered,160.0,25,16.0,8.45,169.0,Wallet
1405,279,112,2024-04-03 16:13:24,Refunded,380.0,15,0.0,19.75,395.0,Cash on Delivery
1406,1830,111,2024-06-05 20:02:53,Refunded,240.0,40,36.0,12.2,244.0,Card
1407,237,23,2024-09-01 22:32:09,Cancelled,680.0,0.0,0.0,34.0,680.0,Card
1408,1733,56,2023-12-14 20:50:16,Refunded,1100.0,0.0,100,50.0,1000.0,Wallet
1409,1670,88,2023-02-09 12:29:50,Pending,1920.0,0.0,100,91.0,1820.0,UPI
1410,741,105,2023-12-26 18:18:11,Delivered,710.0,0.0,71.0,31.95,639.0,Cash on Delivery
1411,1561,84,2024-10-08 19:52:02,Delivered,270.0,40,0.0,15.5,310.0,Card
1412,59,97,2023-11-21 13:28:40,Cancelled,600.0,0.0,0.0,30.0,600.0,Card
1413,1309,24,2024-10-08 05:50:46,Cancelled,200.0,35,0.0,11.75,235.0,Net Banking
1414,1940,62,2024-12-21 12:26:23,Delivered,300.0,25,0.0,16.25,325.0,UPI
1415,1177,39,2024-07-09 21:29:56,Cancelled,50.0,40,0.0,4.5,90.0,Card
1416,641,112,2024-10-03 12:31:20,Refunded,1300.0,0.0,100,60.0,1200.0,Cash on Delivery
1417,458,96,2024-03-05 21:12:26,Delivered,520.0,0.0,0.0,26.0,520.0,Cash on Delivery
1418,1624,143,2024-09-08 22:48:31,Delivered,1460.0,0.0,0.0,73.0,1460.0,Net Banking
1419,1624,127,2023-07-27 20:04:50,Pending,700.0,0.0,0.0,35.0,700.0,Card
1420,1284,80,2023-01-27 13:39:18,Delivered,1470.0,0.0,100,68.5,1370.0,UPI
1421,732,37,2023-04-04 21:23:32,Delivered,680.0,0.0,100,29.0,580.0,Card
1422,673,37,2023-12-13 18:40:58,Delivered,170.0,30,0.0,10.0,200.0,Wallet
1423,1398,54,2023-07-11 07:03:42,Delivered,60.0,40,0.0,5.0,100.0,UPI
1424,581,15,2024-03-19 18:51:10,Delivered,330.0,25,0.0,17.75,355.0,Cash on Delivery
1425,281,104,2024-01-28 21:22:37,Delivered,610.0,0.0,0.0,30.5,610.0,Card
1426,921,125,2024-02-26 10:59:49,Cancelled,610.0,0.0,61.0,27.45,549.0,UPI
1427,1282,20,2023-08-25 19:53:19,Delivered,700.0,0.0,100,30.0,600.0,Card
1428,1953,16,2024-10-21 19:15:26,Delivered,1050.0,0.0,100,47.5,950.0,Net Banking
1429,1392,119,2024-06-03 19:06:19,Delivered,860.0,0.0,86.0,38.7,774.0,Cash on Delivery
1430,992,81,2024-08-06 10:09:54,Refunded,340.0,20,85.0,13.75,275.0,Wallet
1431,1867,149,2024-06-15 21:13:40,Delivered,1600.0,0.0,0.0,80.0,1600.0,Cash on Delivery
1432,1816,72,2024-09-02 12:43:12,Cancelled,960.0,0.0,0.0,48.0,960.0,Card
1433,311,100,2023-09-14 08:14:01,Delivered,580.0,0.0,0.0,29.0,580.0,UPI
1434,1375,128,2024-01-30 22:47:04,Delivered,610.0,0.0,61.0,27.45,549.0,Cash on Delivery
1435,1286,96,2023-06-23 10:47:16,Refunded,1340.0,0.0,0.0,67.0,1340.0,UPI
1436,340,12,2024-03-03 12:10:35,Delivered,530.0,0.0,0.0,26.5,530.0,Cash on Delivery
1437,1367,58,2024-12-18 20:01:32,Delivered,1080.0,0.0,100,49.0,980.0,Wallet
1438,804,31,2023-12-10 13:54:57,Cancelled,840.0,0.0,0.0,42.0,840.0,UPI
1439,1660,19,2023-12-21 19:24:16,Delivered,600.0,0.0,0.0,30.0,600.0,Card
1440,93,98,2023-10-17 13:54:46,Cancelled,170.0,35,0.0,10.25,205.0,Cash on Delivery
1441,511,46,2023-01-06 18:53:26,Delivered,300.0,20,30.0,14.5,290.0,Wallet
1442,773,138,2024-08-02 08:13:43,Cancelled,340.0,25,0.0,18.25,365.0,Card
1443,1712,146,2024-01-07 21:08:53,Delivered,230.0,40,0.0,13.5,270.0,UPI
1444,885,137,2023-09-06 09:08:48,Delivered,1130.0,0.0,0.0,56.5,1130.0,Wallet
1445,395,133,2024-09-20 19:29:38,Pending,240.0,40,0.0,14.0,280.0,Card
1446,358,81,2024-09-22 11:31:41,Delivered,340.0,20,0.0,18.0,360.0,UPI
1447,340,57,2023-07-15 16:12:03,Delivered,640.0,0.0,0.0,32.0,640.0,UPI
1448,955,98,2024-10-05 22:28:23,Delivered,330.0,25,82.5,13.62,272.5,UPI
1449,1782,101,2024-02-26 22:30:40,Delivered,50.0,25,7.5,3.38,67.5,UPI
1450,1334,98,2024-04-26 16:27:04,Cancelled,80.0,40,0.0,6.0,120.0,UPI
1451,616,120,2023-12-03 18:33:58,Refunded,1500.0,0.0,0.0,75.0,1500.0,Net Banking
1452,1680,57,2024-12-05 19:56:30,Delivered,330.0,20,0.0,17.5,350.0,Cash on Delivery
1453,63,131,2024-03-09 11:37:41,Delivered,110.0,30,0.0,7.0,140.0,UPI
1454,1482,128,2023-10-21 14:43:42,Delivered,1170.0,0.0,100,53.5,1070.0,Cash on Delivery
1455,1027,140,2024-04-28 14:35:13,Delivered,500.0,0.0,0.0,25.0,500.0,Card
1456,1205,122,2024-01-15 14:41:31,Refunded,300.0,15,0.0,15.75,315.0,Card
1457,33,40,2023-09-12 19:42:20,Delivered,750.0,0.0,0.0,37.5,750.0,UPI
1458,765,6,2024-05-13 11:03:36,Refunded,970.0,0.0,100,43.5,870.0,UPI
1459,881,101,2024-08-16 14:44:01,Delivered,120.0,30,0.0,7.5,150.0,Card
1460,1911,95,2023-02-24 09:48:52,Delivered,520.0,0.0,100,21.0,420.0,UPI
1461,257,142,2024-07-02 18:43:08,Refunded,300.0,25,0.0,16.25,325.0,UPI
1462,61,115,2024-12-17 05:03:37,Pending,120.0,40,30.0,6.5,130.0,Cash on Delivery
1463,360,81,2024-07-15 11:04:28,Delivered,750.0,0.0,0.0,37.5,750.0,Card
1464,1527,121,2024-09-13 20:42:20,Refunded,620.0,0.0,0.0,31.0,620.0,Card
1465,1428,102,2024-02-17 23:46:06,Pending,1040.0,0.0,100,47.0,940.0,Cash on Delivery
1466,1247,104,2023-02-05 18:25:15,Delivered,100.0,40,25.0,5.75,115.0,Cash on Delivery
1467,737,79,2023-03-16 18:29:19,Delivered,750.0,0.0,0.0,37.5,750.0,Cash on Delivery
1468,967,141,2024-10-07 01:08:14,Delivered,920.0,0.0,100,41.0,820.0,Net Banking
1469,1004,21,2024-04-22 23:18:44,Delivered,1660.0,0.0,0.0,83.0,1660.0,UPI
1470,1452,64,2024-03-05 20:25:10,Delivered,510.0,0.0,0.0,25.5,510.0,Net Banking
1471,1720,91,2024-11-19 12:00:48,Delivered,620.0,0.0,93.0,26.35,527.0,UPI
1472,287,64,2023-12-03 19:23:56,Cancelled,180.0,35,0.0,10.75,215.0,Cash on Delivery
1473,893,123,2024-03-18 09:27:08,Delivered,260.0,40,39.0,13.05,261.0,Cash on Delivery
1474,122,55,2024-07-13 19:45:41,Delivered,1920.0,0.0,0.0,96.0,1920.0,UPI
1475,1456,84,2024-08-04 15:35:11,Cancelled,260.0,40,65.0,11.75,235.0,Net Banking
1476,215,126,2023-05-21 19:15:02,Delivered,400.0,20,0.0,21.0,420.0,Card
1477,1215,148,2024-07-06 12:58:06,Delivered,190.0,35,38.0,9.35,187.0,UPI
1478,313,103,2023-05-24 16:57:43,Delivered,940.0,0.0,0.0,47.0,940.0,Card
1479,1076,98,2023-07-06 13:36:47,Delivered,690.0,0.0,0.0,34.5,690.0,Net Banking
1480,460,92,2024-06-22 14:12:12,Delivered,440.0,15,0.0,22.75,455.0,Wallet
1481,1172,40,2023-10-10 22:11:49,Delivered,290.0,40,0.0,16.5,330.0,Card
1482,1860,38,2024-01-30 18:44:53,Delivered,1310.0,0.0,0.0,65.5,1310.0,Cash on Delivery
1483,1862,46,2024-04-23 03:32:33,Cancelled,1110.0,0.0,100,50.5,1010.0,Wallet
1484,1240,17,2024-06-13 15:58:25,Delivered,2260.0,0.0,0.0,113.0,2260.0,Cash on Delivery
1485,17,27,2023-06-28 19:47:33,Delivered,3260.0,0.0,0.0,163.0,3260.0,UPI
1486,1739,10,2023-08-30 21:33:09,Refunded,520.0,0.0,0.0,26.0,520.0,Wallet
1487,1231,122,2024-06-15 07:22:44,Delivered,890.0,0.0,0.0,44.5,890.0,UPI
1488,1495,135,2023-08-29 12:05:13,Delivered,430.0,15,43.0,20.1,402.0,UPI
1489,1486,76,2024-04-09 13:04:49,Delivered,190.0,30,0.0,11.0,220.0,Card
1490,377,64,2024-03-24 20:14:34,Refunded,60.0,40,0.0,5.0,100.0,Cash on Delivery
1491,1020,45,2023-06-06 19:11:13,Delivered,50.0,25,5.0,3.5,70.0,Card
1492,1311,112,2024-07-20 16:47:48,Pending,630.0,0.0,63.0,28.35,567.0,Card
1493,474,84,2024-03-01 23:29:24,Delivered,460.0,20,0.0,24.0,480.0,UPI
1494,1718,14,2024-10-09 13:00:38,Delivered,940.0,0.0,100,42.0,840.0,Card
1495,1664,60,2024-04-24 02:32:12,Refunded,1130.0,0.0,0.0,56.5,1130.0,Net Banking
1496,616,78,2023-09-27 21:53:36,Delivered,640.0,0.0,0.0,32.0,640.0,Wallet
1497,854,109,2023-02-25 21:49:38,Refunded,460.0,15,46.0,21.45,429.0,UPI
1498,458,146,2023-08-24 19:54:21,Cancelled,300.0,15,0.0,15.75,315.0,UPI
1499,328,8,2023-03-22 12:13:15,Refunded,490.0,25,0.0,25.75,515.0,Cash on Delivery
1500,78,62,2024-08-05 17:22:56,Pending,300.0,20,0.0,16.0,320.0,Wallet
1501,106,55,2023-07-29 11:34:26,Pending,1880.0,0.0,0.0,94.0,1880.0,Cash on Delivery
1502,540,33,2024-09-12 12:33:31,Pending,2420.0,0.0,0.0,121.0,2420.0,Cash on Delivery
1503,683,17,2023-06-28 00:53:39,Delivered,380.0,20,76.0,16.2,324.0,Cash on Delivery
1504,1612,88,2024-09-12 18:22:10,Cancelled,130.0,30,13.0,7.35,147.0,Wallet
1505,357,43,2024-07-01 20:39:39,Cancelled,990.0,0.0,100,44.5,890.0,Cash on Delivery
1506,1085,63,2024-08-06 11:05:45,Cancelled,380.0,15,38.0,17.85,357.0,Cash on Delivery
1507,1890,50,2024-01-12 15:30:20,Delivered,700.0,0.0,70.0,31.5,630.0,Card
1508,1733,50,2024-02-24 15:21:37,Cancelled,1890.0,0.0,0.0,94.5,1890.0,Cash on Delivery
1509,1400,96,2023-06-12 15:19:17,Delivered,120.0,30,0.0,7.5,150.0,UPI
1510,885,21,2024-03-25 09:57:45,Delivered,620.0,0.0,100,26.0,520.0,UPI
1511,1845,91,2023-07-04 12:16:10,Delivered,1440.0,0.0,0.0,72.0,1440.0,UPI
1512,995,27,2023-01-16 08:23:26,Delivered,620.0,0.0,0.0,31.0,620.0,Net Banking
1513,961,111,2023-07-29 00:39:57,Delivered,330.0,15,0.0,17.25,345.0,Card
1514,1177,95,2024-11-18 18:20:24,Delivered,90.0,25,0.0,5.75,115.0,Card
1515,1691,146,2023-12-17 11:33:34,Delivered,290.0,30,0.0,16.0,320.0,Cash on Delivery
1516,915,54,2024-07-15 22:17:16,Delivered,70.0,25,7.0,4.4,88.0,Cash on Delivery
1517,1038,12,2023-01-23 10:40:04,Refunded,460.0,20,69.0,20.55,411.0,Cash on Delivery
1518,1716,131,2023-06-11 09:41:38,Delivered,50.0,30,0.0,4.0,80.0,UPI
1519,1321,51,2023-07-11 22:52:48,Cancelled,1560.0,0.0,0.0,78.0,1560.0,Card
1520,300,64,2023-07-19 19:39:52,Delivered,870.0,0.0,100,38.5,770.0,UPI
1521,849,129,2023-09-30 19:59:47,Delivered,770.0,0.0,0.0,38.5,770.0,Card
1522,639,78,2024-11-11 21:36:42,Delivered,140.0,35,0.0,8.75,175.0,Card
1523,1042,105,2024-06-06 21:42:22,Delivered,720.0,0.0,0.0,36.0,720.0,UPI
1524,143,122,2024-11-25 22:31:03,Delivered,180.0,30,36.0,8.7,174.0,Cash on Delivery
1525,1525,102,2024-01-11 16:33:54,Cancelled,40.0,30,0.0,3.5,70.0,UPI
1526,306,51,2023-06-28 18:12:27,Pending,680.0,0.0,100,29.0,580.0,UPI
1527,1699,124,2024-02-18 19:40:51,Delivered,420.0,20,0.0,22.0,440.0,UPI
1528,1644,138,2023-08-19 19:13:42,Delivered,2060.0,0.0,0.0,103.0,2060.0,UPI
1529,1503,45,2023-09-06 10:30:42,Delivered,180.0,25,0.0,10.25,205.0,Net Banking
1530,1218,72,2024-02-21 12:12:24,Pending,760.0,0.0,0.0,38.0,760.0,Wallet
1531,1138,10,2024-02-21 14:36:15,Delivered,280.0,35,42.0,13.65,273.0,Card
1532,327,77,2023-11-15 12:18:08,Delivered,890.0,0.0,0.0,44.5,890.0,UPI
1533,1979,148,2024-03-15 11:33:35,Pending,2990.0,0.0,0.0,149.5,2990.0,Card
1534,1332,51,2023-03-12 13:07:43,Delivered,1060.0,0.0,100,48.0,960.0,UPI
1535,1090,40,2023-02-24 07:10:28,Pending,40.0,25,8.0,2.85,57.0,Wallet
1536,405,91,2024-12-22 13:50:29,Delivered,100.0,40,10.0,6.5,130.0,Wallet
1537,1159,143,2024-05-04 16:37:50,Cancelled,2250.0,0.0,100,107.5,2150.0,Wallet
1538,372,48,2024-08-20 13:47:40,Delivered,360.0,25,0.0,19.25,385.0,UPI
1539,537,135,2024-03-30 08:07:15,Cancelled,180.0,25,0.0,10.25,205.0,Cash on Delivery
1540,1356,43,2024-12-07 09:38:02,Cancelled,1530.0,0.0,100,71.5,1430.0,UPI
1541,413,97,2023-01-11 20:08:57,Delivered,790.0,0.0,0.0,39.5,790.0,Wallet
1542,1513,126,2024-09-23 22:27:47,Delivered,110.0,25,22.0,5.65,113.0,Cash on Delivery
1543,511,123,2023-07-28 04:51:30,Delivered,520.0,0.0,0.0,26.0,520.0,UPI
1544,212,78,2024-04-28 07:30:18,Delivered,290.0,35,0.0,16.25,325.0,UPI
1545,616,108,2024-06-06 21:35:31,Delivered,2680.0,0.0,100,129.0,2580.0,Wallet
1546,1623,122,2023-12-13 21:04:26,Delivered,510.0,0.0,76.5,21.68,433.5,UPI
1547,1760,137,2024-09-20 03:13:20,Cancelled,690.0,0.0,0.0,34.5,690.0,Cash on Delivery
1548,873,68,2024-01-24 14:58:37,Cancelled,340.0,25,51.0,15.7,314.0,Wallet
1549,1378,111,2024-05-27 12:11:15,Refunded,470.0,20,0.0,24.5,490.0,Card
1550,693,98,2024-06-20 00:43:21,Delivered,80.0,30,0.0,5.5,110.0,Net Banking
1551,316,77,2024-01-26 11:56:50,Pending,2220.0,0.0,0.0,111.0,2220.0,Cash on Delivery
1552,266,140,2024-04-04 10:59:09,Delivered,310.0,20,0.0,16.5,330.0,UPI
1553,846,121,2024-04-19 22:30:03,Cancelled,220.0,30,22.0,11.4,228.0,Cash on Delivery
1554,405,99,2024-08-09 19:46:32,Delivered,90.0,30,0.0,6.0,120.0,UPI
1555,764,98,2023-08-08 18:54:57,Delivered,170.0,25,0.0,9.75,195.0,Cash on Delivery
1556,1895,27,2023-11-06 03:26:58,Delivered,280.0,35,0.0,15.75,315.0,UPI
1557,753,146,2024-03-13 18:39:14,Refunded,630.0,0.0,0.0,31.5,630.0,UPI
1558,857,13,2024-09-24 19:49:01,Delivered,2490.0,0.0,100,119.5,2390.0,UPI
1559,1920,67,2024-11-27 21:06:03,Cancelled,330.0,15,0.0,17.25,345.0,UPI
1560,87,63,2023-10-13 16:14:11,Delivered,930.0,0.0,0.0,46.5,930.0,Net Banking
1561,476,108,2024-04-12 09:35:41,Pending,180.0,35,45.0,8.5,170.0,Cash on Delivery
1562,1525,78,2023-08-20 12:43:59,Delivered,140.0,25,0.0,8.25,165.0,UPI
1563,885,132,2024-09-01 15:04:52,Delivered,840.0,0.0,0.0,42.0,840.0,Card
1564,829,19,2024-04-30 13:00:35,Pending,1020.0,0.0,0.0,51.0,1020.0,Wallet
1565,1191,29,2023-04-21 19:17:40,Pending,710.0,0.0,0.0,35.5,710.0,UPI
1566,353,120,2024-12-27 15:21:53,Pending,440.0,15,44.0,20.55,411.0,UPI
1567,22,104,2024-01-10 19:18:25,Delivered,100.0,40,0.0,7.0,140.0,UPI
1568,1866,80,2024-02-13 13:51:35,Delivered,520.0,0.0,0.0,26.0,520.0,Cash on Delivery
1569,376,148,2023-02-15 20:06:27,Cancelled,2540.0,0.0,0.0,127.0,2540.0,Card
1570,1063,21,2023-03-14 12:02:59,Delivered,830.0,0.0,0.0,41.5,830.0,UPI
1571,291,72,2023-06-26 20:25:32,Delivered,370.0,20,0.0,19.5,390.0,Card
1572,1377,26,2024-07-28 07:39:28,Delivered,1010.0,0.0,0.0,50.5,1010.0,Net Banking
1573,332,20,2024-11-29 07:19:16,Refunded,1060.0,0.0,0.0,53.0,1060.0,UPI
1574,1527,148,2024-05-26 16:37:01,Delivered,1720.0,0.0,100,81.0,1620.0,UPI
1575,123,62,2023-03-11 18:12:26,Cancelled,300.0,20,30.0,14.5,290.0,UPI
1576,1862,99,2024-03-08 19:54:35,Delivered,2260.0,0.0,100,108.0,2160.0,Cash on Delivery
1577,786,124,2023-08-07 12:16:08,Delivered,700.0,0.0,100,30.0,600.0,Cash on Delivery
1578,1426,130,2023-01-06 22:17:28,Delivered,900.0,0.0,0.0,45.0,900.0,Card
1579,281,126,2024-08-04 17:53:28,Delivered,1540.0,0.0,0.0,77.0,1540.0,Wallet
1580,1809,110,2024-04-28 12:24:55,Delivered,160.0,25,0.0,9.25,185.0,Wallet
1581,1059,81,2024-09-29 15:36:50,Delivered,680.0,0.0,0.0,34.0,680.0,UPI
1582,156,114,2024-12-12 20:56:01,Delivered,460.0,15,0.0,23.75,475.0,UPI
1583,399,77,2024-04-05 17:42:17,Refunded,450.0,15,0.0,23.25,465.0,UPI
1584,1141,12,2023-12-10 15:52:43,Refunded,710.0,0.0,0.0,35.5,710.0,UPI
1585,874,27,2024-10-09 13:35:42,Delivered,820.0,0.0,0.0,41.0,820.0,Card
1586,1721,123,2024-12-08 08:48:29,Delivered,340.0,20,0.0,18.0,360.0,Net Banking
1587,897,25,2023-12-20 21:29:33,Delivered,850.0,0.0,0.0,42.5,850.0,Cash on Delivery
1588,1426,132,2024-12-19 16:46:56,Delivered,880.0,0.0,88.0,39.6,792.0,Cash on Delivery
1589,78,72,2024-01-16 20:34:44,Delivered,1080.0,0.0,0.0,54.0,1080.0,Net Banking
1590,1770,94,2023-06-06 15:03:31,Delivered,420.0,20,0.0,22.0,440.0,Cash on Delivery
1591,1505,54,2024-12-27 21:01:48,Delivered,310.0,25,62.0,13.65,273.0,Wallet
1592,974,12,2024-06-24 18:00:00,Delivered,690.0,0.0,100,29.5,590.0,Wallet
1593,773,109,2024-05-23 20:42:01,Delivered,870.0,0.0,0.0,43.5,870.0,Net Banking
1594,138,94,2024-03-16 08:48:44,Delivered,600.0,0.0,0.0,30.0,600.0,Cash on Delivery
1595,693,123,2024-11-28 13:01:31,Delivered,240.0,35,0.0,13.75,275.0,Wallet
1596,1812,57,2023-07-12 13:09:57,Refunded,860.0,0.0,100,38.0,760.0,UPI
1597,1415,148,2024-10-29 14:00:40,Cancelled,530.0,0.0,0.0,26.5,530.0,UPI
1598,1557,78,2024-06-09 21:26:18,Delivered,300.0,20,0.0,16.0,320.0,UPI
1599,965,70,2024-05-05 20:33:23,Delivered,450.0,15,0.0,23.25,465.0,UPI
1600,1902,60,2023-09-21 10:33:24,Delivered,1570.0,0.0,0.0,78.5,1570.0,Cash on Delivery
1601,1559,142,2024-12-12 07:01:02,Delivered,600.0,0.0,0.0,30.0,600.0,Wallet
1602,1935,131,2023-07-29 15:33:48,Cancelled,2010.0,0.0,100,95.5,1910.0,Cash on Delivery
1603,1686,64,2024-04-09 10:52:51,Delivered,100.0,40,0.0,7.0,140.0,Cash on Delivery
1604,582,134,2023-11-29 19:08:19,Cancelled,270.0,40,0.0,15.5,310.0,Card
1605,1578,69,2024-05-05 20:51:19,Delivered,1180.0,0.0,100,54.0,1080.0,UPI
1606,1486,66,2024-11-30 13:09:32,Cancelled,880.0,0.0,88.0,39.6,792.0,Net Banking
1607,356,121,2024-12-08 09:13:36,Cancelled,120.0,25,0.0,7.25,145.0,Net Banking
1608,500,81,2024-09-25 20:23:25,Delivered,340.0,25,51.0,15.7,314.0,Net Banking
1609,1629,143,2023-07-13 13:32:50,Cancelled,870.0,0.0,0.0,43.5,870.0,Cash on Delivery
1610,1779,73,2024-04-27 09:06:03,Pending,290.0,35,0.0,16.25,325.0,Card
1611,545,135,2024-07-18 03:03:31,Delivered,740.0,0.0,0.0,37.0,740.0,UPI
1612,603,61,2023-08-03 09:33:50,Cancelled,570.0,0.0,0.0,28.5,570.0,Card
1613,194,24,2023-01-30 10:48:10,Delivered,820.0,0.0,82.0,36.9,738.0,Cash on Delivery
1614,989,89,2024-05-17 15:23:46,Delivered,100.0,40,15.0,6.25,125.0,UPI
1615,943,89,2023-08-29 14:40:53,Delivered,680.0,0.0,0.0,34.0,680.0,UPI
1616,1505,105,2023-05-16 07:27:33,Refunded,900.0,0.0,90.0,40.5,810.0,Wallet
1617,1902,101,2024-06-24 18:12:16,Cancelled,40.0,25,6.0,2.95,59.0,Wallet
1618,1543,91,2023-06-24 21:29:50,Delivered,2280.0,0.0,0.0,114.0,2280.0,Cash on Delivery
1619,1927,39,2024-10-14 08:51:27,Cancelled,920.0,0.0,100,41.0,820.0,Net Banking
1620,1068,34,2024-12-02 08:00:30,Refunded,190.0,35,0.0,11.25,225.0,Card
1621,1398,14,2024-10-13 10:40:50,Delivered,60.0,25,15.0,3.5,70.0,Cash on Delivery
1622,1951,90,2024-03-18 22:02:51,Delivered,590.0,0.0,0.0,29.5,590.0,Card
1623,297,8,2023-03-08 07:04:08,Refunded,710.0,0.0,0.0,35.5,710.0,UPI
1624,1186,126,2024-03-24 23:03:23,Delivered,1500.0,0.0,0.0,75.0,1500.0,Wallet
1625,1623,148,2024-09-19 19:49:41,Delivered,660.0,0.0,0.0,33.0,660.0,Card
1626,1564,149,2024-12-15 10:27:05,Delivered,920.0,0.0,0.0,46.0,920.0,UPI
1627,1813,142,2023-11-29 17:16:42,Cancelled,600.0,0.0,0.0,30.0,600.0,UPI
1628,941,142,2024-07-22 19:26:06,Cancelled,600.0,0.0,60.0,27.0,540.0,UPI
1629,1804,112,2023-03-27 11:28:16,Delivered,360.0,25,0.0,19.25,385.0,UPI
1630,1883,38,2023-06-23 15:49:44,Cancelled,520.0,0.0,78.0,22.1,442.0,UPI
1631,83,20,2024-05-31 15:23:39,Delivered,2490.0,0.0,100,119.5,2390.0,Card
1632,1912,115,2023-02-03 12:08:44,Delivered,430.0,20,0.0,22.5,450.0,UPI
1633,734,79,2024-02-11 08:44:40,Delivered,920.0,0.0,0.0,46.0,920.0,Cash on Delivery
1634,1870,25,2024-10-31 10:34:44,Delivered,260.0,35,39.0,12.8,256.0,UPI
1635,134,108,2023-07-13 11:55:00,Delivered,670.0,0.0,0.0,33.5,670.0,UPI
1636,1168,10,2024-02-19 09:24:01,Delivered,1040.0,0.0,100,47.0,940.0,UPI
1637,18,95,2023-11-09 20:06:29,Delivered,570.0,0.0,0.0,28.5,570.0,UPI
1638,644,95,2023-06-03 08:16:12,Delivered,1060.0,0.0,100,48.0,960.0,Cash on Delivery
1639,841,123,2024-11-22 19:42:44,Delivered,1800.0,0.0,0.0,90.0,1800.0,Card
1640,1904,51,2024-09-22 08:54:01,Refunded,1200.0,0.0,100,55.0,1100.0,Wallet
1641,1457,76,2024-05-09 15:13:03,Delivered,230.0,25,0.0,12.75,255.0,UPI
1642,992,20,2023-06-06 11:02:26,Delivered,2150.0,0.0,0.0,107.5,2150.0,UPI
1643,188,131,2024-10-13 18:10:05,Cancelled,710.0,0.0,0.0,35.5,710.0,Wallet
1644,1673,115,2023-05-06 08:42:10,Cancelled,610.0,0.0,0.0,30.5,610.0,UPI
1645,149,46,2023-11-28 16:56:48,Delivered,1330.0,0.0,100,61.5,1230.0,UPI
1646,1354,143,2023-11-22 11:33:32,Refunded,2050.0,0.0,0.0,102.5,2050.0,UPI
1647,1467,115,2023-12-05 09:45:54,Pending,720.0,0.0,100,31.0,620.0,UPI
1648,1203,93,2024-09-09 21:29:41,Delivered,840.0,0.0,0.0,42.0,840.0,UPI
1649,485,61,2024-03-15 11:29:13,Cancelled,300.0,15,0.0,15.75,315.0,Cash on Delivery
1650,1101,86,2024-10-14 13:47:57,Cancelled,760.0,0.0,100,33.0,660.0,UPI
1651,664,131,2023-08-06 17:51:01,Cancelled,2240.0,0.0,100,107.0,2140.0,UPI
1652,1514,99,2024-09-23 19:03:11,Delivered,800.0,0.0,0.0,40.0,800.0,Wallet
1653,1375,81,2024-12-27 12:49:19,Delivered,430.0,25,0.0,22.75,455.0,Wallet
1654,1416,16,2023-08-16 17:40:43,Delivered,1830.0,0.0,0.0,91.5,1830.0,UPI
1655,1269,91,2023-12-20 10:00:09,Delivered,600.0,0.0,60.0,27.0,540.0,UPI
1656,129,24,2024-02-01 14:29:21,Delivered,410.0,15,0.0,21.25,425.0,UPI
1657,474,117,2024-10-16 13:20:11,Delivered,1250.0,0.0,0.0,62.5,1250.0,UPI
1658,1619,42,2024-10-29 11:21:37,Delivered,660.0,0.0,0.0,33.0,660.0,UPI
1659,1385,60,2024-07-03 13:19:16,Delivered,1000.0,0.0,0.0,50.0,1000.0,UPI
1660,181,127,2023-07-21 14:51:16,Delivered,660.0,0.0,0.0,33.0,660.0,UPI
1661,685,134,2023-12-31 16:27:07,Delivered,280.0,25,0.0,15.25,305.0,UPI
1662,1893,51,2024-09-07 09:45:12,Delivered,1380.0,0.0,0.0,69.0,1380.0,Card
1663,461,121,2024-12-04 03:39:09,Delivered,180.0,40,0.0,11.0,220.0,UPI
1664,1177,136,2024-08-03 14:31:53,Cancelled,140.0,30,0.0,8.5,170.0,Net Banking
1665,1496,123,2023-10-16 21:13:22,Delivered,640.0,0.0,0.0,32.0,640.0,Card
1666,837,100,2023-12-16 13:43:41,Cancelled,290.0,30,58.0,13.1,262.0,Card
1667,487,35,2023-02-01 21:15:38,Delivered,120.0,30,0.0,7.5,150.0,Net Banking
1668,1994,90,2023-03-22 12:28:33,Cancelled,190.0,30,28.5,9.58,191.5,UPI
1669,769,143,2023-03-17 13:24:09,Delivered,1460.0,0.0,0.0,73.0,1460.0,Net Banking
1670,1441,24,2023-04-18 12:54:20,Delivered,650.0,0.0,100,27.5,550.0,UPI
1671,1883,85,2023-09-27 18:17:08,Delivered,270.0,25,54.0,12.05,241.0,Cash on Delivery
1672,700,42,2024-05-05 09:19:07,Refunded,660.0,0.0,100,28.0,560.0,Card
1673,1441,137,2023-09-08 18:01:01,Pending,470.0,15,94.0,19.55,391.0,UPI
1674,1668,48,2023-12-19 18:18:39,Delivered,240.0,35,36.0,11.95,239.0,UPI
1675,1135,31,2023-06-17 19:41:26,Delivered,360.0,15,0.0,18.75,375.0,Card
1676,5,90,2024-08-18 09:40:33,Delivered,450.0,25,45.0,21.5,430.0,UPI
1677,1827,97,2024-03-12 21:08:26,Refunded,1720.0,0.0,100,81.0,1620.0,UPI
1678,1685,91,2023-01-02 20:29:16,Delivered,200.0,25,0.0,11.25,225.0,Cash on Delivery
1679,586,85,2024-11-22 23:50:07,Delivered,900.0,0.0,0.0,45.0,900.0,UPI
1680,1444,64,2024-08-22 12:07:36,Delivered,570.0,0.0,0.0,28.5,570.0,Card
1681,689,19,2023-08-22 09:38:11,Delivered,1160.0,0.0,0.0,58.0,1160.0,Wallet
1682,861,104,2023-08-31 23:42:06,Refunded,590.0,0.0,0.0,29.5,590.0,UPI
1683,605,129,2024-01-21 06:29:42,Pending,770.0,0.0,0.0,38.5,770.0,Wallet
1684,1252,146,2024-05-31 10:17:51,Delivered,760.0,0.0,0.0,38.0,760.0,Net Banking
1685,1307,110,2023-12-29 06:07:45,Delivered,660.0,0.0,0.0,33.0,660.0,Card
1686,246,113,2023-10-28 12:37:20,Delivered,490.0,20,73.5,21.83,436.5,Cash on Delivery
1687,1146,20,2024-10-03 08:57:23,Delivered,980.0,0.0,0.0,49.0,980.0,Net Banking
1688,1221,32,2024-10-11 17:32:13,Cancelled,410.0,15,0.0,21.25,425.0,Card
1689,1584,45,2023-07-29 13:45:53,Delivered,480.0,25,0.0,25.25,505.0,Card
1690,951,56,2023-10-30 20:18:24,Delivered,2710.0,0.0,100,130.5,2610.0,UPI
1691,890,32,2023-06-14 20:20:45,Cancelled,620.0,0.0,0.0,31.0,620.0,UPI
1692,721,91,2023-10-27 19:21:46,Delivered,820.0,0.0,100,36.0,720.0,Card
1693,1846,112,2024-11-09 13:45:42,Cancelled,50.0,25,0.0,3.75,75.0,UPI
1694,992,20,2024-05-26 19:08:59,Delivered,2070.0,0.0,0.0,103.5,2070.0,UPI
1695,717,8,2023-12-16 23:55:33,Delivered,120.0,25,18.0,6.35,127.0,Cash on Delivery
1696,195,96,2024-11-10 13:19:43,Cancelled,320.0,20,0.0,17.0,340.0,Wallet
1697,28,90,2023-06-22 19:37:05,Pending,430.0,25,0.0,22.75,455.0,UPI
1698,1662,38,2024-03-04 21:39:06,Delivered,1600.0,0.0,0.0,80.0,1600.0,UPI
1699,1692,50,2023-06-11 22:15:00,Delivered,2070.0,0.0,0.0,103.5,2070.0,Card
1700,1357,101,2023-07-08 21:36:14,Delivered,240.0,40,36.0,12.2,244.0,UPI
1701,1266,76,2023-09-24 13:04:35,Refunded,110.0,30,22.0,5.9,118.0,Wallet
1702,1352,110,2023-09-08 11:41:13,Cancelled,140.0,30,21.0,7.45,149.0,UPI
1703,1664,91,2024-01-01 19:01:11,Cancelled,1560.0,0.0,0.0,78.0,1560.0,UPI
1704,241,68,2023-08-18 19:14:21,Delivered,420.0,15,0.0,21.75,435.0,Cash on Delivery
1705,1138,26,2024-11-28 21:37:58,Delivered,250.0,30,0.0,14.0,280.0,UPI
1706,1964,105,2023-02-05 14:06:33,Delivered,1410.0,0.0,0.0,70.5,1410.0,Net Banking
1707,1105,34,2023-08-14 01:41:59,Delivered,770.0,0.0,100,33.5,670.0,Wallet
1708,746,95,2023-12-17 20:06:06,Delivered,840.0,0.0,0.0,42.0,840.0,Card
1709,346,17,2023-09-10 10:11:18,Delivered,3950.0,0.0,0.0,197.5,3950.0,Card
1710,635,122,2023-10-04 14:54:10,Delivered,470.0,20,47.0,22.15,443.0,Cash on Delivery
1711,155,25,2023-01-24 22:49:59,Delivered,90.0,25,18.0,4.85,97.0,Wallet
1712,1429,34,2024-07-30 20:22:27,Delivered,1700.0,0.0,0.0,85.0,1700.0,UPI
1713,1069,1,2024-01-17 19:26:19,Delivered,430.0,25,0.0,22.75,455.0,Card
1714,144,96,2024-02-22 18:16:33,Delivered,300.0,15,0.0,15.75,315.0,UPI
1715,257,27,2023-11-13 18:17:29,Cancelled,2040.0,0.0,0.0,102.0,2040.0,Cash on Delivery
1716,1561,70,2023-08-22 22:05:23,Cancelled,510.0,0.0,0.0,25.5,510.0,Card
1717,506,17,2024-01-08 06:12:16,Cancelled,110.0,40,0.0,7.5,150.0,UPI
1718,793,23,2023-06-14 19:22:46,Delivered,820.0,0.0,0.0,41.0,820.0,UPI
1719,17,100,2023-06-21 18:42:48,Delivered,900.0,0.0,0.0,45.0,900.0,Net Banking
1720,1324,66,2024-07-31 21:33:48,Pending,1180.0,0.0,100,54.0,1080.0,UPI
1721,1010,73,2024-02-19 01:02:34,Delivered,290.0,40,58.0,13.6,272.0,UPI
1722,1872,75,2023-10-04 18:56:35,Cancelled,1280.0,0.0,0.0,64.0,1280.0,UPI
1723,1658,69,2024-04-05 17:21:36,Delivered,140.0,30,28.0,7.1,142.0,UPI
1724,1317,142,2024-09-22 22:51:29,Delivered,300.0,15,30.0,14.25,285.0,Net Banking
1725,1056,1,2024-08-13 19:41:13,Pending,460.0,20,0.0,24.0,480.0,Cash on Delivery
1726,863,144,2023-12-07 05:51:45,Pending,790.0,0.0,79.0,35.55,711.0,Cash on Delivery
1727,1205,109,2024-06-13 11:44:45,Refunded,550.0,0.0,55.0,24.75,495.0,UPI
1728,1830,27,2024-02-18 11:43:11,Pending,370.0,20,0.0,19.5,390.0,Wallet
1729,597,101,2023-08-07 12:11:06,Delivered,150.0,35,0.0,9.25,185.0,Cash on Delivery
1730,693,40,2023-10-05 08:51:57,Pending,370.0,15,74.0,15.55,311.0,Cash on Delivery
1731,22,51,2024-07-18 13:29:25,Delivered,3360.0,0.0,0.0,168.0,3360.0,UPI
1732,1272,137,2023-05-20 16:18:37,Pending,2400.0,0.0,0.0,120.0,2400.0,UPI
1733,1663,40,2024-10-19 14:29:17,Cancelled,360.0,25,0.0,19.25,385.0,Card
1734,699,100,2023-08-17 20:00:24,Refunded,750.0,0.0,0.0,37.5,750.0,Wallet
1735,732,60,2024-08-22 17:47:04,Delivered,710.0,0.0,0.0,35.5,710.0,UPI
1736,513,111,2024-05-25 15:36:18,Cancelled,1250.0,0.0,0.0,62.5,1250.0,Card
1737,1264,101,2023-08-07 18:19:00,Cancelled,420.0,20,84.0,17.8,356.0,Cash on Delivery
1738,1625,138,2024-01-25 12:29:45,Refunded,1980.0,0.0,100,94.0,1880.0,UPI
1739,594,140,2024-07-02 08:25:23,Refunded,230.0,40,57.5,10.62,212.5,UPI
1740,1286,119,2023-11-06 10:05:25,Delivered,1300.0,0.0,100,60.0,1200.0,UPI
1741,1301,132,2023-12-18 19:05:41,Pending,1170.0,0.0,0.0,58.5,1170.0,UPI
1742,138,127,2024-11-20 16:16:11,Refunded,120.0,30,0.0,7.5,150.0,Cash on Delivery
1743,1474,96,2023-05-08 12:11:40,Cancelled,1430.0,0.0,100,66.5,1330.0,Card
1744,1255,19,2024-01-11 19:11:18,Delivered,420.0,25,100,17.25,345.0,Net Banking
1745,1947,69,2024-02-28 11:28:52,Pending,1150.0,0.0,0.0,57.5,1150.0,Card
1746,1909,90,2023-01-02 21:09:34,Delivered,140.0,35,0.0,8.75,175.0,UPI
1747,518,24,2024-02-24 11:31:11,Cancelled,290.0,40,43.5,14.33,286.5,UPI
1748,1050,110,2023-01-07 01:40:34,Delivered,260.0,35,0.0,14.75,295.0,Card
1749,357,23,2024-07-04 16:25:28,Cancelled,580.0,0.0,0.0,29.0,580.0,Cash on Delivery
1750,1806,37,2023-06-26 10:09:49,Delivered,900.0,0.0,0.0,45.0,900.0,Card
1751,1181,110,2024-12-29 18:42:37,Delivered,840.0,0.0,100,37.0,740.0,UPI
1752,1830,103,2023-11-24 14:48:57,Cancelled,670.0,0.0,0.0,33.5,670.0,UPI
1753,51,45,2024-07-05 21:58:18,Cancelled,670.0,0.0,0.0,33.5,670.0,UPI
1754,427,135,2024-09-17 13:03:27,Delivered,720.0,0.0,0.0,36.0,720.0,UPI
1755,911,73,2024-08-02 18:30:54,Cancelled,1060.0,0.0,100,48.0,960.0,Card
1756,1940,50,2023-12-09 16:59:59,Pending,740.0,0.0,0.0,37.0,740.0,Cash on Delivery
1757,921,135,2023-05-12 14:47:02,Refunded,720.0,0.0,0.0,36.0,720.0,Card
1758,69,122,2023-10-02 09:16:30,Cancelled,570.0,0.0,57.0,25.65,513.0,UPI
1759,899,73,2024-06-22 13:29:57,Refunded,770.0,0.0,0.0,38.5,770.0,UPI
1760,1897,85,2024-05-02 15:57:46,Refunded,1000.0,0.0,100.0,45.0,900.0,Net Banking
1761,606,138,2023-09-02 19:45:07,Delivered,920.0,0.0,0.0,46.0,920.0,UPI
1762,1659,119,2023-11-18 08:59:28,Cancelled,990.0,0.0,0.0,49.5,990.0,Net Banking
1763,1475,99,2023-07-30 15:23:53,Delivered,930.0,0.0,100,41.5,830.0,Wallet
1764,200,31,2023-06-25 12:27:23,Refunded,510.0,0.0,0.0,25.5,510.0,Card
1765,785,104,2023-10-23 19:34:59,Cancelled,440.0,15,0.0,22.75,455.0,Net Banking
1766,647,38,2023-01-12 19:32:32,Cancelled,1050.0,0.0,100,47.5,950.0,Wallet
1767,1848,111,2024-03-16 09:43:10,Delivered,780.0,0.0,0.0,39.0,780.0,Wallet
1768,1524,100,2023-09-11 14:29:16,Delivered,430.0,20,0.0,22.5,450.0,Wallet
1769,1514,134,2023-11-28 12:41:22,Delivered,560.0,0.0,0.0,28.0,560.0,UPI
1770,1005,75,2024-08-19 02:15:52,Cancelled,600.0,0.0,60.0,27.0,540.0,Card
1771,1415,31,2024-07-07 20:10:01,Cancelled,180.0,40,0.0,11.0,220.0,UPI
1772,1823,13,2024-12-21 15:39:11,Delivered,1170.0,0.0,0.0,58.5,1170.0,Cash on Delivery
1773,893,39,2023-08-14 12:28:26,Refunded,730.0,0.0,0.0,36.5,730.0,Cash on Delivery
1774,1733,97,2023-09-02 11:27:11,Cancelled,510.0,0.0,76.5,21.68,433.5,Wallet
1775,1101,119,2024-03-13 03:04:07,Delivered,970.0,0.0,100,43.5,870.0,UPI
1776,378,101,2024-01-10 12:31:00,Cancelled,230.0,30,46.0,10.7,214.0,UPI
1777,90,146,2023-05-02 15:41:53,Delivered,690.0,0.0,0.0,34.5,690.0,Card
1778,1202,99,2024-09-16 11:30:05,Delivered,1320.0,0.0,0.0,66.0,1320.0,Cash on Delivery
1779,213,97,2024-01-20 16:54:32,Pending,230.0,30,46.0,10.7,214.0,Net Banking
1780,1510,111,2024-02-16 08:36:31,Delivered,820.0,0.0,0.0,41.0,820.0,Wallet
1781,207,126,2023-10-14 16:45:15,Refunded,1010.0,0.0,100,45.5,910.0,Wallet
1782,1332,16,2024-01-04 10:17:19,Refunded,1450.0,0.0,100,67.5,1350.0,UPI
1783,304,102,2024-10-31 15:12:47,Delivered,2760.0,0.0,0.0,138.0,2760.0,Net Banking
1784,340,12,2024-01-23 13:34:47,Delivered,480.0,25,0.0,25.25,505.0,Card
1785,1663,46,2024-08-09 12:40:45,Delivered,310.0,20,0.0,16.5,330.0,UPI
1786,709,105,2024-06-13 19:56:00,Pending,300.0,15,0.0,15.75,315.0,UPI
1787,1926,142,2024-09-08 20:14:43,Delivered,600.0,0.0,90.0,25.5,510.0,Card
1788,516,24,2024-08-09 21:28:32,Cancelled,2040.0,0.0,0.0,102.0,2040.0,Card
1789,965,105,2023-08-03 14:26:22,Delivered,150.0,40,30.0,8.0,160.0,Cash on Delivery
1790,909,78,2024-01-14 12:18:23,Refunded,360.0,20,0.0,19.0,380.0,UPI
1791,1860,68,2023-08-28 07:04:29,Cancelled,180.0,35,0.0,10.75,215.0,Net Banking
1792,327,149,2024-08-12 16:34:17,Delivered,360.0,20,54.0,16.3,326.0,Cash on Delivery
1793,1950,92,2024-03-14 19:55:34,Delivered,260.0,30,26.0,13.2,264.0,UPI
1794,1035,142,2023-10-06 15:59:31,Pending,900.0,0.0,0.0,45.0,900.0,Card
1795,407,113,2024-12-12 19:05:30,Delivered,140.0,25,14.0,7.55,151.0,UPI
1796,188,133,2024-07-11 15:25:19,Cancelled,380.0,15,0.0,19.75,395.0,Cash on Delivery
1797,1561,57,2024-11-01 19:48:00,Delivered,1030.0,0.0,100,46.5,930.0,Card
1798,934,127,2023-08-30 13:18:55,Delivered,380.0,25,95.0,15.5,310.0,Card
1799,431,97,2023-07-26 17:31:38,Cancelled,80.0,30,12.0,4.9,98.0,Net Banking
1800,433,40,2023-12-29 17:24:20,Delivered,380.0,25,0.0,20.25,405.0,UPI
1801,910,80,2024-10-16 09:33:21,Delivered,620.0,0.0,0.0,31.0,620.0,Cash on Delivery
1802,706,10,2023-07-23 09:42:11,Cancelled,1070.0,0.0,0.0,53.5,1070.0,UPI
1803,723,24,2024-08-23 17:23:46,Delivered,810.0,0.0,0.0,40.5,810.0,UPI
1804,73,133,2024-02-28 18:00:49,Cancelled,120.0,25,0.0,7.25,145.0,Net Banking
1805,135,31,2023-06-05 04:26:08,Delivered,440.0,15,88.0,18.35,367.0,Cash on Delivery
1806,1238,93,2023-12-24 12:06:15,Delivered,90.0,30,0.0,6.0,120.0,UPI
1807,936,64,2023-07-15 18:41:20,Delivered,1440.0,0.0,0.0,72.0,1440.0,Card
1808,721,52,2023-12-27 15:02:47,Delivered,1740.0,0.0,0.0,87.0,1740.0,Card
1809,1105,58,2023-06-17 16:09:16,Cancelled,360.0,15,54.0,16.05,321.0,Card
1810,1796,13,2024-11-26 22:54:35,Delivered,740.0,0.0,0.0,37.0,740.0,UPI
1811,174,16,2023-02-17 11:31:51,Delivered,220.0,25,44.0,10.05,201.0,UPI
1812,106,45,2024-09-28 12:42:15,Delivered,230.0,40,0.0,13.5,270.0,Cash on Delivery
1813,606,32,2024-05-26 14:33:46,Delivered,500.0,0.0,75.0,21.25,425.0,Card
1814,302,91,2024-05-08 12:17:18,Delivered,520.0,0.0,0.0,26.0,520.0,Card
1815,1587,122,2024-03-01 14:44:18,Delivered,340.0,15,34.0,16.05,321.0,UPI
1816,1520,138,2024-02-18 18:13:46,Delivered,920.0,0.0,100,41.0,820.0,UPI
1817,1760,67,2024-01-20 21:40:33,Cancelled,1400.0,0.0,100,65.0,1300.0,Cash on Delivery
1818,1855,25,2024-12-15 12:49:55,Cancelled,680.0,0.0,100,29.0,580.0,UPI
1819,791,114,2023-09-27 22:22:04,Delivered,160.0,25,0.0,9.25,185.0,UPI
1820,1068,81,2023-07-26 19:28:53,Refunded,360.0,25,36.0,17.45,349.0,UPI
1821,366,78,2024-10-09 21:04:39,Cancelled,190.0,30,28.5,9.58,191.5,Wallet
1822,1746,11,2024-09-12 20:19:47,Cancelled,520.0,0.0,0.0,26.0,520.0,UPI
1823,1423,129,2024-06-25 14:15:30,Delivered,1000.0,0.0,0.0,50.0,1000.0,Cash on Delivery
1824,1906,137,2023-08-03 14:49:13,Pending,930.0,0.0,0.0,46.5,930.0,UPI
1825,1772,1,2024-05-21 07:34:51,Delivered,680.0,0.0,100,29.0,580.0,UPI
1826,382,61,2023-10-05 18:51:30,Delivered,300.0,20,75.0,12.25,245.0,Cash on Delivery
1827,1385,51,2024-02-14 21:14:23,Cancelled,2320.0,0.0,0.0,116.0,2320.0,Card
1828,1075,138,2024-02-25 18:33:44,Delivered,520.0,0.0,0.0,26.0,520.0,UPI
1829,1744,31,2024-05-14 17:48:27,Cancelled,350.0,20,0.0,18.5,370.0,Cash on Delivery
1830,133,120,2023-05-30 01:13:04,Cancelled,580.0,0.0,100,24.0,480.0,Card
1831,1462,72,2023-10-22 20:29:48,Pending,500.0,0.0,0.0,25.0,500.0,UPI
1832,1240,80,2023-10-07 09:21:29,Refunded,1760.0,0.0,100,83.0,1660.0,Card
1833,1769,102,2024-11-15 19:46:08,Delivered,340.0,25,0.0,18.25,365.0,Net Banking
1834,306,72,2023-09-12 22:03:53,Delivered,630.0,0.0,0.0,31.5,630.0,Cash on Delivery
1835,832,99,2024-03-20 14:17:50,Cancelled,70.0,35,0.0,5.25,105.0,Card
1836,971,63,2024-10-23 19:53:47,Delivered,990.0,0.0,0.0,49.5,990.0,Card
1837,185,128,2024-05-25 13:25:25,Pending,1060.0,0.0,0.0,53.0,1060.0,UPI
1838,510,85,2023-10-12 12:50:44,Delivered,210.0,25,42.0,9.65,193.0,Wallet
1839,793,32,2024-12-21 23:30:26,Cancelled,900.0,0.0,100,40.0,800.0,UPI
1840,725,93,2023-06-17 11:42:40,Cancelled,220.0,30,0.0,12.5,250.0,Card
1841,1972,6,2023-09-23 16:28:16,Delivered,1100.0,0.0,100,50.0,1000.0,UPI
1842,1688,45,2024-06-30 17:23:11,Cancelled,710.0,0.0,0.0,35.5,710.0,Card
1843,438,35,2024-06-29 13:42:01,Delivered,1150.0,0.0,0.0,57.5,1150.0,Wallet
1844,130,18,2024-04-09 18:16:23,Refunded,550.0,0.0,0.0,27.5,550.0,Cash on Delivery
1845,446,131,2024-05-25 12:52:41,Delivered,1900.0,0.0,0.0,95.0,1900.0,Card
1846,573,46,2023-04-12 09:28:54,Delivered,930.0,0.0,0.0,46.5,930.0,Wallet
1847,248,88,2023-06-25 18:14:13,Pending,690.0,0.0,0.0,34.5,690.0,UPI
1848,70,42,2024-02-26 18:16:34,Cancelled,380.0,15,76.0,15.95,319.0,UPI
1849,143,98,2024-05-09 20:17:12,Pending,580.0,0.0,0.0,29.0,580.0,Wallet
1850,773,104,2024-07-15 09:54:39,Delivered,550.0,0.0,0.0,27.5,550.0,Net Banking
1851,164,93,2023-10-22 04:38:33,Refunded,280.0,30,0.0,15.5,310.0,UPI
1852,1433,127,2023-08-09 08:54:49,Pending,390.0,20,78.0,16.6,332.0,Card
1853,739,109,2023-07-05 19:03:20,Delivered,540.0,0.0,0.0,27.0,540.0,Cash on Delivery
1854,262,111,2023-09-20 16:48:56,Delivered,1940.0,0.0,0.0,97.0,1940.0,Wallet
1855,35,99,2023-03-28 18:46:28,Delivered,420.0,25,42.0,20.15,403.0,Cash on Delivery
1856,875,112,2023-06-17 14:25:31,Cancelled,450.0,25,0.0,23.75,475.0,Cash on Delivery
1857,780,112,2024-06-02 19:13:53,Pending,310.0,15,31.0,14.7,294.0,Wallet
1858,1934,13,2023-06-29 15:47:23,Pending,830.0,0.0,0.0,41.5,830.0,Cash on Delivery
1859,418,31,2023-05-16 11:21:46,Cancelled,630.0,0.0,0.0,31.5,630.0,Card
1860,1365,26,2023-06-19 07:13:03,Delivered,390.0,25,0.0,20.75,415.0,Cash on Delivery
1861,1088,69,2024-03-26 14:19:17,Cancelled,670.0,0.0,67.0,30.15,603.0,Cash on Delivery
1862,426,34,2024-10-07 11:27:53,Cancelled,920.0,0.0,0.0,46.0,920.0,UPI
1863,1218,98,2023-03-09 21:46:57,Delivered,170.0,40,0.0,10.5,210.0,Card
1864,1865,100,2024-01-16 19:37:53,Cancelled,820.0,0.0,0.0,41.0,820.0,Cash on Delivery
1865,1382,141,2023-05-03 11:46:32,Cancelled,900.0,0.0,0.0,45.0,900.0,UPI
1866,1775,48,2023-01-05 15:34:38,Delivered,290.0,25,0.0,15.75,315.0,Card
1867,82,23,2024-06-28 18:12:17,Delivered,740.0,0.0,0.0,37.0,740.0,Cash on Delivery
1868,51,42,2024-01-20 09:02:19,Delivered,490.0,15,0.0,25.25,505.0,Card
1869,1843,24,2024-06-19 14:27:04,Cancelled,1250.0,0.0,100,57.5,1150.0,UPI
1870,1429,8,2023-08-12 18:57:32,Delivered,300.0,15,45.0,13.5,270.0,UPI
1871,835,132,2024-02-08 21:20:02,Refunded,2320.0,0.0,0.0,116.0,2320.0,UPI
1872,1491,26,2024-01-04 19:00:19,Pending,120.0,30,0.0,7.5,150.0,Wallet
1873,1663,100,2024-02-13 21:24:13,Delivered,380.0,20,57.0,17.15,343.0,Cash on Delivery
1874,147,120,2024-01-06 01:09:33,Delivered,60.0,25,0.0,4.25,85.0,Card
1875,106,128,2023-06-06 10:25:53,Refunded,470.0,25,47.0,22.4,448.0,Cash on Delivery
1876,1655,79,2024-07-20 12:26:47,Cancelled,2260.0,0.0,0.0,113.0,2260.0,Wallet
1877,679,133,2023-08-31 13:32:54,Pending,120.0,30,0.0,7.5,150.0,UPI
1878,1680,117,2024-09-06 12:04:09,Pending,720.0,0.0,0.0,36.0,720.0,Card
1879,401,94,2023-09-19 13:35:37,Delivered,510.0,0.0,100,20.5,410.0,Net Banking
1880,133,46,2023-11-04 12:34:27,Delivered,890.0,0.0,100,39.5,790.0,UPI
1881,904,26,2024-11-15 18:40:12,Delivered,710.0,0.0,100,30.5,610.0,UPI
1882,1530,79,2023-12-02 21:12:46,Delivered,1940.0,0.0,100,92.0,1840.0,UPI
1883,170,10,2024-05-11 05:09:14,Delivered,2150.0,0.0,100,102.5,2050.0,Cash on Delivery
1884,1282,128,2024-12-02 15:04:14,Delivered,340.0,20,0.0,18.0,360.0,Cash on Delivery
1885,1577,40,2024-09-22 18:52:59,Delivered,360.0,20,72.0,15.4,308.0,Cash on Delivery
1886,428,110,2023-08-26 13:36:19,Delivered,330.0,15,0.0,17.25,345.0,Wallet
1887,19,45,2023-01-16 06:06:45,Cancelled,140.0,40,0.0,9.0,180.0,Card
1888,143,52,2023-12-14 15:47:54,Cancelled,230.0,40,0.0,13.5,270.0,Wallet
1889,33,40,2024-08-04 09:40:33,Delivered,50.0,40,0.0,4.5,90.0,Card
1890,1665,81,2023-04-05 12:14:02,Delivered,340.0,25,0.0,18.25,365.0,Cash on Delivery
1891,1730,38,2023-10-24 09:08:06,Delivered,450.0,20,100,18.5,370.0,UPI
1892,1856,115,2024-07-18 11:01:34,Delivered,440.0,25,0.0,23.25,465.0,UPI
1893,1282,148,2023-07-06 17:16:06,Cancelled,1200.0,0.0,0.0,60.0,1200.0,UPI
1894,397,96,2023-06-30 13:56:49,Delivered,260.0,30,0.0,14.5,290.0,UPI
1895,1648,51,2024-01-12 18:07:28,Pending,160.0,40,0.0,10.0,200.0,Net Banking
1896,113,43,2024-03-14 09:48:34,Cancelled,760.0,0.0,0.0,38.0,760.0,Card
1897,1688,76,2024-01-03 12:28:09,Delivered,260.0,35,65.0,11.5,230.0,Wallet
1898,1692,121,2023-11-27 15:11:21,Delivered,240.0,35,0.0,13.75,275.0,Cash on Delivery
1899,784,14,2023-01-20 10:22:27,Cancelled,800.0,0.0,100,35.0,700.0,Wallet
1900,1025,62,2024-08-29 00:13:27,Cancelled,900.0,0.0,0.0,45.0,900.0,Wallet
1901,781,51,2024-03-09 11:45:18,Refunded,560.0,0.0,0.0,28.0,560.0,UPI
1902,1906,39,2024-04-14 19:03:14,Delivered,540.0,0.0,100,22.0,440.0,Cash on Delivery
1903,136,80,2024-07-26 10:49:48,Delivered,960.0,0.0,0.0,48.0,960.0,UPI
1904,879,42,2024-09-07 20:15:10,Delivered,500.0,0.0,75.0,21.25,425.0,Card
1905,1520,126,2024-04-21 11:11:21,Delivered,250.0,40,0.0,14.5,290.0,Wallet
1906,1490,12,2024-03-01 20:50:27,Refunded,920.0,0.0,0.0,46.0,920.0,Card
1907,331,103,2023-11-06 19:59:55,Refunded,460.0,25,0.0,24.25,485.0,Card
1908,1771,67,2024-07-24 23:24:11,Delivered,460.0,20,69.0,20.55,411.0,UPI
1909,507,43,2023-08-28 19:32:43,Delivered,180.0,30,45.0,8.25,165.0,Card
1910,1461,75,2023-04-07 21:11:52,Delivered,510.0,0.0,0.0,25.5,510.0,UPI
1911,875,98,2024-02-09 08:44:03,Refunded,200.0,40,0.0,12.0,240.0,UPI
1912,1519,109,2024-07-21 15:01:32,Cancelled,1160.0,0.0,0.0,58.0,1160.0,Card
1913,1758,35,2024-01-31 16:16:33,Pending,810.0,0.0,100,35.5,710.0,Card
1914,1695,67,2024-09-18 09:26:49,Delivered,510.0,0.0,100,20.5,410.0,UPI
1915,245,19,2023-12-26 07:28:16,Delivered,510.0,0.0,76.5,21.68,433.5,Cash on Delivery
1916,335,55,2023-05-21 09:38:57,Delivered,180.0,40,18.0,10.1,202.0,UPI
1917,1631,123,2023-07-16 08:56:57,Delivered,720.0,0.0,0.0,36.0,720.0,Card
1918,1880,97,2024-10-21 21:26:20,Delivered,2140.0,0.0,100,102.0,2040.0,Wallet
1919,352,67,2024-02-15 17:18:12,Delivered,350.0,25,0.0,18.75,375.0,Card
1920,507,85,2023-08-14 18:14:50,Cancelled,300.0,25,0.0,16.25,325.0,Card
1921,630,51,2024-04-10 08:41:36,Refunded,1800.0,0.0,100,85.0,1700.0,UPI
1922,1976,140,2023-02-11 11:47:51,Pending,600.0,0.0,90.0,25.5,510.0,UPI
1923,1813,76,2024-07-20 18:39:13,Refunded,270.0,25,67.5,11.38,227.5,UPI
1924,1878,81,2024-07-11 07:14:58,Delivered,500.0,0.0,0.0,25.0,500.0,UPI
1925,1413,101,2023-07-14 08:56:39,Delivered,160.0,40,0.0,10.0,200.0,UPI
1926,97,40,2024-07-03 04:49:10,Delivered,150.0,35,37.5,7.38,147.5,Cash on Delivery
1927,358,113,2023-06-05 21:54:35,Cancelled,340.0,15,0.0,17.75,355.0,Card
1928,1293,42,2024-04-21 15:02:40,Delivered,320.0,20,64.0,13.8,276.0,Cash on Delivery
1929,25,52,2023-05-31 04:08:44,Delivered,60.0,35,0.0,4.75,95.0,Card
1930,666,123,2024-07-13 11:24:39,Pending,80.0,40,16.0,5.2,104.0,Card
1931,889,81,2024-07-12 13:58:13,Cancelled,270.0,40,0.0,15.5,310.0,Wallet
1932,1863,16,2024-11-16 09:02:25,Cancelled,1830.0,0.0,0.0,91.5,1830.0,Card
1933,1121,79,2024-08-08 08:17:31,Delivered,1220.0,0.0,100,56.0,1120.0,Card
1934,82,63,2023-12-20 16:56:52,Delivered,1400.0,0.0,100,65.0,1300.0,UPI
1935,1101,86,2024-10-18 00:02:33,Delivered,490.0,15,73.5,21.58,431.5,UPI
1936,1596,109,2023-05-31 06:57:29,Delivered,270.0,30,67.5,11.62,232.5,Cash on Delivery
1937,1141,94,2023-11-29 16:06:08,Cancelled,60.0,25,0.0,4.25,85.0,UPI
1938,430,112,2023-10-05 15:35:45,Delivered,490.0,20,98.0,20.6,412.0,UPI
1939,1683,104,2023-08-22 18:19:09,Cancelled,300.0,15,30.0,14.25,285.0,UPI
1940,1079,85,2023-08-19 11:30:42,Delivered,700.0,0.0,70.0,31.5,630.0,Cash on Delivery
1941,999,11,2023-07-09 18:43:49,Cancelled,110.0,30,22.0,5.9,118.0,Net Banking
1942,1924,34,2024-11-30 18:19:25,Delivered,240.0,25,24.0,12.05,241.0,UPI
1943,1083,132,2024-05-06 13:18:58,Delivered,1610.0,0.0,100,75.5,1510.0,Card
1944,377,8,2024-06-18 15:52:14,Delivered,800.0,0.0,0.0,40.0,800.0,Wallet
1945,928,11,2023-08-25 22:50:34,Delivered,260.0,30,52.0,11.9,238.0,Card
1946,1948,121,2023-06-15 22:15:19,Delivered,220.0,25,33.0,10.6,212.0,UPI
1947,1375,95,2023-06-16 13:37:40,Refunded,270.0,25,0.0,14.75,295.0,Cash on Delivery
1948,336,134,2024-04-29 19:06:28,Delivered,840.0,0.0,100,37.0,740.0,UPI
1949,229,109,2023-11-20 12:09:23,Delivered,710.0,0.0,0.0,35.5,710.0,Cash on Delivery
1950,1238,133,2023-11-10 14:30:24,Delivered,440.0,25,88.0,18.85,377.0,UPI
1951,1088,91,2024-08-21 21:50:10,Delivered,800.0,0.0,0.0,40.0,800.0,Card
1952,624,76,2024-12-01 16:11:05,Refunded,220.0,40,0.0,13.0,260.0,Net Banking
1953,1875,43,2024-07-09 07:24:21,Refunded,390.0,15,0.0,20.25,405.0,Cash on Delivery
1954,1863,45,2023-03-28 13:08:49,Delivered,450.0,25,0.0,23.75,475.0,UPI
1955,266,75,2024-03-15 19:43:59,Delivered,160.0,40,0.0,10.0,200.0,Wallet
1956,1866,6,2023-08-30 13:51:06,Delivered,1000.0,0.0,100.0,45.0,900.0,UPI
1957,1580,18,2024-07-23 13:24:49,Cancelled,280.0,35,0.0,15.75,315.0,Cash on Delivery
1958,411,133,2023-03-08 13:33:30,Cancelled,60.0,40,6.0,4.7,94.0,UPI
1959,1098,19,2023-05-05 20:38:32,Cancelled,680.0,0.0,0.0,34.0,680.0,Cash on Delivery
1960,1331,114,2024-01-10 16:48:18,Pending,620.0,0.0,0.0,31.0,620.0,UPI
1961,1131,64,2023-10-29 19:54:09,Cancelled,330.0,20,0.0,17.5,350.0,Card
1962,1885,86,2024-02-20 20:27:25,Cancelled,830.0,0.0,83.0,37.35,747.0,UPI
1963,1035,76,2023-06-22 19:46:29,Pending,300.0,20,0.0,16.0,320.0,Card
1964,27,90,2024-07-12 03:29:04,Delivered,310.0,25,0.0,16.75,335.0,Cash on Delivery
1965,1596,32,2024-01-05 12:23:02,Cancelled,390.0,25,0.0,20.75,415.0,UPI
1966,606,92,2023-06-18 18:56:46,Delivered,40.0,35,0.0,3.75,75.0,Net Banking
1967,134,136,2023-12-18 17:38:26,Pending,1470.0,0.0,0.0,73.5,1470.0,Wallet
1968,1573,75,2023-11-15 17:05:42,Delivered,1190.0,0.0,0.0,59.5,1190.0,Cash on Delivery
1969,591,32,2024-02-19 20:05:15,Cancelled,410.0,25,0.0,21.75,435.0,Card
1970,889,81,2023-03-30 07:31:52,Delivered,340.0,15,34.0,16.05,321.0,Wallet
1971,1923,77,2024-05-19 19:32:34,Cancelled,820.0,0.0,0.0,41.0,820.0,UPI
1972,849,26,2023-09-07 21:02:57,Delivered,480.0,20,0.0,25.0,500.0,Card
1973,1240,80,2024-11-06 19:47:52,Cancelled,350.0,15,87.5,13.88,277.5,UPI
1974,333,52,2023-07-09 03:20:05,Delivered,500.0,0.0,50.0,22.5,450.0,UPI
1975,1301,33,2024-01-17 12:40:57,Delivered,810.0,0.0,0.0,40.5,810.0,Net Banking
1976,1010,115,2024-04-29 14:30:58,Cancelled,340.0,25,0.0,18.25,365.0,Cash on Delivery
1977,1229,16,2024-05-02 15:09:27,Delivered,610.0,0.0,0.0,30.5,610.0,Card
1978,711,12,2023-11-22 14:26:01,Cancelled,690.0,0.0,0.0,34.5,690.0,UPI
1979,745,8,2023-04-19 08:54:30,Delivered,340.0,15,0.0,17.75,355.0,Card
1980,1352,13,2023-12-20 19:19:52,Delivered,920.0,0.0,0.0,46.0,920.0,Wallet
1981,1923,35,2023-11-20 10:15:45,Delivered,70.0,40,0.0,5.5,110.0,UPI
1982,1702,19,2024-08-06 14:24:32,Cancelled,710.0,0.0,71.0,31.95,639.0,Card
1983,531,26,2024-04-02 18:30:00,Refunded,360.0,25,0.0,19.25,385.0,UPI
1984,444,91,2023-12-07 21:22:10,Refunded,200.0,35,0.0,11.75,235.0,Cash on Delivery
1985,110,125,2023-10-02 20:37:06,Pending,930.0,0.0,100,41.5,830.0,Card
1986,1805,60,2024-03-21 18:44:36,Delivered,320.0,25,0.0,17.25,345.0,Cash on Delivery
1987,1877,127,2024-11-14 13:37:44,Delivered,80.0,40,16.0,5.2,104.0,UPI
1988,111,112,2024-04-17 08:28:35,Pending,310.0,20,62.0,13.4,268.0,Card
1989,389,23,2024-12-04 06:57:53,Cancelled,770.0,0.0,0.0,38.5,770.0,UPI
1990,44,138,2024-10-16 18:36:00,Delivered,160.0,25,0.0,9.25,185.0,Wallet
1991,1308,12,2023-05-21 19:46:54,Delivered,480.0,15,96.0,19.95,399.0,UPI
1992,1079,35,2023-10-23 02:50:15,Pending,340.0,25,0.0,18.25,365.0,Wallet
1993,1688,45,2023-08-10 18:45:12,Refunded,210.0,40,52.5,9.88,197.5,Cash on Delivery
1994,144,14,2024-01-22 09:14:18,Delivered,670.0,0.0,0.0,33.5,670.0,Card
1995,1484,79,2023-07-25 19:09:29,Delivered,570.0,0.0,0.0,28.5,570.0,Card
1996,671,125,2023-10-06 12:10:16,Cancelled,190.0,35,0.0,11.25,225.0,Wallet
1997,15,37,2024-10-04 20:28:58,Delivered,420.0,25,42.0,20.15,403.0,UPI
1998,794,120,2024-05-14 18:52:50,Refunded,880.0,0.0,0.0,44.0,880.0,Card
1999,1084,37,2023-12-31 14:05:53,Refunded,1600.0,0.0,0.0,80.0,1600.0,Wallet
2000,852,51,2023-08-09 14:44:28,Delivered,3160.0,0.0,100,153.0,3060.0,UPI
2001,753,24,2024-09-22 01:30:09,Cancelled,1360.0,0.0,0.0,68.0,1360.0,Wallet
2002,256,64,2024-07-09 21:41:29,Refunded,940.0,0.0,100,42.0,840.0,Net Banking
2003,461,141,2024-12-07 21:47:55,Delivered,1610.0,0.0,0.0,80.5,1610.0,Cash on Delivery
2004,1527,148,2024-06-21 20:32:14,Delivered,880.0,0.0,0.0,44.0,880.0,UPI
2005,1743,109,2024-05-02 22:25:43,Delivered,330.0,25,0.0,17.75,355.0,UPI
2006,793,136,2024-05-01 22:01:34,Delivered,430.0,15,0.0,22.25,445.0,UPI
2007,683,50,2024-10-29 10:27:24,Cancelled,170.0,30,0.0,10.0,200.0,Cash on Delivery
2008,1855,91,2024-06-10 12:03:05,Cancelled,1760.0,0.0,100,83.0,1660.0,UPI
2009,1299,40,2024-03-02 04:51:47,Delivered,920.0,0.0,100,41.0,820.0,Wallet
2010,1695,27,2023-06-23 13:55:09,Refunded,560.0,0.0,0.0,28.0,560.0,Card
2011,147,16,2024-04-19 02:57:22,Cancelled,560.0,0.0,0.0,28.0,560.0,Cash on Delivery
2012,1428,66,2023-11-16 04:16:35,Delivered,760.0,0.0,0.0,38.0,760.0,UPI
2013,650,52,2024-06-05 11:14:44,Pending,180.0,25,0.0,10.25,205.0,UPI
2014,1758,104,2023-10-16 13:47:12,Cancelled,200.0,25,0.0,11.25,225.0,UPI
2015,5,96,2023-09-25 09:31:17,Cancelled,370.0,20,0.0,19.5,390.0,UPI
2016,462,10,2024-05-05 12:44:25,Delivered,1430.0,0.0,0.0,71.5,1430.0,UPI
2017,1366,64,2023-12-22 19:25:11,Delivered,120.0,25,0.0,7.25,145.0,Wallet
2018,443,68,2023-08-18 12:34:20,Cancelled,360.0,25,0.0,19.25,385.0,UPI
2019,12,93,2023-10-14 12:17:06,Delivered,390.0,20,0.0,20.5,410.0,Card
2020,85,112,2023-09-12 09:39:14,Delivered,620.0,0.0,0.0,31.0,620.0,UPI
2021,923,8,2024-09-02 12:16:23,Delivered,100.0,25,0.0,6.25,125.0,Card
2022,959,108,2024-07-09 11:28:47,Delivered,290.0,40,43.5,14.33,286.5,UPI
2023,1005,125,2023-10-07 11:55:48,Refunded,400.0,20,80.0,17.0,340.0,UPI
2024,485,96,2023-07-06 16:08:42,Refunded,60.0,40,0.0,5.0,100.0,Card
2025,602,120,2024-09-19 21:03:40,Delivered,580.0,0.0,100,24.0,480.0,Net Banking
2026,681,46,2023-09-27 00:20:58,Refunded,1220.0,0.0,100,56.0,1120.0,Cash on Delivery
2027,1112,14,2023-10-04 08:33:10,Delivered,700.0,0.0,0.0,35.0,700.0,UPI
2028,471,94,2023-12-08 13:14:06,Delivered,60.0,35,6.0,4.45,89.0,Card
2029,713,117,2023-11-13 02:27:57,Delivered,480.0,15,0.0,24.75,495.0,UPI
2030,711,34,2024-04-19 23:51:36,Delivered,540.0,0.0,81.0,22.95,459.0,Cash on Delivery
2031,1998,81,2024-06-01 10:46:00,Pending,500.0,0.0,0.0,25.0,500.0,Card
2032,1648,94,2024-11-18 13:49:32,Pending,940.0,0.0,100,42.0,840.0,UPI
2033,1098,89,2023-02-21 18:31:46,Delivered,730.0,0.0,100,31.5,630.0,UPI
2034,1042,96,2023-09-03 20:54:29,Delivered,2080.0,0.0,100,99.0,1980.0,UPI
2035,1319,99,2023-02-17 20:31:08,Delivered,730.0,0.0,0.0,36.5,730.0,Wallet
2036,770,58,2023-04-29 11:31:43,Delivered,570.0,0.0,0.0,28.5,570.0,Cash on Delivery
2037,1856,85,2023-07-20 20:33:53,Delivered,310.0,20,0.0,16.5,330.0,Card
2038,1782,43,2023-05-29 20:34:41,Delivered,180.0,25,0.0,10.25,205.0,UPI
2039,904,18,2024-03-29 22:56:04,Delivered,380.0,25,76.0,16.45,329.0,UPI
2040,1793,26,2024-07-05 18:03:46,Cancelled,440.0,25,0.0,23.25,465.0,Net Banking
2041,1527,128,2024-10-01 19:36:48,Delivered,640.0,0.0,0.0,32.0,640.0,Cash on Delivery
2042,612,126,2023-06-03 17:15:30,Refunded,280.0,40,42.0,13.9,278.0,Cash on Delivery
2043,1003,76,2024-09-29 18:17:45,Delivered,330.0,20,0.0,17.5,350.0,Card
2044,23,81,2023-04-09 20:46:02,Delivered,430.0,25,0.0,22.75,455.0,UPI
2045,1321,61,2023-09-24 11:23:11,Delivered,120.0,30,24.0,6.3,126.0,Card
2046,408,105,2024-10-24 08:52:13,Refunded,110.0,30,11.0,6.45,129.0,Wallet
2047,207,32,2023-11-21 14:28:37,Pending,860.0,0.0,0.0,43.0,860.0,UPI
2048,1295,69,2023-09-21 19:16:04,Refunded,1070.0,0.0,0.0,53.5,1070.0,Card
2049,1354,75,2023-09-21 19:24:19,Delivered,50.0,25,0.0,3.75,75.0,UPI
2050,266,58,2024-02-12 10:06:46,Delivered,1230.0,0.0,0.0,61.5,1230.0,UPI
2051,438,5,2024-05-31 18:17:35,Cancelled,200.0,40,0.0,12.0,240.0,Cash on Delivery
2052,1192,132,2024-09-02 16:37:08,Delivered,1490.0,0.0,0.0,74.5,1490.0,Card
2053,513,131,2023-09-02 14:31:18,Delivered,760.0,0.0,0.0,38.0,760.0,UPI
2054,395,68,2023-09-22 18:23:45,Delivered,730.0,0.0,0.0,36.5,730.0,UPI
2055,1183,20,2024-02-26 16:05:38,Delivered,1560.0,0.0,0.0,78.0,1560.0,UPI
2056,920,149,2023-10-23 17:18:40,Delivered,150.0,35,0.0,9.25,185.0,Cash on Delivery
2057,1350,68,2023-12-25 08:14:52,Refunded,440.0,15,0.0,22.75,455.0,UPI
2058,432,128,2024-04-22 18:12:22,Delivered,720.0,0.0,100,31.0,620.0,Wallet
2059,1922,124,2024-03-17 19:45:28,Delivered,1420.0,0.0,0.0,71.0,1420.0,UPI
2060,1599,67,2024-05-25 13:17:43,Refunded,930.0,0.0,0.0,46.5,930.0,UPI
2061,1542,1,2024-12-09 13:52:53,Delivered,790.0,0.0,0.0,39.5,790.0,UPI
2062,1243,95,2024-12-28 07:58:37,Pending,1280.0,0.0,0.0,64.0,1280.0,UPI
2063,415,85,2023-01-03 19:56:16,Delivered,400.0,25,60.0,18.25,365.0,Net Banking
2064,1906,51,2023-09-19 08:57:57,Delivered,780.0,0.0,0.0,39.0,780.0,UPI
2065,1592,33,2024-06-21 20:54:47,Delivered,1340.0,0.0,100,62.0,1240.0,Wallet
2066,1727,109,2024-10-07 13:56:28,Delivered,900.0,0.0,0.0,45.0,900.0,Cash on Delivery
2067,320,126,2024-07-22 13:16:03,Delivered,2000.0,0.0,0.0,100.0,2000.0,Cash on Delivery
2068,716,120,2024-01-18 21:26:20,Delivered,280.0,25,28.0,13.85,277.0,Cash on Delivery
2069,222,6,2023-06-27 13:47:31,Delivered,490.0,25,100,20.75,415.0,Card
2070,753,54,2023-07-23 20:58:50,Delivered,190.0,25,0.0,10.75,215.0,Cash on Delivery
2071,1159,32,2024-07-03 21:11:06,Cancelled,430.0,25,0.0,22.75,455.0,UPI
2072,1828,97,2023-09-19 02:28:12,Delivered,1020.0,0.0,0.0,51.0,1020.0,UPI
2073,299,48,2023-06-20 14:35:24,Cancelled,750.0,0.0,100,32.5,650.0,UPI
2074,245,46,2023-02-25 12:03:27,Delivered,1530.0,0.0,0.0,76.5,1530.0,UPI
2075,1422,27,2023-07-24 08:14:37,Cancelled,980.0,0.0,0.0,49.0,980.0,Cash on Delivery
2076,79,117,2023-07-05 13:15:23,Delivered,1600.0,0.0,0.0,80.0,1600.0,UPI
2077,428,12,2024-04-01 21:48:55,Pending,860.0,0.0,0.0,43.0,860.0,Cash on Delivery
2078,393,109,2024-01-07 19:18:57,Cancelled,190.0,25,28.5,9.33,186.5,UPI
2079,1244,73,2024-06-25 08:39:00,Pending,380.0,20,0.0,20.0,400.0,UPI
2080,1342,40,2024-06-08 13:13:29,Cancelled,690.0,0.0,69.0,31.05,621.0,Card
2081,1006,141,2024-04-03 12:42:55,Pending,900.0,0.0,0.0,45.0,900.0,UPI
2082,869,23,2024-12-15 19:56:15,Delivered,2040.0,0.0,0.0,102.0,2040.0,UPI
2083,1825,39,2024-12-10 12:38:47,Cancelled,270.0,30,0.0,15.0,300.0,UPI
2084,1105,79,2024-08-18 00:08:36,Delivered,1410.0,0.0,0.0,70.5,1410.0,Cash on Delivery
2085,141,24,2024-01-28 20:34:37,Delivered,580.0,0.0,0.0,29.0,580.0,UPI
2086,1000,50,2023-09-03 13:34:14,Refunded,2460.0,0.0,100,118.0,2360.0,UPI
2087,621,108,2023-05-29 13:24:05,Delivered,1450.0,0.0,100,67.5,1350.0,UPI
2088,581,23,2023-06-08 13:35:12,Delivered,1000.0,0.0,0.0,50.0,1000.0,UPI
2089,373,111,2023-07-09 22:58:25,Cancelled,200.0,25,0.0,11.25,225.0,Card
2090,700,13,2023-09-19 22:16:05,Delivered,400.0,20,60.0,18.0,360.0,Wallet
2091,679,80,2023-07-03 19:38:51,Delivered,1400.0,0.0,100,65.0,1300.0,Cash on Delivery
2092,399,93,2023-08-28 15:07:41,Cancelled,220.0,35,0.0,12.75,255.0,Cash on Delivery
2093,377,90,2023-05-06 21:10:14,Delivered,400.0,25,0.0,21.25,425.0,Cash on Delivery
2094,1321,77,2024-05-27 21:24:03,Delivered,90.0,30,0.0,6.0,120.0,Card
2095,453,21,2023-11-12 16:19:14,Delivered,1500.0,0.0,0.0,75.0,1500.0,UPI
2096,1416,20,2024-04-10 09:18:00,Delivered,2280.0,0.0,0.0,114.0,2280.0,Cash on Delivery
2097,1097,124,2023-10-08 17:30:41,Delivered,490.0,25,0.0,25.75,515.0,UPI
2098,1144,31,2024-05-07 08:47:10,Delivered,240.0,35,0.0,13.75,275.0,Card
2099,1995,15,2023-10-13 19:51:19,Delivered,790.0,0.0,0.0,39.5,790.0,UPI
2100,515,132,2023-04-02 18:32:50,Refunded,1260.0,0.0,0.0,63.0,1260.0,Card
2101,231,138,2024-12-02 12:58:08,Cancelled,540.0,0.0,100,22.0,440.0,UPI
2102,1018,102,2023-01-19 12:02:43,Cancelled,40.0,30,0.0,3.5,70.0,UPI
2103,1030,24,2023-01-06 21:14:31,Pending,2150.0,0.0,0.0,107.5,2150.0,Cash on Delivery
2104,873,45,2024-03-17 09:02:54,Delivered,380.0,25,0.0,20.25,405.0,Card
2105,340,75,2024-01-10 19:11:40,Delivered,740.0,0.0,0.0,37.0,740.0,UPI
2106,1013,39,2024-08-22 08:38:02,Delivered,1200.0,0.0,0.0,60.0,1200.0,Wallet
2107,4,16,2024-09-15 22:47:19,Delivered,1230.0,0.0,100,56.5,1130.0,UPI
2108,1677,92,2024-12-26 13:31:59,Delivered,80.0,40,0.0,6.0,120.0,UPI
2109,668,1,2023-09-17 11:48:27,Delivered,710.0,0.0,100,30.5,610.0,Card
2110,587,63,2024-11-03 16:50:57,Delivered,790.0,0.0,0.0,39.5,790.0,Card
2111,1974,8,2024-04-27 12:42:57,Pending,100.0,25,0.0,6.25,125.0,Cash on Delivery
2112,446,70,2023-08-22 08:54:48,Refunded,1540.0,0.0,0.0,77.0,1540.0,UPI
2113,130,8,2024-07-04 22:57:31,Delivered,400.0,25,0.0,21.25,425.0,UPI
2114,1960,56,2024-09-07 19:53:38,Refunded,1030.0,0.0,0.0,51.5,1030.0,UPI
2115,1623,136,2024-08-09 21:24:33,Cancelled,200.0,25,0.0,11.25,225.0,UPI
2116,447,46,2023-01-18 20:47:25,Delivered,640.0,0.0,0.0,32.0,640.0,Card
2117,911,46,2023-12-03 08:57:43,Cancelled,640.0,0.0,100,27.0,540.0,UPI
2118,1753,32,2023-04-18 14:35:42,Delivered,1350.0,0.0,0.0,67.5,1350.0,Card
2119,1852,135,2023-07-28 12:25:11,Delivered,1120.0,0.0,0.0,56.0,1120.0,UPI
2120,1959,135,2023-12-16 18:00:18,Delivered,780.0,0.0,0.0,39.0,780.0,UPI
2121,958,90,2024-05-24 13:21:15,Pending,360.0,25,0.0,19.25,385.0,Wallet
2122,1998,141,2024-04-13 20:04:58,Delivered,300.0,25,0.0,16.25,325.0,Cash on Delivery
2123,234,1,2024-01-31 18:17:30,Delivered,500.0,0.0,0.0,25.0,500.0,UPI
2124,662,25,2023-06-06 16:23:39,Cancelled,1500.0,0.0,0.0,75.0,1500.0,UPI
2125,875,18,2023-06-01 00:32:28,Delivered,130.0,25,32.5,6.12,122.5,Wallet
2126,652,117,2024-12-15 18:05:19,Refunded,1320.0,0.0,0.0,66.0,1320.0,Card
2127,1724,26,2024-09-01 18:38:12,Cancelled,40.0,25,6.0,2.95,59.0,Cash on Delivery
2128,639,102,2024-05-27 12:58:40,Delivered,120.0,35,0.0,7.75,155.0,Card
2129,1847,85,2023-09-13 11:29:29,Cancelled,800.0,0.0,0.0,40.0,800.0,Cash on Delivery
2130,91,142,2023-01-25 12:49:29,Delivered,600.0,0.0,0.0,30.0,600.0,Card
2131,1390,95,2024-09-03 19:26:55,Delivered,800.0,0.0,0.0,40.0,800.0,UPI
2132,948,100,2024-10-13 09:35:53,Delivered,940.0,0.0,0.0,47.0,940.0,Cash on Delivery
2133,1542,39,2023-12-23 10:36:02,Refunded,930.0,0.0,0.0,46.5,930.0,Card
2134,1942,40,2023-04-24 07:04:39,Cancelled,340.0,15,68.0,14.35,287.0,UPI
2135,1737,64,2023-05-02 14:16:38,Delivered,3160.0,0.0,100,153.0,3060.0,Cash on Delivery
2136,127,96,2023-01-13 12:53:40,Refunded,1280.0,0.0,0.0,64.0,1280.0,UPI
2137,1542,1,2023-09-11 19:42:37,Delivered,470.0,15,0.0,24.25,485.0,UPI
2138,1672,127,2024-12-23 14:17:34,Cancelled,690.0,0.0,0.0,34.5,690.0,Cash on Delivery
2139,1163,75,2023-09-29 07:57:02,Delivered,740.0,0.0,0.0,37.0,740.0,Card
2140,49,73,2023-04-10 16:56:35,Delivered,630.0,0.0,0.0,31.5,630.0,Cash on Delivery
2141,446,64,2024-11-10 22:15:48,Refunded,2290.0,0.0,0.0,114.5,2290.0,UPI
2142,1010,64,2023-06-03 12:27:13,Delivered,270.0,25,0.0,14.75,295.0,Cash on Delivery
2143,397,112,2024-07-25 14:12:56,Pending,510.0,0.0,0.0,25.5,510.0,UPI
2144,1301,14,2024-01-08 10:42:57,Cancelled,660.0,0.0,99.0,28.05,561.0,UPI
2145,164,129,2024-04-30 11:51:11,Delivered,520.0,0.0,100,21.0,420.0,Card
2146,1494,130,2024-07-30 19:59:47,Cancelled,720.0,0.0,100,31.0,620.0,Net Banking
2147,677,10,2023-05-30 15:16:14,Delivered,1620.0,0.0,0.0,81.0,1620.0,UPI
2148,1916,72,2024-09-20 09:32:00,Delivered,1400.0,0.0,0.0,70.0,1400.0,UPI
2149,864,129,2024-11-30 11:04:50,Delivered,1620.0,0.0,0.0,81.0,1620.0,UPI
2150,734,13,2023-07-30 20:04:21,Delivered,920.0,0.0,0.0,46.0,920.0,Card
2151,1651,128,2024-05-19 17:40:07,Cancelled,1280.0,0.0,0.0,64.0,1280.0,Wallet
2152,1032,98,2024-05-25 21:46:07,Delivered,170.0,35,0.0,10.25,205.0,Cash on Delivery
2153,485,143,2024-07-11 16:23:05,Pending,1940.0,0.0,0.0,97.0,1940.0,Card
2154,1129,16,2024-01-04 12:16:14,Delivered,1340.0,0.0,100,62.0,1240.0,Cash on Delivery
2155,1622,43,2023-02-26 20:59:58,Delivered,1240.0,0.0,0.0,62.0,1240.0,UPI
2156,1537,131,2024-07-12 19:06:25,Delivered,720.0,0.0,0.0,36.0,720.0,Cash on Delivery
2157,513,21,2024-06-28 18:04:00,Pending,420.0,25,100,17.25,345.0,UPI
2158,1054,95,2023-02-15 15:38:01,Refunded,430.0,15,64.5,19.03,380.5,Wallet
2159,747,78,2023-11-28 13:11:24,Refunded,160.0,30,0.0,9.5,190.0,Cash on Delivery
2160,1321,127,2024-12-11 19:34:33,Delivered,1240.0,0.0,0.0,62.0,1240.0,UPI
2161,1025,60,2024-05-18 19:14:55,Delivered,1530.0,0.0,0.0,76.5,1530.0,UPI
2162,1352,33,2024-01-13 20:14:06,Cancelled,2200.0,0.0,100,105.0,2100.0,UPI
2163,265,32,2023-09-15 19:54:01,Delivered,1180.0,0.0,0.0,59.0,1180.0,Card
2164,61,42,2023-01-15 19:05:26,Delivered,380.0,20,38.0,18.1,362.0,UPI
2165,1822,136,2024-11-03 09:05:00,Cancelled,820.0,0.0,100,36.0,720.0,Cash on Delivery
2166,517,76,2024-07-23 08:51:29,Cancelled,150.0,30,0.0,9.0,180.0,UPI
2167,927,132,2023-05-24 14:43:29,Cancelled,840.0,0.0,84.0,37.8,756.0,UPI
2168,376,20,2024-06-15 09:06:59,Delivered,980.0,0.0,0.0,49.0,980.0,Card
2169,1409,110,2024-02-19 21:05:52,Delivered,930.0,0.0,100,41.5,830.0,UPI
2170,680,84,2023-08-11 04:00:10,Delivered,330.0,25,0.0,17.75,355.0,Card
2171,6,97,2024-07-10 14:42:23,Pending,960.0,0.0,96.0,43.2,864.0,Wallet
2172,1418,117,2024-02-08 17:45:34,Refunded,470.0,15,0.0,24.25,485.0,Wallet
2173,141,141,2023-10-25 13:08:25,Delivered,620.0,0.0,0.0,31.0,620.0,UPI
2174,495,51,2024-12-16 19:11:17,Delivered,1640.0,0.0,0.0,82.0,1640.0,UPI
2175,514,1,2023-06-23 09:36:35,Cancelled,130.0,40,0.0,8.5,170.0,UPI
2176,593,113,2023-08-09 10:32:13,Cancelled,420.0,20,0.0,22.0,440.0,UPI
2177,537,91,2024-11-04 12:02:01,Cancelled,1340.0,0.0,0.0,67.0,1340.0,UPI
2178,1880,26,2023-06-10 15:05:46,Refunded,480.0,15,72.0,21.15,423.0,UPI
2179,338,24,2023-07-03 19:46:39,Refunded,500.0,0.0,0.0,25.0,500.0,UPI
2180,1906,126,2023-07-01 14:37:58,Delivered,650.0,0.0,0.0,32.5,650.0,UPI
2181,761,85,2023-10-16 12:51:26,Delivered,240.0,40,24.0,12.8,256.0,UPI
2182,341,108,2024-07-07 20:47:27,Cancelled,2010.0,0.0,100,95.5,1910.0,UPI
2183,1168,134,2023-09-02 21:53:10,Delivered,150.0,35,22.5,8.12,162.5,UPI
2184,104,135,2024-10-01 20:21:29,Delivered,60.0,40,0.0,5.0,100.0,UPI
2185,1728,32,2024-12-04 18:41:50,Delivered,1040.0,0.0,100,47.0,940.0,Card
2186,1611,20,2024-05-03 18:03:48,Delivered,2070.0,0.0,0.0,103.5,2070.0,Cash on Delivery
2187,1339,42,2024-05-18 18:40:13,Delivered,940.0,0.0,100,42.0,840.0,Card
2188,268,104,2024-03-21 13:44:58,Cancelled,580.0,0.0,0.0,29.0,580.0,Net Banking
2189,1237,10,2023-03-17 11:22:54,Pending,650.0,0.0,0.0,32.5,650.0,Card
2190,1617,45,2023-01-13 13:27:11,Refunded,210.0,25,0.0,11.75,235.0,Net Banking
2191,1412,46,2023-01-11 09:48:25,Delivered,1360.0,0.0,100,63.0,1260.0,Card
2192,665,122,2024-02-27 10:28:32,Delivered,370.0,25,0.0,19.75,395.0,Cash on Delivery
2193,800,104,2024-10-01 11:17:04,Pending,400.0,15,0.0,20.75,415.0,Card
2194,1032,21,2023-02-09 23:11:19,Pending,1510.0,0.0,0.0,75.5,1510.0,Card
2195,1480,24,2024-08-27 20:47:48,Delivered,210.0,25,42.0,9.65,193.0,Cash on Delivery
2196,1594,1,2024-04-05 13:20:39,Delivered,1280.0,0.0,100,59.0,1180.0,UPI
2197,670,108,2024-11-09 12:28:20,Pending,1050.0,0.0,100,47.5,950.0,UPI
2198,1929,108,2024-02-17 18:24:01,Cancelled,90.0,30,0.0,6.0,120.0,Wallet
2199,21,63,2024-12-11 20:48:40,Delivered,140.0,35,0.0,8.75,175.0,UPI
2200,744,126,2023-10-31 11:40:37,Delivered,620.0,0.0,0.0,31.0,620.0,Cash on Delivery
2201,78,96,2023-06-10 14:57:57,Cancelled,1970.0,0.0,100,93.5,1870.0,Cash on Delivery
2202,385,149,2023-10-25 20:23:21,Cancelled,1330.0,0.0,0.0,66.5,1330.0,Cash on Delivery
2203,1513,97,2023-08-29 01:13:43,Delivered,320.0,25,0.0,17.25,345.0,Card
2204,361,129,2023-11-12 21:14:31,Delivered,250.0,35,62.5,11.12,222.5,UPI
2205,562,92,2023-02-23 15:13:53,Delivered,220.0,25,0.0,12.25,245.0,Net Banking
2206,85,120,2023-09-18 04:21:48,Pending,2160.0,0.0,0.0,108.0,2160.0,Card
2207,1262,101,2023-11-25 12:19:52,Delivered,540.0,0.0,100,22.0,440.0,Wallet
2208,1566,55,2024-06-22 08:39:22,Pending,410.0,25,0.0,21.75,435.0,Net Banking
2209,847,98,2023-02-13 13:43:04,Cancelled,80.0,40,0.0,6.0,120.0,Wallet
2210,1342,100,2024-04-16 07:16:13,Delivered,1700.0,0.0,100,80.0,1600.0,UPI
2211,1435,37,2023-10-31 12:58:42,Delivered,920.0,0.0,0.0,46.0,920.0,UPI
2212,361,127,2024-02-13 18:01:01,Delivered,740.0,0.0,0.0,37.0,740.0,UPI
2213,845,93,2023-05-31 20:41:12,Pending,500.0,0.0,0.0,25.0,500.0,Cash on Delivery
2214,615,122,2023-10-10 14:36:44,Delivered,630.0,0.0,0.0,31.5,630.0,Card
2215,1318,45,2023-02-12 20:49:33,Delivered,300.0,20,75.0,12.25,245.0,UPI
2216,1042,78,2024-10-18 18:57:14,Delivered,440.0,25,100,18.25,365.0,UPI
2217,448,43,2024-11-15 12:50:50,Pending,1870.0,0.0,0.0,93.5,1870.0,UPI
2218,791,68,2024-09-08 18:40:05,Delivered,600.0,0.0,100,25.0,500.0,Card
2219,474,66,2024-08-08 20:25:07,Delivered,200.0,40,20.0,11.0,220.0,Cash on Delivery
2220,256,56,2024-04-18 10:46:46,Delivered,320.0,15,80.0,12.75,255.0,UPI
2221,1238,82,2024-10-10 16:00:34,Delivered,380.0,25,0.0,20.25,405.0,Card
2222,1603,45,2024-11-22 08:53:27,Delivered,270.0,40,67.5,12.12,242.5,Card
2223,1186,62,2024-10-21 21:58:45,Delivered,600.0,0.0,0.0,30.0,600.0,Cash on Delivery
2224,823,1,2024-08-05 19:05:47,Refunded,1130.0,0.0,100,51.5,1030.0,Net Banking
2225,1200,58,2023-01-23 11:47:03,Delivered,210.0,35,0.0,12.25,245.0,Cash on Delivery
2226,1125,48,2024-05-03 07:27:01,Delivered,340.0,15,0.0,17.75,355.0,Card
2227,1612,62,2024-03-27 13:59:43,Pending,300.0,25,30.0,14.75,295.0,Cash on Delivery
2228,408,141,2024-06-27 22:50:38,Delivered,1750.0,0.0,100,82.5,1650.0,Cash on Delivery
2229,1276,119,2024-05-03 12:06:02,Delivered,380.0,20,0.0,20.0,400.0,Card
2230,1057,17,2024-12-08 16:49:25,Cancelled,1590.0,0.0,0.0,79.5,1590.0,Card
2231,714,130,2024-08-31 01:01:52,Refunded,1190.0,0.0,100,54.5,1090.0,Card
2232,1300,117,2024-03-12 11:57:08,Delivered,1250.0,0.0,0.0,62.5,1250.0,UPI
2233,1267,90,2023-12-12 13:08:51,Delivered,180.0,40,27.0,9.65,193.0,UPI
2234,77,119,2024-03-29 19:25:56,Refunded,490.0,15,100,20.25,405.0,Wallet
2235,1928,25,2023-06-24 12:26:11,Delivered,180.0,40,18.0,10.1,202.0,UPI
2236,1098,40,2023-09-18 15:24:16,Delivered,360.0,15,54.0,16.05,321.0,UPI
2237,543,128,2024-01-18 21:44:54,Cancelled,380.0,15,0.0,19.75,395.0,UPI
2238,292,146,2024-04-02 18:32:00,Delivered,50.0,40,7.5,4.12,82.5,UPI
2239,1986,81,2024-09-03 22:08:41,Delivered,450.0,25,100,18.75,375.0,UPI
2240,1692,26,2024-06-26 13:07:07,Delivered,980.0,0.0,0.0,49.0,980.0,UPI
2241,1757,86,2024-08-03 17:36:32,Delivered,120.0,35,18.0,6.85,137.0,Card
2242,1788,115,2024-05-26 12:40:27,Delivered,1810.0,0.0,100,85.5,1710.0,UPI
2243,1238,99,2024-05-29 18:27:48,Delivered,660.0,0.0,0.0,33.0,660.0,UPI
2244,1353,34,2023-10-16 21:31:36,Delivered,990.0,0.0,99.0,44.55,891.0,Cash on Delivery
2245,1599,99,2024-08-25 08:08:23,Delivered,1530.0,0.0,0.0,76.5,1530.0,Wallet
2246,21,13,2024-11-06 21:28:02,Delivered,210.0,35,0.0,12.25,245.0,Cash on Delivery
2247,268,68,2023-09-28 12:14:12,Delivered,1710.0,0.0,100,80.5,1610.0,Wallet
2248,375,121,2023-02-06 07:03:47,Delivered,1050.0,0.0,0.0,52.5,1050.0,UPI
2249,404,19,2024-01-05 18:04:46,Refunded,1000.0,0.0,0.0,50.0,1000.0,Card
2250,1135,101,2023-08-08 13:37:41,Cancelled,340.0,20,85.0,13.75,275.0,UPI
2251,720,134,2023-11-09 23:56:34,Delivered,300.0,20,0.0,16.0,320.0,Cash on Delivery
2252,656,63,2024-09-16 17:51:53,Delivered,1120.0,0.0,0.0,56.0,1120.0,UPI
2253,1599,132,2024-10-16 14:57:09,Delivered,1570.0,0.0,0.0,78.5,1570.0,UPI
2254,773,39,2024-03-28 09:06:11,Pending,170.0,40,0.0,10.5,210.0,UPI
2255,1420,42,2024-01-26 08:35:01,Delivered,200.0,35,20.0,10.75,215.0,UPI
2256,1815,108,2024-02-12 21:55:21,Cancelled,1920.0,0.0,100,91.0,1820.0,Cash on Delivery
2257,304,105,2024-07-07 09:48:08,Delivered,90.0,35,13.5,5.58,111.5,Wallet
2258,566,127,2024-12-20 13:19:36,Delivered,160.0,25,0.0,9.25,185.0,UPI
2259,252,5,2024-11-17 14:06:28,Delivered,820.0,0.0,0.0,41.0,820.0,Wallet
2260,608,64,2023-09-17 15:23:06,Delivered,810.0,0.0,0.0,40.5,810.0,Cash on Delivery
2261,625,121,2024-07-16 22:10:14,Pending,400.0,15,0.0,20.75,415.0,UPI
2262,1745,18,2024-08-26 09:22:10,Cancelled,600.0,0.0,0.0,30.0,600.0,UPI
2263,1847,101,2024-11-30 17:01:37,Pending,380.0,25,0.0,20.25,405.0,Card
2264,433,123,2023-09-07 12:04:52,Delivered,1800.0,0.0,0.0,90.0,1800.0,Card
2265,1974,31,2024-02-14 17:38:41,Delivered,420.0,20,84.0,17.8,356.0,UPI
2266,1946,114,2023-07-10 14:35:38,Refunded,740.0,0.0,100,32.0,640.0,UPI
2267,717,93,2024-08-03 06:19:33,Delivered,280.0,30,0.0,15.5,310.0,Cash on Delivery
2268,495,129,2024-08-02 16:35:03,Cancelled,920.0,0.0,0.0,46.0,920.0,Card
2269,923,124,2024-11-14 10:43:45,Delivered,630.0,0.0,0.0,31.5,630.0,UPI
2270,1243,16,2023-01-17 13:25:48,Delivered,1450.0,0.0,0.0,72.5,1450.0,Card
2271,1016,50,2024-04-08 13:46:06,Cancelled,570.0,0.0,0.0,28.5,570.0,UPI
2272,693,27,2023-10-10 19:20:29,Cancelled,570.0,0.0,0.0,28.5,570.0,UPI
2273,1075,98,2024-07-17 08:14:37,Delivered,510.0,0.0,76.5,21.68,433.5,Wallet
2274,1064,120,2024-10-23 06:52:17,Delivered,280.0,30,0.0,15.5,310.0,Cash on Delivery
2275,1898,15,2023-01-25 14:40:01,Delivered,600.0,0.0,0.0,30.0,600.0,UPI
2276,1456,84,2023-06-22 15:23:31,Cancelled,260.0,35,52.0,12.15,243.0,UPI
2277,1659,104,2023-07-17 20:07:32,Pending,280.0,40,28.0,14.6,292.0,Card
2278,1188,40,2024-06-17 21:06:31,Cancelled,50.0,35,0.0,4.25,85.0,Card
2279,1592,82,2023-09-05 19:04:16,Delivered,560.0,0.0,0.0,28.0,560.0,UPI
2280,1920,46,2024-06-02 18:39:43,Cancelled,1110.0,0.0,100,50.5,1010.0,UPI
2281,1552,26,2024-06-10 16:22:27,Cancelled,360.0,20,0.0,19.0,380.0,Net Banking
2282,1872,101,2024-02-12 15:04:06,Delivered,870.0,0.0,0.0,43.5,870.0,Card
2283,1702,25,2023-06-27 12:49:40,Cancelled,240.0,35,60.0,10.75,215.0,Card
2284,1722,100,2024-05-28 16:00:54,Cancelled,920.0,0.0,100,41.0,820.0,UPI
2285,122,128,2023-08-17 12:59:52,Delivered,810.0,0.0,0.0,40.5,810.0,UPI
2286,1847,143,2024-11-26 21:41:59,Delivered,750.0,0.0,0.0,37.5,750.0,Wallet
2287,1360,63,2024-07-19 18:52:50,Cancelled,560.0,0.0,56.0,25.2,504.0,UPI
2288,1648,138,2024-06-24 14:51:17,Pending,680.0,0.0,0.0,34.0,680.0,Card
2289,473,102,2024-01-02 09:20:29,Delivered,340.0,15,0.0,17.75,355.0,Net Banking
2290,534,142,2023-11-03 00:56:20,Pending,300.0,15,0.0,15.75,315.0,Cash on Delivery
2291,1480,143,2024-09-06 14:29:35,Cancelled,1410.0,0.0,100,65.5,1310.0,Wallet
2292,829,25,2024-01-21 14:08:27,Delivered,510.0,0.0,76.5,21.68,433.5,Cash on Delivery
2293,324,133,2024-07-14 23:18:11,Delivered,220.0,30,0.0,12.5,250.0,Net Banking
2294,689,19,2023-11-17 20:06:29,Delivered,1020.0,0.0,0.0,51.0,1020.0,Wallet
2295,1959,63,2023-09-20 13:54:48,Delivered,840.0,0.0,0.0,42.0,840.0,Card
2296,1208,57,2024-03-12 01:01:38,Delivered,520.0,0.0,0.0,26.0,520.0,Cash on Delivery
2297,693,137,2024-10-04 16:51:42,Delivered,120.0,40,12.0,7.4,148.0,Card
2298,979,120,2024-06-28 07:50:52,Delivered,820.0,0.0,100,36.0,720.0,UPI
2299,1160,121,2024-02-21 09:53:15,Refunded,180.0,35,36.0,8.95,179.0,UPI
2300,1196,15,2024-02-02 14:06:11,Delivered,570.0,0.0,0.0,28.5,570.0,UPI
2301,398,99,2024-02-11 21:14:59,Delivered,90.0,30,0.0,6.0,120.0,Card
2302,897,99,2024-08-28 18:19:15,Refunded,1320.0,0.0,0.0,66.0,1320.0,Card
2303,719,21,2024-01-30 19:06:16,Delivered,300.0,20,30.0,14.5,290.0,UPI
2304,1764,103,2023-10-12 16:02:40,Delivered,630.0,0.0,0.0,31.5,630.0,Card
2305,324,27,2024-01-19 17:46:51,Refunded,620.0,0.0,0.0,31.0,620.0,Cash on Delivery
2306,1915,148,2023-03-06 11:24:55,Delivered,1020.0,0.0,100,46.0,920.0,Card
2307,26,25,2024-08-21 21:04:22,Delivered,260.0,35,0.0,14.75,295.0,UPI
2308,962,81,2023-05-26 10:18:47,Delivered,270.0,35,67.5,11.88,237.5,Card
2309,81,117,2023-03-09 21:05:13,Delivered,690.0,0.0,0.0,34.5,690.0,Wallet
2310,1889,64,2023-06-15 22:11:51,Delivered,270.0,35,0.0,15.25,305.0,Wallet
2311,333,39,2023-08-08 13:02:57,Delivered,410.0,20,0.0,21.5,430.0,UPI
2312,1252,38,2024-08-22 08:30:53,Cancelled,1260.0,0.0,0.0,63.0,1260.0,Cash on Delivery
2313,1438,43,2023-11-21 20:43:50,Pending,240.0,25,0.0,13.25,265.0,Cash on Delivery
2314,1212,62,2024-01-16 11:04:31,Delivered,600.0,0.0,0.0,30.0,600.0,Card
2315,285,42,2023-08-27 05:18:16,Delivered,990.0,0.0,0.0,49.5,990.0,UPI
2316,42,89,2023-09-10 14:07:13,Delivered,620.0,0.0,100,26.0,520.0,UPI
2317,1331,96,2023-05-11 17:58:57,Delivered,420.0,15,0.0,21.75,435.0,Net Banking
2318,495,127,2023-10-06 16:46:30,Cancelled,80.0,40,12.0,5.4,108.0,UPI
2319,957,48,2023-04-17 21:18:52,Refunded,330.0,20,0.0,17.5,350.0,UPI
2320,610,101,2023-10-22 05:56:15,Pending,580.0,0.0,0.0,29.0,580.0,UPI
2321,416,54,2024-09-28 14:01:37,Cancelled,800.0,0.0,0.0,40.0,800.0,Wallet
2322,575,131,2023-04-21 12:51:08,Refunded,270.0,30,0.0,15.0,300.0,Card
2323,430,69,2024-04-24 16:52:00,Delivered,930.0,0.0,100,41.5,830.0,Cash on Delivery
2324,292,132,2024-12-16 11:09:02,Delivered,360.0,20,0.0,19.0,380.0,UPI
2325,900,66,2024-06-17 16:05:52,Delivered,1510.0,0.0,100,70.5,1410.0,UPI
2326,1397,108,2024-12-08 13:28:39,Delivered,470.0,25,0.0,24.75,495.0,Wallet
2327,335,126,2023-09-19 02:13:32,Delivered,680.0,0.0,68.0,30.6,612.0,Wallet
2328,1331,27,2023-01-25 07:29:40,Delivered,2050.0,0.0,0.0,102.5,2050.0,Card
2329,1512,100,2024-04-16 20:34:54,Pending,640.0,0.0,100,27.0,540.0,Card
2330,206,93,2024-08-14 12:50:29,Pending,620.0,0.0,0.0,31.0,620.0,Card
2331,406,67,2023-01-12 20:15:36,Delivered,820.0,0.0,0.0,41.0,820.0,UPI
2332,165,148,2023-06-11 20:53:06,Delivered,380.0,20,0.0,20.0,400.0,Net Banking
2333,618,25,2023-02-27 13:47:17,Delivered,950.0,0.0,0.0,47.5,950.0,Card
2334,103,50,2024-05-19 00:11:38,Delivered,100.0,35,0.0,6.75,135.0,Cash on Delivery
2335,480,5,2024-03-10 11:33:41,Delivered,940.0,0.0,100,42.0,840.0,UPI
2336,175,122,2024-12-05 15:47:04,Pending,290.0,25,58.0,12.85,257.0,Cash on Delivery
2337,8,21,2024-10-23 19:31:10,Refunded,1500.0,0.0,0.0,75.0,1500.0,Card
2338,1688,45,2023-08-19 22:03:15,Cancelled,590.0,0.0,0.0,29.5,590.0,UPI
2339,1828,137,2023-12-03 10:05:21,Delivered,2920.0,0.0,0.0,146.0,2920.0,Card
2340,1811,86,2024-02-04 11:31:44,Pending,360.0,15,0.0,18.75,375.0,Card
2341,1036,75,2023-11-21 19:59:56,Delivered,260.0,35,0.0,14.75,295.0,UPI
2342,412,105,2024-02-28 08:09:23,Delivered,2510.0,0.0,0.0,125.5,2510.0,Card
2343,293,130,2023-08-15 21:08:54,Delivered,790.0,0.0,79.0,35.55,711.0,UPI
2344,21,12,2024-10-04 18:22:35,Pending,430.0,25,0.0,22.75,455.0,Card
2345,1138,93,2023-06-21 11:06:18,Delivered,380.0,20,0.0,20.0,400.0,Cash on Delivery
2346,1267,130,2024-04-25 18:45:13,Cancelled,780.0,0.0,0.0,39.0,780.0,UPI
2347,1297,136,2024-03-30 14:27:41,Delivered,650.0,0.0,0.0,32.5,650.0,UPI
2348,830,43,2024-07-09 16:21:46,Cancelled,720.0,0.0,100,31.0,620.0,Card
2349,771,144,2023-12-16 20:46:10,Cancelled,500.0,0.0,100.0,20.0,400.0,UPI
2350,727,93,2023-10-02 07:31:54,Cancelled,1450.0,0.0,100,67.5,1350.0,UPI
2351,395,85,2024-05-26 16:01:20,Cancelled,470.0,15,0.0,24.25,485.0,Card
2352,734,127,2024-04-29 20:31:08,Delivered,310.0,25,0.0,16.75,335.0,UPI
2353,1469,73,2023-04-19 18:50:32,Cancelled,120.0,40,30.0,6.5,130.0,UPI
2354,279,86,2024-06-05 20:30:24,Delivered,120.0,25,0.0,7.25,145.0,UPI
2355,120,93,2024-02-16 13:58:51,Delivered,370.0,25,37.0,17.9,358.0,UPI
2356,1312,99,2023-05-01 00:31:26,Pending,660.0,0.0,0.0,33.0,660.0,Card
2357,949,98,2024-10-04 16:15:31,Delivered,860.0,0.0,100,38.0,760.0,Cash on Delivery
2358,1959,113,2024-09-14 07:41:30,Delivered,820.0,0.0,0.0,41.0,820.0,UPI
2359,666,25,2024-04-26 21:46:57,Delivered,260.0,30,26.0,13.2,264.0,Cash on Delivery
2360,264,34,2023-12-10 13:18:31,Delivered,500.0,0.0,100.0,20.0,400.0,Cash on Delivery
2361,538,104,2024-11-11 09:32:23,Delivered,80.0,35,0.0,5.75,115.0,UPI
2362,1659,18,2024-05-06 18:56:49,Cancelled,440.0,15,0.0,22.75,455.0,UPI
2363,1238,55,2023-12-24 21:37:17,Refunded,290.0,40,0.0,16.5,330.0,UPI
2364,1686,137,2024-05-16 18:58:51,Cancelled,1870.0,0.0,100,88.5,1770.0,UPI
2365,294,27,2023-09-16 13:37:41,Delivered,160.0,30,0.0,9.5,190.0,Card
2366,1638,143,2023-04-29 20:58:57,Pending,1320.0,0.0,100,61.0,1220.0,Card
2367,1791,129,2023-08-02 12:24:32,Delivered,790.0,0.0,100,34.5,690.0,Net Banking
2368,265,32,2024-04-18 05:22:14,Delivered,1420.0,0.0,0.0,71.0,1420.0,UPI
2369,858,11,2024-07-12 15:39:20,Delivered,560.0,0.0,0.0,28.0,560.0,UPI
2370,159,90,2024-01-11 20:37:23,Cancelled,620.0,0.0,0.0,31.0,620.0,Net Banking
2371,1983,135,2024-07-06 21:01:37,Delivered,240.0,35,36.0,11.95,239.0,Wallet
2372,1671,144,2023-06-12 16:44:04,Delivered,500.0,0.0,100,20.0,400.0,UPI
2373,1748,21,2024-10-09 19:34:07,Delivered,1280.0,0.0,0.0,64.0,1280.0,UPI
2374,247,85,2023-12-28 02:49:05,Delivered,1070.0,0.0,0.0,53.5,1070.0,Card
2375,1018,117,2023-01-15 14:58:25,Refunded,1030.0,0.0,100,46.5,930.0,Card
2376,138,77,2024-05-11 12:43:12,Cancelled,540.0,0.0,0.0,27.0,540.0,Card
2377,1675,125,2024-02-06 08:17:22,Cancelled,930.0,0.0,100,41.5,830.0,Cash on Delivery
2378,543,141,2024-08-25 12:51:00,Refunded,980.0,0.0,98.0,44.1,882.0,UPI
2379,1865,60,2023-12-11 16:44:12,Delivered,820.0,0.0,0.0,41.0,820.0,UPI
2380,1313,93,2023-02-25 14:31:47,Pending,1400.0,0.0,0.0,70.0,1400.0,Cash on Delivery
2381,795,99,2024-06-23 11:10:14,Cancelled,320.0,25,0.0,17.25,345.0,Net Banking
2382,1636,98,2023-03-14 11:05:40,Delivered,130.0,40,0.0,8.5,170.0,Cash on Delivery
2383,1376,61,2024-02-02 14:23:29,Cancelled,480.0,15,0.0,24.75,495.0,UPI
2384,1659,14,2023-06-08 10:28:40,Delivered,520.0,0.0,0.0,26.0,520.0,Card
2385,130,10,2024-12-19 20:31:55,Refunded,460.0,25,0.0,24.25,485.0,UPI
2386,903,26,2023-02-17 21:59:31,Delivered,500.0,0.0,0.0,25.0,500.0,Card
2387,1923,63,2024-02-27 09:06:34,Cancelled,1120.0,0.0,100,51.0,1020.0,Cash on Delivery
2388,1447,140,2023-11-17 20:26:40,Delivered,560.0,0.0,0.0,28.0,560.0,Cash on Delivery
2389,287,86,2024-12-22 17:46:07,Delivered,100.0,30,0.0,6.5,130.0,UPI
2390,304,66,2024-08-17 12:19:38,Cancelled,510.0,0.0,0.0,25.5,510.0,Card
2391,1811,133,2023-06-07 09:36:48,Delivered,120.0,40,18.0,7.1,142.0,Wallet
2392,1168,92,2024-07-14 14:35:02,Cancelled,700.0,0.0,0.0,35.0,700.0,UPI
2393,2,37,2023-08-31 21:47:52,Refunded,1400.0,0.0,0.0,70.0,1400.0,Cash on Delivery
2394,1077,58,2023-10-12 18:59:48,Delivered,600.0,0.0,90.0,25.5,510.0,UPI
2395,1592,96,2023-06-24 08:10:07,Pending,900.0,0.0,100,40.0,800.0,Card
2396,428,105,2024-12-15 09:45:02,Delivered,560.0,0.0,0.0,28.0,560.0,Card
2397,1632,19,2024-08-11 19:32:29,Delivered,1330.0,0.0,0.0,66.5,1330.0,UPI
2398,224,16,2024-01-19 12:00:23,Delivered,2550.0,0.0,100,122.5,2450.0,Wallet
2399,1298,140,2024-12-04 19:37:50,Refunded,500.0,0.0,100,20.0,400.0,UPI
2400,1602,75,2023-12-22 21:37:02,Delivered,630.0,0.0,0.0,31.5,630.0,Cash on Delivery
2401,1868,12,2023-11-11 09:04:44,Cancelled,1820.0,0.0,100,86.0,1720.0,UPI
2402,866,43,2024-03-16 18:35:04,Refunded,60.0,25,0.0,4.25,85.0,Card
2403,602,20,2023-04-10 02:06:13,Delivered,980.0,0.0,100,44.0,880.0,Card
2404,204,126,2024-09-05 15:13:14,Cancelled,440.0,15,0.0,22.75,455.0,Card
2405,1644,55,2023-07-23 07:46:59,Delivered,380.0,20,76.0,16.2,324.0,UPI
2406,1258,27,2023-11-24 19:52:30,Delivered,2360.0,0.0,0.0,118.0,2360.0,UPI
2407,1792,137,2024-01-12 13:16:12,Delivered,2670.0,0.0,100,128.5,2570.0,UPI
2408,1723,52,2024-02-15 08:46:59,Delivered,1320.0,0.0,100,61.0,1220.0,UPI
2409,721,35,2024-05-13 13:13:30,Cancelled,50.0,35,10.0,3.75,75.0,UPI
2410,1906,10,2023-10-01 15:17:28,Refunded,2870.0,0.0,0.0,143.5,2870.0,Wallet
2411,1514,35,2023-07-04 19:24:39,Delivered,560.0,0.0,56.0,25.2,504.0,Card
2412,1706,126,2023-12-14 02:21:13,Delivered,1500.0,0.0,100,70.0,1400.0,Card
2413,544,58,2023-10-30 13:18:36,Cancelled,360.0,20,54.0,16.3,326.0,Cash on Delivery
2414,308,63,2024-12-06 19:31:22,Refunded,920.0,0.0,0.0,46.0,920.0,Cash on Delivery
2415,1360,99,2024-11-29 22:23:07,Pending,2250.0,0.0,100,107.5,2150.0,Wallet
2416,433,120,2024-05-26 19:30:29,Delivered,440.0,20,0.0,23.0,460.0,UPI
2417,1612,115,2024-01-17 18:14:02,Refunded,550.0,0.0,0.0,27.5,550.0,UPI
2418,1463,85,2023-08-18 12:29:01,Delivered,200.0,30,0.0,11.5,230.0,UPI
2419,416,50,2023-04-03 10:27:33,Delivered,870.0,0.0,0.0,43.5,870.0,Wallet
2420,1596,131,2023-03-01 19:40:31,Delivered,1120.0,0.0,0.0,56.0,1120.0,Wallet
2421,934,132,2024-11-02 21:41:16,Delivered,1250.0,0.0,0.0,62.5,1250.0,Wallet
2422,320,113,2023-08-24 22:47:32,Delivered,480.0,15,0.0,24.75,495.0,Cash on Delivery
2423,408,105,2024-07-19 13:14:05,Delivered,740.0,0.0,0.0,37.0,740.0,Net Banking
2424,693,100,2023-06-30 20:22:50,Delivered,610.0,0.0,61.0,27.45,549.0,Cash on Delivery
2425,1435,130,2023-10-17 18:15:13,Delivered,200.0,25,20.0,10.25,205.0,UPI
2426,1261,27,2023-02-18 20:00:00,Cancelled,2560.0,0.0,0.0,128.0,2560.0,Cash on Delivery
2427,660,111,2023-05-27 17:18:06,Delivered,600.0,0.0,0.0,30.0,600.0,Card
2428,1737,18,2023-08-14 13:38:50,Cancelled,570.0,0.0,0.0,28.5,570.0,Wallet
2429,1537,111,2024-02-20 19:03:55,Delivered,510.0,0.0,76.5,21.68,433.5,UPI
2430,1501,112,2023-12-24 20:46:59,Delivered,1260.0,0.0,0.0,63.0,1260.0,Card
2431,1066,104,2024-10-17 18:02:49,Pending,120.0,25,0.0,7.25,145.0,UPI
2432,1312,119,2024-05-01 05:56:32,Delivered,510.0,0.0,100,20.5,410.0,UPI
2433,408,57,2024-06-29 13:13:45,Delivered,700.0,0.0,0.0,35.0,700.0,Cash on Delivery
2434,211,29,2023-06-17 22:18:34,Delivered,50.0,25,0.0,3.75,75.0,UPI
2435,292,146,2023-05-18 14:21:13,Delivered,1320.0,0.0,0.0,66.0,1320.0,UPI
2436,474,70,2023-09-30 19:06:08,Delivered,240.0,30,0.0,13.5,270.0,Cash on Delivery
2437,1003,135,2024-09-24 13:06:29,Delivered,220.0,40,0.0,13.0,260.0,Card
2438,208,108,2024-09-10 14:22:01,Delivered,1430.0,0.0,0.0,71.5,1430.0,Net Banking
2439,1557,8,2023-11-02 08:04:13,Cancelled,670.0,0.0,0.0,33.5,670.0,UPI
2440,501,26,2024-03-09 13:08:40,Refunded,180.0,35,18.0,9.85,197.0,UPI
2441,1655,101,2024-10-11 10:08:52,Cancelled,1140.0,0.0,0.0,57.0,1140.0,Cash on Delivery
2442,1787,1,2024-07-27 17:37:51,Pending,900.0,0.0,0.0,45.0,900.0,UPI
2443,1596,108,2024-08-09 12:50:31,Delivered,2010.0,0.0,0.0,100.5,2010.0,Net Banking
2444,1659,32,2023-11-20 09:10:22,Delivered,480.0,15,0.0,24.75,495.0,Wallet
2445,1916,39,2024-07-05 21:09:28,Refunded,580.0,0.0,0.0,29.0,580.0,UPI
2446,753,61,2024-02-23 08:22:55,Pending,660.0,0.0,100,28.0,560.0,Net Banking
2447,1188,140,2024-07-16 16:58:07,Delivered,1420.0,0.0,0.0,71.0,1420.0,Cash on Delivery
2448,111,52,2023-09-21 19:58:03,Delivered,360.0,15,0.0,18.75,375.0,Wallet
2449,1889,115,2023-12-20 11:43:17,Delivered,400.0,25,0.0,21.25,425.0,UPI
2450,1620,33,2023-01-02 23:57:27,Delivered,2260.0,0.0,0.0,113.0,2260.0,Card
2451,1623,15,2024-07-25 21:26:34,Delivered,110.0,40,16.5,6.68,133.5,Cash on Delivery
2452,1159,110,2023-08-30 14:23:35,Cancelled,1170.0,0.0,0.0,58.5,1170.0,UPI
2453,364,17,2024-11-05 15:30:26,Delivered,2710.0,0.0,0.0,135.5,2710.0,Wallet
2454,140,1,2024-10-24 16:02:05,Delivered,1610.0,0.0,0.0,80.5,1610.0,Wallet
2455,1863,12,2023-09-30 11:25:36,Pending,600.0,0.0,60.0,27.0,540.0,UPI
2456,893,148,2024-03-22 21:36:36,Delivered,950.0,0.0,0.0,47.5,950.0,UPI
2457,1947,121,2023-06-29 21:14:12,Delivered,420.0,20,100,17.0,340.0,Cash on Delivery
2458,1144,89,2023-06-26 13:48:26,Cancelled,360.0,15,0.0,18.75,375.0,UPI
2459,31,58,2023-08-16 19:48:56,Refunded,990.0,0.0,0.0,49.5,990.0,UPI
2460,643,1,2024-11-30 03:55:02,Delivered,350.0,20,52.5,15.88,317.5,Card
2461,491,32,2024-10-13 18:55:31,Pending,490.0,25,0.0,25.75,515.0,Card
2462,1957,101,2023-10-26 02:32:49,Cancelled,320.0,15,0.0,16.75,335.0,Card
2463,1823,146,2023-07-01 18:18:36,Cancelled,390.0,25,0.0,20.75,415.0,Card
2464,1383,39,2023-03-07 17:56:35,Cancelled,810.0,0.0,0.0,40.5,810.0,Card
2465,781,127,2024-12-26 11:24:10,Delivered,830.0,0.0,100,36.5,730.0,UPI
2466,133,100,2023-01-27 12:06:24,Delivered,1820.0,0.0,0.0,91.0,1820.0,Wallet
2467,1173,76,2023-04-20 21:43:59,Delivered,220.0,35,0.0,12.75,255.0,UPI
2468,1877,5,2023-06-03 13:55:40,Delivered,280.0,25,0.0,15.25,305.0,UPI
2469,1460,45,2023-02-11 15:54:44,Cancelled,210.0,40,42.0,10.4,208.0,Cash on Delivery
2470,989,142,2024-10-25 09:44:21,Delivered,600.0,0.0,0.0,30.0,600.0,Wallet
2471,1780,17,2023-08-15 21:54:34,Delivered,690.0,0.0,0.0,34.5,690.0,UPI
2472,835,138,2024-07-28 22:10:33,Refunded,1140.0,0.0,0.0,57.0,1140.0,Cash on Delivery
2473,232,54,2024-07-20 12:10:32,Delivered,620.0,0.0,100,26.0,520.0,Wallet
2474,289,16,2023-06-18 13:07:26,Delivered,3660.0,0.0,100,178.0,3560.0,UPI
2475,1577,21,2024-03-18 08:38:58,Delivered,940.0,0.0,0.0,47.0,940.0,Card
2476,340,38,2024-07-06 13:28:08,Delivered,1080.0,0.0,100,49.0,980.0,Net Banking
2477,379,101,2024-02-19 20:43:34,Delivered,440.0,25,0.0,23.25,465.0,Wallet
2478,1527,128,2024-07-11 22:19:15,Cancelled,1680.0,0.0,100,79.0,1580.0,Card
2479,253,55,2024-12-15 17:58:42,Delivered,200.0,30,30.0,10.0,200.0,UPI
2480,727,144,2023-06-23 16:28:16,Delivered,1190.0,0.0,0.0,59.5,1190.0,Cash on Delivery
2481,1079,63,2024-07-18 17:26:04,Delivered,910.0,0.0,0.0,45.5,910.0,UPI
2482,1617,20,2023-12-16 19:34:44,Delivered,560.0,0.0,0.0,28.0,560.0,Cash on Delivery
2483,1326,115,2024-09-21 23:38:32,Cancelled,320.0,20,0.0,17.0,340.0,Cash on Delivery
2484,1680,90,2024-07-01 13:55:23,Delivered,180.0,30,18.0,9.6,192.0,Wallet
2485,1240,133,2024-12-02 14:29:40,Delivered,600.0,0.0,0.0,30.0,600.0,Wallet
2486,1244,88,2024-03-17 14:56:39,Cancelled,740.0,0.0,0.0,37.0,740.0,Cash on Delivery
2487,1202,98,2023-12-30 11:58:01,Cancelled,790.0,0.0,79.0,35.55,711.0,Wallet
2488,734,135,2023-08-23 09:31:00,Cancelled,710.0,0.0,0.0,35.5,710.0,Card
2489,508,121,2024-12-24 01:36:16,Delivered,350.0,20,70.0,15.0,300.0,Cash on Delivery
2490,679,133,2023-09-04 08:53:20,Refunded,60.0,35,0.0,4.75,95.0,UPI
2491,33,46,2023-11-02 18:38:16,Delivered,910.0,0.0,0.0,45.5,910.0,Cash on Delivery
2492,350,92,2024-01-19 11:57:48,Pending,40.0,25,0.0,3.25,65.0,UPI
2493,793,20,2024-06-19 20:07:11,Delivered,1850.0,0.0,0.0,92.5,1850.0,Cash on Delivery
2494,1882,25,2023-04-14 20:18:01,Delivered,160.0,35,0.0,9.75,195.0,Card
2495,1481,115,2023-06-04 20:35:59,Cancelled,80.0,25,0.0,5.25,105.0,UPI
2496,1236,51,2023-12-09 12:01:11,Cancelled,3200.0,0.0,0.0,160.0,3200.0,Card
2497,400,73,2023-10-17 15:20:55,Refunded,310.0,25,31.0,15.2,304.0,UPI
2498,1888,88,2024-02-21 13:17:36,Delivered,590.0,0.0,59.0,26.55,531.0,UPI
2499,1615,92,2023-09-18 16:40:11,Delivered,880.0,0.0,0.0,44.0,880.0,Wallet
2500,1282,148,2024-08-18 21:32:27,Delivered,380.0,20,0.0,20.0,400.0,UPI
2501,1485,113,2023-01-17 19:29:16,Delivered,1190.0,0.0,100,54.5,1090.0,UPI
2502,558,1,2023-07-13 09:08:54,Delivered,130.0,25,0.0,7.75,155.0,Card
2503,616,115,2024-02-05 23:31:35,Delivered,1170.0,0.0,0.0,58.5,1170.0,UPI
2504,1028,19,2024-12-30 13:46:47,Refunded,300.0,20,0.0,16.0,320.0,Wallet
2505,1378,12,2024-01-01 19:37:44,Pending,1390.0,0.0,0.0,69.5,1390.0,UPI
2506,1337,45,2024-07-22 11:24:12,Delivered,650.0,0.0,0.0,32.5,650.0,UPI
2507,1721,24,2024-12-08 13:57:56,Cancelled,390.0,15,58.5,17.32,346.5,UPI
2508,220,33,2023-06-23 19:09:26,Delivered,4000.0,0.0,0.0,200.0,4000.0,Card
2509,514,57,2024-05-21 17:31:01,Cancelled,710.0,0.0,0.0,35.5,710.0,UPI
2510,1362,94,2023-09-22 22:25:48,Delivered,410.0,15,61.5,18.18,363.5,Wallet
2511,550,18,2023-07-23 09:18:14,Delivered,260.0,25,0.0,14.25,285.0,UPI
2512,1783,142,2024-05-09 12:04:34,Refunded,300.0,25,0.0,16.25,325.0,UPI
2513,250,37,2023-01-21 16:27:17,Cancelled,990.0,0.0,100,44.5,890.0,Card
2514,1166,72,2024-08-06 11:36:57,Delivered,530.0,0.0,0.0,26.5,530.0,UPI
2515,696,126,2023-01-26 11:04:39,Pending,1500.0,0.0,0.0,75.0,1500.0,UPI
2516,9,6,2023-11-11 16:55:27,Delivered,2330.0,0.0,100,111.5,2230.0,Card
2517,992,127,2024-08-19 11:19:15,Refunded,170.0,40,34.0,8.8,176.0,UPI
2518,1703,57,2023-05-11 08:48:41,Delivered,770.0,0.0,0.0,38.5,770.0,UPI
2519,955,136,2023-10-11 20:38:51,Delivered,2000.0,0.0,0.0,100.0,2000.0,UPI
2520,1154,29,2023-10-23 21:08:33,Pending,500.0,0.0,0.0,25.0,500.0,Cash on Delivery
2521,1321,129,2024-10-18 19:33:34,Delivered,1010.0,0.0,0.0,50.5,1010.0,UPI
2522,1692,121,2024-07-12 12:56:03,Delivered,440.0,15,100,17.75,355.0,UPI
2523,809,20,2023-12-10 16:45:22,Pending,2690.0,0.0,0.0,134.5,2690.0,Card
2524,1492,57,2024-12-25 11:58:16,Delivered,1190.0,0.0,100,54.5,1090.0,Cash on Delivery
2525,1723,90,2023-08-26 21:11:27,Cancelled,190.0,40,19.0,10.55,211.0,UPI
2526,1758,79,2024-10-19 06:35:36,Delivered,960.0,0.0,100,43.0,860.0,Card
2527,1054,148,2024-05-20 11:38:29,Delivered,300.0,20,60.0,13.0,260.0,Cash on Delivery
2528,36,92,2023-08-06 19:31:35,Delivered,560.0,0.0,0.0,28.0,560.0,Card
2529,459,75,2023-04-24 10:44:54,Delivered,520.0,0.0,0.0,26.0,520.0,UPI
2530,1441,73,2023-05-15 22:41:50,Delivered,340.0,25,85.0,14.0,280.0,UPI
2531,1184,52,2024-09-12 12:24:39,Cancelled,240.0,30,24.0,12.3,246.0,Wallet
2532,1692,73,2024-10-22 20:58:14,Delivered,390.0,15,0.0,20.25,405.0,Net Banking
2533,2000,51,2023-08-29 13:44:41,Cancelled,670.0,0.0,0.0,33.5,670.0,UPI
2534,73,119,2023-04-15 09:04:03,Delivered,310.0,20,0.0,16.5,330.0,Card
2535,164,39,2024-08-17 12:17:49,Delivered,760.0,0.0,0.0,38.0,760.0,Card
2536,1968,130,2024-06-09 20:41:08,Pending,590.0,0.0,0.0,29.5,590.0,Cash on Delivery
2537,335,33,2023-03-09 13:23:21,Delivered,1640.0,0.0,100,77.0,1540.0,Card
2538,1177,14,2023-09-26 18:29:15,Delivered,1120.0,0.0,0.0,56.0,1120.0,Card
2539,351,54,2023-07-28 19:01:43,Delivered,1680.0,0.0,100,79.0,1580.0,Card
2540,15,24,2023-07-19 13:09:32,Delivered,740.0,0.0,0.0,37.0,740.0,Cash on Delivery
2541,395,79,2023-11-24 11:02:23,Refunded,420.0,15,0.0,21.75,435.0,UPI
2542,332,68,2024-06-07 20:36:36,Delivered,130.0,30,26.0,6.7,134.0,UPI
2543,1870,19,2023-06-09 12:22:56,Cancelled,720.0,0.0,100,31.0,620.0,UPI
2544,542,33,2023-06-02 10:26:18,Delivered,320.0,20,48.0,14.6,292.0,Wallet
2545,653,143,2023-07-26 13:50:30,Delivered,870.0,0.0,0.0,43.5,870.0,UPI
2546,713,66,2023-10-09 18:04:54,Cancelled,270.0,35,40.5,13.23,264.5,UPI
2547,743,32,2024-04-17 13:29:12,Pending,420.0,25,0.0,22.25,445.0,Cash on Delivery
2548,1300,109,2024-12-13 20:24:31,Refunded,1460.0,0.0,0.0,73.0,1460.0,Card
2549,1324,78,2023-09-20 08:24:39,Refunded,140.0,40,0.0,9.0,180.0,Cash on Delivery
2550,103,140,2023-08-12 15:51:30,Pending,390.0,20,0.0,20.5,410.0,UPI
2551,1680,102,2024-08-03 15:44:35,Delivered,670.0,0.0,0.0,33.5,670.0,Wallet
2552,25,132,2023-01-28 13:23:11,Pending,2610.0,0.0,0.0,130.5,2610.0,Net Banking
2553,1224,76,2024-06-30 06:24:15,Cancelled,400.0,25,80.0,17.25,345.0,Cash on Delivery
2554,1925,93,2024-07-22 14:07:20,Delivered,680.0,0.0,100,29.0,580.0,Cash on Delivery
2555,433,27,2024-10-25 14:14:28,Pending,1140.0,0.0,0.0,57.0,1140.0,Wallet
2556,289,117,2024-09-03 23:47:15,Delivered,1590.0,0.0,0.0,79.5,1590.0,Card
2557,48,38,2023-09-07 14:40:17,Cancelled,2340.0,0.0,100,112.0,2240.0,Card
2558,480,99,2023-08-27 09:37:00,Delivered,2070.0,0.0,0.0,103.5,2070.0,Card
2559,1367,38,2024-08-23 16:21:40,Delivered,570.0,0.0,0.0,28.5,570.0,UPI
2560,1418,117,2023-01-13 21:06:55,Delivered,1270.0,0.0,0.0,63.5,1270.0,Wallet
2561,1653,31,2024-07-14 07:19:59,Cancelled,160.0,25,16.0,8.45,169.0,Cash on Delivery
2562,773,115,2024-09-03 07:56:11,Refunded,890.0,0.0,89.0,40.05,801.0,UPI
2563,953,100,2023-10-18 11:54:04,Delivered,240.0,35,0.0,13.75,275.0,Cash on Delivery
2564,1384,121,2023-06-11 20:19:16,Cancelled,120.0,30,18.0,6.6,132.0,Wallet
2565,1710,82,2024-03-23 22:37:43,Cancelled,60.0,25,15.0,3.5,70.0,Card
2566,1923,61,2023-10-12 13:20:07,Pending,660.0,0.0,0.0,33.0,660.0,UPI
2567,475,6,2023-10-30 13:00:42,Refunded,510.0,0.0,0.0,25.5,510.0,UPI
2568,790,42,2023-12-16 08:57:19,Delivered,900.0,0.0,0.0,45.0,900.0,UPI
2569,512,78,2023-08-08 09:20:41,Delivered,180.0,40,0.0,11.0,220.0,Card
2570,856,127,2023-03-24 21:07:28,Cancelled,80.0,35,0.0,5.75,115.0,Net Banking
2571,978,96,2023-03-23 19:58:40,Delivered,640.0,0.0,0.0,32.0,640.0,Card
2572,381,17,2024-05-29 22:22:46,Delivered,2070.0,0.0,0.0,103.5,2070.0,Wallet
2573,838,19,2024-02-26 14:11:16,Refunded,600.0,0.0,0.0,30.0,600.0,Net Banking
2574,1520,14,2023-12-11 08:09:18,Pending,740.0,0.0,0.0,37.0,740.0,Card
2575,877,72,2023-12-30 13:32:43,Delivered,860.0,0.0,0.0,43.0,860.0,UPI
2576,1148,63,2023-08-23 17:23:09,Pending,350.0,20,0.0,18.5,370.0,UPI
2577,1410,24,2023-10-10 21:24:59,Pending,990.0,0.0,0.0,49.5,990.0,Cash on Delivery
2578,147,42,2023-03-15 20:33:34,Delivered,410.0,20,0.0,21.5,430.0,UPI
2579,939,67,2023-02-24 14:18:18,Pending,2440.0,0.0,100,117.0,2340.0,UPI
2580,1455,137,2023-10-12 23:50:17,Pending,1530.0,0.0,0.0,76.5,1530.0,Cash on Delivery
2581,1627,16,2024-06-04 12:47:20,Delivered,110.0,35,0.0,7.25,145.0,UPI
2582,702,45,2023-11-21 12:50:10,Delivered,380.0,20,0.0,20.0,400.0,Card
2583,916,85,2023-09-14 12:42:45,Delivered,300.0,15,0.0,15.75,315.0,Cash on Delivery
2584,1641,90,2024-12-01 17:59:54,Delivered,460.0,25,0.0,24.25,485.0,Wallet
2585,1068,142,2023-11-05 19:25:37,Cancelled,600.0,0.0,0.0,30.0,600.0,UPI
2586,136,100,2023-03-29 13:43:41,Cancelled,280.0,35,56.0,12.95,259.0,Net Banking
2587,1238,10,2024-09-19 21:29:10,Delivered,910.0,0.0,0.0,45.5,910.0,Wallet
2588,1203,55,2024-05-25 13:44:02,Delivered,1060.0,0.0,0.0,53.0,1060.0,UPI
2589,1240,86,2024-08-18 16:40:21,Cancelled,410.0,15,0.0,21.25,425.0,UPI
2590,630,81,2023-02-09 06:55:13,Delivered,450.0,15,0.0,23.25,465.0,Cash on Delivery
2591,1482,45,2024-03-30 20:03:03,Cancelled,220.0,30,0.0,12.5,250.0,Card
2592,350,76,2023-12-08 09:46:08,Delivered,350.0,20,0.0,18.5,370.0,Wallet
2593,17,132,2023-07-21 08:29:40,Delivered,330.0,25,0.0,17.75,355.0,Cash on Delivery
2594,1294,80,2024-02-28 18:30:44,Delivered,140.0,35,35.0,7.0,140.0,UPI
2595,1448,126,2023-03-25 08:56:38,Delivered,120.0,40,24.0,6.8,136.0,UPI
2596,593,134,2024-02-02 18:15:15,Delivered,1360.0,0.0,0.0,68.0,1360.0,Card
2597,1403,61,2023-11-11 13:49:35,Delivered,270.0,40,0.0,15.5,310.0,Wallet
2598,1778,33,2023-12-03 19:06:55,Cancelled,2480.0,0.0,0.0,124.0,2480.0,Wallet
2599,708,143,2024-02-05 18:56:22,Cancelled,1550.0,0.0,100,72.5,1450.0,Net Banking
2600,1170,6,2024-05-15 20:02:42,Cancelled,600.0,0.0,0.0,30.0,600.0,UPI
2601,854,108,2023-07-09 09:01:46,Delivered,1720.0,0.0,100,81.0,1620.0,Card
2602,1336,21,2024-10-11 18:36:25,Refunded,1640.0,0.0,100,77.0,1540.0,Wallet
2603,194,39,2023-03-20 18:47:24,Cancelled,290.0,35,0.0,16.25,325.0,UPI
2604,1902,58,2024-12-29 11:46:46,Cancelled,510.0,0.0,0.0,25.5,510.0,Card
2605,372,70,2024-06-25 13:19:41,Refunded,130.0,35,13.0,7.6,152.0,UPI
2606,513,97,2024-07-09 22:23:24,Cancelled,40.0,40,6.0,3.7,74.0,Card
2607,443,76,2024-06-08 08:19:04,Delivered,40.0,35,10.0,3.25,65.0,UPI
2608,1880,86,2024-12-11 22:19:22,Delivered,280.0,40,28.0,14.6,292.0,UPI
2609,1409,142,2023-09-27 13:11:46,Cancelled,300.0,25,0.0,16.25,325.0,Card
2610,1654,92,2024-05-05 20:29:30,Delivered,260.0,40,0.0,15.0,300.0,Wallet
2611,1390,81,2023-09-21 09:04:18,Delivered,250.0,35,0.0,14.25,285.0,UPI
2612,398,103,2024-06-25 22:17:41,Delivered,660.0,0.0,100,28.0,560.0,UPI
2613,1662,115,2024-01-27 20:16:23,Cancelled,710.0,0.0,0.0,35.5,710.0,Card
2614,1573,76,2023-07-25 16:29:24,Cancelled,220.0,35,22.0,11.65,233.0,UPI
2615,849,105,2024-11-04 17:05:24,Delivered,540.0,0.0,100,22.0,440.0,Card
2616,596,130,2023-02-02 22:27:31,Delivered,100.0,40,25.0,5.75,115.0,UPI
2617,474,57,2024-06-08 12:38:32,Delivered,120.0,40,0.0,8.0,160.0,Cash on Delivery
2618,1254,64,2024-08-14 23:02:27,Pending,400.0,15,0.0,20.75,415.0,Card
2619,1136,23,2024-06-14 06:10:10,Cancelled,1060.0,0.0,100,48.0,960.0,UPI
2620,386,63,2023-12-15 18:27:37,Cancelled,1480.0,0.0,100,69.0,1380.0,Card
2621,731,79,2024-04-13 10:10:35,Delivered,680.0,0.0,0.0,34.0,680.0,UPI
2622,253,134,2024-05-20 21:26:08,Delivered,650.0,0.0,0.0,32.5,650.0,UPI
2623,1934,72,2023-09-13 11:44:56,Cancelled,1000.0,0.0,100,45.0,900.0,Card
2624,882,149,2024-10-11 18:28:08,Cancelled,670.0,0.0,0.0,33.5,670.0,Net Banking
2625,1231,80,2024-04-19 23:50:58,Delivered,550.0,0.0,0.0,27.5,550.0,UPI
2626,1872,12,2023-08-03 13:58:58,Delivered,860.0,0.0,0.0,43.0,860.0,Cash on Delivery
2627,706,138,2024-06-07 18:11:06,Cancelled,220.0,35,0.0,12.75,255.0,Wallet
2628,1091,137,2023-11-27 23:46:59,Cancelled,2690.0,0.0,0.0,134.5,2690.0,Card
2629,1066,137,2023-02-20 17:51:34,Delivered,720.0,0.0,100,31.0,620.0,UPI
2630,1342,35,2024-02-12 15:56:27,Delivered,1040.0,0.0,0.0,52.0,1040.0,Card
2631,1864,43,2023-04-23 11:22:39,Delivered,640.0,0.0,0.0,32.0,640.0,UPI
2632,10,131,2024-05-09 21:15:21,Cancelled,50.0,30,0.0,4.0,80.0,Wallet
2633,1479,43,2023-11-16 18:44:19,Delivered,1230.0,0.0,100,56.5,1130.0,Wallet
2634,1656,46,2023-09-21 11:59:15,Delivered,770.0,0.0,0.0,38.5,770.0,Cash on Delivery
2635,1966,52,2024-03-31 11:45:29,Pending,580.0,0.0,100,24.0,480.0,UPI
2636,1885,99,2023-12-01 20:46:10,Cancelled,280.0,40,0.0,16.0,320.0,UPI
2637,1630,138,2024-10-17 11:15:49,Delivered,1180.0,0.0,0.0,59.0,1180.0,Card
2638,934,98,2024-01-21 19:01:27,Delivered,210.0,30,0.0,12.0,240.0,Wallet
2639,1163,79,2024-10-25 20:36:06,Pending,1560.0,0.0,0.0,78.0,1560.0,UPI
2640,1746,27,2024-09-03 09:35:35,Delivered,280.0,35,0.0,15.75,315.0,UPI
2641,1763,46,2024-07-22 21:39:10,Delivered,310.0,15,0.0,16.25,325.0,Card
2642,40,23,2023-01-20 02:44:49,Delivered,460.0,25,46.0,21.95,439.0,UPI
2643,999,60,2023-06-27 22:39:39,Delivered,2800.0,0.0,100,135.0,2700.0,Wallet
2644,452,70,2023-04-24 21:14:15,Pending,500.0,0.0,100.0,20.0,400.0,UPI
2645,458,138,2024-11-24 16:10:07,Pending,520.0,0.0,0.0,26.0,520.0,UPI
2646,1922,138,2023-08-08 01:34:27,Cancelled,680.0,0.0,0.0,34.0,680.0,UPI
2647,1103,11,2023-04-29 19:03:00,Refunded,1420.0,0.0,0.0,71.0,1420.0,Card
2648,1834,40,2023-09-14 21:33:33,Delivered,50.0,35,7.5,3.88,77.5,Cash on Delivery
2649,1610,112,2024-11-21 05:27:25,Delivered,310.0,25,0.0,16.75,335.0,Wallet
2650,361,88,2023-11-16 08:42:18,Delivered,930.0,0.0,100,41.5,830.0,UPI
2651,1369,126,2024-03-25 17:59:30,Refunded,810.0,0.0,0.0,40.5,810.0,UPI
2652,853,46,2023-01-02 17:04:31,Cancelled,1080.0,0.0,0.0,54.0,1080.0,Wallet
2653,1524,72,2024-01-17 15:57:54,Cancelled,1070.0,0.0,0.0,53.5,1070.0,UPI
2654,1552,32,2024-01-08 15:34:37,Cancelled,640.0,0.0,96.0,27.2,544.0,Net Banking
2655,1205,21,2024-04-25 19:05:55,Delivered,900.0,0.0,0.0,45.0,900.0,Wallet
2656,893,51,2024-09-12 21:37:16,Delivered,920.0,0.0,0.0,46.0,920.0,UPI
2657,1188,12,2023-08-02 19:39:41,Pending,710.0,0.0,100,30.5,610.0,UPI
2658,896,108,2024-07-14 11:53:52,Delivered,3350.0,0.0,100,162.5,3250.0,UPI
2659,1949,128,2023-05-01 22:45:43,Delivered,1020.0,0.0,100,46.0,920.0,UPI
2660,1842,23,2023-07-06 18:04:23,Delivered,780.0,0.0,0.0,39.0,780.0,Cash on Delivery
2661,426,88,2023-02-17 06:59:31,Cancelled,1010.0,0.0,0.0,50.5,1010.0,Cash on Delivery
2662,1532,120,2023-05-26 12:18:31,Delivered,660.0,0.0,0.0,33.0,660.0,Card
2663,1462,97,2024-06-06 13:09:17,Delivered,1160.0,0.0,0.0,58.0,1160.0,Net Banking
2664,223,62,2023-05-07 12:55:31,Cancelled,300.0,20,0.0,16.0,320.0,Card
2665,1684,110,2023-08-13 21:10:41,Delivered,220.0,25,0.0,12.25,245.0,UPI
2666,1636,88,2024-11-25 18:25:58,Cancelled,100.0,40,25.0,5.75,115.0,Card
2667,679,122,2024-02-07 13:24:23,Delivered,770.0,0.0,0.0,38.5,770.0,Wallet
2668,137,85,2023-03-01 20:04:39,Refunded,100.0,35,10.0,6.25,125.0,UPI
2669,1377,21,2024-05-05 19:18:55,Delivered,640.0,0.0,0.0,32.0,640.0,Card
2670,1435,11,2024-12-20 11:53:51,Delivered,900.0,0.0,100,40.0,800.0,UPI
2671,641,136,2024-10-16 07:00:15,Delivered,1310.0,0.0,100,60.5,1210.0,UPI
2672,148,128,2024-07-28 20:20:59,Delivered,640.0,0.0,100,27.0,540.0,UPI
2673,1977,25,2023-07-12 14:38:13,Delivered,90.0,25,0.0,5.75,115.0,UPI
2674,1202,88,2023-06-22 14:25:28,Delivered,60.0,40,15.0,4.25,85.0,Card
2675,1607,32,2023-01-21 05:06:22,Delivered,490.0,25,0.0,25.75,515.0,UPI
2676,507,1,2024-10-01 23:40:25,Delivered,520.0,0.0,0.0,26.0,520.0,Card
2677,921,85,2023-04-16 14:02:45,Delivered,100.0,25,0.0,6.25,125.0,Wallet
2678,805,79,2023-07-12 13:46:41,Cancelled,550.0,0.0,0.0,27.5,550.0,UPI
2679,1902,82,2023-09-10 00:02:01,Delivered,590.0,0.0,0.0,29.5,590.0,Card
2680,1633,120,2023-02-20 16:54:06,Cancelled,1060.0,0.0,100,48.0,960.0,Wallet
2681,141,10,2023-06-09 19:44:22,Delivered,830.0,0.0,100,36.5,730.0,UPI
2682,1824,79,2024-02-09 12:56:38,Pending,1960.0,0.0,0.0,98.0,1960.0,Card
2683,253,149,2024-03-02 19:48:22,Delivered,870.0,0.0,100,38.5,770.0,UPI
2684,1365,11,2024-09-20 21:58:43,Delivered,640.0,0.0,0.0,32.0,640.0,UPI
2685,716,40,2024-01-29 18:20:27,Delivered,280.0,30,0.0,15.5,310.0,Cash on Delivery
2686,879,112,2024-09-07 13:06:45,Cancelled,310.0,15,46.5,13.93,278.5,Cash on Delivery
2687,1289,132,2023-06-18 18:19:05,Delivered,2270.0,0.0,0.0,113.5,2270.0,Card
2688,429,27,2024-05-11 23:00:43,Delivered,740.0,0.0,0.0,37.0,740.0,Card
2689,635,88,2024-09-05 20:26:17,Cancelled,1770.0,0.0,0.0,88.5,1770.0,UPI
2690,1414,120,2024-04-10 19:30:38,Delivered,220.0,30,0.0,12.5,250.0,Card
2691,1589,89,2023-08-22 12:31:14,Delivered,1870.0,0.0,0.0,93.5,1870.0,Wallet
2692,392,37,2023-06-18 10:55:17,Refunded,1920.0,0.0,100,91.0,1820.0,UPI
2693,1480,130,2023-06-25 18:46:59,Delivered,340.0,15,34.0,16.05,321.0,Cash on Delivery
2694,1780,142,2023-06-09 10:51:59,Delivered,300.0,15,0.0,15.75,315.0,Cash on Delivery
2695,881,111,2024-12-05 14:20:31,Delivered,1520.0,0.0,100,71.0,1420.0,Card
2696,393,61,2024-04-13 21:44:52,Delivered,540.0,0.0,0.0,27.0,540.0,Cash on Delivery
2697,404,89,2023-02-24 19:10:45,Cancelled,730.0,0.0,0.0,36.5,730.0,Card
2698,1584,149,2023-05-02 18:43:08,Delivered,360.0,15,72.0,15.15,303.0,Card
2699,1436,55,2024-09-28 14:18:38,Delivered,1160.0,0.0,0.0,58.0,1160.0,UPI
2700,556,103,2023-09-13 06:42:52,Delivered,460.0,25,0.0,24.25,485.0,Cash on Delivery
2701,1686,52,2023-10-26 18:42:49,Cancelled,1870.0,0.0,100,88.5,1770.0,UPI
2702,327,43,2024-08-19 14:20:20,Refunded,990.0,0.0,0.0,49.5,990.0,UPI
2703,316,69,2023-05-15 00:20:05,Cancelled,260.0,35,26.0,13.45,269.0,Wallet
2704,1522,91,2024-09-29 10:19:29,Delivered,1340.0,0.0,100,62.0,1240.0,UPI
2705,1786,134,2023-08-25 13:59:24,Delivered,680.0,0.0,0.0,34.0,680.0,UPI
2706,1667,64,2023-07-14 18:32:38,Delivered,830.0,0.0,83.0,37.35,747.0,Card
2707,1116,10,2023-10-26 08:23:39,Delivered,700.0,0.0,100,30.0,600.0,Card
2708,52,73,2023-08-27 14:57:04,Delivered,50.0,30,0.0,4.0,80.0,Card
2709,280,111,2023-01-17 15:18:27,Delivered,320.0,20,0.0,17.0,340.0,Cash on Delivery
2710,366,42,2023-09-10 19:06:50,Cancelled,110.0,25,0.0,6.75,135.0,UPI
2711,1158,51,2023-05-30 01:30:45,Delivered,1000.0,0.0,100,45.0,900.0,Card
2712,483,64,2024-12-26 04:51:04,Delivered,780.0,0.0,0.0,39.0,780.0,Cash on Delivery
2713,1870,91,2024-03-05 16:25:28,Delivered,100.0,25,0.0,6.25,125.0,UPI
2714,1172,57,2023-11-06 11:59:11,Delivered,1200.0,0.0,0.0,60.0,1200.0,Net Banking
2715,144,24,2023-10-05 15:40:03,Delivered,1770.0,0.0,0.0,88.5,1770.0,Card
2716,1905,99,2023-12-06 09:05:09,Cancelled,230.0,35,0.0,13.25,265.0,UPI
2717,567,109,2024-11-24 21:55:00,Cancelled,80.0,30,0.0,5.5,110.0,Cash on Delivery
2718,251,54,2023-05-21 18:23:06,Delivered,360.0,20,90.0,14.5,290.0,UPI
2719,519,126,2023-04-22 15:03:46,Pending,720.0,0.0,72.0,32.4,648.0,UPI
2720,1633,25,2023-04-29 19:16:55,Delivered,730.0,0.0,0.0,36.5,730.0,Wallet
2721,1659,24,2024-11-09 20:53:09,Delivered,610.0,0.0,61.0,27.45,549.0,UPI
2722,320,57,2024-06-29 11:05:41,Pending,1310.0,0.0,0.0,65.5,1310.0,UPI
2723,1905,86,2024-10-04 16:19:01,Delivered,300.0,25,75.0,12.5,250.0,UPI
2724,873,144,2024-06-29 12:55:15,Cancelled,360.0,25,0.0,19.25,385.0,Cash on Delivery
2725,1632,123,2023-04-26 14:45:14,Delivered,2180.0,0.0,0.0,109.0,2180.0,UPI
2726,33,100,2024-07-27 18:51:26,Delivered,1070.0,0.0,0.0,53.5,1070.0,UPI
2727,1542,16,2024-04-19 18:07:37,Delivered,2110.0,0.0,0.0,105.5,2110.0,Card
2728,1895,68,2023-10-26 23:03:37,Delivered,840.0,0.0,0.0,42.0,840.0,UPI
2729,569,46,2024-07-23 18:32:21,Delivered,770.0,0.0,77.0,34.65,693.0,UPI
2730,852,61,2023-08-24 13:11:59,Delivered,720.0,0.0,100,31.0,620.0,UPI
2731,734,75,2023-11-14 12:33:12,Cancelled,480.0,20,0.0,25.0,500.0,UPI
2732,1969,134,2023-10-21 14:44:36,Delivered,220.0,30,0.0,12.5,250.0,Card
2733,699,127,2023-05-22 14:54:22,Delivered,80.0,35,16.0,4.95,99.0,Net Banking
2734,242,58,2023-12-30 08:10:28,Delivered,1020.0,0.0,100,46.0,920.0,UPI
2735,1871,102,2024-01-07 23:49:34,Delivered,170.0,35,34.0,8.55,171.0,Wallet
2736,1611,108,2024-10-21 15:25:26,Delivered,960.0,0.0,100,43.0,860.0,UPI
2737,1403,96,2024-06-01 18:58:59,Cancelled,1320.0,0.0,100,61.0,1220.0,Cash on Delivery
2738,679,144,2024-05-02 16:45:28,Delivered,680.0,0.0,0.0,34.0,680.0,Wallet
2739,1878,8,2024-09-25 21:31:51,Pending,600.0,0.0,100,25.0,500.0,Card
2740,208,98,2023-03-27 15:33:18,Delivered,380.0,15,0.0,19.75,395.0,Net Banking
2741,1377,73,2023-12-13 18:41:21,Delivered,60.0,30,12.0,3.9,78.0,Card
2742,1137,85,2024-03-18 18:16:32,Delivered,1340.0,0.0,0.0,67.0,1340.0,Wallet
2743,461,123,2024-12-25 18:51:29,Cancelled,2160.0,0.0,0.0,108.0,2160.0,UPI
2744,869,14,2024-02-23 12:21:13,Delivered,360.0,20,0.0,19.0,380.0,Wallet
2745,838,105,2023-07-12 20:01:22,Delivered,1940.0,0.0,0.0,97.0,1940.0,UPI
2746,1525,132,2024-09-04 18:20:11,Cancelled,1740.0,0.0,0.0,87.0,1740.0,UPI
2747,719,117,2024-06-21 21:23:30,Cancelled,700.0,0.0,70.0,31.5,630.0,Wallet
2748,310,64,2024-09-30 21:40:42,Refunded,60.0,40,0.0,5.0,100.0,Card
2749,1298,100,2023-12-22 13:50:36,Cancelled,120.0,25,0.0,7.25,145.0,UPI
2750,1013,33,2024-05-22 09:49:48,Delivered,140.0,25,0.0,8.25,165.0,Cash on Delivery
2751,1285,122,2024-02-03 08:33:09,Delivered,350.0,25,0.0,18.75,375.0,Card
2752,984,62,2023-08-12 19:13:25,Delivered,600.0,0.0,0.0,30.0,600.0,Wallet
2753,144,92,2024-04-30 13:28:51,Delivered,260.0,35,65.0,11.5,230.0,UPI
2754,1744,136,2024-01-26 11:04:10,Delivered,720.0,0.0,0.0,36.0,720.0,UPI
2755,1069,38,2023-11-22 21:56:57,Pending,1200.0,0.0,100,55.0,1100.0,Card
2756,457,23,2023-12-18 23:07:11,Delivered,240.0,25,0.0,13.25,265.0,UPI
2757,616,64,2024-01-15 20:41:44,Cancelled,300.0,25,75.0,12.5,250.0,UPI
2758,424,50,2023-08-22 21:59:31,Refunded,3850.0,0.0,100,187.5,3750.0,UPI
2759,448,112,2024-02-28 19:47:06,Delivered,1060.0,0.0,0.0,53.0,1060.0,Net Banking
2760,419,123,2023-08-22 19:56:47,Delivered,1360.0,0.0,100,63.0,1260.0,UPI
2761,186,115,2024-07-18 22:15:40,Delivered,690.0,0.0,100,29.5,590.0,Cash on Delivery
2762,988,6,2024-12-07 12:29:55,Delivered,1650.0,0.0,0.0,82.5,1650.0,Wallet
2763,1488,99,2023-09-29 14:42:30,Delivered,660.0,0.0,0.0,33.0,660.0,UPI
2764,1036,141,2024-08-21 20:10:54,Delivered,900.0,0.0,100,40.0,800.0,Cash on Delivery
2765,1954,130,2023-01-15 17:23:33,Pending,650.0,0.0,97.5,27.62,552.5,Card
2766,1688,39,2024-09-12 09:47:39,Delivered,60.0,40,15.0,4.25,85.0,Wallet
2767,1677,97,2024-12-30 11:06:32,Delivered,1340.0,0.0,0.0,67.0,1340.0,Wallet
2768,1799,111,2023-05-09 18:22:17,Refunded,1220.0,0.0,0.0,61.0,1220.0,Card
2769,301,104,2024-08-09 11:36:52,Delivered,170.0,35,0.0,10.25,205.0,UPI
2770,1482,15,2023-11-17 21:11:50,Delivered,80.0,30,0.0,5.5,110.0,UPI
2771,394,17,2023-10-22 14:20:57,Delivered,2750.0,0.0,100,132.5,2650.0,UPI
2772,21,84,2023-11-05 22:17:51,Delivered,540.0,0.0,81.0,22.95,459.0,Cash on Delivery
2773,1933,46,2023-01-24 23:00:05,Delivered,1820.0,0.0,0.0,91.0,1820.0,Wallet
2774,1947,148,2023-08-29 20:37:45,Delivered,780.0,0.0,0.0,39.0,780.0,UPI
2775,1771,138,2023-09-06 09:57:50,Cancelled,520.0,0.0,52.0,23.4,468.0,UPI
2776,639,8,2023-01-28 07:23:31,Delivered,270.0,35,0.0,15.25,305.0,UPI
2777,433,120,2024-06-18 20:48:15,Delivered,1900.0,0.0,100,90.0,1800.0,Cash on Delivery
2778,352,42,2024-06-29 09:56:19,Delivered,360.0,25,0.0,19.25,385.0,Net Banking
2779,1269,26,2023-06-11 12:12:38,Cancelled,510.0,0.0,0.0,25.5,510.0,UPI
2780,1035,1,2023-09-12 19:45:57,Delivered,710.0,0.0,71.0,31.95,639.0,Card
2781,1059,121,2023-12-21 01:59:06,Refunded,950.0,0.0,0.0,47.5,950.0,Cash on Delivery
2782,1801,85,2023-11-08 22:59:29,Delivered,270.0,30,0.0,15.0,300.0,UPI
2783,1838,89,2024-11-19 06:09:04,Pending,620.0,0.0,0.0,31.0,620.0,UPI
2784,904,138,2024-11-30 19:20:47,Refunded,240.0,35,0.0,13.75,275.0,UPI
2785,1148,135,2024-09-25 13:51:38,Delivered,860.0,0.0,100,38.0,760.0,Card
2786,1978,61,2024-07-05 12:12:37,Cancelled,750.0,0.0,0.0,37.5,750.0,Cash on Delivery
2787,1760,25,2024-04-03 11:32:30,Delivered,360.0,25,0.0,19.25,385.0,UPI
2788,1455,21,2024-09-06 21:24:39,Cancelled,1140.0,0.0,0.0,57.0,1140.0,UPI
2789,1726,101,2023-07-31 13:52:32,Refunded,110.0,35,0.0,7.25,145.0,UPI
2790,1704,99,2023-05-13 16:41:08,Delivered,1980.0,0.0,100,94.0,1880.0,Cash on Delivery
2791,1066,104,2023-12-14 18:50:27,Delivered,40.0,40,0.0,4.0,80.0,Cash on Delivery
2792,1897,76,2023-06-06 19:39:53,Cancelled,170.0,30,0.0,10.0,200.0,UPI
2793,624,16,2024-12-26 12:17:57,Delivered,1610.0,0.0,0.0,80.5,1610.0,UPI
2794,885,50,2023-08-27 11:39:52,Cancelled,170.0,25,0.0,9.75,195.0,Wallet
2795,252,131,2023-07-17 12:42:14,Delivered,1000.0,0.0,100,45.0,900.0,Card
2796,36,5,2023-12-29 20:09:48,Delivered,300.0,25,0.0,16.25,325.0,UPI
2797,1400,37,2024-03-28 17:07:05,Delivered,1700.0,0.0,100,80.0,1600.0,Card
2798,1728,122,2023-11-20 10:11:46,Delivered,1320.0,0.0,100,61.0,1220.0,Card
2799,474,78,2024-10-15 19:32:30,Delivered,380.0,15,95.0,15.0,300.0,Wallet
2800,1970,93,2024-06-23 19:24:45,Delivered,280.0,35,0.0,15.75,315.0,UPI
2801,1709,1,2023-09-08 15:15:14,Refunded,110.0,35,0.0,7.25,145.0,UPI
2802,957,20,2023-08-01 20:21:57,Refunded,280.0,30,0.0,15.5,310.0,Cash on Delivery
2803,1962,61,2023-10-29 21:41:02,Delivered,450.0,25,0.0,23.75,475.0,Wallet
2804,325,109,2024-08-03 07:58:21,Delivered,2660.0,0.0,0.0,133.0,2660.0,Card
2805,972,33,2023-03-22 15:13:25,Delivered,2430.0,0.0,0.0,121.5,2430.0,Cash on Delivery
2806,827,67,2023-04-16 18:53:34,Delivered,1480.0,0.0,100,69.0,1380.0,Cash on Delivery
2807,15,21,2024-08-22 03:02:41,Cancelled,1220.0,0.0,0.0,61.0,1220.0,Cash on Delivery
2808,1068,117,2024-04-04 19:58:42,Delivered,220.0,30,44.0,10.3,206.0,UPI
2809,1000,136,2024-12-10 20:59:30,Delivered,360.0,25,36.0,17.45,349.0,UPI
2810,1183,121,2023-12-03 19:37:23,Delivered,40.0,40,0.0,4.0,80.0,UPI
2811,1455,110,2024-09-06 10:24:08,Pending,200.0,30,30.0,10.0,200.0,Net Banking
2812,1133,138,2024-03-22 18:34:45,Delivered,680.0,0.0,0.0,34.0,680.0,UPI
2813,705,15,2024-02-10 15:24:50,Delivered,80.0,35,0.0,5.75,115.0,Card
2814,894,60,2023-07-11 18:17:54,Delivered,630.0,0.0,0.0,31.5,630.0,Cash on Delivery
2815,796,10,2023-11-05 22:54:53,Delivered,470.0,15,100,19.25,385.0,UPI
2816,973,142,2023-02-18 21:08:21,Delivered,300.0,15,0.0,15.75,315.0,UPI
2817,835,125,2024-09-23 20:41:16,Delivered,970.0,0.0,0.0,48.5,970.0,Card
2818,788,81,2023-08-20 18:27:39,Delivered,340.0,20,0.0,18.0,360.0,Cash on Delivery
2819,952,141,2024-05-02 14:15:49,Pending,1360.0,0.0,100,63.0,1260.0,UPI
2820,545,11,2023-04-20 16:15:52,Delivered,260.0,25,26.0,12.95,259.0,Card
2821,596,39,2024-07-17 14:01:01,Pending,1730.0,0.0,0.0,86.5,1730.0,UPI
2822,1727,89,2024-05-20 15:56:59,Cancelled,100.0,35,0.0,6.75,135.0,Cash on Delivery
2823,868,42,2023-03-02 02:12:00,Refunded,400.0,20,0.0,21.0,420.0,UPI
2824,679,77,2023-09-26 10:00:06,Cancelled,2570.0,0.0,0.0,128.5,2570.0,Cash on Delivery
2825,135,114,2024-01-12 23:25:49,Delivered,690.0,0.0,100,29.5,590.0,UPI
2826,1425,120,2023-12-07 13:31:25,Delivered,220.0,40,0.0,13.0,260.0,UPI
2827,850,54,2024-01-09 09:43:23,Delivered,180.0,25,0.0,10.25,205.0,Card
2828,112,14,2023-01-11 18:54:47,Delivered,1030.0,0.0,0.0,51.5,1030.0,UPI
2829,909,54,2024-07-19 22:29:56,Delivered,1490.0,0.0,0.0,74.5,1490.0,UPI
2830,1663,101,2024-05-31 12:09:13,Delivered,610.0,0.0,100,25.5,510.0,UPI
2831,190,29,2023-02-23 20:13:25,Delivered,250.0,30,62.5,10.88,217.5,UPI
2832,992,23,2024-08-29 14:34:33,Delivered,640.0,0.0,0.0,32.0,640.0,Cash on Delivery
2833,779,85,2024-02-13 10:25:27,Delivered,450.0,15,0.0,23.25,465.0,Card
2834,1975,43,2023-01-31 13:59:59,Delivered,660.0,0.0,0.0,33.0,660.0,UPI
2835,495,113,2023-06-18 12:15:52,Delivered,1680.0,0.0,0.0,84.0,1680.0,Cash on Delivery
2836,118,29,2023-12-09 14:55:14,Delivered,400.0,15,0.0,20.75,415.0,Cash on Delivery
2837,1674,95,2023-07-16 22:14:28,Pending,1490.0,0.0,0.0,74.5,1490.0,UPI
2838,1076,5,2023-12-02 12:02:35,Refunded,1280.0,0.0,100,59.0,1180.0,Card
2839,1919,21,2024-01-28 09:12:30,Delivered,660.0,0.0,100,28.0,560.0,UPI
2840,1677,137,2024-07-27 19:47:54,Cancelled,1530.0,0.0,100,71.5,1430.0,Card
2841,272,31,2023-03-22 14:16:29,Delivered,470.0,15,0.0,24.25,485.0,UPI
2842,767,57,2023-06-20 18:43:40,Delivered,930.0,0.0,0.0,46.5,930.0,UPI
2843,397,14,2023-07-16 11:19:36,Cancelled,60.0,40,9.0,4.55,91.0,UPI
2844,875,111,2023-08-15 07:47:55,Cancelled,190.0,40,0.0,11.5,230.0,Card
2845,1205,133,2024-05-09 17:34:54,Delivered,640.0,0.0,0.0,32.0,640.0,Net Banking
2846,195,143,2024-09-23 10:03:11,Delivered,870.0,0.0,0.0,43.5,870.0,Cash on Delivery
2847,700,79,2023-02-04 18:20:01,Pending,610.0,0.0,0.0,30.5,610.0,Cash on Delivery
2848,584,112,2023-04-18 12:13:46,Cancelled,50.0,25,0.0,3.75,75.0,UPI
2849,1778,146,2023-09-27 18:45:38,Delivered,1070.0,0.0,0.0,53.5,1070.0,UPI
2850,1883,101,2023-10-18 06:51:26,Pending,200.0,25,20.0,10.25,205.0,Wallet
2851,604,48,2023-10-13 12:12:03,Cancelled,470.0,15,47.0,21.9,438.0,UPI
2852,373,70,2024-09-13 23:11:51,Refunded,1210.0,0.0,100,55.5,1110.0,Card
2853,1851,88,2024-07-09 15:02:26,Delivered,180.0,30,18.0,9.6,192.0,Cash on Delivery
2854,223,93,2023-01-05 20:50:07,Delivered,310.0,15,62.0,13.15,263.0,Cash on Delivery
2855,1727,88,2023-07-30 08:35:11,Delivered,300.0,25,0.0,16.25,325.0,UPI
2856,1456,78,2023-09-09 21:56:34,Pending,340.0,25,85.0,14.0,280.0,Cash on Delivery
2857,1854,108,2024-07-18 12:08:43,Delivered,940.0,0.0,0.0,47.0,940.0,UPI
2858,652,29,2023-07-27 13:59:35,Cancelled,250.0,35,62.5,11.12,222.5,Card
2859,1969,5,2024-01-01 12:24:42,Delivered,1500.0,0.0,100,70.0,1400.0,Card
2860,1083,126,2023-08-09 20:08:51,Pending,170.0,35,17.0,9.4,188.0,UPI
2861,1342,111,2024-08-21 16:46:01,Cancelled,100.0,40,0.0,7.0,140.0,UPI
2862,1954,101,2024-02-17 09:26:00,Delivered,500.0,0.0,100,20.0,400.0,Net Banking
2863,2000,33,2023-01-17 09:02:12,Delivered,1040.0,0.0,100,47.0,940.0,UPI
2864,1718,88,2023-07-30 20:11:55,Delivered,470.0,20,0.0,24.5,490.0,Card
2865,1329,115,2023-02-11 18:28:01,Delivered,240.0,40,0.0,14.0,280.0,Card
2866,332,101,2024-04-19 07:38:46,Delivered,170.0,40,0.0,10.5,210.0,Cash on Delivery
2867,1644,148,2024-05-24 15:52:23,Delivered,1240.0,0.0,0.0,62.0,1240.0,Cash on Delivery
2868,1254,85,2023-12-05 10:36:00,Delivered,1360.0,0.0,100,63.0,1260.0,Card
2869,1974,114,2023-11-25 09:34:28,Delivered,1500.0,0.0,0.0,75.0,1500.0,UPI
2870,451,6,2023-11-27 15:38:46,Delivered,1180.0,0.0,0.0,59.0,1180.0,UPI
2871,1765,126,2024-11-04 19:19:41,Refunded,400.0,25,100.0,16.25,325.0,UPI
2872,1974,135,2023-07-20 16:22:23,Cancelled,240.0,25,0.0,13.25,265.0,Net Banking
2873,1319,92,2023-07-05 19:14:34,Refunded,260.0,40,0.0,15.0,300.0,Cash on Delivery
2874,506,82,2024-02-26 19:04:20,Delivered,1400.0,0.0,0.0,70.0,1400.0,UPI
2875,1860,85,2024-04-25 14:26:38,Delivered,1240.0,0.0,100,57.0,1140.0,Wallet
2876,846,68,2023-05-24 06:07:13,Delivered,1260.0,0.0,0.0,63.0,1260.0,Cash on Delivery
2877,1482,45,2024-11-28 12:25:26,Delivered,80.0,40,0.0,6.0,120.0,UPI
2878,24,39,2024-09-28 18:20:05,Cancelled,150.0,30,22.5,7.88,157.5,UPI
2879,849,103,2024-06-30 19:52:12,Delivered,1200.0,0.0,100,55.0,1100.0,Cash on Delivery
2880,1257,85,2024-05-16 07:40:37,Cancelled,700.0,0.0,0.0,35.0,700.0,Net Banking
2881,1352,110,2023-07-20 21:16:59,Cancelled,1320.0,0.0,0.0,66.0,1320.0,Card
2882,1185,102,2023-05-13 15:26:33,Cancelled,170.0,30,0.0,10.0,200.0,UPI
2883,68,33,2024-04-27 07:39:27,Cancelled,1270.0,0.0,0.0,63.5,1270.0,UPI
2884,22,10,2024-10-08 19:22:21,Cancelled,600.0,0.0,0.0,30.0,600.0,UPI
2885,1184,122,2023-05-01 18:33:14,Delivered,150.0,40,15.0,8.75,175.0,Card
2886,1649,90,2024-12-08 15:12:58,Delivered,520.0,0.0,100,21.0,420.0,UPI
2887,1240,113,2024-02-19 20:18:28,Delivered,820.0,0.0,0.0,41.0,820.0,Card
2888,611,88,2023-04-23 14:33:36,Delivered,300.0,20,0.0,16.0,320.0,Wallet
2889,260,54,2023-12-06 17:10:52,Delivered,340.0,15,51.0,15.2,304.0,Cash on Delivery
2890,1301,24,2023-08-22 20:16:34,Refunded,1280.0,0.0,0.0,64.0,1280.0,Card
2891,604,57,2023-05-19 12:52:36,Delivered,1120.0,0.0,100,51.0,1020.0,UPI
2892,1718,33,2023-12-27 18:33:31,Delivered,1080.0,0.0,0.0,54.0,1080.0,Wallet
2893,1970,17,2023-09-23 17:19:04,Cancelled,1550.0,0.0,100,72.5,1450.0,Wallet
2894,948,93,2023-04-01 11:35:26,Delivered,1910.0,0.0,0.0,95.5,1910.0,Card
2895,908,24,2023-04-11 03:54:14,Delivered,3610.0,0.0,100,175.5,3510.0,Cash on Delivery
2896,1998,114,2023-06-14 10:03:56,Refunded,1150.0,0.0,100,52.5,1050.0,Cash on Delivery
2897,356,95,2024-08-15 10:44:58,Pending,470.0,25,0.0,24.75,495.0,Wallet
2898,352,100,2023-01-25 06:04:40,Refunded,700.0,0.0,100,30.0,600.0,Card
2899,1961,70,2023-09-12 08:54:16,Pending,320.0,15,0.0,16.75,335.0,Wallet
2900,1631,19,2023-12-14 21:25:08,Delivered,1460.0,0.0,0.0,73.0,1460.0,Card
2901,1108,67,2023-04-01 07:47:19,Delivered,2650.0,0.0,0.0,132.5,2650.0,UPI
2902,1939,43,2023-11-04 13:31:01,Delivered,990.0,0.0,100,44.5,890.0,Card
2903,612,72,2024-05-15 19:53:48,Delivered,650.0,0.0,97.5,27.62,552.5,Net Banking
2904,851,80,2024-05-17 19:47:07,Pending,410.0,25,0.0,21.75,435.0,Cash on Delivery
2905,391,60,2023-10-05 04:33:12,Delivered,900.0,0.0,0.0,45.0,900.0,Net Banking
2906,854,137,2024-10-03 18:59:34,Cancelled,240.0,25,0.0,13.25,265.0,Wallet
2907,1660,100,2024-04-25 21:42:21,Delivered,50.0,30,0.0,4.0,80.0,Card
2908,689,108,2024-08-27 11:16:48,Delivered,2300.0,0.0,0.0,115.0,2300.0,Card
2909,1400,14,2023-08-02 19:05:45,Delivered,910.0,0.0,0.0,45.5,910.0,UPI
2910,1751,131,2024-02-07 08:09:12,Delivered,560.0,0.0,0.0,28.0,560.0,UPI
2911,1236,52,2024-02-04 10:36:15,Pending,920.0,0.0,0.0,46.0,920.0,UPI
2912,1019,67,2023-01-06 21:12:40,Delivered,240.0,25,0.0,13.25,265.0,UPI
2913,263,108,2023-03-02 20:27:59,Delivered,960.0,0.0,0.0,48.0,960.0,UPI
2914,1513,141,2024-08-03 18:32:30,Refunded,1100.0,0.0,0.0,55.0,1100.0,Net Banking
2915,1349,54,2024-08-04 21:48:14,Cancelled,1040.0,0.0,100,47.0,940.0,UPI
2916,290,51,2024-06-14 21:52:04,Delivered,1020.0,0.0,0.0,51.0,1020.0,Card
2917,1059,128,2023-12-24 14:07:53,Pending,990.0,0.0,100,44.5,890.0,UPI
2918,388,102,2024-02-01 23:56:46,Cancelled,830.0,0.0,0.0,41.5,830.0,Card
2919,1614,108,2024-06-29 10:16:42,Delivered,180.0,35,0.0,10.75,215.0,UPI
2920,788,88,2024-12-01 15:25:43,Pending,170.0,25,25.5,8.47,169.5,Card
2921,452,105,2024-11-24 17:11:13,Refunded,200.0,25,0.0,11.25,225.0,UPI
2922,993,85,2023-09-13 11:25:29,Delivered,350.0,25,0.0,18.75,375.0,UPI
2923,1042,35,2023-11-16 17:37:28,Delivered,810.0,0.0,100,35.5,710.0,UPI
2924,644,128,2024-03-26 22:31:38,Refunded,530.0,0.0,0.0,26.5,530.0,Wallet
2925,1769,117,2023-06-15 19:08:05,Pending,250.0,30,0.0,14.0,280.0,UPI
2926,1906,33,2024-12-11 13:11:43,Delivered,1340.0,0.0,100,62.0,1240.0,UPI
2927,373,16,2024-03-08 16:52:20,Cancelled,1330.0,0.0,0.0,66.5,1330.0,Cash on Delivery
2928,954,67,2023-05-04 18:41:00,Delivered,1400.0,0.0,100,65.0,1300.0,Cash on Delivery
2929,1855,91,2023-10-26 10:01:24,Delivered,520.0,0.0,78.0,22.1,442.0,Cash on Delivery
2930,1612,73,2023-07-06 18:11:26,Delivered,420.0,15,0.0,21.75,435.0,UPI
2931,1109,130,2023-03-26 13:29:27,Delivered,470.0,20,0.0,24.5,490.0,UPI
2932,1754,94,2024-09-21 13:43:13,Delivered,120.0,25,0.0,7.25,145.0,UPI
2933,1990,95,2024-06-08 11:17:31,Delivered,230.0,30,0.0,13.0,260.0,Net Banking
2934,141,127,2024-03-13 21:23:29,Delivered,660.0,0.0,100,28.0,560.0,UPI
2935,1321,130,2024-02-16 20:00:57,Delivered,720.0,0.0,0.0,36.0,720.0,UPI
2936,1252,38,2023-06-29 14:53:31,Delivered,2380.0,0.0,0.0,119.0,2380.0,Wallet
2937,263,115,2023-09-04 13:31:30,Pending,330.0,15,0.0,17.25,345.0,Cash on Delivery
2938,140,38,2023-01-29 14:38:54,Delivered,1520.0,0.0,0.0,76.0,1520.0,Wallet
2939,1357,75,2024-10-21 17:36:02,Pending,380.0,25,57.0,17.4,348.0,Net Banking
2940,1626,146,2024-05-12 18:56:25,Refunded,850.0,0.0,0.0,42.5,850.0,UPI
2941,1944,48,2023-07-24 20:26:58,Delivered,360.0,25,0.0,19.25,385.0,Wallet
2942,316,88,2024-03-07 21:35:30,Delivered,2560.0,0.0,100,123.0,2460.0,UPI
2943,1272,42,2023-04-26 21:55:16,Pending,1090.0,0.0,0.0,54.5,1090.0,Wallet
2944,433,19,2023-09-27 20:10:43,Delivered,910.0,0.0,91.0,40.95,819.0,Card
2945,529,143,2024-01-27 19:16:49,Delivered,480.0,25,100,20.25,405.0,Card
2946,91,16,2023-01-13 20:58:44,Delivered,950.0,0.0,0.0,47.5,950.0,Wallet
2947,1403,104,2023-11-23 14:03:00,Delivered,340.0,15,0.0,17.75,355.0,Wallet
2948,296,126,2024-02-13 22:14:14,Delivered,1310.0,0.0,100,60.5,1210.0,UPI
2949,1682,73,2023-10-24 22:04:18,Delivered,710.0,0.0,100,30.5,610.0,Card
2950,1559,104,2023-07-17 13:26:08,Cancelled,170.0,25,0.0,9.75,195.0,Cash on Delivery
2951,1456,101,2024-11-20 16:30:02,Cancelled,100.0,35,10.0,6.25,125.0,UPI
2952,1966,24,2023-06-07 19:56:07,Cancelled,930.0,0.0,100,41.5,830.0,Cash on Delivery
2953,1738,121,2023-01-23 19:30:56,Delivered,40.0,30,0.0,3.5,70.0,UPI
2954,1686,92,2023-07-09 06:11:47,Refunded,480.0,25,0.0,25.25,505.0,Card
2955,245,78,2023-07-15 17:10:21,Delivered,870.0,0.0,0.0,43.5,870.0,Wallet
2956,433,123,2024-06-06 22:05:09,Delivered,1440.0,0.0,0.0,72.0,1440.0,Cash on Delivery
2957,741,119,2023-09-13 12:50:48,Cancelled,40.0,35,0.0,3.75,75.0,UPI
2958,116,135,2023-12-17 15:09:44,Delivered,210.0,35,21.0,11.2,224.0,Net Banking
2959,1462,132,2024-10-17 05:46:40,Delivered,990.0,0.0,0.0,49.5,990.0,UPI
2960,21,31,2023-11-07 11:22:56,Delivered,220.0,25,0.0,12.25,245.0,Wallet
2961,238,48,2023-06-21 19:15:49,Delivered,560.0,0.0,100,23.0,460.0,UPI
2962,1305,121,2023-03-21 14:46:24,Delivered,140.0,35,0.0,8.75,175.0,Card
2963,447,46,2023-07-26 19:47:30,Delivered,780.0,0.0,100,34.0,680.0,Cash on Delivery
2964,852,146,2024-01-19 12:30:44,Delivered,130.0,40,0.0,8.5,170.0,UPI
2965,392,120,2024-12-28 17:33:14,Refunded,940.0,0.0,0.0,47.0,940.0,UPI
2966,53,20,2024-09-01 12:38:19,Cancelled,500.0,0.0,0.0,25.0,500.0,Cash on Delivery
2967,1955,46,2023-07-02 19:04:07,Cancelled,270.0,25,0.0,14.75,295.0,Net Banking
2968,1554,25,2023-08-20 13:11:11,Delivered,1300.0,0.0,100,60.0,1200.0,Card
2969,216,110,2023-03-31 20:31:09,Delivered,930.0,0.0,0.0,46.5,930.0,Cash on Delivery
2970,235,102,2024-08-06 19:58:34,Delivered,570.0,0.0,100,23.5,470.0,UPI
2971,280,136,2023-12-21 07:03:19,Delivered,280.0,25,0.0,15.25,305.0,Card
2972,1489,114,2023-09-09 18:45:30,Delivered,1250.0,0.0,100,57.5,1150.0,Cash on Delivery
2973,1365,43,2024-01-03 19:48:24,Delivered,90.0,30,18.0,5.1,102.0,Cash on Delivery
2974,397,131,2024-09-23 13:34:06,Pending,330.0,20,0.0,17.5,350.0,UPI
2975,1028,120,2023-07-18 21:16:02,Delivered,840.0,0.0,0.0,42.0,840.0,Card
2976,834,26,2023-01-12 00:46:12,Refunded,360.0,15,0.0,18.75,375.0,Cash on Delivery
2977,247,121,2023-12-06 01:05:28,Delivered,260.0,30,65.0,11.25,225.0,UPI
2978,220,32,2023-07-11 21:38:11,Pending,920.0,0.0,92.0,41.4,828.0,UPI
2979,783,97,2024-06-17 17:01:46,Cancelled,400.0,20,0.0,21.0,420.0,UPI
2980,523,38,2023-05-30 22:54:55,Pending,510.0,0.0,76.5,21.68,433.5,Card
2981,1462,16,2024-12-23 20:38:50,Pending,890.0,0.0,89.0,40.05,801.0,UPI
2982,1068,143,2024-04-15 18:38:10,Delivered,140.0,40,0.0,9.0,180.0,UPI
2983,296,10,2024-03-02 13:38:16,Delivered,820.0,0.0,100,36.0,720.0,UPI
2984,1013,39,2023-07-07 17:30:12,Cancelled,1450.0,0.0,100,67.5,1350.0,Cash on Delivery
2985,302,123,2024-03-01 07:56:36,Cancelled,1880.0,0.0,0.0,94.0,1880.0,Wallet
2986,1774,25,2024-03-10 15:45:47,Delivered,1180.0,0.0,0.0,59.0,1180.0,Card
2987,515,146,2023-05-22 14:35:57,Cancelled,340.0,25,0.0,18.25,365.0,UPI
2988,1136,121,2024-10-07 23:30:55,Cancelled,360.0,25,0.0,19.25,385.0,Card
2989,1193,88,2023-06-25 05:17:36,Cancelled,900.0,0.0,0.0,45.0,900.0,Wallet
2990,714,138,2023-01-02 21:39:29,Delivered,380.0,20,0.0,20.0,400.0,Cash on Delivery
2991,410,70,2024-11-19 15:15:58,Cancelled,100.0,30,0.0,6.5,130.0,UPI
2992,1446,125,2023-02-22 18:36:38,Delivered,560.0,0.0,0.0,28.0,560.0,Card
2993,130,51,2024-01-02 21:33:38,Delivered,660.0,0.0,0.0,33.0,660.0,Cash on Delivery
2994,864,124,2024-01-16 15:44:38,Pending,720.0,0.0,0.0,36.0,720.0,Cash on Delivery
2995,718,134,2023-12-24 21:37:43,Refunded,830.0,0.0,0.0,41.5,830.0,Net Banking
2996,1648,51,2024-07-01 17:25:53,Delivered,400.0,25,0.0,21.25,425.0,Wallet
2997,699,39,2023-01-22 12:56:43,Delivered,370.0,25,0.0,19.75,395.0,Cash on Delivery
2998,1331,46,2023-02-04 09:34:56,Refunded,590.0,0.0,88.5,25.08,501.5,UPI
2999,675,85,2023-04-11 16:53:04,Delivered,100.0,30,0.0,6.5,130.0,UPI
3000,1430,148,2023-07-06 14:08:22,Delivered,1600.0,0.0,0.0,80.0,1600.0,Card
3001,1825,86,2024-04-25 20:36:00,Refunded,1070.0,0.0,0.0,53.5,1070.0,Cash on Delivery
3002,495,130,2024-03-12 13:46:15,Delivered,1200.0,0.0,100,55.0,1100.0,UPI
3003,775,133,2024-06-16 13:38:43,Cancelled,180.0,35,0.0,10.75,215.0,Wallet
3004,1874,108,2023-07-20 08:54:30,Delivered,1520.0,0.0,100,71.0,1420.0,Card
3005,1163,13,2024-08-19 06:28:02,Delivered,400.0,15,100.0,15.75,315.0,UPI
3006,1510,18,2024-05-26 13:02:23,Cancelled,220.0,25,0.0,12.25,245.0,Cash on Delivery
3007,1859,80,2024-07-16 09:32:08,Delivered,1030.0,0.0,0.0,51.5,1030.0,UPI
3008,201,39,2024-06-27 15:45:37,Delivered,50.0,40,0.0,4.5,90.0,Wallet
3009,706,126,2023-07-20 13:33:25,Delivered,860.0,0.0,100,38.0,760.0,UPI
3010,1079,11,2024-04-14 14:43:26,Refunded,1210.0,0.0,100,55.5,1110.0,UPI
3011,465,21,2023-03-25 19:05:37,Delivered,1550.0,0.0,0.0,77.5,1550.0,Wallet
3012,630,72,2024-11-11 09:31:08,Delivered,190.0,30,47.5,8.62,172.5,Card
3013,499,85,2024-06-10 12:15:01,Delivered,200.0,25,0.0,11.25,225.0,Card
3014,1265,51,2023-02-02 11:21:52,Delivered,1520.0,0.0,0.0,76.0,1520.0,UPI
3015,1881,76,2024-10-09 22:58:58,Delivered,730.0,0.0,0.0,36.5,730.0,UPI
3016,15,10,2024-07-27 07:12:42,Pending,790.0,0.0,0.0,39.5,790.0,Net Banking
3017,1612,108,2024-05-20 22:11:20,Delivered,2590.0,0.0,0.0,129.5,2590.0,Wallet
3018,578,136,2023-04-29 09:58:51,Refunded,1010.0,0.0,0.0,50.5,1010.0,Cash on Delivery
3019,296,104,2024-02-02 19:11:47,Delivered,120.0,25,0.0,7.25,145.0,Wallet
3020,1017,110,2023-04-25 05:22:31,Delivered,440.0,15,0.0,22.75,455.0,UPI
3021,1859,101,2024-04-08 18:59:25,Refunded,170.0,25,0.0,9.75,195.0,Card
3022,338,37,2023-10-03 16:56:24,Cancelled,1820.0,0.0,0.0,91.0,1820.0,Wallet
3023,1769,84,2024-08-17 21:00:12,Cancelled,110.0,30,0.0,7.0,140.0,Wallet
3024,942,54,2023-06-17 14:17:57,Delivered,550.0,0.0,0.0,27.5,550.0,UPI
3025,1354,138,2024-12-29 18:42:22,Cancelled,400.0,15,0.0,20.75,415.0,Cash on Delivery
3026,840,96,2024-11-08 19:42:56,Delivered,610.0,0.0,0.0,30.5,610.0,Card
3027,722,14,2023-02-08 00:31:38,Cancelled,120.0,30,18.0,6.6,132.0,UPI
3028,795,27,2023-10-12 19:18:21,Delivered,900.0,0.0,0.0,45.0,900.0,UPI
3029,95,125,2023-01-12 17:41:25,Delivered,420.0,25,0.0,22.25,445.0,Card
3030,1756,19,2023-07-28 05:08:15,Delivered,700.0,0.0,0.0,35.0,700.0,Net Banking
3031,1599,66,2023-12-05 11:34:10,Delivered,240.0,35,0.0,13.75,275.0,UPI
3032,1630,140,2024-12-15 07:00:30,Delivered,310.0,15,0.0,16.25,325.0,Wallet
3033,1778,72,2023-04-28 09:04:32,Cancelled,380.0,25,76.0,16.45,329.0,UPI
3034,1727,69,2024-09-29 08:21:22,Delivered,2730.0,0.0,0.0,136.5,2730.0,Card
3035,1899,140,2024-04-23 20:31:08,Delivered,240.0,35,36.0,11.95,239.0,UPI
3036,2,39,2023-08-19 13:39:53,Cancelled,1050.0,0.0,0.0,52.5,1050.0,Cash on Delivery
3037,1853,25,2023-10-28 22:28:02,Cancelled,900.0,0.0,0.0,45.0,900.0,Card
3038,1559,101,2023-08-21 19:44:32,Delivered,120.0,35,24.0,6.55,131.0,Wallet
3039,123,19,2023-12-05 08:24:17,Delivered,1340.0,0.0,0.0,67.0,1340.0,Card
3040,1069,23,2024-01-04 20:30:28,Delivered,1750.0,0.0,0.0,87.5,1750.0,UPI
3041,1921,57,2023-09-15 12:29:28,Delivered,480.0,20,0.0,25.0,500.0,UPI
3042,199,89,2023-08-13 02:40:10,Pending,660.0,0.0,0.0,33.0,660.0,UPI
3043,1887,123,2024-05-12 13:27:23,Cancelled,720.0,0.0,0.0,36.0,720.0,UPI
3044,1945,122,2023-07-09 15:55:25,Cancelled,510.0,0.0,0.0,25.5,510.0,UPI
3045,459,40,2023-02-24 21:04:57,Delivered,250.0,40,0.0,14.5,290.0,Card
3046,747,117,2023-04-23 21:58:19,Delivered,230.0,30,34.5,11.28,225.5,Cash on Delivery
3047,165,120,2023-12-20 22:16:19,Delivered,1180.0,0.0,0.0,59.0,1180.0,Wallet
3048,1828,64,2024-08-14 13:43:17,Delivered,510.0,0.0,51.0,22.95,459.0,UPI
3049,1641,88,2024-02-09 12:29:14,Delivered,940.0,0.0,0.0,47.0,940.0,Card
3050,1907,119,2024-11-30 06:28:41,Refunded,520.0,0.0,0.0,26.0,520.0,UPI
3051,1078,75,2024-10-02 16:57:24,Delivered,320.0,25,80.0,13.25,265.0,UPI
3052,1870,70,2023-09-28 18:12:18,Delivered,800.0,0.0,0.0,40.0,800.0,Wallet
3053,606,104,2023-09-21 13:43:28,Delivered,380.0,15,0.0,19.75,395.0,Wallet
3054,287,129,2024-05-28 16:57:05,Cancelled,1060.0,0.0,0.0,53.0,1060.0,Card
3055,50,37,2023-11-18 12:09:32,Delivered,140.0,25,28.0,6.85,137.0,Cash on Delivery
3056,708,39,2024-09-22 08:10:37,Delivered,960.0,0.0,0.0,48.0,960.0,UPI
3057,1785,12,2023-10-03 11:02:06,Pending,280.0,25,0.0,15.25,305.0,UPI
3058,1227,63,2023-04-25 19:30:40,Delivered,70.0,35,14.0,4.55,91.0,Net Banking
3059,603,37,2024-05-17 08:38:55,Delivered,300.0,25,0.0,16.25,325.0,Card
3060,856,132,2023-10-27 13:15:08,Delivered,660.0,0.0,99.0,28.05,561.0,Wallet
3061,917,21,2023-03-09 20:34:36,Delivered,770.0,0.0,0.0,38.5,770.0,UPI
3062,247,148,2023-06-18 16:23:29,Delivered,1210.0,0.0,0.0,60.5,1210.0,UPI
3063,1823,19,2023-07-09 15:39:35,Delivered,280.0,30,0.0,15.5,310.0,UPI
3064,835,89,2023-10-16 20:10:47,Delivered,830.0,0.0,100,36.5,730.0,Card
3065,197,48,2023-06-17 19:10:46,Pending,180.0,35,0.0,10.75,215.0,Card
3066,1746,79,2023-10-28 19:51:34,Delivered,520.0,0.0,0.0,26.0,520.0,Net Banking
3067,543,81,2024-10-14 14:11:33,Cancelled,250.0,40,25.0,13.25,265.0,Net Banking
3068,635,129,2024-05-19 11:12:50,Delivered,60.0,40,0.0,5.0,100.0,Cash on Delivery
3069,1923,119,2023-11-30 09:26:31,Delivered,1360.0,0.0,100,63.0,1260.0,Cash on Delivery
3070,1728,26,2024-05-22 19:40:22,Delivered,320.0,20,0.0,17.0,340.0,Cash on Delivery
3071,1525,105,2023-10-28 14:10:51,Refunded,950.0,0.0,100,42.5,850.0,UPI
3072,1632,29,2024-01-24 22:57:37,Refunded,1100.0,0.0,100,50.0,1000.0,UPI
3073,1819,91,2024-09-27 09:43:38,Delivered,1240.0,0.0,0.0,62.0,1240.0,Card
3074,1537,62,2023-08-22 22:59:28,Delivered,600.0,0.0,0.0,30.0,600.0,UPI
3075,1304,34,2024-08-16 08:11:49,Cancelled,740.0,0.0,0.0,37.0,740.0,Card
3076,1688,95,2024-11-03 18:21:26,Delivered,290.0,35,43.5,14.08,281.5,Cash on Delivery
3077,442,81,2024-10-02 15:38:55,Cancelled,590.0,0.0,100,24.5,490.0,Cash on Delivery
3078,1174,79,2023-12-29 04:30:24,Refunded,290.0,25,29.0,14.3,286.0,UPI
3079,1490,105,2024-09-07 14:24:29,Delivered,90.0,25,9.0,5.3,106.0,Wallet
3080,1627,110,2024-08-09 22:03:46,Delivered,880.0,0.0,0.0,44.0,880.0,Wallet
3081,299,5,2024-12-21 20:49:03,Pending,430.0,25,86.0,18.45,369.0,UPI
3082,1019,58,2023-03-02 12:11:38,Refunded,570.0,0.0,0.0,28.5,570.0,Cash on Delivery
3083,536,68,2023-01-23 12:53:21,Delivered,210.0,40,0.0,12.5,250.0,UPI
3084,1815,73,2023-12-22 13:01:09,Delivered,360.0,15,0.0,18.75,375.0,Net Banking
3085,1254,12,2024-04-27 12:22:44,Delivered,1190.0,0.0,0.0,59.5,1190.0,UPI
3086,494,8,2023-04-20 19:17:23,Delivered,120.0,35,0.0,7.75,155.0,UPI
3087,1386,58,2024-02-25 13:28:25,Delivered,180.0,30,36.0,8.7,174.0,Cash on Delivery
3088,1451,12,2023-11-17 20:27:07,Delivered,450.0,15,67.5,19.88,397.5,Net Banking
3089,1317,103,2023-10-04 12:39:42,Delivered,710.0,0.0,0.0,35.5,710.0,Cash on Delivery
3090,1886,93,2023-04-09 19:37:49,Delivered,620.0,0.0,0.0,31.0,620.0,UPI
3091,1348,95,2024-10-09 13:21:51,Pending,340.0,20,0.0,18.0,360.0,Net Banking
3092,1856,110,2024-01-31 18:56:19,Cancelled,810.0,0.0,0.0,40.5,810.0,Cash on Delivery
3093,1834,91,2024-11-25 19:46:34,Delivered,400.0,25,80.0,17.25,345.0,UPI
3094,434,26,2024-02-03 16:38:06,Pending,380.0,15,76.0,15.95,319.0,Card
3095,638,39,2024-12-28 23:14:35,Delivered,830.0,0.0,83.0,37.35,747.0,UPI
3096,521,114,2024-08-20 12:11:52,Cancelled,2200.0,0.0,100,105.0,2100.0,Wallet
3097,198,16,2023-04-08 11:00:13,Pending,1730.0,0.0,100,81.5,1630.0,UPI
3098,1649,54,2024-06-11 19:24:24,Cancelled,540.0,0.0,0.0,27.0,540.0,Cash on Delivery
3099,302,120,2023-06-06 11:43:01,Delivered,560.0,0.0,100,23.0,460.0,Cash on Delivery
3100,1629,39,2023-03-01 19:30:26,Pending,1150.0,0.0,100,52.5,1050.0,UPI
3101,624,75,2024-06-22 18:01:27,Delivered,260.0,25,0.0,14.25,285.0,Card
3102,929,88,2024-06-09 01:07:11,Refunded,720.0,0.0,100,31.0,620.0,UPI
3103,190,66,2024-08-31 17:52:02,Delivered,1450.0,0.0,100,67.5,1350.0,Card
3104,392,62,2024-09-02 21:41:27,Cancelled,300.0,25,0.0,16.25,325.0,Cash on Delivery
3105,921,90,2024-03-06 13:21:57,Delivered,140.0,30,0.0,8.5,170.0,UPI
3106,1403,51,2023-07-12 19:23:29,Cancelled,1300.0,0.0,0.0,65.0,1300.0,Cash on Delivery
3107,959,29,2024-10-26 13:09:17,Delivered,420.0,15,0.0,21.75,435.0,Wallet
3108,1545,133,2024-03-12 18:52:18,Delivered,60.0,30,0.0,4.5,90.0,UPI
3109,1870,46,2024-07-03 23:14:00,Delivered,310.0,15,0.0,16.25,325.0,UPI
3110,8,58,2024-03-18 13:09:46,Delivered,1410.0,0.0,0.0,70.5,1410.0,Net Banking
3111,671,125,2024-01-10 19:10:25,Delivered,210.0,40,42.0,10.4,208.0,UPI
3112,1267,120,2023-11-19 09:02:38,Delivered,180.0,40,45.0,8.75,175.0,Wallet
3113,906,111,2023-07-17 21:38:49,Delivered,540.0,0.0,0.0,27.0,540.0,UPI
3114,473,105,2024-12-17 20:17:27,Delivered,1720.0,0.0,0.0,86.0,1720.0,Card
3115,1326,81,2023-11-11 22:50:07,Pending,180.0,25,18.0,9.35,187.0,UPI
3116,1848,1,2023-08-16 08:04:58,Cancelled,610.0,0.0,100,25.5,510.0,UPI
3117,643,142,2023-08-16 18:10:35,Cancelled,900.0,0.0,0.0,45.0,900.0,UPI
3118,519,102,2024-03-02 10:50:10,Refunded,180.0,35,0.0,10.75,215.0,UPI
3119,645,63,2023-07-17 19:14:23,Refunded,680.0,0.0,0.0,34.0,680.0,Wallet
3120,904,115,2023-09-07 22:09:41,Cancelled,60.0,40,0.0,5.0,100.0,Net Banking
3121,409,149,2023-09-02 19:03:10,Delivered,300.0,15,75.0,12.0,240.0,Wallet
3122,1154,57,2023-12-31 19:17:02,Delivered,450.0,25,0.0,23.75,475.0,UPI
3123,289,39,2024-12-04 11:07:45,Delivered,220.0,25,0.0,12.25,245.0,Cash on Delivery
3124,876,55,2024-08-02 17:29:07,Pending,110.0,40,0.0,7.5,150.0,Wallet
3125,552,35,2023-12-24 21:25:00,Delivered,440.0,25,0.0,23.25,465.0,Cash on Delivery
3126,30,97,2023-12-31 16:12:39,Refunded,1300.0,0.0,0.0,65.0,1300.0,Cash on Delivery
3127,495,135,2023-09-22 08:34:02,Delivered,140.0,30,0.0,8.5,170.0,Cash on Delivery
3128,1137,11,2024-10-02 14:16:21,Delivered,1410.0,0.0,0.0,70.5,1410.0,Net Banking
3129,1333,120,2024-12-28 10:17:28,Delivered,820.0,0.0,0.0,41.0,820.0,UPI
3130,306,103,2023-09-30 19:26:47,Pending,240.0,40,36.0,12.2,244.0,Wallet
3131,1203,134,2024-03-16 18:38:15,Delivered,640.0,0.0,0.0,32.0,640.0,Cash on Delivery
3132,910,19,2024-06-15 07:48:46,Delivered,400.0,25,0.0,21.25,425.0,UPI
3133,843,73,2023-06-27 14:44:08,Delivered,110.0,30,0.0,7.0,140.0,UPI
3134,662,67,2024-01-05 14:13:46,Delivered,580.0,0.0,0.0,29.0,580.0,Wallet
3135,844,126,2024-06-13 10:44:43,Pending,480.0,20,100,20.0,400.0,UPI
3136,45,144,2023-02-19 18:05:25,Cancelled,1970.0,0.0,100,93.5,1870.0,Cash on Delivery
3137,180,117,2023-01-23 21:05:02,Delivered,900.0,0.0,0.0,45.0,900.0,Wallet
3138,1906,79,2023-07-07 11:04:20,Cancelled,620.0,0.0,93.0,26.35,527.0,UPI
3139,863,119,2023-09-28 21:11:08,Delivered,200.0,40,0.0,12.0,240.0,UPI
3140,188,48,2023-11-19 15:45:48,Cancelled,970.0,0.0,0.0,48.5,970.0,UPI
3141,1964,29,2023-09-11 19:55:30,Delivered,400.0,20,0.0,21.0,420.0,Cash on Delivery
3142,1119,121,2024-10-13 10:36:37,Cancelled,140.0,30,0.0,8.5,170.0,Wallet
3143,758,78,2024-08-18 22:54:53,Cancelled,140.0,35,0.0,8.75,175.0,UPI
3144,229,104,2024-10-04 12:31:37,Delivered,270.0,25,40.5,12.73,254.5,Card
3145,55,26,2024-03-29 21:33:39,Delivered,620.0,0.0,0.0,31.0,620.0,UPI
3146,1595,13,2023-12-10 18:18:22,Refunded,260.0,25,0.0,14.25,285.0,Card
3147,165,19,2024-06-09 19:01:09,Refunded,310.0,15,0.0,16.25,325.0,UPI
3148,56,123,2024-04-06 20:17:44,Cancelled,780.0,0.0,100,34.0,680.0,UPI
3149,1370,37,2024-10-30 14:26:38,Pending,700.0,0.0,70.0,31.5,630.0,Wallet
3150,274,81,2024-03-21 20:05:44,Cancelled,340.0,25,0.0,18.25,365.0,Card
3151,287,127,2024-10-26 19:51:54,Delivered,750.0,0.0,100,32.5,650.0,UPI
3152,1487,11,2024-06-28 17:18:13,Delivered,820.0,0.0,0.0,41.0,820.0,Cash on Delivery
3153,1387,8,2023-12-06 17:30:01,Cancelled,220.0,40,0.0,13.0,260.0,UPI
3154,1395,64,2023-01-13 20:36:14,Delivered,1450.0,0.0,0.0,72.5,1450.0,UPI
3155,399,134,2024-10-08 04:02:16,Cancelled,510.0,0.0,0.0,25.5,510.0,UPI
3156,398,5,2024-03-12 14:28:35,Delivered,700.0,0.0,0.0,35.0,700.0,Cash on Delivery
3157,1420,137,2024-03-08 06:33:25,Delivered,1530.0,0.0,100,71.5,1430.0,Card
3158,688,80,2023-09-01 18:02:45,Pending,920.0,0.0,0.0,46.0,920.0,Card
3159,1111,48,2024-12-07 07:48:58,Delivered,620.0,0.0,100,26.0,520.0,UPI
3160,1538,35,2023-08-29 13:35:44,Refunded,1100.0,0.0,100,50.0,1000.0,Wallet
3161,1667,86,2024-10-25 16:28:57,Pending,1580.0,0.0,0.0,79.0,1580.0,UPI
3162,1064,1,2023-09-16 08:22:15,Pending,130.0,25,0.0,7.75,155.0,Cash on Delivery
3163,230,137,2024-11-01 10:28:25,Pending,660.0,0.0,0.0,33.0,660.0,Card
3164,1006,37,2023-11-03 01:30:11,Pending,300.0,25,0.0,16.25,325.0,Wallet
3165,909,105,2024-12-10 12:17:03,Delivered,1050.0,0.0,0.0,52.5,1050.0,UPI
3166,1238,77,2023-10-16 19:37:27,Delivered,860.0,0.0,100,38.0,760.0,Card
3167,1076,105,2024-07-13 18:50:00,Delivered,900.0,0.0,100,40.0,800.0,Card
3168,995,69,2024-05-07 13:03:57,Delivered,140.0,30,21.0,7.45,149.0,Card
3169,1337,69,2023-09-19 20:57:51,Delivered,2390.0,0.0,0.0,119.5,2390.0,Wallet
3170,110,39,2024-09-10 19:51:00,Pending,290.0,35,0.0,16.25,325.0,UPI
3171,1358,21,2023-04-19 19:29:17,Delivered,1080.0,0.0,100,49.0,980.0,Cash on Delivery
3172,934,146,2024-02-06 18:57:55,Delivered,770.0,0.0,100,33.5,670.0,UPI
3173,339,136,2023-04-07 07:45:37,Delivered,2470.0,0.0,100,118.5,2370.0,UPI
3174,1236,72,2024-03-04 19:26:27,Pending,190.0,40,47.5,9.12,182.5,Cash on Delivery
3175,513,97,2024-10-23 18:42:37,Delivered,630.0,0.0,0.0,31.5,630.0,UPI
3176,1544,119,2023-06-22 16:57:51,Delivered,1010.0,0.0,100,45.5,910.0,Cash on Delivery
3177,183,89,2023-04-24 14:02:30,Delivered,330.0,15,0.0,17.25,345.0,UPI
3178,212,26,2024-06-14 12:04:43,Delivered,320.0,25,0.0,17.25,345.0,UPI
3179,900,105,2024-11-30 12:32:24,Delivered,1430.0,0.0,100,66.5,1330.0,Net Banking
3180,1883,38,2024-02-04 11:25:20,Cancelled,1500.0,0.0,0.0,75.0,1500.0,UPI
3181,314,84,2023-09-03 18:51:01,Refunded,1020.0,0.0,100,46.0,920.0,UPI
3182,1417,15,2023-11-20 16:14:45,Delivered,480.0,20,0.0,25.0,500.0,Card
3183,180,62,2024-09-08 20:45:08,Cancelled,600.0,0.0,0.0,30.0,600.0,Net Banking
3184,24,128,2023-07-23 10:11:52,Cancelled,3770.0,0.0,0.0,188.5,3770.0,UPI
3185,1301,138,2023-11-29 12:23:12,Cancelled,1560.0,0.0,0.0,78.0,1560.0,Cash on Delivery
3186,527,104,2023-06-12 21:40:06,Delivered,480.0,25,96.0,20.45,409.0,UPI
3187,1000,111,2024-01-27 15:57:45,Cancelled,210.0,25,0.0,11.75,235.0,Wallet
3188,26,19,2023-03-10 23:40:52,Delivered,280.0,25,0.0,15.25,305.0,Card
3189,571,31,2023-04-24 20:51:13,Delivered,340.0,15,0.0,17.75,355.0,UPI
3190,1536,15,2023-11-22 16:17:35,Delivered,1550.0,0.0,0.0,77.5,1550.0,UPI
3191,1629,33,2023-11-21 17:05:58,Delivered,680.0,0.0,68.0,30.6,612.0,UPI
3192,1850,148,2024-07-21 17:07:04,Delivered,900.0,0.0,0.0,45.0,900.0,UPI
3193,716,91,2024-03-19 10:01:19,Delivered,1120.0,0.0,0.0,56.0,1120.0,Cash on Delivery
3194,7,26,2023-04-22 14:55:27,Delivered,80.0,40,0.0,6.0,120.0,UPI
3195,134,52,2024-04-23 16:44:01,Delivered,270.0,40,0.0,15.5,310.0,Card
3196,1735,132,2023-11-06 11:28:13,Delivered,670.0,0.0,100,28.5,570.0,UPI
3197,1230,119,2024-06-11 16:46:17,Delivered,990.0,0.0,0.0,49.5,990.0,UPI
3198,281,143,2024-09-07 20:08:28,Delivered,1560.0,0.0,0.0,78.0,1560.0,UPI
3199,679,5,2024-05-30 22:14:07,Refunded,330.0,15,0.0,17.25,345.0,UPI
3200,1273,6,2023-10-05 13:50:56,Pending,1000.0,0.0,0.0,50.0,1000.0,Cash on Delivery
3201,1641,90,2024-01-24 18:03:54,Pending,630.0,0.0,94.5,26.78,535.5,Wallet
3202,336,56,2023-11-15 11:50:39,Delivered,1220.0,0.0,0.0,61.0,1220.0,UPI
3203,919,140,2023-02-04 22:14:58,Cancelled,220.0,40,33.0,11.35,227.0,UPI
3204,1698,120,2024-11-16 11:42:00,Delivered,1540.0,0.0,0.0,77.0,1540.0,Card
3205,1129,79,2024-05-08 09:26:17,Delivered,60.0,25,0.0,4.25,85.0,UPI
3206,23,18,2024-11-14 14:21:49,Delivered,380.0,15,95.0,15.0,300.0,UPI
3207,1068,43,2024-06-03 07:14:50,Delivered,750.0,0.0,0.0,37.5,750.0,UPI
3208,415,11,2024-10-17 11:33:49,Delivered,750.0,0.0,75.0,33.75,675.0,Cash on Delivery
3209,1851,77,2023-10-10 20:13:05,Delivered,1440.0,0.0,0.0,72.0,1440.0,UPI
3210,27,127,2023-11-29 14:50:49,Delivered,170.0,40,0.0,10.5,210.0,Cash on Delivery
3211,1771,51,2024-04-11 12:18:58,Cancelled,1080.0,0.0,0.0,54.0,1080.0,UPI
3212,591,60,2024-02-22 20:44:14,Refunded,3700.0,0.0,0.0,185.0,3700.0,Cash on Delivery
3213,1751,141,2023-07-05 15:38:29,Delivered,1130.0,0.0,0.0,56.5,1130.0,UPI
3214,1038,126,2024-06-06 12:01:18,Delivered,1800.0,0.0,0.0,90.0,1800.0,UPI
3215,1665,63,2024-03-31 17:44:57,Delivered,350.0,15,52.5,15.62,312.5,Wallet
3216,77,55,2023-08-11 12:13:15,Delivered,630.0,0.0,0.0,31.5,630.0,UPI
3217,372,126,2023-08-29 09:34:49,Delivered,500.0,0.0,100.0,20.0,400.0,Wallet
3218,565,98,2024-06-27 18:50:30,Refunded,840.0,0.0,100,37.0,740.0,Card
3219,1192,96,2024-10-06 11:30:46,Delivered,640.0,0.0,0.0,32.0,640.0,UPI
3220,253,21,2024-05-19 19:17:58,Cancelled,1080.0,0.0,100,49.0,980.0,Wallet
3221,492,128,2023-12-17 12:02:53,Cancelled,1780.0,0.0,100,84.0,1680.0,UPI
3222,442,20,2024-06-05 14:51:39,Delivered,850.0,0.0,0.0,42.5,850.0,Card
3223,137,85,2023-07-21 18:54:52,Pending,800.0,0.0,0.0,40.0,800.0,Card
3224,870,148,2024-04-23 17:23:19,Delivered,1200.0,0.0,100,55.0,1100.0,UPI
3225,1887,120,2024-11-08 22:10:07,Delivered,620.0,0.0,100,26.0,520.0,Cash on Delivery
3226,1158,13,2023-03-14 22:28:40,Delivered,2140.0,0.0,0.0,107.0,2140.0,UPI
3227,600,38,2024-01-06 12:48:55,Cancelled,2100.0,0.0,0.0,105.0,2100.0,Net Banking
3228,869,51,2024-07-03 19:42:13,Pending,1860.0,0.0,0.0,93.0,1860.0,Card
3229,794,37,2024-02-17 19:56:29,Cancelled,1050.0,0.0,0.0,52.5,1050.0,Card
3230,1161,131,2024-05-04 20:24:38,Delivered,610.0,0.0,0.0,30.5,610.0,UPI
3231,1900,72,2024-02-01 03:52:29,Cancelled,100.0,35,10.0,6.25,125.0,Card
3232,446,23,2024-01-22 14:19:46,Delivered,2110.0,0.0,0.0,105.5,2110.0,UPI
3233,396,68,2023-06-30 16:11:41,Cancelled,360.0,20,0.0,19.0,380.0,UPI
3234,2,146,2023-08-29 21:28:35,Refunded,1450.0,0.0,0.0,72.5,1450.0,Wallet
3235,180,64,2024-02-06 21:32:41,Delivered,1220.0,0.0,100,56.0,1120.0,Net Banking
3236,1299,73,2024-07-04 16:02:44,Cancelled,180.0,35,36.0,8.95,179.0,UPI
3237,936,111,2023-10-31 13:29:27,Delivered,960.0,0.0,0.0,48.0,960.0,Card
3238,1574,1,2024-06-21 18:19:35,Delivered,970.0,0.0,0.0,48.5,970.0,Card
3239,333,122,2024-10-23 19:53:46,Refunded,800.0,0.0,0.0,40.0,800.0,UPI
3240,446,97,2023-12-17 10:49:46,Delivered,1100.0,0.0,0.0,55.0,1100.0,UPI
3241,1617,10,2023-09-06 15:49:28,Refunded,1950.0,0.0,0.0,97.5,1950.0,UPI
3242,1728,21,2024-10-23 11:59:03,Delivered,500.0,0.0,0.0,25.0,500.0,Net Banking
3243,1093,31,2023-08-02 21:23:30,Delivered,240.0,35,0.0,13.75,275.0,Net Banking
3244,1923,93,2024-09-09 20:35:04,Pending,1010.0,0.0,0.0,50.5,1010.0,UPI
3245,1662,16,2023-08-23 15:18:09,Cancelled,2110.0,0.0,0.0,105.5,2110.0,UPI
3246,657,122,2024-01-01 19:53:37,Delivered,990.0,0.0,0.0,49.5,990.0,UPI
3247,1666,25,2023-04-28 04:42:37,Pending,560.0,0.0,0.0,28.0,560.0,Wallet
3248,1663,111,2023-07-07 19:23:20,Cancelled,500.0,0.0,0.0,25.0,500.0,Card
3249,1317,131,2024-05-19 01:47:55,Pending,550.0,0.0,55.0,24.75,495.0,Wallet
3250,1865,26,2024-05-24 09:38:30,Cancelled,570.0,0.0,0.0,28.5,570.0,UPI
3251,1079,100,2024-09-02 20:18:58,Delivered,1530.0,0.0,0.0,76.5,1530.0,UPI
3252,1262,63,2023-01-03 17:00:08,Delivered,70.0,35,0.0,5.25,105.0,UPI
3253,1691,33,2024-11-21 09:19:30,Refunded,140.0,30,0.0,8.5,170.0,Wallet
3254,1204,72,2023-01-18 10:59:34,Cancelled,1310.0,0.0,0.0,65.5,1310.0,Card
3255,1100,68,2024-02-20 09:37:09,Delivered,260.0,25,0.0,14.25,285.0,Wallet
3256,1974,56,2024-03-02 00:12:20,Cancelled,450.0,20,100,18.5,370.0,UPI
3257,79,104,2024-08-09 08:03:36,Delivered,200.0,35,30.0,10.25,205.0,Net Banking
3258,1610,111,2023-10-07 15:14:46,Pending,1120.0,0.0,0.0,56.0,1120.0,Card
3259,1177,130,2024-07-14 19:08:29,Refunded,540.0,0.0,54.0,24.3,486.0,Card
3260,1758,124,2023-09-16 21:41:12,Cancelled,320.0,20,0.0,17.0,340.0,Wallet
3261,1542,16,2024-07-23 19:15:22,Cancelled,1280.0,0.0,100,59.0,1180.0,UPI
3262,1267,89,2023-11-01 13:28:56,Refunded,1240.0,0.0,0.0,62.0,1240.0,UPI
3263,1760,40,2024-10-24 18:56:08,Cancelled,90.0,40,9.0,6.05,121.0,UPI
3264,1166,37,2024-10-07 10:04:39,Delivered,1040.0,0.0,0.0,52.0,1040.0,UPI
3265,1410,51,2023-07-19 21:04:10,Delivered,910.0,0.0,0.0,45.5,910.0,Wallet
3266,719,16,2024-04-10 11:16:22,Delivered,1890.0,0.0,100,89.5,1790.0,Card
3267,1177,24,2024-01-13 17:08:44,Delivered,310.0,20,0.0,16.5,330.0,Wallet
3268,641,117,2023-06-12 14:03:03,Delivered,1460.0,0.0,0.0,73.0,1460.0,UPI
3269,753,121,2023-10-26 12:57:57,Delivered,40.0,30,0.0,3.5,70.0,UPI
3270,694,55,2023-04-28 16:54:18,Cancelled,90.0,35,0.0,6.25,125.0,UPI
3271,843,63,2024-03-27 18:27:23,Pending,320.0,25,0.0,17.25,345.0,Card
3272,523,6,2024-06-22 16:38:29,Cancelled,800.0,0.0,0.0,40.0,800.0,Cash on Delivery
3273,394,93,2023-11-18 14:23:24,Delivered,1210.0,0.0,0.0,60.5,1210.0,Net Banking
3274,1299,56,2024-12-30 21:28:14,Delivered,2570.0,0.0,0.0,128.5,2570.0,Cash on Delivery
3275,143,88,2024-07-11 20:19:35,Delivered,740.0,0.0,100,32.0,640.0,UPI
3276,513,115,2024-12-25 23:52:50,Delivered,1180.0,0.0,100,54.0,1080.0,UPI
3277,1763,46,2024-10-21 19:22:53,Delivered,1160.0,0.0,0.0,58.0,1160.0,UPI
3278,1326,129,2023-10-05 16:03:07,Delivered,240.0,30,0.0,13.5,270.0,UPI
3279,1306,15,2024-06-27 15:29:10,Cancelled,960.0,0.0,0.0,48.0,960.0,UPI
3280,803,104,2023-04-25 12:35:50,Pending,870.0,0.0,0.0,43.5,870.0,UPI
3281,1252,60,2024-10-14 14:12:29,Delivered,2370.0,0.0,0.0,118.5,2370.0,Net Banking
3282,728,124,2023-06-15 21:58:49,Delivered,410.0,20,0.0,21.5,430.0,Card
3283,474,84,2024-11-01 13:14:35,Delivered,140.0,40,35.0,7.25,145.0,UPI
3284,1141,12,2023-08-01 21:45:47,Delivered,1150.0,0.0,0.0,57.5,1150.0,Card
3285,684,132,2023-07-01 18:24:49,Delivered,1800.0,0.0,100,85.0,1700.0,UPI
3286,1538,35,2023-04-15 22:20:01,Delivered,870.0,0.0,0.0,43.5,870.0,UPI
3287,1859,50,2023-11-11 21:27:17,Cancelled,650.0,0.0,0.0,32.5,650.0,Wallet
3288,1741,19,2024-08-08 19:30:59,Refunded,840.0,0.0,0.0,42.0,840.0,Cash on Delivery
3289,1578,95,2024-08-21 19:17:29,Delivered,400.0,15,0.0,20.75,415.0,Card
3290,1604,109,2024-08-09 15:57:41,Pending,540.0,0.0,54.0,24.3,486.0,UPI
3291,1698,33,2024-12-24 13:29:54,Delivered,960.0,0.0,96.0,43.2,864.0,UPI
3292,695,82,2024-02-04 12:45:42,Delivered,880.0,0.0,0.0,44.0,880.0,Cash on Delivery
3293,899,112,2024-05-20 20:47:33,Delivered,660.0,0.0,0.0,33.0,660.0,Card
3294,681,115,2023-11-09 14:48:33,Cancelled,660.0,0.0,100,28.0,560.0,Card
3295,204,24,2023-07-14 20:41:07,Delivered,320.0,15,0.0,16.75,335.0,Cash on Delivery
3296,1140,88,2024-04-08 15:34:32,Delivered,410.0,20,100,16.5,330.0,Card
3297,437,102,2024-06-12 14:05:16,Delivered,1590.0,0.0,0.0,79.5,1590.0,UPI
3298,413,136,2023-08-11 13:43:52,Delivered,710.0,0.0,0.0,35.5,710.0,Wallet
3299,1662,21,2024-10-22 21:20:57,Cancelled,500.0,0.0,50.0,22.5,450.0,Wallet
3300,1265,96,2023-02-20 13:31:31,Delivered,140.0,30,0.0,8.5,170.0,Card
3301,1075,122,2024-06-19 19:50:41,Delivered,580.0,0.0,0.0,29.0,580.0,Cash on Delivery
3302,1337,128,2024-06-13 16:59:00,Delivered,210.0,25,0.0,11.75,235.0,Card
3303,153,40,2023-09-30 22:02:48,Pending,1110.0,0.0,0.0,55.5,1110.0,Cash on Delivery
3304,1659,39,2024-08-15 16:45:22,Cancelled,180.0,35,0.0,10.75,215.0,Card
3305,1845,100,2024-11-10 15:57:12,Delivered,1550.0,0.0,0.0,77.5,1550.0,UPI
3306,164,108,2024-12-03 17:41:33,Delivered,1630.0,0.0,0.0,81.5,1630.0,Wallet
3307,350,75,2023-11-18 14:34:32,Cancelled,330.0,20,0.0,17.5,350.0,UPI
3308,398,103,2024-08-04 16:56:50,Pending,900.0,0.0,0.0,45.0,900.0,Cash on Delivery
3309,1668,94,2024-10-27 12:53:29,Delivered,610.0,0.0,100,25.5,510.0,UPI
3310,1490,57,2024-12-17 18:32:56,Pending,220.0,35,0.0,12.75,255.0,Card
3311,948,58,2024-10-23 21:22:17,Delivered,360.0,15,0.0,18.75,375.0,Card
3312,130,50,2023-07-17 09:13:47,Delivered,1590.0,0.0,0.0,79.5,1590.0,Card
3313,227,78,2024-04-17 19:44:54,Delivered,140.0,35,0.0,8.75,175.0,UPI
3314,1444,50,2024-06-01 15:22:51,Delivered,1480.0,0.0,0.0,74.0,1480.0,UPI
3315,288,142,2023-01-04 08:56:36,Cancelled,300.0,15,30.0,14.25,285.0,UPI
3316,1148,38,2024-12-21 13:38:05,Delivered,240.0,30,36.0,11.7,234.0,UPI
3317,357,13,2024-08-29 22:04:07,Cancelled,430.0,25,0.0,22.75,455.0,UPI
3318,1416,85,2024-03-12 20:30:23,Cancelled,1000.0,0.0,0.0,50.0,1000.0,UPI
3319,114,48,2024-05-31 13:33:03,Delivered,2180.0,0.0,100,104.0,2080.0,UPI
3320,1140,131,2023-07-12 13:44:05,Delivered,210.0,25,0.0,11.75,235.0,UPI
3321,1987,37,2023-07-26 17:47:36,Delivered,790.0,0.0,100,34.5,690.0,Cash on Delivery
3322,1365,13,2024-06-06 00:42:39,Delivered,2800.0,0.0,100,135.0,2700.0,UPI
3323,1251,119,2023-09-18 19:29:50,Delivered,410.0,15,0.0,21.25,425.0,UPI
3324,1503,26,2023-03-04 13:41:13,Cancelled,440.0,20,88.0,18.6,372.0,Card
3325,348,70,2023-11-25 19:13:55,Delivered,510.0,0.0,51.0,22.95,459.0,Card
3326,1632,123,2024-05-21 02:43:27,Cancelled,1160.0,0.0,100,53.0,1060.0,UPI
3327,424,21,2023-03-01 14:19:48,Pending,1880.0,0.0,0.0,94.0,1880.0,Net Banking
3328,1056,42,2023-09-28 15:24:41,Delivered,1000.0,0.0,100,45.0,900.0,Card
3329,1296,60,2023-06-13 12:51:30,Delivered,780.0,0.0,0.0,39.0,780.0,Card
3330,749,99,2024-08-11 06:54:03,Delivered,370.0,25,0.0,19.75,395.0,UPI
3331,1959,11,2024-05-28 17:22:08,Delivered,520.0,0.0,0.0,26.0,520.0,UPI
3332,1412,146,2023-01-20 09:49:50,Delivered,220.0,30,0.0,12.5,250.0,UPI
3333,1829,80,2023-12-29 13:57:55,Delivered,900.0,0.0,0.0,45.0,900.0,Cash on Delivery
3334,1309,78,2023-12-31 16:38:45,Cancelled,680.0,0.0,0.0,34.0,680.0,UPI
3335,286,26,2024-10-14 08:53:35,Delivered,230.0,40,46.0,11.2,224.0,UPI
3336,621,37,2023-09-11 09:39:00,Refunded,680.0,0.0,0.0,34.0,680.0,UPI
3337,1439,34,2024-12-16 19:43:08,Delivered,670.0,0.0,0.0,33.5,670.0,Cash on Delivery
3338,939,63,2024-05-28 20:58:31,Refunded,480.0,15,0.0,24.75,495.0,Card
3339,616,98,2024-04-12 18:45:28,Delivered,340.0,20,0.0,18.0,360.0,UPI
3340,1357,43,2024-02-20 13:16:53,Delivered,1410.0,0.0,0.0,70.5,1410.0,Cash on Delivery
3341,148,5,2023-09-21 17:30:17,Cancelled,460.0,20,0.0,24.0,480.0,Cash on Delivery
3342,877,39,2023-06-17 07:09:47,Delivered,640.0,0.0,0.0,32.0,640.0,UPI
3343,1979,148,2023-08-08 12:24:23,Delivered,730.0,0.0,0.0,36.5,730.0,UPI
3344,496,136,2023-11-05 20:30:42,Cancelled,1590.0,0.0,100,74.5,1490.0,UPI
3345,1815,115,2024-05-09 08:55:11,Delivered,1320.0,0.0,0.0,66.0,1320.0,Cash on Delivery
3346,760,38,2024-02-27 14:16:17,Delivered,270.0,40,0.0,15.5,310.0,Card
3347,1919,52,2023-11-12 21:17:43,Delivered,940.0,0.0,94.0,42.3,846.0,Card
3348,1177,132,2023-06-16 11:40:45,Delivered,1470.0,0.0,0.0,73.5,1470.0,UPI
3349,1567,78,2024-04-19 18:52:15,Delivered,100.0,25,25.0,5.0,100.0,UPI
3350,21,79,2023-08-25 16:08:39,Pending,2000.0,0.0,0.0,100.0,2000.0,Net Banking
3351,1524,130,2023-07-26 19:59:47,Cancelled,580.0,0.0,0.0,29.0,580.0,Card
3352,1385,73,2023-07-05 13:53:55,Delivered,820.0,0.0,100,36.0,720.0,Cash on Delivery
3353,313,69,2024-01-09 12:12:40,Delivered,380.0,15,0.0,19.75,395.0,Wallet
3354,466,117,2024-07-09 01:31:08,Delivered,1850.0,0.0,100,87.5,1750.0,UPI
3355,1957,72,2023-08-06 14:07:46,Delivered,1400.0,0.0,100,65.0,1300.0,Cash on Delivery
3356,1361,142,2023-08-18 09:07:35,Delivered,600.0,0.0,0.0,30.0,600.0,Net Banking
3357,392,127,2023-07-04 23:45:46,Cancelled,80.0,30,0.0,5.5,110.0,Wallet
3358,1152,101,2024-09-29 19:28:39,Cancelled,300.0,25,0.0,16.25,325.0,UPI
3359,254,75,2023-10-25 14:50:34,Delivered,560.0,0.0,0.0,28.0,560.0,Cash on Delivery
3360,1519,110,2024-10-18 01:40:50,Delivered,540.0,0.0,0.0,27.0,540.0,Cash on Delivery
3361,344,128,2023-06-17 19:49:44,Delivered,1000.0,0.0,0.0,50.0,1000.0,UPI
3362,1606,146,2024-12-24 12:51:15,Delivered,730.0,0.0,0.0,36.5,730.0,UPI
3363,231,37,2023-04-27 11:30:19,Cancelled,290.0,35,0.0,16.25,325.0,Wallet
3364,1189,26,2023-04-13 12:58:43,Cancelled,420.0,20,42.0,19.9,398.0,UPI
3365,1020,23,2024-06-16 14:51:09,Delivered,270.0,40,0.0,15.5,310.0,UPI
3366,1345,128,2023-06-25 16:18:04,Refunded,1480.0,0.0,0.0,74.0,1480.0,Net Banking
3367,1629,33,2023-07-07 19:53:53,Delivered,1890.0,0.0,100,89.5,1790.0,UPI
3368,927,119,2023-02-22 19:47:20,Delivered,140.0,25,21.0,7.2,144.0,UPI
3369,1403,72,2023-07-02 10:02:08,Refunded,360.0,20,0.0,19.0,380.0,Card
3370,498,101,2023-04-21 20:47:49,Cancelled,100.0,30,0.0,6.5,130.0,Wallet
3371,704,67,2024-03-09 10:15:10,Cancelled,620.0,0.0,100,26.0,520.0,Cash on Delivery
3372,1371,68,2023-01-23 22:47:11,Delivered,750.0,0.0,0.0,37.5,750.0,Card
3373,369,52,2023-07-28 21:50:58,Delivered,1160.0,0.0,0.0,58.0,1160.0,UPI
3374,1974,24,2023-06-09 07:16:18,Delivered,620.0,0.0,93.0,26.35,527.0,Wallet
3375,990,25,2023-09-01 09:16:12,Delivered,940.0,0.0,0.0,47.0,940.0,Cash on Delivery
3376,23,45,2024-08-15 20:16:26,Cancelled,350.0,15,0.0,18.25,365.0,UPI
3377,5,90,2024-07-16 14:01:22,Delivered,500.0,0.0,0.0,25.0,500.0,Cash on Delivery
3378,266,85,2023-06-15 13:53:30,Delivered,200.0,40,30.0,10.5,210.0,Cash on Delivery
3379,543,121,2024-12-19 12:18:12,Refunded,120.0,30,0.0,7.5,150.0,UPI
3380,1969,133,2024-04-14 13:29:56,Delivered,240.0,25,0.0,13.25,265.0,Cash on Delivery
3381,68,51,2023-10-24 21:59:36,Delivered,1160.0,0.0,0.0,58.0,1160.0,UPI
3382,1431,132,2024-01-10 21:37:10,Pending,420.0,15,63.0,18.6,372.0,Card
3383,832,108,2023-06-26 13:35:04,Delivered,2010.0,0.0,0.0,100.5,2010.0,Cash on Delivery
3384,1437,90,2024-05-11 11:13:13,Delivered,980.0,0.0,0.0,49.0,980.0,UPI
3385,165,16,2024-07-05 15:52:07,Delivered,840.0,0.0,0.0,42.0,840.0,Cash on Delivery
3386,966,20,2023-02-27 21:11:01,Delivered,1480.0,0.0,0.0,74.0,1480.0,Cash on Delivery
3387,390,32,2023-06-25 15:00:48,Delivered,660.0,0.0,100,28.0,560.0,Card
3388,69,77,2024-07-21 12:12:54,Delivered,1280.0,0.0,100,59.0,1180.0,UPI
3389,702,15,2023-07-31 16:32:36,Delivered,500.0,0.0,75.0,21.25,425.0,UPI
3390,14,95,2024-04-30 17:51:08,Pending,230.0,40,46.0,11.2,224.0,UPI
3391,1566,133,2024-11-13 19:00:09,Delivered,280.0,25,0.0,15.25,305.0,UPI
3392,1848,14,2024-09-20 17:19:19,Refunded,600.0,0.0,100,25.0,500.0,Wallet
3393,415,88,2024-10-29 12:57:34,Delivered,2090.0,0.0,0.0,104.5,2090.0,Card
3394,1192,61,2024-01-03 14:58:36,Pending,120.0,30,18.0,6.6,132.0,Card
3395,719,11,2024-11-03 17:02:48,Delivered,300.0,25,0.0,16.25,325.0,UPI
3396,278,138,2024-01-25 09:17:36,Delivered,1260.0,0.0,0.0,63.0,1260.0,Card
3397,1225,117,2024-04-10 21:40:41,Cancelled,730.0,0.0,0.0,36.5,730.0,UPI
3398,1072,136,2023-10-03 10:29:57,Delivered,930.0,0.0,0.0,46.5,930.0,UPI
3399,1471,6,2024-04-20 20:31:24,Delivered,1470.0,0.0,100,68.5,1370.0,UPI
3400,1354,14,2024-03-08 18:00:58,Delivered,190.0,35,0.0,11.25,225.0,Net Banking
3401,906,50,2023-07-17 14:54:56,Delivered,330.0,20,0.0,17.5,350.0,UPI
3402,334,120,2024-10-02 14:07:32,Delivered,1280.0,0.0,0.0,64.0,1280.0,Wallet
3403,501,68,2024-09-14 10:36:38,Delivered,1320.0,0.0,0.0,66.0,1320.0,Card
3404,1677,26,2024-07-05 12:50:26,Delivered,190.0,35,0.0,11.25,225.0,Cash on Delivery
3405,162,77,2024-06-27 21:27:47,Pending,1970.0,0.0,100,93.5,1870.0,Card
3406,395,85,2024-01-30 20:54:57,Delivered,210.0,30,52.5,9.38,187.5,UPI
3407,1002,85,2023-02-18 12:46:10,Pending,200.0,25,0.0,11.25,225.0,Card
3408,792,135,2023-08-26 11:44:18,Delivered,110.0,30,27.5,5.62,112.5,Card
3409,1557,46,2024-04-07 10:17:05,Delivered,1840.0,0.0,0.0,92.0,1840.0,Cash on Delivery
3410,1694,98,2024-12-26 10:08:30,Refunded,350.0,25,0.0,18.75,375.0,UPI
3411,1418,70,2023-10-15 13:36:35,Cancelled,50.0,25,5.0,3.5,70.0,UPI
3412,1192,115,2024-04-16 08:31:15,Cancelled,320.0,15,0.0,16.75,335.0,Cash on Delivery
3413,489,94,2024-03-01 23:27:43,Cancelled,870.0,0.0,0.0,43.5,870.0,UPI
3414,1377,129,2024-06-19 14:33:00,Cancelled,350.0,20,0.0,18.5,370.0,Card
3415,495,72,2024-08-07 10:47:51,Delivered,380.0,15,76.0,15.95,319.0,UPI
3416,1833,94,2024-12-12 01:35:19,Refunded,180.0,25,0.0,10.25,205.0,UPI
3417,1972,91,2024-09-23 11:24:43,Refunded,2160.0,0.0,0.0,108.0,2160.0,Cash on Delivery
3418,1928,81,2024-01-09 21:53:46,Delivered,1000.0,0.0,0.0,50.0,1000.0,Card
3419,1415,141,2024-11-05 13:01:04,Delivered,280.0,40,56.0,13.2,264.0,UPI
3420,223,141,2023-04-25 12:31:46,Cancelled,1620.0,0.0,0.0,81.0,1620.0,Cash on Delivery
3421,873,55,2023-11-04 18:50:07,Delivered,260.0,40,39.0,13.05,261.0,Card
3422,1299,100,2024-11-30 19:12:26,Delivered,1930.0,0.0,0.0,96.5,1930.0,Net Banking
3423,36,99,2024-07-20 07:27:42,Delivered,660.0,0.0,66.0,29.7,594.0,UPI
3424,979,40,2023-10-31 09:03:43,Cancelled,530.0,0.0,0.0,26.5,530.0,Cash on Delivery
3425,279,149,2023-08-05 18:47:38,Delivered,620.0,0.0,0.0,31.0,620.0,UPI
3426,365,27,2023-07-26 22:03:11,Cancelled,2670.0,0.0,100,128.5,2570.0,Card
3427,103,38,2023-09-20 14:32:23,Cancelled,1770.0,0.0,0.0,88.5,1770.0,UPI
3428,207,140,2024-03-21 20:08:11,Delivered,190.0,35,47.5,8.88,177.5,UPI
3429,1727,122,2024-12-19 12:18:01,Delivered,690.0,0.0,0.0,34.5,690.0,Wallet
3430,1077,85,2023-02-01 01:51:37,Delivered,210.0,25,52.5,9.12,182.5,Card
3431,563,89,2024-01-18 11:11:03,Delivered,360.0,20,0.0,19.0,380.0,UPI
3432,1803,130,2024-08-25 23:46:26,Delivered,980.0,0.0,0.0,49.0,980.0,Cash on Delivery
3433,1524,27,2024-01-18 23:09:56,Delivered,2400.0,0.0,0.0,120.0,2400.0,UPI
3434,1924,11,2024-11-29 14:11:06,Pending,670.0,0.0,100,28.5,570.0,UPI
3435,1309,38,2024-11-01 10:02:29,Delivered,90.0,40,22.5,5.38,107.5,UPI
3436,721,56,2024-05-30 13:39:22,Refunded,520.0,0.0,78.0,22.1,442.0,Card
3437,344,69,2024-10-02 09:09:43,Delivered,120.0,35,30.0,6.25,125.0,Wallet
3438,1920,19,2023-09-19 23:31:29,Delivered,730.0,0.0,100,31.5,630.0,Wallet
3439,1838,141,2023-01-29 10:04:53,Delivered,960.0,0.0,100,43.0,860.0,Cash on Delivery
3440,1939,79,2023-09-09 12:05:07,Delivered,1450.0,0.0,0.0,72.5,1450.0,Card
3441,1079,38,2024-10-15 18:53:17,Delivered,600.0,0.0,0.0,30.0,600.0,UPI
3442,496,131,2023-11-06 20:27:10,Refunded,320.0,20,80.0,13.0,260.0,UPI
3443,1125,103,2023-11-13 10:00:54,Delivered,480.0,20,0.0,25.0,500.0,Cash on Delivery
3444,895,112,2023-07-07 23:13:40,Cancelled,1290.0,0.0,0.0,64.5,1290.0,Card
3445,424,136,2024-06-25 18:26:43,Pending,1620.0,0.0,0.0,81.0,1620.0,Net Banking
3446,364,94,2024-07-05 16:50:13,Refunded,380.0,25,0.0,20.25,405.0,Card
3447,719,1,2024-11-06 10:13:54,Delivered,2850.0,0.0,100,137.5,2750.0,Card
3448,1847,68,2024-09-24 11:28:49,Delivered,550.0,0.0,0.0,27.5,550.0,UPI
3449,1927,39,2023-07-05 12:11:12,Delivered,2510.0,0.0,0.0,125.5,2510.0,Net Banking
3450,1942,123,2024-09-20 20:08:36,Delivered,240.0,25,0.0,13.25,265.0,Cash on Delivery
3451,1252,13,2024-12-27 15:43:25,Delivered,700.0,0.0,0.0,35.0,700.0,UPI
3452,261,46,2023-07-01 11:30:23,Delivered,1240.0,0.0,0.0,62.0,1240.0,Card
3453,556,17,2024-03-30 11:07:53,Delivered,450.0,25,0.0,23.75,475.0,Cash on Delivery
3454,1053,121,2023-04-08 13:04:20,Refunded,320.0,15,0.0,16.75,335.0,UPI
3455,1871,85,2024-01-16 12:41:34,Delivered,200.0,30,50.0,9.0,180.0,Net Banking
3456,330,51,2024-11-25 13:40:06,Cancelled,2520.0,0.0,100,121.0,2420.0,UPI
3457,1809,14,2024-08-13 19:20:12,Refunded,480.0,25,96.0,20.45,409.0,Card
3458,1999,148,2023-08-20 19:15:05,Delivered,600.0,0.0,0.0,30.0,600.0,Card
3459,634,89,2024-10-09 09:56:25,Pending,1390.0,0.0,100,64.5,1290.0,Card
3460,110,1,2024-02-08 09:58:45,Cancelled,1260.0,0.0,0.0,63.0,1260.0,UPI
3461,1049,91,2023-01-30 19:22:30,Refunded,600.0,0.0,0.0,30.0,600.0,Card
3462,869,138,2024-02-15 20:19:23,Delivered,1660.0,0.0,100,78.0,1560.0,Cash on Delivery
3463,1803,143,2024-08-17 18:36:59,Delivered,590.0,0.0,100,24.5,490.0,Cash on Delivery
3464,423,92,2024-04-11 22:32:59,Delivered,120.0,30,0.0,7.5,150.0,Card
3465,994,70,2023-06-26 17:52:34,Delivered,820.0,0.0,100,36.0,720.0,UPI
3466,314,102,2024-03-20 21:02:51,Refunded,960.0,0.0,100,43.0,860.0,UPI
3467,15,148,2024-08-28 17:24:40,Pending,700.0,0.0,0.0,35.0,700.0,UPI
3468,1789,24,2023-07-21 22:40:41,Delivered,2010.0,0.0,100,95.5,1910.0,Card
3469,661,54,2023-10-07 09:19:56,Delivered,2150.0,0.0,0.0,107.5,2150.0,UPI
3470,1793,99,2023-09-28 09:06:24,Pending,350.0,25,0.0,18.75,375.0,Card
3471,1062,91,2024-06-14 23:03:51,Refunded,600.0,0.0,100,25.0,500.0,Cash on Delivery
3472,1084,102,2023-07-26 08:56:36,Delivered,1890.0,0.0,0.0,94.5,1890.0,UPI
3473,425,126,2024-01-12 15:17:35,Pending,340.0,20,68.0,14.6,292.0,Card
3474,917,73,2024-01-23 13:49:33,Delivered,170.0,30,17.0,9.15,183.0,Card
3475,1892,73,2023-03-19 14:03:33,Refunded,240.0,30,36.0,11.7,234.0,Wallet
3476,173,101,2024-12-13 19:57:06,Cancelled,480.0,15,0.0,24.75,495.0,Card
3477,610,48,2023-07-24 20:31:05,Delivered,720.0,0.0,0.0,36.0,720.0,UPI
3478,736,136,2023-02-26 17:28:49,Delivered,620.0,0.0,0.0,31.0,620.0,UPI
3479,1232,97,2023-09-30 20:47:22,Cancelled,1040.0,0.0,0.0,52.0,1040.0,UPI
3480,1934,115,2024-10-14 12:46:06,Refunded,560.0,0.0,100,23.0,460.0,UPI
3481,6,129,2023-10-28 10:11:50,Delivered,730.0,0.0,100,31.5,630.0,UPI
3482,642,43,2023-04-02 15:59:23,Delivered,660.0,0.0,0.0,33.0,660.0,UPI
3483,1162,94,2024-12-21 21:44:16,Pending,520.0,0.0,0.0,26.0,520.0,Cash on Delivery
3484,657,77,2023-11-22 20:54:03,Cancelled,1300.0,0.0,0.0,65.0,1300.0,Wallet
3485,1433,39,2023-06-14 17:12:35,Delivered,660.0,0.0,100,28.0,560.0,Card
3486,287,138,2024-10-05 22:51:12,Delivered,360.0,15,0.0,18.75,375.0,UPI
3487,1023,10,2023-07-05 12:13:04,Delivered,1090.0,0.0,100,49.5,990.0,Wallet
3488,1792,32,2024-09-23 19:39:13,Delivered,1010.0,0.0,0.0,50.5,1010.0,Wallet
3489,1810,85,2023-09-15 18:35:26,Cancelled,450.0,20,0.0,23.5,470.0,Card
3490,1975,124,2024-03-09 11:48:11,Delivered,480.0,20,0.0,25.0,500.0,Net Banking
3491,1122,15,2024-05-31 21:19:14,Cancelled,250.0,25,0.0,13.75,275.0,Card
3492,1199,32,2023-06-13 20:10:29,Cancelled,270.0,30,0.0,15.0,300.0,UPI
3493,309,19,2024-01-29 12:53:18,Delivered,310.0,25,0.0,16.75,335.0,Cash on Delivery
3494,1578,51,2023-07-18 20:54:32,Cancelled,2220.0,0.0,0.0,111.0,2220.0,UPI
3495,752,16,2024-03-04 09:31:09,Delivered,1450.0,0.0,0.0,72.5,1450.0,Wallet
3496,124,137,2023-10-25 18:34:16,Delivered,980.0,0.0,100,44.0,880.0,Card
3497,744,127,2024-03-11 18:56:26,Cancelled,250.0,25,0.0,13.75,275.0,Wallet
3498,989,110,2023-09-28 21:22:54,Delivered,650.0,0.0,65.0,29.25,585.0,Cash on Delivery
3499,996,95,2023-01-04 08:33:45,Delivered,1800.0,0.0,0.0,90.0,1800.0,UPI
3500,1733,18,2024-01-07 13:36:03,Delivered,430.0,20,0.0,22.5,450.0,Cash on Delivery
3501,1949,128,2024-08-08 12:40:39,Delivered,830.0,0.0,0.0,41.5,830.0,Cash on Delivery
3502,798,127,2024-10-30 18:19:31,Refunded,420.0,15,100,16.75,335.0,UPI
3503,1152,26,2024-10-25 11:47:18,Delivered,600.0,0.0,90.0,25.5,510.0,Card
3504,266,68,2023-07-22 12:46:14,Delivered,490.0,25,0.0,25.75,515.0,UPI
3505,281,8,2023-06-09 18:06:03,Cancelled,660.0,0.0,0.0,33.0,660.0,UPI
3506,1727,111,2023-08-24 20:26:54,Delivered,340.0,20,0.0,18.0,360.0,Cash on Delivery
3507,1558,149,2024-04-01 22:53:40,Delivered,1290.0,0.0,0.0,64.5,1290.0,Card
3508,1969,133,2023-08-09 20:51:58,Delivered,60.0,30,0.0,4.5,90.0,Cash on Delivery
3509,1815,21,2023-12-11 16:10:47,Delivered,900.0,0.0,0.0,45.0,900.0,UPI
3510,1428,102,2024-02-21 19:54:21,Delivered,1100.0,0.0,0.0,55.0,1100.0,UPI
3511,662,27,2024-07-20 07:25:56,Delivered,630.0,0.0,63.0,28.35,567.0,Wallet
3512,1428,100,2023-10-07 06:31:28,Cancelled,1650.0,0.0,100,77.5,1550.0,Card
3513,1166,24,2024-09-17 20:22:58,Delivered,680.0,0.0,0.0,34.0,680.0,Card
3514,1960,115,2024-11-14 06:09:39,Cancelled,800.0,0.0,0.0,40.0,800.0,UPI
3515,1620,72,2023-03-06 17:36:21,Delivered,870.0,0.0,0.0,43.5,870.0,UPI
3516,910,93,2024-05-20 19:34:08,Delivered,280.0,40,70.0,12.5,250.0,UPI
3517,336,31,2023-12-27 12:59:22,Delivered,1030.0,0.0,0.0,51.5,1030.0,UPI
3518,1786,18,2024-09-28 09:43:09,Delivered,1030.0,0.0,100,46.5,930.0,Cash on Delivery
3519,1860,79,2024-12-24 19:06:07,Delivered,550.0,0.0,100,22.5,450.0,UPI
3520,1052,5,2024-01-19 21:15:05,Cancelled,380.0,15,0.0,19.75,395.0,Card
3521,1916,61,2024-08-31 19:06:11,Cancelled,420.0,25,84.0,18.05,361.0,Cash on Delivery
3522,1076,66,2024-07-23 19:40:37,Cancelled,840.0,0.0,0.0,42.0,840.0,UPI
3523,1710,1,2023-05-15 19:49:40,Delivered,90.0,35,9.0,5.8,116.0,UPI
3524,332,85,2024-08-04 15:28:10,Delivered,350.0,25,0.0,18.75,375.0,Card
3525,663,85,2023-10-19 14:23:29,Delivered,100.0,30,15.0,5.75,115.0,Net Banking
3526,322,131,2024-02-27 19:23:07,Delivered,110.0,40,16.5,6.68,133.5,Net Banking
3527,1667,19,2023-12-10 16:54:14,Pending,280.0,40,0.0,16.0,320.0,Net Banking
3528,1698,14,2023-10-15 08:17:15,Cancelled,220.0,40,44.0,10.8,216.0,Wallet
3529,936,103,2024-01-14 18:34:59,Pending,400.0,15,0.0,20.75,415.0,UPI
3530,887,92,2024-04-29 13:41:55,Refunded,220.0,35,0.0,12.75,255.0,Net Banking
3531,600,52,2024-01-08 08:37:08,Refunded,710.0,0.0,0.0,35.5,710.0,UPI
3532,154,86,2024-11-08 09:39:13,Delivered,740.0,0.0,0.0,37.0,740.0,UPI
3533,967,89,2024-04-19 20:51:35,Delivered,840.0,0.0,0.0,42.0,840.0,Card
3534,162,17,2023-10-23 22:30:04,Delivered,1610.0,0.0,0.0,80.5,1610.0,Cash on Delivery
3535,946,131,2024-06-07 13:22:09,Delivered,1330.0,0.0,0.0,66.5,1330.0,UPI
3536,1947,69,2024-02-14 20:01:50,Delivered,2100.0,0.0,0.0,105.0,2100.0,UPI
3537,1457,92,2024-03-11 13:09:32,Delivered,300.0,15,0.0,15.75,315.0,UPI
3538,713,102,2024-09-21 15:10:05,Delivered,2820.0,0.0,0.0,141.0,2820.0,UPI
3539,805,76,2023-03-08 18:26:10,Cancelled,260.0,25,65.0,11.0,220.0,Card
3540,1235,80,2024-09-13 01:38:35,Delivered,310.0,20,0.0,16.5,330.0,UPI
3541,1567,78,2024-04-08 20:52:07,Refunded,390.0,25,0.0,20.75,415.0,Card
3542,241,15,2024-09-05 17:32:29,Delivered,300.0,20,0.0,16.0,320.0,UPI
3543,246,51,2024-02-02 05:37:25,Delivered,3540.0,0.0,0.0,177.0,3540.0,UPI
3544,786,92,2023-08-21 21:02:00,Cancelled,220.0,30,0.0,12.5,250.0,UPI
3545,1703,10,2024-03-07 20:00:29,Delivered,580.0,0.0,0.0,29.0,580.0,Cash on Delivery
3546,1357,13,2023-07-17 09:42:42,Delivered,1850.0,0.0,100,87.5,1750.0,Card
3547,1773,54,2024-05-02 21:42:19,Delivered,230.0,40,0.0,13.5,270.0,UPI
3548,600,114,2024-11-16 21:07:40,Delivered,1180.0,0.0,0.0,59.0,1180.0,Card
3549,1644,69,2024-02-07 23:33:16,Delivered,1130.0,0.0,100,51.5,1030.0,UPI
3550,1732,137,2023-08-05 09:11:25,Delivered,330.0,25,82.5,13.62,272.5,Cash on Delivery
3551,224,75,2024-10-10 07:34:02,Delivered,560.0,0.0,0.0,28.0,560.0,Card
3552,233,89,2024-04-05 13:04:37,Delivered,620.0,0.0,0.0,31.0,620.0,UPI
3553,1486,6,2024-04-24 00:22:16,Delivered,500.0,0.0,0.0,25.0,500.0,Card
3554,1783,98,2023-12-12 22:49:03,Refunded,510.0,0.0,100,20.5,410.0,Cash on Delivery
3555,763,11,2024-05-30 19:21:27,Cancelled,600.0,0.0,0.0,30.0,600.0,UPI
3556,1914,42,2024-10-11 07:26:09,Delivered,550.0,0.0,0.0,27.5,550.0,Card
3557,1082,108,2024-07-04 09:56:51,Cancelled,760.0,0.0,0.0,38.0,760.0,Card
3558,79,34,2023-10-05 12:31:04,Delivered,1440.0,0.0,100,67.0,1340.0,Cash on Delivery
3559,993,141,2023-04-12 22:17:11,Delivered,3800.0,0.0,0.0,190.0,3800.0,Wallet
3560,246,24,2024-11-17 14:25:17,Delivered,520.0,0.0,52.0,23.4,468.0,Card
3561,364,55,2024-10-17 07:39:27,Delivered,220.0,30,0.0,12.5,250.0,UPI
3562,1676,122,2023-03-21 21:28:13,Refunded,870.0,0.0,100,38.5,770.0,Net Banking
3563,1574,68,2024-05-12 21:09:18,Cancelled,100.0,25,20.0,5.25,105.0,Card
3564,703,54,2024-07-14 13:03:41,Delivered,960.0,0.0,0.0,48.0,960.0,Card
3565,767,102,2023-07-10 07:30:01,Delivered,900.0,0.0,100,40.0,800.0,Wallet
3566,397,143,2024-06-12 11:52:51,Delivered,1410.0,0.0,100,65.5,1310.0,Wallet
3567,565,109,2023-07-31 19:57:12,Cancelled,540.0,0.0,100,22.0,440.0,UPI
3568,41,134,2024-02-09 01:19:49,Delivered,140.0,40,21.0,7.95,159.0,Cash on Delivery
3569,1365,61,2023-10-20 22:37:11,Refunded,360.0,15,0.0,18.75,375.0,UPI
3570,1720,91,2024-12-12 19:37:09,Cancelled,400.0,20,40.0,19.0,380.0,Wallet
3571,373,140,2023-07-24 03:52:16,Pending,1130.0,0.0,100,51.5,1030.0,Net Banking
3572,1000,1,2024-04-20 18:46:50,Delivered,110.0,40,0.0,7.5,150.0,Net Banking
3573,1269,101,2023-07-08 12:30:34,Refunded,120.0,30,18.0,6.6,132.0,Cash on Delivery
3574,1349,40,2024-11-05 10:19:13,Delivered,170.0,25,42.5,7.62,152.5,UPI
3575,1504,108,2023-03-22 11:08:20,Cancelled,1340.0,0.0,0.0,67.0,1340.0,UPI
3576,461,148,2024-05-14 16:03:26,Delivered,650.0,0.0,0.0,32.5,650.0,UPI
3577,1428,98,2023-12-03 10:49:58,Refunded,250.0,35,62.5,11.12,222.5,Card
3578,1371,20,2023-07-31 18:59:32,Delivered,1790.0,0.0,0.0,89.5,1790.0,Net Banking
3579,1648,111,2024-06-30 20:48:24,Refunded,610.0,0.0,91.5,25.93,518.5,Card
3580,1250,8,2024-08-27 21:04:42,Delivered,170.0,30,0.0,10.0,200.0,UPI
3581,141,144,2024-06-06 23:31:19,Delivered,330.0,20,0.0,17.5,350.0,Card
3582,1116,94,2023-11-11 19:26:47,Delivered,450.0,20,0.0,23.5,470.0,Cash on Delivery
3583,1342,100,2023-07-27 20:48:15,Delivered,320.0,25,0.0,17.25,345.0,UPI
3584,401,80,2023-02-07 15:14:27,Cancelled,210.0,30,0.0,12.0,240.0,UPI
3585,497,12,2024-09-29 15:51:53,Delivered,790.0,0.0,100,34.5,690.0,Wallet
3586,1467,136,2023-10-23 22:43:34,Delivered,350.0,20,0.0,18.5,370.0,Cash on Delivery
3587,896,112,2024-04-15 16:26:46,Pending,980.0,0.0,0.0,49.0,980.0,UPI
3588,1847,110,2023-10-28 19:58:30,Delivered,1390.0,0.0,0.0,69.5,1390.0,Card
3589,225,57,2024-06-08 19:06:40,Refunded,320.0,20,0.0,17.0,340.0,Card
3590,1923,55,2023-10-02 23:10:14,Delivered,480.0,25,72.0,21.65,433.0,UPI
3591,1735,51,2023-06-03 10:18:03,Pending,1500.0,0.0,0.0,75.0,1500.0,Card
3592,1079,58,2024-05-17 08:46:51,Refunded,390.0,25,0.0,20.75,415.0,Cash on Delivery
3593,1586,29,2024-03-03 07:20:37,Delivered,640.0,0.0,0.0,32.0,640.0,UPI
3594,93,115,2023-09-22 22:20:09,Delivered,730.0,0.0,100,31.5,630.0,Card
3595,901,125,2023-12-24 14:47:51,Cancelled,180.0,30,18.0,9.6,192.0,UPI
3596,1583,125,2023-10-17 21:27:35,Delivered,950.0,0.0,95.0,42.75,855.0,UPI
3597,306,125,2024-03-29 11:20:46,Cancelled,560.0,0.0,0.0,28.0,560.0,Card
3598,1847,125,2024-10-13 08:03:07,Cancelled,1260.0,0.0,0.0,63.0,1260.0,UPI
3599,1510,115,2024-05-02 04:29:24,Delivered,270.0,30,0.0,15.0,300.0,Cash on Delivery
3600,964,104,2024-09-15 10:50:47,Delivered,250.0,35,0.0,14.25,285.0,UPI
3601,405,46,2023-12-28 16:36:18,Delivered,1440.0,0.0,0.0,72.0,1440.0,UPI
3602,279,80,2023-09-23 07:45:57,Refunded,830.0,0.0,100,36.5,730.0,UPI
3603,1876,34,2023-08-08 16:50:58,Cancelled,480.0,15,0.0,24.75,495.0,Cash on Delivery
3604,1192,96,2023-11-18 14:28:18,Cancelled,180.0,35,0.0,10.75,215.0,Cash on Delivery
3605,753,126,2023-07-14 12:14:47,Pending,420.0,20,42.0,19.9,398.0,UPI
3606,556,144,2024-06-25 20:54:14,Refunded,210.0,40,42.0,10.4,208.0,Card
3607,1874,64,2024-02-17 11:20:44,Refunded,1390.0,0.0,0.0,69.5,1390.0,UPI
3608,1250,144,2024-09-25 12:35:58,Delivered,240.0,25,60.0,10.25,205.0,Card
3609,1970,5,2024-12-10 12:18:31,Delivered,860.0,0.0,100,38.0,760.0,UPI
3610,967,56,2024-09-25 14:12:08,Delivered,210.0,30,0.0,12.0,240.0,Card
3611,1512,144,2024-10-06 11:32:21,Cancelled,790.0,0.0,0.0,39.5,790.0,Wallet
3612,358,148,2023-06-09 16:15:03,Delivered,2610.0,0.0,100,125.5,2510.0,Card
3613,1423,23,2023-04-18 15:29:25,Pending,1870.0,0.0,0.0,93.5,1870.0,UPI
3614,1309,39,2024-09-25 17:28:25,Cancelled,370.0,25,0.0,19.75,395.0,Cash on Delivery
3615,1273,79,2023-12-26 13:17:41,Pending,900.0,0.0,0.0,45.0,900.0,UPI
3616,1203,92,2024-01-28 21:30:20,Delivered,220.0,30,0.0,12.5,250.0,Cash on Delivery
3617,208,112,2024-11-03 16:14:58,Refunded,350.0,25,0.0,18.75,375.0,Cash on Delivery
3618,639,66,2023-02-16 20:00:59,Delivered,300.0,15,75.0,12.0,240.0,UPI
3619,94,26,2023-02-11 11:08:04,Delivered,480.0,20,0.0,25.0,500.0,Cash on Delivery
3620,1565,97,2024-08-31 18:18:53,Delivered,790.0,0.0,0.0,39.5,790.0,UPI
3621,1570,140,2023-01-28 18:32:20,Delivered,120.0,40,0.0,8.0,160.0,UPI
3622,672,109,2023-07-01 07:20:31,Cancelled,920.0,0.0,100,41.0,820.0,UPI
3623,1123,77,2023-09-23 15:52:34,Refunded,810.0,0.0,81.0,36.45,729.0,Net Banking
3624,1565,109,2023-04-19 20:16:05,Pending,1740.0,0.0,0.0,87.0,1740.0,UPI
3625,1537,115,2023-07-04 16:53:16,Delivered,540.0,0.0,0.0,27.0,540.0,Card
3626,1917,129,2023-02-22 15:52:13,Delivered,170.0,25,0.0,9.75,195.0,Cash on Delivery
3627,532,131,2023-07-21 23:40:23,Cancelled,1450.0,0.0,100,67.5,1350.0,UPI
3628,704,46,2024-10-11 21:42:20,Cancelled,320.0,15,0.0,16.75,335.0,Wallet
3629,1172,78,2023-05-09 22:43:37,Delivered,1250.0,0.0,100,57.5,1150.0,UPI
3630,317,143,2023-08-06 19:57:56,Delivered,590.0,0.0,0.0,29.5,590.0,Cash on Delivery
3631,654,146,2024-06-13 13:45:57,Delivered,1180.0,0.0,0.0,59.0,1180.0,UPI
3632,242,58,2023-08-03 18:46:22,Delivered,900.0,0.0,0.0,45.0,900.0,Cash on Delivery
3633,949,97,2023-03-06 18:15:32,Refunded,910.0,0.0,0.0,45.5,910.0,Wallet
3634,774,126,2023-05-27 14:27:39,Delivered,1800.0,0.0,0.0,90.0,1800.0,Net Banking
3635,1444,18,2024-04-25 12:59:01,Delivered,700.0,0.0,70.0,31.5,630.0,UPI
3636,1746,12,2023-06-29 18:22:23,Delivered,460.0,25,69.0,20.8,416.0,Net Banking
3637,1770,141,2023-03-01 20:23:05,Refunded,1570.0,0.0,0.0,78.5,1570.0,UPI
3638,463,23,2023-11-09 20:06:18,Delivered,990.0,0.0,0.0,49.5,990.0,Card
3639,596,130,2023-05-18 12:38:30,Delivered,100.0,40,0.0,7.0,140.0,UPI
3640,434,18,2024-04-28 13:15:59,Delivered,1050.0,0.0,0.0,52.5,1050.0,UPI
3641,624,113,2023-06-07 18:24:22,Refunded,340.0,20,0.0,18.0,360.0,Card
3642,614,34,2024-07-23 18:27:50,Cancelled,560.0,0.0,0.0,28.0,560.0,Card
3643,1119,132,2024-02-18 19:05:58,Cancelled,330.0,20,0.0,17.5,350.0,Card
3644,731,77,2024-01-17 09:20:58,Delivered,540.0,0.0,0.0,27.0,540.0,Wallet
3645,1163,15,2024-03-10 13:55:47,Refunded,810.0,0.0,0.0,40.5,810.0,Net Banking
3646,179,35,2023-10-17 20:18:14,Cancelled,280.0,40,0.0,16.0,320.0,Cash on Delivery
3647,1295,31,2024-12-21 00:12:37,Delivered,160.0,40,40.0,8.0,160.0,Cash on Delivery
3648,830,35,2023-03-15 12:06:38,Delivered,700.0,0.0,100,30.0,600.0,UPI
3649,1700,23,2023-09-06 17:57:06,Cancelled,1040.0,0.0,100,47.0,940.0,Cash on Delivery
3650,1831,95,2023-09-17 17:48:39,Delivered,580.0,0.0,0.0,29.0,580.0,UPI
3651,1551,50,2023-05-01 19:52:38,Pending,630.0,0.0,100,26.5,530.0,UPI
3652,1946,89,2023-11-17 13:09:04,Delivered,720.0,0.0,100,31.0,620.0,UPI
3653,432,16,2024-07-20 03:03:04,Delivered,110.0,40,11.0,6.95,139.0,UPI
3654,251,54,2023-06-22 23:58:27,Cancelled,350.0,20,35.0,16.75,335.0,UPI
3655,1278,6,2024-09-24 18:22:21,Delivered,1840.0,0.0,0.0,92.0,1840.0,UPI
3656,1436,48,2024-02-01 15:47:02,Delivered,450.0,25,0.0,23.75,475.0,Cash on Delivery
3657,1557,76,2024-07-03 18:06:06,Delivered,290.0,35,43.5,14.08,281.5,Cash on Delivery
3658,1522,58,2023-08-26 07:49:15,Refunded,690.0,0.0,0.0,34.5,690.0,Wallet
3659,1905,149,2024-10-24 13:41:04,Delivered,410.0,20,0.0,21.5,430.0,Card
3660,1827,95,2024-01-08 15:12:44,Delivered,1110.0,0.0,100,50.5,1010.0,Card
3661,1311,25,2024-03-06 10:07:41,Delivered,1120.0,0.0,100,51.0,1020.0,Cash on Delivery
3662,824,104,2023-10-30 09:22:11,Delivered,570.0,0.0,57.0,25.65,513.0,Card
3663,1691,33,2024-05-12 19:13:36,Delivered,260.0,30,26.0,13.2,264.0,Cash on Delivery
3664,1091,32,2023-09-29 20:28:06,Cancelled,1260.0,0.0,0.0,63.0,1260.0,UPI
3665,84,117,2023-06-13 08:38:18,Cancelled,660.0,0.0,100,28.0,560.0,Card
3666,849,88,2023-06-15 11:34:18,Delivered,2110.0,0.0,100,100.5,2010.0,Cash on Delivery
3667,1364,99,2024-03-31 18:40:37,Pending,800.0,0.0,100,35.0,700.0,UPI
3668,1400,72,2023-09-27 05:08:06,Delivered,1070.0,0.0,0.0,53.5,1070.0,Cash on Delivery
3669,641,21,2023-10-21 16:52:22,Cancelled,680.0,0.0,0.0,34.0,680.0,UPI
3670,970,67,2024-09-20 17:11:56,Pending,560.0,0.0,0.0,28.0,560.0,UPI
3671,1584,81,2024-01-02 13:19:36,Refunded,90.0,40,0.0,6.5,130.0,Card
3672,1052,77,2024-07-06 09:02:29,Delivered,900.0,0.0,0.0,45.0,900.0,UPI
3673,448,101,2024-01-19 18:27:32,Delivered,240.0,40,0.0,14.0,280.0,Wallet
3674,840,72,2023-09-14 12:02:30,Refunded,620.0,0.0,93.0,26.35,527.0,Card
3675,242,68,2024-07-26 18:50:20,Cancelled,1160.0,0.0,0.0,58.0,1160.0,Cash on Delivery
3676,1158,142,2023-07-05 15:29:07,Pending,600.0,0.0,0.0,30.0,600.0,Card
3677,1885,111,2023-11-04 08:30:31,Delivered,770.0,0.0,0.0,38.5,770.0,Wallet
3678,1289,21,2023-06-10 23:29:18,Cancelled,610.0,0.0,0.0,30.5,610.0,Wallet
3679,332,114,2024-11-01 21:33:29,Delivered,160.0,40,16.0,9.2,184.0,Cash on Delivery
3680,24,69,2024-04-22 12:49:11,Pending,480.0,15,48.0,22.35,447.0,Cash on Delivery
3681,82,142,2024-02-18 18:47:17,Cancelled,600.0,0.0,0.0,30.0,600.0,Card
3682,418,124,2024-08-13 23:32:56,Delivered,1180.0,0.0,0.0,59.0,1180.0,UPI
3683,120,140,2023-01-26 16:56:03,Delivered,440.0,20,0.0,23.0,460.0,Net Banking
3684,1245,140,2024-02-05 18:02:37,Delivered,1100.0,0.0,0.0,55.0,1100.0,UPI
3685,711,55,2023-12-30 12:44:46,Delivered,720.0,0.0,0.0,36.0,720.0,Wallet
3686,1203,105,2024-05-12 13:39:27,Pending,460.0,20,0.0,24.0,480.0,UPI
3687,55,111,2024-01-13 12:09:27,Delivered,680.0,0.0,0.0,34.0,680.0,UPI
3688,1582,70,2023-10-22 08:15:54,Cancelled,450.0,20,0.0,23.5,470.0,UPI
3689,1154,80,2023-08-23 18:02:21,Delivered,640.0,0.0,96.0,27.2,544.0,UPI
3690,1665,85,2023-11-18 10:37:26,Delivered,500.0,0.0,0.0,25.0,500.0,Wallet
3691,342,43,2023-11-01 08:37:31,Cancelled,180.0,30,0.0,10.5,210.0,Card
3692,204,133,2024-11-25 22:21:21,Delivered,500.0,0.0,75.0,21.25,425.0,UPI
3693,909,43,2024-12-19 07:40:06,Delivered,1130.0,0.0,0.0,56.5,1130.0,Net Banking
3694,1902,140,2024-02-03 16:53:38,Delivered,140.0,30,21.0,7.45,149.0,Wallet
3695,1138,89,2023-11-18 13:31:15,Cancelled,100.0,25,0.0,6.25,125.0,UPI
3696,324,66,2024-10-10 11:09:57,Cancelled,1120.0,0.0,100,51.0,1020.0,UPI
3697,584,98,2023-10-13 12:33:29,Delivered,680.0,0.0,68.0,30.6,612.0,Cash on Delivery
3698,1443,149,2023-08-18 13:27:17,Delivered,620.0,0.0,0.0,31.0,620.0,Cash on Delivery
3699,948,19,2023-07-10 14:10:52,Delivered,830.0,0.0,0.0,41.5,830.0,Net Banking
3700,821,92,2023-09-03 20:35:19,Delivered,80.0,30,12.0,4.9,98.0,Card
3701,324,54,2024-03-12 12:29:26,Cancelled,300.0,15,0.0,15.75,315.0,Card
3702,1041,48,2023-02-23 13:12:30,Delivered,110.0,35,16.5,6.43,128.5,Cash on Delivery
3703,1362,80,2023-03-15 14:26:51,Cancelled,3030.0,0.0,0.0,151.5,3030.0,UPI
3704,659,120,2023-09-18 15:26:26,Delivered,680.0,0.0,0.0,34.0,680.0,Cash on Delivery
3705,118,66,2023-06-17 21:14:18,Delivered,140.0,40,0.0,9.0,180.0,Card
3706,990,120,2023-09-22 10:54:23,Delivered,920.0,0.0,100,41.0,820.0,Card
3707,1919,123,2024-07-26 12:37:15,Delivered,1280.0,0.0,0.0,64.0,1280.0,Wallet
3708,773,58,2024-05-29 14:26:23,Delivered,540.0,0.0,0.0,27.0,540.0,UPI
3709,210,123,2024-06-13 12:23:15,Refunded,400.0,15,100.0,15.75,315.0,Wallet
3710,1231,32,2023-02-09 19:10:05,Cancelled,1160.0,0.0,0.0,58.0,1160.0,Net Banking
3711,62,91,2024-01-07 11:16:18,Delivered,1520.0,0.0,0.0,76.0,1520.0,Net Banking
3712,822,5,2023-01-14 19:59:36,Delivered,1190.0,0.0,0.0,59.5,1190.0,Cash on Delivery
3713,679,149,2024-12-22 12:00:21,Delivered,620.0,0.0,0.0,31.0,620.0,Wallet
3714,1160,69,2024-07-04 18:50:49,Cancelled,680.0,0.0,0.0,34.0,680.0,UPI
3715,1052,77,2024-02-04 19:03:09,Refunded,720.0,0.0,0.0,36.0,720.0,Wallet
3716,718,144,2024-01-01 14:59:11,Cancelled,1420.0,0.0,0.0,71.0,1420.0,UPI
3717,1090,123,2024-10-21 20:32:02,Delivered,240.0,35,0.0,13.75,275.0,Card
3718,1,99,2023-07-06 14:12:39,Cancelled,840.0,0.0,100,37.0,740.0,Wallet
3719,531,121,2023-10-20 22:33:10,Cancelled,500.0,0.0,100.0,20.0,400.0,Card
3720,608,98,2023-08-26 09:26:56,Delivered,830.0,0.0,100,36.5,730.0,Cash on Delivery
3721,327,113,2023-12-26 10:31:47,Cancelled,140.0,30,28.0,7.1,142.0,UPI
3722,439,48,2024-03-24 12:59:24,Delivered,560.0,0.0,100,23.0,460.0,UPI
3723,1693,35,2024-04-18 19:10:08,Cancelled,190.0,30,0.0,11.0,220.0,Card
3724,626,112,2024-12-26 13:34:36,Delivered,310.0,15,0.0,16.25,325.0,UPI
3725,1352,104,2024-11-23 12:57:10,Refunded,340.0,25,0.0,18.25,365.0,UPI
3726,165,91,2024-10-16 15:24:43,Pending,1120.0,0.0,0.0,56.0,1120.0,Cash on Delivery
3727,1920,123,2023-11-11 11:06:12,Refunded,1400.0,0.0,0.0,70.0,1400.0,Cash on Delivery
3728,1582,27,2024-09-26 11:18:40,Refunded,60.0,40,6.0,4.7,94.0,UPI
3729,1860,138,2023-06-20 19:07:16,Delivered,220.0,25,44.0,10.05,201.0,Card
3730,1578,98,2024-01-01 20:12:57,Delivered,430.0,25,86.0,18.45,369.0,UPI
3731,1629,57,2024-06-06 06:41:39,Delivered,1050.0,0.0,100,47.5,950.0,Wallet
3732,987,57,2024-08-29 19:56:06,Delivered,580.0,0.0,100,24.0,480.0,Card
3733,1443,133,2024-02-29 16:21:36,Delivered,280.0,35,0.0,15.75,315.0,Cash on Delivery
3734,1076,66,2024-02-22 09:32:20,Delivered,970.0,0.0,0.0,48.5,970.0,Cash on Delivery
3735,1601,75,2023-08-05 12:38:46,Refunded,590.0,0.0,0.0,29.5,590.0,UPI
3736,1064,79,2024-07-14 12:37:42,Cancelled,1220.0,0.0,0.0,61.0,1220.0,Cash on Delivery
3737,336,141,2024-11-15 00:41:58,Delivered,620.0,0.0,0.0,31.0,620.0,UPI
3738,810,123,2024-06-13 17:34:01,Delivered,760.0,0.0,100,33.0,660.0,UPI
3739,28,90,2024-07-06 22:10:06,Delivered,1130.0,0.0,0.0,56.5,1130.0,UPI
3740,1042,29,2024-09-02 14:15:05,Pending,450.0,20,0.0,23.5,470.0,UPI
3741,553,38,2024-09-08 19:35:18,Delivered,1230.0,0.0,0.0,61.5,1230.0,UPI
3742,1285,131,2023-11-01 14:37:33,Delivered,610.0,0.0,61.0,27.45,549.0,UPI
3743,1598,63,2024-05-16 23:49:56,Cancelled,560.0,0.0,0.0,28.0,560.0,Wallet
3744,469,91,2024-03-07 13:42:20,Delivered,400.0,15,0.0,20.75,415.0,UPI
3745,709,15,2024-04-10 12:29:57,Cancelled,250.0,35,25.0,13.0,260.0,UPI
3746,252,94,2024-01-16 16:41:41,Delivered,780.0,0.0,0.0,39.0,780.0,UPI
3747,1545,93,2023-07-18 09:29:10,Refunded,280.0,30,70.0,12.0,240.0,UPI
3748,497,34,2024-11-05 18:16:06,Refunded,620.0,0.0,0.0,31.0,620.0,Card
3749,228,110,2024-08-13 01:15:04,Delivered,1210.0,0.0,0.0,60.5,1210.0,UPI
3750,794,130,2023-12-12 18:37:08,Refunded,680.0,0.0,0.0,34.0,680.0,UPI
3751,1689,111,2023-01-10 15:23:27,Delivered,240.0,35,24.0,12.55,251.0,Net Banking
3752,1187,125,2023-06-22 14:28:06,Delivered,780.0,0.0,78.0,35.1,702.0,Card
3753,372,89,2024-09-21 21:54:37,Refunded,1690.0,0.0,100,79.5,1590.0,UPI
3754,392,67,2023-11-09 18:53:17,Delivered,980.0,0.0,0.0,49.0,980.0,Card
3755,1007,93,2023-05-10 14:02:55,Cancelled,900.0,0.0,0.0,45.0,900.0,Card
3756,739,115,2024-11-22 20:32:10,Delivered,200.0,40,20.0,11.0,220.0,UPI
3757,1026,93,2023-10-07 19:07:50,Delivered,360.0,25,0.0,19.25,385.0,UPI
3758,1546,137,2023-11-15 10:06:56,Delivered,680.0,0.0,0.0,34.0,680.0,Cash on Delivery
3759,375,75,2024-10-03 12:11:29,Delivered,1260.0,0.0,0.0,63.0,1260.0,Wallet
3760,205,136,2024-10-09 15:43:06,Delivered,1350.0,0.0,0.0,67.5,1350.0,UPI
3761,1129,76,2023-12-01 12:33:07,Delivered,110.0,35,11.0,6.7,134.0,Cash on Delivery
3762,1238,82,2023-06-19 11:48:32,Cancelled,1060.0,0.0,0.0,53.0,1060.0,Wallet
3763,1278,93,2024-01-07 23:53:16,Delivered,1400.0,0.0,100,65.0,1300.0,UPI
3764,689,67,2023-09-06 18:35:19,Delivered,730.0,0.0,0.0,36.5,730.0,UPI
3765,1880,5,2024-11-20 19:57:15,Cancelled,280.0,35,0.0,15.75,315.0,Wallet
3766,336,31,2023-09-03 21:41:48,Delivered,230.0,30,23.0,11.85,237.0,UPI
3767,1452,117,2023-09-30 17:15:19,Delivered,910.0,0.0,100,40.5,810.0,Card
3768,798,58,2023-09-21 21:33:56,Delivered,180.0,40,0.0,11.0,220.0,Net Banking
3769,696,126,2023-03-05 19:59:09,Cancelled,720.0,0.0,100,31.0,620.0,UPI
3770,705,101,2023-11-25 12:09:23,Pending,290.0,25,29.0,14.3,286.0,UPI
3771,1183,62,2023-02-08 12:15:10,Delivered,300.0,20,60.0,13.0,260.0,Wallet
3772,606,126,2023-11-04 12:54:39,Delivered,730.0,0.0,0.0,36.5,730.0,UPI
3773,327,134,2024-03-15 01:22:51,Refunded,390.0,25,0.0,20.75,415.0,Wallet
3774,1657,64,2024-10-10 02:33:27,Refunded,2040.0,0.0,0.0,102.0,2040.0,Cash on Delivery
3775,875,52,2024-03-09 09:15:25,Delivered,1340.0,0.0,0.0,67.0,1340.0,Wallet
3776,1286,132,2023-12-02 15:45:31,Cancelled,110.0,25,16.5,5.93,118.5,UPI
3777,1324,94,2024-04-29 21:30:57,Refunded,1200.0,0.0,0.0,60.0,1200.0,Net Banking
3778,1889,131,2023-05-31 22:56:09,Cancelled,1120.0,0.0,0.0,56.0,1120.0,UPI
3779,167,42,2023-03-04 13:16:14,Cancelled,1280.0,0.0,0.0,64.0,1280.0,Card
3780,443,142,2024-06-01 13:51:04,Delivered,300.0,20,0.0,16.0,320.0,Cash on Delivery
3781,1703,29,2023-01-14 21:51:54,Pending,2020.0,0.0,100,96.0,1920.0,Cash on Delivery
3782,568,140,2023-07-31 18:14:32,Delivered,910.0,0.0,0.0,45.5,910.0,Card
3783,1064,91,2023-06-17 16:57:39,Delivered,1240.0,0.0,0.0,62.0,1240.0,UPI
3784,1276,76,2023-04-12 19:15:25,Cancelled,270.0,25,54.0,12.05,241.0,Wallet
3785,264,34,2023-08-21 12:52:03,Delivered,840.0,0.0,0.0,42.0,840.0,UPI
3786,79,1,2023-06-15 16:36:03,Cancelled,470.0,15,47.0,21.9,438.0,UPI
3787,633,50,2023-12-30 12:56:59,Delivered,560.0,0.0,84.0,23.8,476.0,Cash on Delivery
3788,464,130,2023-02-03 13:33:31,Cancelled,1400.0,0.0,100,65.0,1300.0,Wallet
3789,1445,60,2023-10-04 11:05:49,Delivered,620.0,0.0,0.0,31.0,620.0,UPI
3790,1445,137,2023-08-20 19:19:11,Delivered,1720.0,0.0,100,81.0,1620.0,UPI
3791,1880,136,2023-09-13 09:40:03,Delivered,270.0,40,0.0,15.5,310.0,UPI
3792,1535,68,2023-04-14 11:51:54,Delivered,420.0,15,0.0,21.75,435.0,Cash on Delivery
3793,1566,128,2023-12-22 14:17:34,Cancelled,640.0,0.0,64.0,28.8,576.0,UPI
3794,1244,50,2024-08-30 19:09:34,Delivered,70.0,25,0.0,4.75,95.0,Cash on Delivery
3795,1773,105,2024-12-18 06:16:58,Delivered,750.0,0.0,0.0,37.5,750.0,UPI
3796,1186,10,2024-05-23 10:17:38,Delivered,280.0,30,0.0,15.5,310.0,Wallet
3797,1724,97,2024-01-27 14:22:13,Delivered,550.0,0.0,0.0,27.5,550.0,Cash on Delivery
3798,1264,142,2024-02-12 12:25:11,Delivered,600.0,0.0,0.0,30.0,600.0,UPI
3799,1038,24,2024-01-28 12:53:08,Delivered,420.0,15,0.0,21.75,435.0,Wallet
3800,190,105,2023-07-28 18:43:01,Delivered,810.0,0.0,0.0,40.5,810.0,UPI
3801,1847,57,2024-11-17 22:43:14,Refunded,820.0,0.0,82.0,36.9,738.0,UPI
3802,353,46,2024-05-15 10:53:26,Delivered,270.0,40,40.5,13.48,269.5,Net Banking
3803,1795,122,2023-03-12 18:13:41,Delivered,1180.0,0.0,0.0,59.0,1180.0,Net Banking
3804,1869,94,2024-07-06 15:38:31,Delivered,680.0,0.0,100,29.0,580.0,Card
3805,14,128,2024-09-18 11:57:22,Delivered,530.0,0.0,0.0,26.5,530.0,Card
3806,683,24,2024-10-13 14:51:53,Delivered,320.0,20,64.0,13.8,276.0,Cash on Delivery
3807,1246,67,2023-10-28 12:30:15,Delivered,120.0,30,0.0,7.5,150.0,Net Banking
3808,1270,78,2024-09-19 14:48:03,Delivered,280.0,30,28.0,14.1,282.0,UPI
3809,1053,11,2023-03-12 14:50:02,Pending,1210.0,0.0,100,55.5,1110.0,UPI
3810,474,70,2024-01-08 21:33:11,Delivered,1060.0,0.0,0.0,53.0,1060.0,Cash on Delivery
3811,277,76,2023-09-24 15:48:33,Delivered,90.0,25,22.5,4.62,92.5,UPI
3812,853,100,2023-09-08 15:45:02,Delivered,1630.0,0.0,0.0,81.5,1630.0,Card
3813,292,127,2024-03-11 09:19:18,Cancelled,430.0,25,100,17.75,355.0,Cash on Delivery
3814,1069,35,2024-08-05 12:26:33,Delivered,1450.0,0.0,0.0,72.5,1450.0,UPI
3815,1799,91,2023-02-03 13:50:50,Delivered,200.0,25,0.0,11.25,225.0,Wallet
3816,255,129,2023-12-20 08:43:28,Delivered,520.0,0.0,52.0,23.4,468.0,UPI
3817,887,48,2024-08-23 09:33:44,Delivered,180.0,25,18.0,9.35,187.0,UPI
3818,1878,131,2023-06-12 18:22:24,Cancelled,560.0,0.0,0.0,28.0,560.0,Cash on Delivery
3819,768,34,2023-08-25 14:06:22,Delivered,410.0,15,0.0,21.25,425.0,UPI
3820,911,25,2024-05-11 09:19:12,Delivered,880.0,0.0,0.0,44.0,880.0,Net Banking
3821,1062,40,2024-02-28 11:26:51,Refunded,720.0,0.0,72.0,32.4,648.0,UPI
3822,1494,17,2023-01-16 14:10:43,Cancelled,600.0,0.0,0.0,30.0,600.0,Cash on Delivery
3823,223,82,2023-12-30 12:26:27,Delivered,760.0,0.0,0.0,38.0,760.0,Wallet
3824,225,84,2024-09-20 12:23:41,Refunded,720.0,0.0,100,31.0,620.0,UPI
3825,752,88,2023-07-27 07:52:05,Cancelled,190.0,40,0.0,11.5,230.0,Cash on Delivery
3826,255,108,2024-12-27 15:14:35,Delivered,870.0,0.0,0.0,43.5,870.0,Card
3827,138,64,2024-01-01 13:59:03,Cancelled,60.0,40,0.0,5.0,100.0,Card
3828,164,14,2024-07-07 22:47:45,Refunded,240.0,30,36.0,11.7,234.0,Wallet
3829,1702,40,2024-03-06 08:35:58,Delivered,390.0,15,0.0,20.25,405.0,UPI
3830,615,52,2024-04-02 04:01:22,Cancelled,180.0,25,45.0,8.0,160.0,UPI
3831,746,93,2023-08-09 23:34:44,Delivered,800.0,0.0,100,35.0,700.0,Card
3832,424,97,2023-03-06 19:29:49,Delivered,840.0,0.0,84.0,37.8,756.0,UPI
3833,900,76,2024-11-10 19:50:26,Cancelled,310.0,25,77.5,12.88,257.5,UPI
3834,1252,43,2023-06-27 22:05:58,Cancelled,70.0,35,0.0,5.25,105.0,UPI
3835,1062,100,2023-10-15 13:59:43,Cancelled,100.0,35,25.0,5.5,110.0,UPI
3836,144,102,2024-10-21 22:51:40,Delivered,1390.0,0.0,0.0,69.5,1390.0,UPI
3837,1726,133,2023-12-14 11:27:41,Delivered,660.0,0.0,0.0,33.0,660.0,Cash on Delivery
3838,378,1,2023-10-17 13:21:11,Pending,940.0,0.0,0.0,47.0,940.0,Cash on Delivery
3839,1955,17,2023-04-06 18:19:53,Cancelled,950.0,0.0,0.0,47.5,950.0,UPI
3840,989,144,2024-07-25 22:22:44,Pending,970.0,0.0,0.0,48.5,970.0,UPI
3841,683,115,2023-07-17 13:42:08,Delivered,1500.0,0.0,0.0,75.0,1500.0,Cash on Delivery
3842,845,112,2023-04-03 19:02:54,Delivered,520.0,0.0,0.0,26.0,520.0,UPI
3843,1362,134,2023-02-20 04:25:50,Pending,370.0,20,0.0,19.5,390.0,Cash on Delivery
3844,763,142,2023-03-18 12:46:59,Refunded,600.0,0.0,0.0,30.0,600.0,Wallet
3845,796,130,2024-04-20 12:22:54,Delivered,410.0,25,0.0,21.75,435.0,Card
3846,1821,32,2023-07-11 21:46:40,Refunded,1310.0,0.0,0.0,65.5,1310.0,Card
3847,794,37,2024-12-10 13:23:49,Delivered,620.0,0.0,93.0,26.35,527.0,UPI
3848,868,48,2023-09-02 14:26:04,Pending,360.0,15,72.0,15.15,303.0,Card
3849,1313,129,2023-09-16 10:46:32,Delivered,1040.0,0.0,0.0,52.0,1040.0,UPI
3850,776,12,2024-12-13 20:09:44,Delivered,700.0,0.0,100,30.0,600.0,Wallet
3851,1192,39,2024-08-18 21:34:56,Delivered,560.0,0.0,0.0,28.0,560.0,UPI
3852,1508,100,2024-10-28 13:49:07,Delivered,460.0,15,0.0,23.75,475.0,Cash on Delivery
3853,1509,90,2023-08-06 17:20:54,Pending,380.0,15,76.0,15.95,319.0,Card
3854,1336,115,2024-12-16 15:36:55,Delivered,570.0,0.0,0.0,28.5,570.0,UPI
3855,1724,122,2024-01-24 23:25:32,Delivered,480.0,15,96.0,19.95,399.0,Net Banking
3856,1811,17,2024-07-28 20:40:17,Delivered,1570.0,0.0,0.0,78.5,1570.0,Card
3857,1282,15,2023-08-25 05:36:44,Delivered,570.0,0.0,0.0,28.5,570.0,Cash on Delivery
3858,1396,46,2024-10-04 10:32:02,Delivered,1620.0,0.0,0.0,81.0,1620.0,Wallet
3859,132,101,2023-09-11 07:50:37,Delivered,490.0,15,0.0,25.25,505.0,Card
3860,741,82,2024-11-21 17:50:59,Cancelled,750.0,0.0,0.0,37.5,750.0,Wallet
3861,1166,143,2023-10-04 12:44:12,Cancelled,1320.0,0.0,100,61.0,1220.0,Card
3862,712,138,2024-11-01 07:59:33,Refunded,220.0,25,0.0,12.25,245.0,Card
3863,433,27,2024-05-19 16:33:12,Delivered,640.0,0.0,100,27.0,540.0,Cash on Delivery
3864,865,72,2024-03-06 04:49:59,Delivered,460.0,15,0.0,23.75,475.0,Cash on Delivery
3865,942,105,2024-12-09 21:16:51,Delivered,510.0,0.0,51.0,22.95,459.0,Cash on Delivery
3866,207,132,2024-02-27 19:26:08,Cancelled,660.0,0.0,100,28.0,560.0,Cash on Delivery
3867,878,102,2024-11-08 14:55:32,Delivered,1090.0,0.0,0.0,54.5,1090.0,UPI
3868,861,14,2023-05-02 20:12:31,Delivered,420.0,15,100,16.75,335.0,Wallet
3869,1056,79,2024-06-02 10:32:01,Pending,550.0,0.0,82.5,23.38,467.5,UPI
3870,814,75,2024-06-01 15:12:52,Delivered,420.0,20,0.0,22.0,440.0,Card
3871,9,115,2023-11-11 03:29:00,Delivered,1940.0,0.0,0.0,97.0,1940.0,UPI
3872,207,143,2023-10-25 14:51:33,Refunded,840.0,0.0,100,37.0,740.0,Card
3873,795,120,2024-06-27 12:37:56,Cancelled,800.0,0.0,0.0,40.0,800.0,UPI
3874,1463,43,2024-02-10 14:38:40,Refunded,180.0,35,45.0,8.5,170.0,UPI
3875,481,77,2024-05-06 18:27:40,Delivered,780.0,0.0,0.0,39.0,780.0,UPI
3876,469,93,2024-09-03 20:30:41,Delivered,870.0,0.0,0.0,43.5,870.0,Card
3877,397,119,2024-11-09 18:15:08,Delivered,330.0,15,33.0,15.6,312.0,Wallet
3878,804,52,2023-11-13 03:27:02,Cancelled,940.0,0.0,0.0,47.0,940.0,UPI
3879,283,129,2024-05-08 16:58:08,Delivered,1000.0,0.0,100,45.0,900.0,UPI
3880,662,67,2024-12-19 10:36:34,Delivered,120.0,40,0.0,8.0,160.0,Card
3881,962,31,2023-03-27 22:15:33,Delivered,650.0,0.0,100,27.5,550.0,Card
3882,606,68,2024-05-03 08:06:15,Delivered,300.0,15,0.0,15.75,315.0,Card
3883,727,95,2024-02-02 20:28:46,Delivered,520.0,0.0,0.0,26.0,520.0,UPI
3884,1028,46,2023-04-25 03:49:08,Cancelled,570.0,0.0,85.5,24.23,484.5,Card
3885,386,52,2023-05-02 18:50:36,Delivered,580.0,0.0,0.0,29.0,580.0,Card
3886,900,102,2023-11-04 09:14:24,Delivered,40.0,30,8.0,3.1,62.0,Wallet
3887,1686,60,2023-06-02 22:56:28,Delivered,1000.0,0.0,0.0,50.0,1000.0,UPI
3888,829,108,2024-09-11 18:15:03,Delivered,380.0,25,0.0,20.25,405.0,Card
3889,1134,35,2023-08-15 20:12:33,Cancelled,660.0,0.0,0.0,33.0,660.0,UPI
3890,1890,137,2023-03-01 13:58:25,Delivered,1710.0,0.0,0.0,85.5,1710.0,Card
3891,1593,143,2024-08-07 06:43:26,Delivered,1630.0,0.0,0.0,81.5,1630.0,UPI
3892,433,100,2024-10-21 11:57:18,Delivered,510.0,0.0,0.0,25.5,510.0,UPI
3893,1751,38,2024-04-22 08:49:56,Refunded,1390.0,0.0,0.0,69.5,1390.0,UPI
3894,1779,88,2024-12-25 20:29:32,Cancelled,1280.0,0.0,100,59.0,1180.0,Cash on Delivery
3895,1512,99,2023-09-02 16:56:12,Pending,140.0,25,0.0,8.25,165.0,Card
3896,1493,18,2023-05-01 17:06:55,Delivered,1030.0,0.0,0.0,51.5,1030.0,Net Banking
3897,1692,88,2024-11-13 21:51:38,Delivered,300.0,20,30.0,14.5,290.0,Card
3898,477,39,2023-05-17 20:12:03,Delivered,710.0,0.0,0.0,35.5,710.0,Cash on Delivery
3899,207,55,2023-07-19 20:56:31,Delivered,340.0,15,68.0,14.35,287.0,Net Banking
3900,142,79,2023-10-30 08:10:20,Delivered,160.0,35,0.0,9.75,195.0,UPI
3901,974,29,2023-07-14 15:08:36,Delivered,600.0,0.0,0.0,30.0,600.0,Card
3902,1608,76,2023-04-10 20:12:45,Delivered,80.0,40,8.0,5.6,112.0,Wallet
3903,358,45,2023-07-25 20:14:41,Refunded,80.0,30,0.0,5.5,110.0,Wallet
3904,1644,15,2023-07-21 20:21:43,Delivered,580.0,0.0,100,24.0,480.0,Card
3905,1351,14,2023-08-08 22:19:54,Delivered,1170.0,0.0,0.0,58.5,1170.0,UPI
3906,1559,68,2024-11-16 14:10:53,Delivered,1020.0,0.0,0.0,51.0,1020.0,UPI
3907,964,58,2023-01-24 14:54:24,Cancelled,1260.0,0.0,0.0,63.0,1260.0,UPI
3908,1362,103,2023-02-22 09:02:13,Delivered,1160.0,0.0,100,53.0,1060.0,UPI
3909,408,127,2023-12-13 14:38:24,Cancelled,200.0,25,0.0,11.25,225.0,Card
3910,68,51,2023-10-23 18:46:28,Delivered,650.0,0.0,0.0,32.5,650.0,Cash on Delivery
3911,477,86,2024-06-18 13:08:47,Delivered,60.0,40,0.0,5.0,100.0,Net Banking
3912,1964,78,2024-12-19 05:10:59,Delivered,330.0,15,0.0,17.25,345.0,Card
3913,1729,146,2024-02-24 08:47:44,Cancelled,960.0,0.0,0.0,48.0,960.0,UPI
3914,153,67,2024-09-19 20:23:07,Delivered,2130.0,0.0,0.0,106.5,2130.0,UPI
3915,1746,43,2024-03-03 23:24:00,Cancelled,330.0,15,0.0,17.25,345.0,UPI
3916,1111,85,2024-12-17 08:03:38,Pending,850.0,0.0,0.0,42.5,850.0,UPI
3917,635,97,2023-11-25 12:13:27,Delivered,1680.0,0.0,0.0,84.0,1680.0,Card
3918,1906,39,2024-05-02 15:34:52,Cancelled,930.0,0.0,0.0,46.5,930.0,UPI
3919,419,33,2024-09-07 08:21:33,Delivered,810.0,0.0,0.0,40.5,810.0,UPI
3920,1000,46,2024-12-14 19:56:26,Delivered,1430.0,0.0,0.0,71.5,1430.0,Wallet
3921,1066,40,2024-07-23 22:28:15,Delivered,100.0,25,20.0,5.25,105.0,Net Banking
3922,727,146,2023-09-26 21:50:51,Delivered,1190.0,0.0,0.0,59.5,1190.0,UPI
3923,714,143,2023-08-18 20:56:07,Refunded,140.0,30,0.0,8.5,170.0,Card
3924,262,109,2024-04-09 18:24:57,Delivered,2180.0,0.0,100,104.0,2080.0,UPI
3925,1136,121,2023-07-23 18:11:01,Pending,320.0,20,80.0,13.0,260.0,Net Banking
3926,295,35,2023-02-19 18:20:40,Cancelled,670.0,0.0,0.0,33.5,670.0,UPI
3927,669,51,2023-12-06 08:16:13,Refunded,1160.0,0.0,100,53.0,1060.0,Card
3928,1455,6,2024-08-26 01:33:34,Delivered,300.0,15,60.0,12.75,255.0,UPI
3929,755,89,2023-02-02 18:08:40,Cancelled,210.0,35,0.0,12.25,245.0,Net Banking
3930,872,80,2023-01-19 19:24:03,Delivered,300.0,25,75.0,12.5,250.0,UPI
3931,1522,19,2023-08-16 15:49:47,Cancelled,310.0,20,62.0,13.4,268.0,Wallet
3932,353,97,2023-07-11 12:58:36,Delivered,1480.0,0.0,100,69.0,1380.0,UPI
3933,1116,25,2023-12-24 15:38:32,Delivered,740.0,0.0,100,32.0,640.0,UPI
3934,709,148,2023-12-27 11:34:58,Delivered,150.0,30,0.0,9.0,180.0,Cash on Delivery
3935,616,129,2024-11-23 16:54:04,Cancelled,590.0,0.0,0.0,29.5,590.0,Net Banking
3936,1184,109,2023-01-25 18:30:48,Cancelled,1100.0,0.0,0.0,55.0,1100.0,UPI
3937,1326,88,2023-10-12 14:59:43,Refunded,460.0,15,0.0,23.75,475.0,UPI
3938,1375,128,2024-06-15 03:05:07,Cancelled,700.0,0.0,0.0,35.0,700.0,Card
3939,759,117,2023-12-21 11:40:09,Delivered,250.0,40,37.5,12.62,252.5,UPI
3940,1610,60,2024-12-18 15:38:56,Delivered,590.0,0.0,0.0,29.5,590.0,Wallet
3941,1757,140,2024-02-07 09:40:55,Cancelled,870.0,0.0,0.0,43.5,870.0,UPI
3942,1213,14,2023-05-09 10:13:22,Delivered,760.0,0.0,0.0,38.0,760.0,Card
3943,123,91,2024-10-18 08:18:39,Delivered,720.0,0.0,0.0,36.0,720.0,Card
3944,543,23,2024-06-26 17:14:31,Delivered,1060.0,0.0,0.0,53.0,1060.0,Card
3945,300,95,2023-11-12 15:43:58,Delivered,370.0,15,0.0,19.25,385.0,UPI
3946,893,127,2023-03-02 03:08:50,Delivered,700.0,0.0,0.0,35.0,700.0,UPI
3947,1564,77,2024-04-14 14:44:40,Delivered,920.0,0.0,0.0,46.0,920.0,UPI
3948,322,91,2023-08-05 18:18:56,Delivered,900.0,0.0,0.0,45.0,900.0,Card
3949,1338,128,2023-09-06 12:34:51,Delivered,850.0,0.0,0.0,42.5,850.0,Cash on Delivery
3950,874,32,2023-04-30 14:03:03,Delivered,100.0,25,25.0,5.0,100.0,UPI
3951,1482,15,2024-02-13 10:08:18,Delivered,250.0,25,0.0,13.75,275.0,Cash on Delivery
3952,306,52,2023-06-07 12:42:21,Refunded,750.0,0.0,0.0,37.5,750.0,UPI
3953,1186,134,2023-09-01 20:53:21,Delivered,640.0,0.0,0.0,32.0,640.0,Cash on Delivery
3954,242,16,2024-08-08 21:23:01,Delivered,2110.0,0.0,100,100.5,2010.0,Cash on Delivery
3955,1286,143,2023-07-11 19:00:10,Delivered,2460.0,0.0,100,118.0,2360.0,Wallet
3956,665,73,2024-03-15 11:11:01,Delivered,350.0,20,0.0,18.5,370.0,Card
3957,1356,6,2024-10-25 19:09:15,Delivered,360.0,15,0.0,18.75,375.0,UPI
3958,1525,54,2024-08-17 22:13:03,Delivered,220.0,30,44.0,10.3,206.0,Card
3959,1284,48,2023-08-25 19:23:16,Delivered,320.0,25,0.0,17.25,345.0,UPI
3960,1855,25,2024-08-24 16:35:39,Delivered,750.0,0.0,0.0,37.5,750.0,UPI
3961,733,20,2024-06-05 12:16:31,Cancelled,1900.0,0.0,0.0,95.0,1900.0,Wallet
3962,651,91,2024-04-27 08:11:35,Cancelled,1100.0,0.0,0.0,55.0,1100.0,Cash on Delivery
3963,674,20,2023-03-04 06:53:26,Delivered,1320.0,0.0,0.0,66.0,1320.0,UPI
3964,252,93,2024-09-18 15:05:26,Delivered,2110.0,0.0,0.0,105.5,2110.0,UPI
3965,760,27,2023-03-08 10:21:59,Delivered,670.0,0.0,0.0,33.5,670.0,Card
3966,1825,24,2023-07-03 18:03:20,Cancelled,920.0,0.0,0.0,46.0,920.0,Card
3967,394,94,2023-03-04 11:14:18,Delivered,780.0,0.0,100,34.0,680.0,UPI
3968,1170,142,2023-10-11 14:38:00,Delivered,600.0,0.0,0.0,30.0,600.0,Wallet
3969,390,26,2023-07-04 15:42:55,Pending,40.0,30,0.0,3.5,70.0,UPI
3970,1794,14,2023-01-05 21:39:40,Refunded,720.0,0.0,0.0,36.0,720.0,Card
3971,1915,112,2024-11-22 07:44:15,Delivered,130.0,30,32.5,6.38,127.5,Card
3972,1933,25,2023-05-25 10:25:39,Delivered,210.0,40,0.0,12.5,250.0,UPI
3973,688,95,2024-10-03 21:06:23,Delivered,350.0,20,87.5,14.12,282.5,UPI
3974,128,134,2023-10-31 12:35:09,Pending,690.0,0.0,100,29.5,590.0,UPI
3975,306,126,2024-03-02 18:44:22,Delivered,500.0,0.0,0.0,25.0,500.0,UPI
3976,121,20,2024-11-25 12:15:04,Delivered,710.0,0.0,0.0,35.5,710.0,UPI
3977,204,126,2024-12-03 19:39:23,Delivered,220.0,40,0.0,13.0,260.0,Cash on Delivery
3978,1928,67,2024-11-24 15:20:45,Cancelled,920.0,0.0,0.0,46.0,920.0,UPI
3979,1271,17,2024-06-04 14:31:51,Delivered,320.0,20,64.0,13.8,276.0,UPI
3980,1349,46,2024-08-08 23:28:39,Delivered,150.0,30,0.0,9.0,180.0,Card
3981,964,99,2023-08-06 04:52:32,Delivered,70.0,25,7.0,4.4,88.0,Wallet
3982,1498,120,2023-11-14 18:02:36,Delivered,720.0,0.0,72.0,32.4,648.0,UPI
3983,543,14,2024-03-29 12:45:12,Delivered,80.0,30,12.0,4.9,98.0,Wallet
3984,1206,64,2024-09-27 13:44:06,Pending,1020.0,0.0,100,46.0,920.0,Wallet
3985,788,20,2024-12-08 21:44:53,Delivered,2170.0,0.0,0.0,108.5,2170.0,UPI
3986,1738,143,2023-11-12 09:42:29,Delivered,1320.0,0.0,0.0,66.0,1320.0,UPI
3987,1798,146,2024-08-29 19:55:36,Cancelled,1110.0,0.0,0.0,55.5,1110.0,Cash on Delivery
3988,258,98,2023-08-30 13:36:17,Delivered,300.0,15,45.0,13.5,270.0,Cash on Delivery
3989,1075,97,2024-09-15 10:15:57,Refunded,40.0,30,0.0,3.5,70.0,Cash on Delivery
3990,1570,103,2023-08-21 15:30:25,Delivered,1000.0,0.0,0.0,50.0,1000.0,Cash on Delivery
3991,903,50,2024-07-05 13:10:32,Delivered,530.0,0.0,0.0,26.5,530.0,UPI
3992,1817,102,2023-09-17 22:10:19,Cancelled,420.0,20,0.0,22.0,440.0,UPI
3993,1306,121,2023-10-01 09:02:12,Delivered,600.0,0.0,0.0,30.0,600.0,UPI
3994,1833,90,2023-03-06 09:00:41,Delivered,330.0,15,0.0,17.25,345.0,Cash on Delivery
3995,1707,117,2024-10-25 17:46:06,Cancelled,880.0,0.0,88.0,39.6,792.0,Card
3996,1498,25,2024-12-29 14:00:12,Delivered,720.0,0.0,100,31.0,620.0,UPI
3997,974,6,2024-11-18 18:24:27,Pending,1150.0,0.0,0.0,57.5,1150.0,UPI
3998,817,50,2023-04-02 06:24:25,Delivered,1260.0,0.0,0.0,63.0,1260.0,Cash on Delivery
3999,1769,90,2024-06-18 18:27:15,Delivered,710.0,0.0,100,30.5,610.0,Card
4000,1774,69,2024-07-26 04:52:38,Pending,1970.0,0.0,0.0,98.5,1970.0,UPI
4001,614,43,2023-08-10 11:47:05,Delivered,720.0,0.0,0.0,36.0,720.0,Card
4002,705,12,2024-03-03 19:29:04,Delivered,500.0,0.0,0.0,25.0,500.0,UPI
4003,1936,69,2023-07-28 18:06:59,Delivered,2420.0,0.0,0.0,121.0,2420.0,UPI
4004,949,39,2023-06-28 10:13:39,Cancelled,50.0,35,0.0,4.25,85.0,UPI
4005,1972,89,2023-11-07 19:16:32,Delivered,120.0,30,18.0,6.6,132.0,Net Banking
4006,340,142,2023-06-24 18:59:31,Delivered,300.0,15,30.0,14.25,285.0,Wallet
4007,1457,75,2024-08-10 06:35:00,Delivered,770.0,0.0,100,33.5,670.0,Card
4008,635,108,2023-11-06 18:43:17,Cancelled,2010.0,0.0,0.0,100.5,2010.0,Cash on Delivery
4009,1154,66,2023-12-22 15:23:49,Delivered,660.0,0.0,0.0,33.0,660.0,UPI
4010,1127,12,2023-01-08 23:50:37,Cancelled,760.0,0.0,100,33.0,660.0,Cash on Delivery
4011,1830,112,2024-03-26 18:59:22,Delivered,410.0,25,100,16.75,335.0,UPI
4012,156,84,2023-06-26 00:04:54,Delivered,90.0,35,0.0,6.25,125.0,Wallet
4013,1356,142,2024-05-10 14:00:12,Pending,600.0,0.0,0.0,30.0,600.0,UPI
4014,1864,76,2024-06-10 13:26:09,Delivered,410.0,25,0.0,21.75,435.0,UPI
4015,1265,126,2023-06-11 22:31:06,Cancelled,810.0,0.0,100,35.5,710.0,Net Banking
4016,287,112,2023-09-02 11:52:46,Cancelled,490.0,15,0.0,25.25,505.0,UPI
4017,521,95,2024-02-06 20:36:09,Cancelled,400.0,25,0.0,21.25,425.0,Wallet
4018,652,66,2023-10-31 19:41:56,Pending,690.0,0.0,0.0,34.5,690.0,UPI
4019,344,95,2024-09-07 11:35:03,Cancelled,340.0,20,68.0,14.6,292.0,UPI
4020,1906,104,2023-10-03 12:43:27,Delivered,300.0,15,45.0,13.5,270.0,Card
4021,608,50,2024-01-06 13:55:36,Delivered,70.0,30,10.5,4.48,89.5,UPI
4022,1729,39,2023-06-24 08:51:07,Delivered,1080.0,0.0,100,49.0,980.0,UPI
4023,414,61,2024-12-15 18:09:26,Refunded,180.0,25,0.0,10.25,205.0,Wallet
4024,1957,61,2024-01-29 16:46:20,Delivered,870.0,0.0,0.0,43.5,870.0,Cash on Delivery
4025,232,78,2024-02-21 11:50:21,Cancelled,290.0,40,72.5,12.88,257.5,UPI
4026,1360,60,2023-06-13 19:41:53,Cancelled,300.0,25,75.0,12.5,250.0,UPI
4027,458,24,2023-07-28 10:01:15,Delivered,1300.0,0.0,0.0,65.0,1300.0,UPI
4028,1079,63,2023-09-02 13:35:33,Delivered,980.0,0.0,98.0,44.1,882.0,UPI
4029,1613,94,2024-01-04 12:10:52,Delivered,1260.0,0.0,0.0,63.0,1260.0,UPI
4030,769,37,2024-08-16 08:12:18,Delivered,1510.0,0.0,0.0,75.5,1510.0,Wallet
4031,297,124,2023-08-11 15:10:03,Refunded,140.0,35,0.0,8.75,175.0,UPI
4032,689,27,2024-05-08 15:33:21,Delivered,440.0,25,100,18.25,365.0,Card
4033,589,122,2023-08-13 14:23:50,Delivered,710.0,0.0,0.0,35.5,710.0,Card
4034,1385,18,2024-06-03 23:30:28,Refunded,280.0,40,0.0,16.0,320.0,Card
4035,459,1,2023-01-02 22:41:40,Refunded,690.0,0.0,0.0,34.5,690.0,Card
4036,1681,72,2024-02-01 10:31:39,Delivered,420.0,20,0.0,22.0,440.0,Cash on Delivery
4037,566,63,2024-09-28 21:53:58,Refunded,390.0,20,97.5,15.62,312.5,UPI
4038,718,95,2023-10-15 09:30:19,Delivered,420.0,25,0.0,22.25,445.0,UPI
4039,954,67,2024-09-09 13:01:57,Pending,1260.0,0.0,0.0,63.0,1260.0,Card
4040,1320,16,2023-12-10 12:16:42,Cancelled,1940.0,0.0,100,92.0,1840.0,Card
4041,1479,111,2023-09-26 21:18:43,Cancelled,400.0,20,0.0,21.0,420.0,Cash on Delivery
4042,1144,124,2024-02-01 20:09:57,Delivered,1090.0,0.0,100,49.5,990.0,Cash on Delivery
4043,1895,120,2024-05-21 22:20:47,Delivered,460.0,15,0.0,23.75,475.0,Wallet
4044,1301,14,2023-12-17 22:45:29,Refunded,380.0,25,95.0,15.5,310.0,Card
4045,1355,72,2023-10-20 21:04:04,Delivered,50.0,30,0.0,4.0,80.0,Cash on Delivery
4046,1963,1,2023-02-22 11:18:53,Cancelled,190.0,40,38.0,9.6,192.0,UPI
4047,103,12,2024-05-13 14:44:54,Pending,1690.0,0.0,0.0,84.5,1690.0,UPI
4048,1221,51,2024-01-25 06:40:48,Delivered,580.0,0.0,0.0,29.0,580.0,UPI
4049,1329,62,2024-11-14 16:31:34,Refunded,600.0,0.0,0.0,30.0,600.0,Card
4050,473,117,2024-03-03 20:27:26,Delivered,160.0,30,0.0,9.5,190.0,Cash on Delivery
4051,1215,149,2024-04-17 19:28:39,Delivered,510.0,0.0,76.5,21.68,433.5,UPI
4052,311,25,2024-10-13 12:51:37,Delivered,1280.0,0.0,0.0,64.0,1280.0,Wallet
4053,1125,102,2024-08-06 08:50:03,Delivered,1910.0,0.0,0.0,95.5,1910.0,Card
4054,544,13,2024-09-12 22:26:58,Delivered,1170.0,0.0,0.0,58.5,1170.0,UPI
4055,154,80,2024-11-25 19:46:34,Delivered,210.0,25,21.0,10.7,214.0,UPI
4056,1003,11,2024-01-05 01:07:14,Cancelled,560.0,0.0,100,23.0,460.0,UPI
4057,741,55,2023-08-05 13:03:43,Delivered,1240.0,0.0,100,57.0,1140.0,Cash on Delivery
4058,1510,88,2024-02-05 06:12:46,Delivered,2050.0,0.0,0.0,102.5,2050.0,UPI
4059,806,13,2024-02-13 20:26:49,Pending,1290.0,0.0,0.0,64.5,1290.0,UPI
4060,1224,43,2024-05-17 06:54:18,Pending,150.0,25,0.0,8.75,175.0,Wallet
4061,1724,131,2024-02-16 09:03:17,Delivered,100.0,35,0.0,6.75,135.0,UPI
4062,1923,134,2024-02-03 07:21:14,Refunded,770.0,0.0,0.0,38.5,770.0,Net Banking
4063,1750,104,2024-09-18 21:11:24,Delivered,200.0,25,0.0,11.25,225.0,UPI
4064,453,32,2024-12-06 21:41:49,Delivered,100.0,30,15.0,5.75,115.0,UPI
4065,512,52,2024-06-17 20:23:56,Delivered,520.0,0.0,100,21.0,420.0,Wallet
4066,1328,93,2024-07-13 10:47:39,Delivered,1020.0,0.0,100,46.0,920.0,UPI
4067,1957,85,2023-11-03 19:11:55,Delivered,400.0,15,40.0,18.75,375.0,Net Banking
4068,546,35,2023-07-09 13:48:50,Cancelled,720.0,0.0,100,31.0,620.0,UPI
4069,945,67,2023-12-15 14:32:55,Delivered,1310.0,0.0,0.0,65.5,1310.0,UPI
4070,1348,126,2023-08-25 14:25:42,Delivered,530.0,0.0,0.0,26.5,530.0,UPI
4071,1147,75,2023-10-29 09:36:48,Delivered,640.0,0.0,0.0,32.0,640.0,Cash on Delivery
4072,1702,19,2024-11-29 16:46:26,Refunded,200.0,25,0.0,11.25,225.0,UPI
4073,346,17,2024-08-19 21:53:41,Delivered,500.0,0.0,100.0,20.0,400.0,Card
4074,158,15,2023-12-01 09:41:16,Delivered,300.0,25,60.0,13.25,265.0,Net Banking
4075,1186,37,2024-04-26 12:03:08,Delivered,1600.0,0.0,100,75.0,1500.0,UPI
4076,976,46,2024-11-25 10:43:24,Delivered,310.0,25,0.0,16.75,335.0,Card
4077,458,33,2024-12-10 18:54:46,Delivered,880.0,0.0,0.0,44.0,880.0,Cash on Delivery
4078,706,24,2023-11-11 19:39:38,Cancelled,2590.0,0.0,0.0,129.5,2590.0,Cash on Delivery
4079,1465,122,2023-02-01 20:29:13,Delivered,1620.0,0.0,0.0,81.0,1620.0,Cash on Delivery
4080,257,34,2024-10-26 10:05:57,Cancelled,220.0,30,0.0,12.5,250.0,Card
4081,1029,144,2023-09-19 09:26:46,Delivered,980.0,0.0,98.0,44.1,882.0,UPI
4082,1244,26,2024-05-06 14:44:26,Delivered,120.0,30,30.0,6.0,120.0,Card
4083,1545,103,2023-11-27 20:02:39,Delivered,2250.0,0.0,100,107.5,2150.0,Net Banking
4084,1015,127,2024-10-05 15:07:13,Cancelled,250.0,25,0.0,13.75,275.0,Card
4085,1100,11,2023-07-29 08:13:38,Delivered,450.0,15,100,18.25,365.0,UPI
4086,32,23,2024-06-13 13:52:16,Delivered,3010.0,0.0,0.0,150.5,3010.0,Wallet
4087,1018,78,2023-06-15 01:03:33,Cancelled,70.0,30,0.0,5.0,100.0,UPI
4088,706,132,2024-08-15 15:00:15,Delivered,830.0,0.0,100,36.5,730.0,Cash on Delivery
4089,668,67,2023-02-17 19:03:24,Refunded,340.0,20,0.0,18.0,360.0,UPI
4090,753,16,2024-04-03 12:15:14,Delivered,1000.0,0.0,0.0,50.0,1000.0,Cash on Delivery
4091,1726,43,2023-08-17 16:52:44,Delivered,800.0,0.0,0.0,40.0,800.0,Wallet
4092,895,88,2023-05-31 07:19:07,Cancelled,1250.0,0.0,0.0,62.5,1250.0,UPI
4093,361,109,2024-09-04 19:32:34,Cancelled,840.0,0.0,100,37.0,740.0,Wallet
4094,1381,51,2023-08-07 13:28:40,Delivered,1520.0,0.0,0.0,76.0,1520.0,UPI
4095,1481,46,2023-05-10 14:28:16,Refunded,780.0,0.0,78.0,35.1,702.0,Wallet
4096,1377,73,2024-04-24 13:29:20,Delivered,120.0,30,0.0,7.5,150.0,Card
4097,560,63,2023-08-10 16:00:32,Pending,1010.0,0.0,0.0,50.5,1010.0,Cash on Delivery
4098,1178,108,2023-11-16 14:18:16,Delivered,1160.0,0.0,0.0,58.0,1160.0,UPI
4099,954,123,2023-03-24 07:26:10,Cancelled,80.0,35,12.0,5.15,103.0,Card
4100,1998,124,2024-10-26 11:11:34,Cancelled,2360.0,0.0,0.0,118.0,2360.0,UPI
4101,1221,62,2023-06-13 14:07:29,Delivered,300.0,25,45.0,14.0,280.0,UPI
4102,439,48,2023-08-30 22:46:02,Pending,1800.0,0.0,0.0,90.0,1800.0,UPI
4103,9,98,2024-12-09 23:04:44,Pending,240.0,40,0.0,14.0,280.0,UPI
4104,680,91,2023-02-10 13:29:33,Delivered,300.0,15,0.0,15.75,315.0,Card
4105,1401,16,2023-06-05 12:07:12,Cancelled,1440.0,0.0,0.0,72.0,1440.0,Card
4106,1200,27,2024-11-12 14:07:25,Refunded,1370.0,0.0,100,63.5,1270.0,UPI
4107,702,148,2024-01-07 05:32:17,Delivered,1560.0,0.0,0.0,78.0,1560.0,UPI
4108,1069,43,2024-05-14 14:40:24,Delivered,930.0,0.0,0.0,46.5,930.0,UPI
4109,148,136,2023-07-03 16:04:12,Delivered,70.0,30,0.0,5.0,100.0,Cash on Delivery
4110,818,52,2024-06-13 13:18:13,Delivered,1260.0,0.0,100,58.0,1160.0,UPI
4111,112,51,2023-06-04 13:01:09,Delivered,1000.0,0.0,0.0,50.0,1000.0,Net Banking
4112,1471,85,2024-03-26 20:01:59,Cancelled,1200.0,0.0,0.0,60.0,1200.0,Card
4113,1887,27,2023-11-11 02:57:20,Delivered,1130.0,0.0,0.0,56.5,1130.0,Wallet
4114,374,6,2023-12-18 18:05:46,Delivered,540.0,0.0,0.0,27.0,540.0,UPI
4115,1834,25,2024-03-05 23:16:29,Pending,770.0,0.0,100,33.5,670.0,Card
4116,444,21,2024-09-17 20:03:10,Delivered,570.0,0.0,0.0,28.5,570.0,Card
4117,407,72,2023-08-09 01:03:37,Refunded,280.0,35,0.0,15.75,315.0,Net Banking
4118,1,48,2024-08-20 17:57:18,Delivered,1350.0,0.0,0.0,67.5,1350.0,Card
4119,905,10,2023-08-19 20:51:46,Delivered,520.0,0.0,0.0,26.0,520.0,Wallet
4120,264,58,2024-01-24 11:12:04,Refunded,330.0,20,33.0,15.85,317.0,Card
4121,367,63,2024-04-01 23:01:19,Delivered,1120.0,0.0,0.0,56.0,1120.0,UPI
4122,1251,64,2024-09-13 15:59:00,Cancelled,930.0,0.0,0.0,46.5,930.0,UPI
4123,846,69,2023-06-16 14:42:57,Delivered,840.0,0.0,100,37.0,740.0,Card
4124,1604,52,2023-01-10 08:08:27,Cancelled,520.0,0.0,0.0,26.0,520.0,Net Banking
4125,1729,33,2024-01-22 20:50:25,Delivered,320.0,20,0.0,17.0,340.0,Cash on Delivery
4126,1723,31,2023-07-22 18:57:25,Delivered,50.0,35,0.0,4.25,85.0,UPI
4127,1480,24,2023-08-05 12:44:35,Delivered,420.0,25,0.0,22.25,445.0,UPI
4128,162,149,2024-06-24 12:26:01,Delivered,100.0,30,10.0,6.0,120.0,Card
4129,277,55,2024-04-28 13:09:33,Delivered,1210.0,0.0,0.0,60.5,1210.0,Card
4130,1878,50,2024-11-02 19:45:27,Delivered,1470.0,0.0,100,68.5,1370.0,UPI
4131,1016,32,2024-10-17 22:38:19,Delivered,200.0,25,0.0,11.25,225.0,UPI
4132,846,135,2023-07-02 07:17:01,Delivered,630.0,0.0,0.0,31.5,630.0,UPI
4133,622,42,2023-08-13 18:20:03,Cancelled,600.0,0.0,0.0,30.0,600.0,UPI
4134,405,123,2024-05-30 19:02:11,Cancelled,1400.0,0.0,100,65.0,1300.0,Card
4135,546,68,2024-05-21 19:09:18,Delivered,590.0,0.0,59.0,26.55,531.0,UPI
4136,1839,120,2023-05-11 14:28:34,Cancelled,180.0,35,0.0,10.75,215.0,UPI
4137,356,81,2024-05-13 20:07:20,Delivered,90.0,40,0.0,6.5,130.0,UPI
4138,903,88,2024-01-10 12:25:19,Delivered,1440.0,0.0,0.0,72.0,1440.0,UPI
4139,1526,33,2024-08-20 15:10:34,Delivered,1140.0,0.0,0.0,57.0,1140.0,UPI
4140,394,5,2024-09-01 19:27:03,Cancelled,590.0,0.0,0.0,29.5,590.0,Cash on Delivery
4141,657,96,2024-10-09 07:05:46,Cancelled,600.0,0.0,0.0,30.0,600.0,Cash on Delivery
4142,1149,34,2023-02-06 21:51:11,Delivered,470.0,15,0.0,24.25,485.0,Card
4143,1445,42,2023-11-24 18:50:57,Refunded,170.0,30,42.5,7.88,157.5,Cash on Delivery
4144,52,21,2023-01-18 22:48:10,Cancelled,2550.0,0.0,0.0,127.5,2550.0,UPI
4145,480,48,2024-05-06 17:56:33,Delivered,1050.0,0.0,0.0,52.5,1050.0,UPI
4146,1380,95,2024-01-14 09:13:16,Cancelled,1420.0,0.0,0.0,71.0,1420.0,Wallet
4147,1048,138,2024-08-05 07:18:24,Cancelled,680.0,0.0,0.0,34.0,680.0,Wallet
4148,1552,18,2023-08-10 15:54:46,Delivered,210.0,25,21.0,10.7,214.0,Card
4149,1453,25,2024-12-12 09:48:22,Delivered,560.0,0.0,100,23.0,460.0,Wallet
4150,605,14,2023-05-23 08:53:27,Delivered,420.0,25,100,17.25,345.0,Cash on Delivery
4151,33,100,2024-04-01 10:36:19,Cancelled,520.0,0.0,52.0,23.4,468.0,Card
4152,1309,138,2024-02-18 21:24:27,Pending,880.0,0.0,100,39.0,780.0,Cash on Delivery
4153,348,64,2024-03-22 13:56:55,Cancelled,490.0,15,0.0,25.25,505.0,Wallet
4154,636,17,2023-12-06 15:41:34,Pending,1380.0,0.0,0.0,69.0,1380.0,UPI
4155,298,91,2023-09-05 12:38:18,Cancelled,1240.0,0.0,100,57.0,1140.0,UPI
4156,482,54,2023-08-16 07:04:18,Delivered,960.0,0.0,0.0,48.0,960.0,Card
4157,546,77,2023-06-15 08:34:46,Delivered,860.0,0.0,0.0,43.0,860.0,UPI
4158,1542,10,2024-05-29 18:43:40,Cancelled,1610.0,0.0,0.0,80.5,1610.0,Net Banking
4159,648,57,2023-03-25 19:56:54,Cancelled,1020.0,0.0,0.0,51.0,1020.0,Cash on Delivery
4160,1390,121,2024-11-13 13:17:31,Delivered,180.0,35,45.0,8.5,170.0,UPI
4161,1079,68,2023-06-10 19:34:24,Delivered,510.0,0.0,100,20.5,410.0,Card
4162,923,40,2024-03-16 16:28:06,Delivered,400.0,25,40.0,19.25,385.0,Wallet
4163,1258,27,2024-02-19 11:38:52,Delivered,110.0,40,0.0,7.5,150.0,Cash on Delivery
4164,1999,92,2024-11-29 11:05:20,Delivered,480.0,15,0.0,24.75,495.0,UPI
4165,1969,17,2023-10-14 22:59:30,Delivered,540.0,0.0,54.0,24.3,486.0,UPI
4166,840,132,2023-08-16 10:12:05,Delivered,950.0,0.0,0.0,47.5,950.0,UPI
4167,1779,21,2024-06-01 21:36:12,Delivered,270.0,25,27.0,13.4,268.0,UPI
4168,1305,50,2024-08-17 14:21:05,Delivered,220.0,35,0.0,12.75,255.0,Wallet
4169,208,52,2023-09-02 18:12:45,Delivered,560.0,0.0,84.0,23.8,476.0,Card
4170,1633,68,2024-04-14 10:48:11,Delivered,150.0,35,0.0,9.25,185.0,UPI
4171,2000,51,2024-12-22 07:12:10,Delivered,920.0,0.0,100,41.0,820.0,UPI
4172,885,60,2023-08-18 14:34:19,Pending,1000.0,0.0,0.0,50.0,1000.0,UPI
4173,495,51,2024-04-15 17:57:49,Delivered,850.0,0.0,0.0,42.5,850.0,Cash on Delivery
4174,1320,85,2023-06-30 10:13:10,Pending,850.0,0.0,100,37.5,750.0,Card
4175,154,119,2023-06-25 17:46:20,Delivered,2430.0,0.0,0.0,121.5,2430.0,UPI
4176,1527,69,2024-11-29 03:56:04,Delivered,1160.0,0.0,100,53.0,1060.0,UPI
4177,865,108,2023-10-27 20:32:12,Delivered,1340.0,0.0,0.0,67.0,1340.0,UPI
4178,300,23,2024-12-09 13:53:28,Delivered,3290.0,0.0,0.0,164.5,3290.0,Card
4179,1741,69,2024-05-09 13:38:18,Delivered,1540.0,0.0,0.0,77.0,1540.0,Net Banking
4180,5,141,2024-10-29 21:47:36,Delivered,1420.0,0.0,100,66.0,1320.0,Wallet
4181,874,40,2024-08-14 12:11:49,Cancelled,50.0,25,5.0,3.5,70.0,Wallet
4182,1615,73,2023-06-06 14:34:27,Pending,880.0,0.0,100,39.0,780.0,Card
4183,608,26,2024-04-18 13:51:28,Delivered,720.0,0.0,100,31.0,620.0,UPI
4184,1451,5,2023-09-02 12:13:25,Delivered,320.0,25,32.0,15.65,313.0,Wallet
4185,449,123,2023-06-19 19:59:18,Cancelled,240.0,30,36.0,11.7,234.0,Net Banking
4186,1702,19,2024-04-10 10:01:39,Delivered,380.0,15,0.0,19.75,395.0,UPI
4187,487,40,2023-08-16 09:55:18,Cancelled,120.0,40,18.0,7.1,142.0,Card
4188,1015,89,2024-11-20 12:52:26,Delivered,1480.0,0.0,0.0,74.0,1480.0,UPI
4189,1184,111,2024-12-25 20:43:24,Delivered,460.0,15,0.0,23.75,475.0,Cash on Delivery
4190,806,94,2024-10-28 18:28:09,Cancelled,60.0,35,0.0,4.75,95.0,UPI
4191,935,23,2023-12-20 15:53:42,Delivered,490.0,25,0.0,25.75,515.0,Cash on Delivery
4192,1238,77,2024-01-07 18:51:57,Delivered,360.0,25,36.0,17.45,349.0,Card
4193,625,81,2024-06-25 19:40:27,Pending,500.0,0.0,75.0,21.25,425.0,Wallet
4194,705,125,2023-10-30 14:52:04,Cancelled,750.0,0.0,0.0,37.5,750.0,Cash on Delivery
4195,1634,40,2024-09-18 13:22:49,Cancelled,480.0,15,100,19.75,395.0,Card
4196,1788,16,2023-12-28 11:08:32,Delivered,1220.0,0.0,0.0,61.0,1220.0,Net Banking
4197,1815,111,2023-07-14 18:02:38,Refunded,1220.0,0.0,0.0,61.0,1220.0,UPI
4198,649,13,2023-09-08 10:33:56,Delivered,1300.0,0.0,0.0,65.0,1300.0,UPI
4199,1862,113,2024-07-05 23:22:47,Delivered,140.0,30,0.0,8.5,170.0,UPI
4200,352,80,2023-06-01 23:55:30,Delivered,1100.0,0.0,0.0,55.0,1100.0,Cash on Delivery
4201,103,135,2023-07-11 10:50:57,Pending,280.0,40,0.0,16.0,320.0,UPI
4202,1289,61,2024-12-27 05:14:11,Delivered,270.0,40,0.0,15.5,310.0,UPI
4203,1076,117,2024-11-22 19:46:55,Delivered,1380.0,0.0,100,64.0,1280.0,Card
4204,122,117,2024-05-04 14:35:29,Refunded,740.0,0.0,74.0,33.3,666.0,UPI
4205,1243,38,2023-12-22 20:25:00,Delivered,1770.0,0.0,0.0,88.5,1770.0,Cash on Delivery
4206,923,90,2023-11-22 16:05:10,Cancelled,760.0,0.0,0.0,38.0,760.0,Card
4207,1944,133,2023-10-31 19:53:44,Cancelled,120.0,35,0.0,7.75,155.0,Cash on Delivery
4208,1692,92,2024-02-24 09:31:06,Cancelled,120.0,25,0.0,7.25,145.0,Cash on Delivery
4209,73,94,2023-04-07 21:12:22,Delivered,1360.0,0.0,0.0,68.0,1360.0,Cash on Delivery
4210,1614,60,2024-07-29 15:26:31,Cancelled,630.0,0.0,0.0,31.5,630.0,Wallet
4211,150,121,2024-09-14 18:58:49,Delivered,120.0,25,24.0,6.05,121.0,UPI
4212,1584,146,2024-09-18 15:38:34,Refunded,480.0,25,0.0,25.25,505.0,UPI
4213,900,117,2023-11-03 12:33:18,Delivered,40.0,30,0.0,3.5,70.0,Wallet
4214,1899,146,2023-06-09 16:51:45,Cancelled,1650.0,0.0,0.0,82.5,1650.0,UPI
4215,1347,40,2024-05-09 11:36:12,Cancelled,880.0,0.0,0.0,44.0,880.0,UPI
4216,1391,17,2023-03-25 12:21:11,Delivered,1430.0,0.0,0.0,71.5,1430.0,Card
4217,1326,73,2024-03-16 13:48:57,Delivered,180.0,25,0.0,10.25,205.0,UPI
4218,480,77,2024-09-15 17:37:29,Delivered,1060.0,0.0,0.0,53.0,1060.0,UPI
4219,844,37,2023-12-10 17:43:21,Delivered,300.0,25,0.0,16.25,325.0,UPI
4220,860,38,2024-11-09 05:20:39,Delivered,1760.0,0.0,100,83.0,1660.0,Cash on Delivery
4221,923,8,2024-09-28 19:52:38,Cancelled,420.0,25,0.0,22.25,445.0,UPI
4222,1159,50,2024-10-20 10:17:45,Delivered,740.0,0.0,100,32.0,640.0,Net Banking
4223,1599,115,2024-06-15 09:56:58,Cancelled,1100.0,0.0,0.0,55.0,1100.0,Card
4224,1966,98,2023-12-03 20:53:54,Delivered,640.0,0.0,0.0,32.0,640.0,Cash on Delivery
4225,443,125,2024-12-04 13:16:44,Delivered,610.0,0.0,0.0,30.5,610.0,UPI
4226,165,19,2023-08-11 23:49:06,Delivered,1340.0,0.0,0.0,67.0,1340.0,UPI
4227,1784,37,2024-04-13 12:51:33,Cancelled,1790.0,0.0,0.0,89.5,1790.0,Card
4228,760,120,2024-08-11 22:15:09,Pending,560.0,0.0,0.0,28.0,560.0,UPI
4229,1654,35,2023-03-13 21:27:56,Delivered,1200.0,0.0,100,55.0,1100.0,UPI
4230,1793,91,2024-09-06 08:24:25,Delivered,1560.0,0.0,0.0,78.0,1560.0,Cash on Delivery
4231,1100,79,2024-08-20 09:04:04,Delivered,620.0,0.0,0.0,31.0,620.0,Wallet
4232,1986,109,2024-11-12 20:07:34,Cancelled,420.0,15,84.0,17.55,351.0,Card
4233,173,126,2024-02-21 20:33:43,Delivered,860.0,0.0,86.0,38.7,774.0,UPI
4234,1423,20,2024-06-08 20:02:02,Refunded,3600.0,0.0,0.0,180.0,3600.0,Card
4235,272,89,2023-04-18 09:37:54,Pending,1640.0,0.0,0.0,82.0,1640.0,Card
4236,1420,111,2023-06-17 14:55:49,Delivered,230.0,40,34.5,11.78,235.5,Wallet
4237,1482,88,2024-09-08 07:39:48,Cancelled,1180.0,0.0,0.0,59.0,1180.0,Cash on Delivery
4238,1281,97,2024-12-15 08:53:50,Pending,840.0,0.0,0.0,42.0,840.0,Card
4239,1744,67,2024-04-17 15:33:59,Cancelled,900.0,0.0,0.0,45.0,900.0,UPI
4240,1269,27,2023-06-03 12:38:18,Delivered,1920.0,0.0,0.0,96.0,1920.0,UPI
4241,393,130,2024-04-22 12:06:24,Delivered,720.0,0.0,0.0,36.0,720.0,Cash on Delivery
4242,2,132,2024-11-03 18:24:56,Cancelled,840.0,0.0,0.0,42.0,840.0,Cash on Delivery
4243,1559,1,2023-08-17 21:15:40,Pending,230.0,40,0.0,13.5,270.0,Card
4244,1883,135,2024-01-10 09:25:55,Delivered,500.0,0.0,0.0,25.0,500.0,UPI
4245,1311,127,2024-08-23 11:10:09,Cancelled,620.0,0.0,100,26.0,520.0,UPI
4246,1649,84,2023-05-02 07:37:29,Pending,790.0,0.0,100,34.5,690.0,UPI
4247,1159,52,2024-09-22 18:32:40,Cancelled,380.0,25,0.0,20.25,405.0,UPI
4248,103,110,2023-10-17 16:07:11,Delivered,220.0,40,55.0,10.25,205.0,Wallet
4249,1533,96,2024-11-22 16:44:09,Cancelled,70.0,30,7.0,4.65,93.0,UPI
4250,1186,61,2023-11-05 22:41:37,Delivered,570.0,0.0,0.0,28.5,570.0,Cash on Delivery
4251,1349,27,2024-03-20 21:47:45,Delivered,1660.0,0.0,0.0,83.0,1660.0,Wallet
4252,1821,57,2023-05-28 19:03:59,Delivered,780.0,0.0,0.0,39.0,780.0,UPI
4253,1337,20,2024-06-19 11:22:43,Cancelled,4140.0,0.0,100,202.0,4040.0,UPI
4254,1421,114,2024-07-02 16:04:51,Delivered,780.0,0.0,78.0,35.1,702.0,Cash on Delivery
4255,880,138,2024-03-03 18:43:10,Delivered,160.0,40,0.0,10.0,200.0,Cash on Delivery
4256,1305,136,2023-04-09 19:05:54,Delivered,200.0,40,0.0,12.0,240.0,UPI
4257,1940,26,2024-05-13 11:59:11,Refunded,920.0,0.0,100,41.0,820.0,UPI
4258,343,95,2023-07-14 23:10:20,Refunded,170.0,25,42.5,7.62,152.5,Card
4259,967,96,2024-01-19 12:29:15,Delivered,2010.0,0.0,0.0,100.5,2010.0,Cash on Delivery
4260,918,50,2024-09-13 14:15:26,Delivered,220.0,35,0.0,12.75,255.0,Wallet
4261,429,46,2024-09-20 13:10:25,Delivered,620.0,0.0,0.0,31.0,620.0,Card
4262,223,68,2023-02-24 12:21:49,Delivered,150.0,30,30.0,7.5,150.0,UPI
4263,1698,14,2024-09-14 13:27:19,Delivered,280.0,35,42.0,13.65,273.0,Cash on Delivery
4264,2,132,2023-12-22 14:57:21,Delivered,330.0,25,0.0,17.75,355.0,UPI
4265,137,38,2024-02-01 11:23:02,Delivered,780.0,0.0,0.0,39.0,780.0,Cash on Delivery
4266,11,63,2024-10-26 12:39:17,Pending,640.0,0.0,0.0,32.0,640.0,UPI
4267,883,20,2023-02-12 15:30:58,Cancelled,2230.0,0.0,0.0,111.5,2230.0,UPI
4268,752,131,2024-07-03 18:46:03,Delivered,110.0,35,0.0,7.25,145.0,Net Banking
4269,1201,16,2024-04-03 12:13:00,Refunded,1050.0,0.0,100,47.5,950.0,Net Banking
4270,1680,70,2023-06-22 07:38:11,Cancelled,1330.0,0.0,100,61.5,1230.0,Card
4271,343,8,2024-02-28 10:58:44,Delivered,740.0,0.0,100,32.0,640.0,UPI
4272,974,135,2024-03-30 01:44:08,Refunded,160.0,30,0.0,9.5,190.0,Cash on Delivery
4273,1915,45,2023-04-10 02:01:53,Refunded,210.0,40,42.0,10.4,208.0,Card
4274,1606,19,2024-06-20 19:10:56,Delivered,600.0,0.0,0.0,30.0,600.0,Card
4275,47,128,2023-03-14 19:07:15,Delivered,190.0,40,47.5,9.12,182.5,UPI
4276,348,18,2023-06-22 18:48:31,Delivered,280.0,30,0.0,15.5,310.0,Cash on Delivery
4277,1126,37,2024-02-28 13:12:19,Delivered,710.0,0.0,100,30.5,610.0,Card
4278,224,140,2023-02-21 20:33:20,Cancelled,570.0,0.0,57.0,25.65,513.0,UPI
4279,157,16,2023-12-26 12:02:45,Cancelled,330.0,20,49.5,15.03,300.5,UPI
4280,499,58,2024-10-28 19:30:26,Cancelled,600.0,0.0,0.0,30.0,600.0,Wallet
4281,711,123,2024-06-24 12:20:30,Delivered,1520.0,0.0,0.0,76.0,1520.0,UPI
4282,1209,111,2023-05-04 19:54:53,Delivered,800.0,0.0,0.0,40.0,800.0,Cash on Delivery
4283,911,58,2023-09-28 05:12:28,Delivered,540.0,0.0,100,22.0,440.0,UPI
4284,1457,42,2024-03-17 18:23:36,Delivered,120.0,30,0.0,7.5,150.0,Card
4285,1889,115,2023-08-02 18:42:56,Delivered,520.0,0.0,0.0,26.0,520.0,UPI
4286,29,61,2023-11-10 19:06:57,Delivered,330.0,25,82.5,13.62,272.5,UPI
4287,56,1,2024-12-23 19:26:58,Delivered,860.0,0.0,0.0,43.0,860.0,UPI
4288,1591,8,2024-07-11 09:14:11,Delivered,270.0,30,27.0,13.65,273.0,Cash on Delivery
4289,1992,134,2024-01-17 13:10:22,Refunded,1230.0,0.0,0.0,61.5,1230.0,UPI
4290,1897,31,2024-09-03 15:08:17,Cancelled,230.0,40,34.5,11.78,235.5,UPI
4291,1800,40,2023-03-31 06:08:44,Delivered,340.0,20,0.0,18.0,360.0,Wallet
4292,566,122,2024-11-25 13:07:36,Delivered,180.0,25,0.0,10.25,205.0,UPI
4293,1446,97,2024-02-19 22:50:03,Cancelled,880.0,0.0,88.0,39.6,792.0,Wallet
4294,1300,111,2024-01-26 21:52:31,Pending,520.0,0.0,100,21.0,420.0,UPI
4295,1552,64,2024-07-17 15:48:04,Delivered,1830.0,0.0,100,86.5,1730.0,Net Banking
4296,1817,112,2023-12-29 21:26:50,Refunded,400.0,25,0.0,21.25,425.0,UPI
4297,1944,86,2023-03-11 18:48:43,Refunded,400.0,25,0.0,21.25,425.0,Wallet
4298,669,72,2024-08-08 20:01:21,Pending,530.0,0.0,79.5,22.53,450.5,Card
4299,1489,89,2024-08-06 12:15:02,Delivered,340.0,15,0.0,17.75,355.0,UPI
4300,358,23,2023-09-02 20:40:42,Cancelled,1330.0,0.0,100,61.5,1230.0,Cash on Delivery
4301,237,20,2024-11-23 19:26:32,Delivered,2300.0,0.0,0.0,115.0,2300.0,UPI
4302,1187,12,2023-09-17 21:17:01,Cancelled,1050.0,0.0,100,47.5,950.0,Card
4303,480,33,2023-07-28 20:09:24,Refunded,1940.0,0.0,100,92.0,1840.0,Cash on Delivery
4304,378,108,2023-06-21 20:15:13,Refunded,90.0,35,0.0,6.25,125.0,UPI
4305,1480,19,2023-08-18 20:15:23,Delivered,1390.0,0.0,0.0,69.5,1390.0,UPI
4306,973,43,2023-08-25 21:14:24,Delivered,230.0,35,34.5,11.53,230.5,Card
4307,144,51,2024-01-18 19:06:06,Delivered,830.0,0.0,100,36.5,730.0,UPI
4308,706,39,2024-10-11 08:03:16,Delivered,50.0,30,0.0,4.0,80.0,Cash on Delivery
4309,424,88,2023-04-21 11:02:06,Delivered,1170.0,0.0,100,53.5,1070.0,Wallet
4310,361,131,2024-08-05 07:33:32,Pending,110.0,40,16.5,6.68,133.5,Wallet
4311,1132,72,2023-06-26 17:14:34,Pending,900.0,0.0,0.0,45.0,900.0,UPI
4312,1093,124,2023-09-28 11:59:29,Delivered,500.0,0.0,0.0,25.0,500.0,UPI
4313,324,70,2023-09-12 17:37:42,Cancelled,1180.0,0.0,0.0,59.0,1180.0,Cash on Delivery
4314,1653,57,2023-08-31 09:26:06,Cancelled,630.0,0.0,63.0,28.35,567.0,Wallet
4315,820,112,2023-07-02 19:19:01,Delivered,800.0,0.0,100,35.0,700.0,Wallet
4316,268,14,2024-10-04 09:35:02,Delivered,120.0,35,0.0,7.75,155.0,Wallet
4317,25,51,2024-04-17 13:25:10,Cancelled,1160.0,0.0,100,53.0,1060.0,Net Banking
4318,1522,120,2023-07-26 22:03:07,Delivered,880.0,0.0,0.0,44.0,880.0,Cash on Delivery
4319,162,77,2023-11-16 10:28:54,Delivered,2090.0,0.0,0.0,104.5,2090.0,UPI
4320,1342,133,2024-04-10 18:09:10,Delivered,60.0,25,0.0,4.25,85.0,Cash on Delivery
4321,51,42,2024-12-28 13:23:53,Delivered,1030.0,0.0,0.0,51.5,1030.0,UPI
4322,356,20,2024-11-20 22:53:09,Delivered,190.0,40,0.0,11.5,230.0,UPI
4323,1207,136,2023-03-01 14:46:17,Delivered,340.0,20,68.0,14.6,292.0,UPI
4324,543,126,2023-09-04 19:18:43,Cancelled,1000.0,0.0,100,45.0,900.0,UPI
4325,1662,58,2023-05-25 12:28:32,Cancelled,900.0,0.0,0.0,45.0,900.0,UPI
4326,268,146,2023-08-05 08:45:45,Delivered,1160.0,0.0,100,53.0,1060.0,Cash on Delivery
4327,1135,127,2024-03-04 18:13:57,Delivered,80.0,25,0.0,5.25,105.0,Card
4328,934,24,2024-11-16 10:06:26,Delivered,2680.0,0.0,100,129.0,2580.0,Cash on Delivery
4329,645,16,2023-09-16 12:59:58,Delivered,610.0,0.0,0.0,30.5,610.0,Card
4330,1435,108,2024-02-18 22:04:09,Pending,1430.0,0.0,0.0,71.5,1430.0,Card
4331,826,63,2023-01-02 15:04:24,Delivered,470.0,20,0.0,24.5,490.0,Cash on Delivery
4332,778,84,2023-01-03 15:00:05,Delivered,610.0,0.0,0.0,30.5,610.0,UPI
4333,611,35,2024-08-04 15:02:11,Cancelled,1160.0,0.0,100,53.0,1060.0,Card
4334,21,12,2023-09-12 09:14:30,Pending,1060.0,0.0,0.0,53.0,1060.0,Card
4335,1917,134,2023-04-21 16:44:33,Refunded,70.0,25,0.0,4.75,95.0,Net Banking
4336,882,94,2024-08-14 18:53:23,Delivered,60.0,25,0.0,4.25,85.0,Card
4337,352,19,2023-01-03 09:04:00,Refunded,310.0,25,46.5,14.43,288.5,Card
4338,500,31,2023-11-08 21:01:40,Delivered,830.0,0.0,100,36.5,730.0,UPI
4339,1702,31,2024-11-16 09:52:40,Refunded,1290.0,0.0,0.0,64.5,1290.0,Card
4340,1433,104,2023-09-04 06:53:00,Delivered,390.0,20,58.5,17.57,351.5,Cash on Delivery
4341,635,108,2023-08-03 18:36:55,Refunded,470.0,20,70.5,20.98,419.5,Wallet
4342,1708,79,2024-07-09 07:38:43,Cancelled,2100.0,0.0,100,100.0,2000.0,Cash on Delivery
4343,1193,98,2024-07-18 10:14:30,Delivered,510.0,0.0,0.0,25.5,510.0,Net Banking
4344,1319,97,2023-11-29 14:00:46,Delivered,510.0,0.0,0.0,25.5,510.0,UPI
4345,1190,97,2023-09-16 10:54:10,Cancelled,1080.0,0.0,0.0,54.0,1080.0,Cash on Delivery
4346,327,99,2024-12-09 21:15:28,Delivered,800.0,0.0,100,35.0,700.0,Wallet
4347,305,133,2024-04-07 09:35:46,Delivered,320.0,25,0.0,17.25,345.0,UPI
4348,1725,29,2023-06-30 19:53:31,Refunded,420.0,20,63.0,18.85,377.0,Card
4349,900,105,2023-12-21 14:47:19,Delivered,2790.0,0.0,100,134.5,2690.0,UPI
4350,1301,134,2024-11-22 22:20:43,Pending,270.0,30,0.0,15.0,300.0,UPI
4351,834,68,2024-02-22 12:54:44,Delivered,210.0,25,0.0,11.75,235.0,UPI
4352,99,89,2023-08-02 07:38:36,Delivered,210.0,35,21.0,11.2,224.0,Card
4353,568,111,2024-01-13 21:50:20,Cancelled,290.0,40,0.0,16.5,330.0,Cash on Delivery
4354,1594,73,2024-10-11 21:53:16,Cancelled,1320.0,0.0,0.0,66.0,1320.0,Cash on Delivery
4355,1784,126,2024-05-29 11:17:37,Delivered,1600.0,0.0,0.0,80.0,1600.0,UPI
4356,606,96,2024-03-18 18:23:10,Delivered,1280.0,0.0,100,59.0,1180.0,Wallet
4357,458,143,2024-06-15 20:20:12,Cancelled,820.0,0.0,0.0,41.0,820.0,UPI
4358,670,115,2023-05-05 12:30:09,Delivered,340.0,25,0.0,18.25,365.0,UPI
4359,728,54,2024-09-10 07:29:21,Delivered,430.0,25,86.0,18.45,369.0,UPI
4360,60,97,2023-04-21 11:19:16,Delivered,790.0,0.0,0.0,39.5,790.0,Cash on Delivery
4361,176,57,2023-04-03 08:56:27,Cancelled,620.0,0.0,0.0,31.0,620.0,Card
4362,436,80,2024-06-12 22:22:41,Delivered,330.0,25,66.0,14.45,289.0,Cash on Delivery
4363,1711,19,2024-06-18 13:33:28,Delivered,930.0,0.0,100,41.5,830.0,Cash on Delivery
4364,1637,32,2023-11-25 11:12:14,Delivered,100.0,35,0.0,6.75,135.0,Cash on Delivery
4365,1585,25,2024-02-09 06:47:02,Delivered,390.0,25,78.0,16.85,337.0,Net Banking
4366,661,48,2023-09-12 19:46:27,Delivered,60.0,25,15.0,3.5,70.0,Card
4367,285,142,2023-11-26 13:30:38,Cancelled,600.0,0.0,0.0,30.0,600.0,Wallet
4368,1036,6,2024-07-31 18:44:12,Delivered,660.0,0.0,0.0,33.0,660.0,UPI
4369,1985,63,2024-09-19 19:12:46,Delivered,350.0,25,87.5,14.38,287.5,Wallet
4370,202,43,2023-04-03 11:44:24,Cancelled,1440.0,0.0,100,67.0,1340.0,UPI
4371,9,115,2024-06-10 21:06:31,Delivered,410.0,15,61.5,18.18,363.5,Card
4372,1906,130,2023-07-14 07:24:22,Delivered,1010.0,0.0,100,45.5,910.0,Card
4373,1557,19,2024-10-13 05:51:08,Delivered,2050.0,0.0,100,97.5,1950.0,Card
4374,405,123,2024-12-26 16:41:55,Delivered,2320.0,0.0,0.0,116.0,2320.0,Card
4375,1274,138,2024-01-16 18:08:00,Cancelled,260.0,25,0.0,14.25,285.0,Wallet
4376,1272,137,2023-02-12 15:13:08,Delivered,1310.0,0.0,100,60.5,1210.0,Cash on Delivery
4377,228,135,2023-07-13 20:36:47,Delivered,420.0,15,0.0,21.75,435.0,UPI
4378,1786,131,2023-08-24 09:27:30,Delivered,2240.0,0.0,0.0,112.0,2240.0,Cash on Delivery
4379,194,104,2023-11-22 19:51:35,Delivered,500.0,0.0,50.0,22.5,450.0,UPI
4380,1141,82,2023-07-01 20:54:53,Pending,1210.0,0.0,0.0,60.5,1210.0,Cash on Delivery
4381,1585,129,2023-07-31 20:32:34,Delivered,1040.0,0.0,0.0,52.0,1040.0,Net Banking
4382,106,121,2023-11-25 18:14:06,Delivered,880.0,0.0,0.0,44.0,880.0,Wallet
4383,1167,109,2024-12-01 08:29:00,Delivered,1430.0,0.0,100,66.5,1330.0,UPI
4384,1928,14,2024-03-30 15:04:28,Cancelled,1070.0,0.0,0.0,53.5,1070.0,UPI
4385,1360,80,2024-07-23 19:45:43,Delivered,800.0,0.0,0.0,40.0,800.0,UPI
4386,144,124,2024-03-27 19:32:06,Delivered,1050.0,0.0,100,47.5,950.0,UPI
4387,398,135,2023-09-05 14:13:46,Delivered,1620.0,0.0,0.0,81.0,1620.0,Cash on Delivery
4388,1971,39,2023-03-28 00:13:47,Delivered,1200.0,0.0,100,55.0,1100.0,Cash on Delivery
4389,1081,60,2023-09-07 06:04:21,Delivered,1910.0,0.0,100,90.5,1810.0,Card
4390,336,90,2023-11-29 08:40:24,Delivered,920.0,0.0,0.0,46.0,920.0,Net Banking
4391,1298,11,2024-12-17 21:16:17,Cancelled,190.0,30,0.0,11.0,220.0,Cash on Delivery
4392,623,6,2024-07-20 20:05:12,Pending,460.0,15,100,18.75,375.0,Net Banking
4393,666,82,2024-05-12 08:59:11,Refunded,440.0,15,0.0,22.75,455.0,UPI
4394,517,6,2024-12-29 14:54:06,Delivered,950.0,0.0,0.0,47.5,950.0,UPI
4395,1368,110,2023-03-21 15:49:44,Cancelled,800.0,0.0,0.0,40.0,800.0,UPI
4396,723,51,2023-01-01 13:24:57,Delivered,520.0,0.0,0.0,26.0,520.0,Card
4397,309,75,2024-04-05 16:16:10,Delivered,320.0,15,32.0,15.15,303.0,Cash on Delivery
4398,1606,130,2023-07-23 21:23:51,Delivered,1810.0,0.0,0.0,90.5,1810.0,UPI
4399,736,111,2023-12-14 19:57:13,Delivered,390.0,25,0.0,20.75,415.0,UPI
4400,613,5,2023-08-17 07:05:41,Delivered,510.0,0.0,0.0,25.5,510.0,Card
4401,184,19,2023-01-09 17:28:32,Delivered,920.0,0.0,0.0,46.0,920.0,UPI
4402,453,73,2024-06-12 22:40:58,Cancelled,750.0,0.0,75.0,33.75,675.0,UPI
4403,1702,27,2023-11-05 23:42:14,Cancelled,750.0,0.0,0.0,37.5,750.0,Cash on Delivery
4404,898,94,2023-08-05 15:04:24,Delivered,60.0,30,0.0,4.5,90.0,Card
4405,1301,90,2024-03-19 12:39:54,Delivered,940.0,0.0,0.0,47.0,940.0,Cash on Delivery
4406,1760,46,2024-03-12 13:32:58,Delivered,300.0,15,45.0,13.5,270.0,Card
4407,123,121,2023-09-01 23:42:08,Delivered,640.0,0.0,96.0,27.2,544.0,Card
4408,702,128,2023-09-20 09:28:20,Pending,1040.0,0.0,0.0,52.0,1040.0,Wallet
4409,317,129,2023-07-13 18:42:39,Delivered,1110.0,0.0,0.0,55.5,1110.0,Wallet
4410,739,48,2024-03-03 21:25:46,Delivered,960.0,0.0,0.0,48.0,960.0,UPI
4411,738,60,2024-01-03 13:08:08,Delivered,1930.0,0.0,0.0,96.5,1930.0,Cash on Delivery
4412,1344,37,2023-12-18 12:36:44,Delivered,340.0,15,0.0,17.75,355.0,Cash on Delivery
4413,537,6,2023-11-11 18:14:18,Pending,160.0,35,0.0,9.75,195.0,Net Banking
4414,362,66,2023-12-14 08:33:24,Delivered,290.0,35,0.0,16.25,325.0,UPI
4415,900,135,2024-12-03 20:42:28,Delivered,380.0,25,0.0,20.25,405.0,UPI
4416,1582,46,2023-08-16 10:08:49,Delivered,420.0,20,63.0,18.85,377.0,Card
4417,1244,42,2023-06-04 09:21:07,Cancelled,620.0,0.0,0.0,31.0,620.0,Card
4418,1885,103,2024-03-21 20:12:52,Cancelled,840.0,0.0,0.0,42.0,840.0,Wallet
4419,356,45,2023-06-14 07:51:39,Delivered,200.0,30,30.0,10.0,200.0,UPI
4420,39,57,2024-09-04 15:25:05,Delivered,220.0,25,22.0,11.15,223.0,Card
4421,1783,14,2024-01-23 13:53:59,Refunded,600.0,0.0,0.0,30.0,600.0,Card
4422,1788,21,2023-06-30 15:49:08,Delivered,1460.0,0.0,0.0,73.0,1460.0,Cash on Delivery
4423,30,17,2023-11-18 19:40:35,Delivered,860.0,0.0,86.0,38.7,774.0,UPI
4424,254,38,2023-11-08 11:22:33,Delivered,620.0,0.0,62.0,27.9,558.0,Cash on Delivery
4425,1643,85,2023-05-12 22:15:07,Pending,410.0,15,0.0,21.25,425.0,UPI
4426,1415,86,2024-01-25 12:22:28,Delivered,350.0,20,35.0,16.75,335.0,UPI
4427,1286,39,2024-10-01 16:27:24,Delivered,1640.0,0.0,0.0,82.0,1640.0,UPI
4428,556,17,2024-12-13 12:42:19,Delivered,3030.0,0.0,0.0,151.5,3030.0,Wallet
4429,1993,131,2024-07-07 15:00:02,Delivered,100.0,35,0.0,6.75,135.0,Wallet
4430,1415,123,2024-01-03 23:59:02,Pending,520.0,0.0,0.0,26.0,520.0,UPI
4431,162,17,2024-02-03 18:57:27,Cancelled,580.0,0.0,0.0,29.0,580.0,UPI
4432,1846,115,2024-12-21 07:01:55,Cancelled,330.0,25,82.5,13.62,272.5,Card
4433,261,67,2024-12-21 15:56:04,Delivered,960.0,0.0,96.0,43.2,864.0,Card
4434,168,39,2024-06-18 19:07:59,Refunded,1120.0,0.0,0.0,56.0,1120.0,UPI
4435,2000,29,2024-01-20 11:35:21,Pending,500.0,0.0,0.0,25.0,500.0,Cash on Delivery
4436,448,132,2024-06-22 21:00:28,Delivered,670.0,0.0,100,28.5,570.0,UPI
4437,1660,60,2023-07-27 03:27:48,Delivered,700.0,0.0,0.0,35.0,700.0,Card
4438,992,15,2024-12-18 12:41:01,Delivered,870.0,0.0,0.0,43.5,870.0,Cash on Delivery
4439,1531,134,2024-08-16 12:44:57,Delivered,60.0,30,0.0,4.5,90.0,UPI
4440,336,89,2024-11-21 13:12:56,Delivered,860.0,0.0,86.0,38.7,774.0,Card
4441,1428,54,2023-11-22 20:52:49,Delivered,710.0,0.0,100,30.5,610.0,UPI
4442,138,105,2023-07-21 17:15:25,Delivered,160.0,40,32.0,8.4,168.0,Card
4443,1027,134,2024-03-02 18:34:41,Delivered,220.0,25,0.0,12.25,245.0,UPI
4444,615,112,2024-04-30 12:47:52,Delivered,400.0,25,100.0,16.25,325.0,Cash on Delivery
4445,1803,138,2024-08-12 14:16:36,Delivered,1020.0,0.0,0.0,51.0,1020.0,Wallet
4446,695,82,2024-11-27 20:53:54,Delivered,460.0,15,46.0,21.45,429.0,Cash on Delivery
4447,1100,6,2023-10-10 09:41:44,Cancelled,980.0,0.0,0.0,49.0,980.0,Card
4448,1231,25,2023-10-24 18:06:14,Delivered,970.0,0.0,0.0,48.5,970.0,Card
4449,1081,67,2024-12-27 20:57:50,Cancelled,1070.0,0.0,0.0,53.5,1070.0,Cash on Delivery
4450,1695,27,2023-04-09 19:05:05,Cancelled,1010.0,0.0,0.0,50.5,1010.0,UPI
4451,1880,5,2023-12-18 18:07:57,Refunded,440.0,25,0.0,23.25,465.0,Card
4452,465,115,2024-03-07 21:46:36,Delivered,510.0,0.0,0.0,25.5,510.0,UPI
4453,593,103,2023-07-04 17:08:00,Cancelled,900.0,0.0,0.0,45.0,900.0,Cash on Delivery
4454,548,128,2024-11-14 10:50:05,Delivered,420.0,25,42.0,20.15,403.0,UPI
4455,974,13,2023-08-15 12:03:05,Delivered,440.0,25,100,18.25,365.0,Card
4456,227,78,2024-07-21 12:01:19,Pending,500.0,0.0,0.0,25.0,500.0,UPI
4457,861,143,2024-12-20 14:01:04,Cancelled,420.0,25,0.0,22.25,445.0,Wallet
4458,1804,64,2024-01-19 18:19:57,Delivered,180.0,25,36.0,8.45,169.0,Wallet
4459,1024,56,2023-08-25 13:45:57,Delivered,1680.0,0.0,0.0,84.0,1680.0,Wallet
4460,1703,29,2024-02-22 19:46:41,Delivered,1160.0,0.0,0.0,58.0,1160.0,Card
4461,1444,112,2024-12-21 21:33:38,Pending,180.0,40,45.0,8.75,175.0,UPI
4462,1807,124,2024-03-25 11:09:36,Delivered,810.0,0.0,0.0,40.5,810.0,UPI
4463,1371,45,2023-04-21 12:09:25,Cancelled,240.0,40,0.0,14.0,280.0,Card
4464,1220,135,2024-03-03 17:13:55,Delivered,500.0,0.0,0.0,25.0,500.0,Cash on Delivery
4465,231,51,2023-08-05 21:44:08,Cancelled,1020.0,0.0,0.0,51.0,1020.0,UPI
4466,233,40,2023-07-15 23:13:52,Delivered,50.0,40,0.0,4.5,90.0,UPI
4467,1593,33,2024-02-23 19:09:03,Delivered,1440.0,0.0,0.0,72.0,1440.0,Cash on Delivery
4468,1092,91,2023-10-11 19:07:26,Cancelled,300.0,15,0.0,15.75,315.0,UPI
4469,350,16,2024-08-10 03:13:44,Delivered,1440.0,0.0,0.0,72.0,1440.0,UPI
4470,1482,148,2023-09-06 20:20:42,Cancelled,190.0,30,0.0,11.0,220.0,UPI
4471,1468,112,2023-07-25 07:44:00,Delivered,90.0,30,0.0,6.0,120.0,Cash on Delivery
4472,254,45,2024-11-01 22:45:47,Cancelled,50.0,25,0.0,3.75,75.0,Card
4473,336,8,2024-02-13 18:38:42,Delivered,240.0,25,0.0,13.25,265.0,Wallet
4474,1062,25,2024-06-28 12:40:17,Delivered,1640.0,0.0,100,77.0,1540.0,Card
4475,685,143,2024-07-02 19:17:20,Pending,840.0,0.0,100,37.0,740.0,UPI
4476,20,109,2023-06-21 16:04:23,Delivered,500.0,0.0,0.0,25.0,500.0,Cash on Delivery
4477,1723,141,2023-09-12 15:56:09,Cancelled,420.0,20,0.0,22.0,440.0,Cash on Delivery
4478,586,16,2024-04-10 23:36:06,Cancelled,110.0,40,0.0,7.5,150.0,UPI
4479,1686,10,2024-11-30 11:53:29,Delivered,510.0,0.0,51.0,22.95,459.0,Cash on Delivery
4480,268,60,2023-08-29 00:21:20,Pending,1160.0,0.0,0.0,58.0,1160.0,UPI
4481,1498,73,2024-03-15 18:04:19,Delivered,60.0,25,0.0,4.25,85.0,UPI
4482,150,127,2023-05-15 12:48:06,Delivered,260.0,25,65.0,11.0,220.0,UPI
4483,976,82,2024-07-06 14:28:24,Cancelled,120.0,40,0.0,8.0,160.0,Card
4484,1931,67,2024-08-23 06:21:55,Delivered,880.0,0.0,100,39.0,780.0,UPI
4485,200,52,2024-06-01 18:03:51,Refunded,830.0,0.0,0.0,41.5,830.0,UPI
4486,1878,50,2023-08-18 07:28:59,Delivered,460.0,20,0.0,24.0,480.0,Card
4487,1370,120,2023-01-16 22:47:25,Delivered,980.0,0.0,0.0,49.0,980.0,Wallet
4488,1179,90,2023-11-24 15:43:36,Cancelled,330.0,20,49.5,15.03,300.5,Cash on Delivery
4489,1186,105,2024-06-11 06:57:11,Delivered,1140.0,0.0,0.0,57.0,1140.0,UPI
4490,1998,8,2024-06-11 11:08:07,Delivered,290.0,35,0.0,16.25,325.0,UPI
4491,327,93,2024-04-11 15:24:42,Delivered,440.0,20,0.0,23.0,460.0,Cash on Delivery
4492,1871,102,2024-08-22 13:49:00,Cancelled,2560.0,0.0,0.0,128.0,2560.0,UPI
4493,970,97,2024-05-06 15:32:46,Pending,280.0,25,42.0,13.15,263.0,UPI
4494,1031,68,2023-08-31 01:22:25,Cancelled,50.0,25,0.0,3.75,75.0,Wallet
4495,840,72,2023-11-28 18:06:40,Refunded,310.0,25,0.0,16.75,335.0,Card
4496,1025,108,2024-03-26 17:32:30,Delivered,760.0,0.0,0.0,38.0,760.0,UPI
4497,1375,24,2024-01-04 14:35:59,Delivered,300.0,20,0.0,16.0,320.0,UPI
4498,1041,64,2024-12-23 22:20:51,Cancelled,510.0,0.0,0.0,25.5,510.0,Cash on Delivery
4499,882,103,2024-02-02 20:22:15,Delivered,750.0,0.0,0.0,37.5,750.0,Cash on Delivery
4500,844,132,2024-02-24 20:15:08,Delivered,470.0,25,0.0,24.75,495.0,Wallet
4501,1739,24,2024-05-12 11:02:04,Delivered,1180.0,0.0,0.0,59.0,1180.0,UPI
4502,445,12,2024-04-20 21:05:25,Delivered,50.0,30,0.0,4.0,80.0,UPI
4503,1420,45,2024-11-14 18:15:16,Cancelled,40.0,30,0.0,3.5,70.0,Card
4504,1354,39,2024-09-06 19:58:24,Delivered,870.0,0.0,100,38.5,770.0,UPI
4505,1148,63,2024-05-23 13:36:10,Cancelled,1080.0,0.0,0.0,54.0,1080.0,UPI
4506,1749,81,2024-01-09 20:44:54,Delivered,90.0,30,0.0,6.0,120.0,Net Banking
4507,935,123,2024-01-31 10:50:36,Delivered,480.0,20,0.0,25.0,500.0,Card
4508,68,143,2024-08-10 22:42:38,Refunded,700.0,0.0,0.0,35.0,700.0,UPI
4509,118,66,2024-04-22 14:56:05,Cancelled,290.0,40,0.0,16.5,330.0,Card
4510,1667,62,2024-11-02 18:31:35,Delivered,300.0,20,45.0,13.75,275.0,Card
4511,183,56,2023-10-04 12:40:40,Delivered,1780.0,0.0,100,84.0,1680.0,UPI
4512,266,58,2023-08-23 12:28:07,Delivered,420.0,25,84.0,18.05,361.0,UPI
4513,238,98,2023-07-12 10:10:31,Refunded,290.0,35,0.0,16.25,325.0,UPI
4514,1236,146,2024-01-08 18:29:17,Delivered,1150.0,0.0,0.0,57.5,1150.0,Cash on Delivery
4515,1675,125,2023-01-08 13:42:30,Refunded,540.0,0.0,100,22.0,440.0,UPI
4516,1147,85,2023-08-01 20:45:46,Delivered,600.0,0.0,0.0,30.0,600.0,Wallet
4517,1743,73,2024-07-23 23:04:23,Delivered,580.0,0.0,58.0,26.1,522.0,Wallet
4518,242,39,2023-02-26 08:22:41,Pending,1380.0,0.0,100,64.0,1280.0,UPI
4519,1135,94,2024-03-26 21:53:17,Delivered,180.0,25,0.0,10.25,205.0,UPI
4520,794,141,2023-12-01 20:39:49,Delivered,420.0,20,0.0,22.0,440.0,UPI
4521,736,21,2023-05-05 16:02:05,Delivered,1910.0,0.0,100,90.5,1810.0,UPI
4522,521,46,2024-03-21 14:14:34,Delivered,770.0,0.0,0.0,38.5,770.0,Cash on Delivery
4523,587,18,2024-01-13 18:07:59,Delivered,170.0,25,0.0,9.75,195.0,UPI
4524,1771,142,2024-02-04 23:33:52,Delivered,300.0,15,0.0,15.75,315.0,UPI
4525,1746,135,2024-01-18 13:22:38,Cancelled,750.0,0.0,0.0,37.5,750.0,UPI
4526,1496,27,2023-03-16 09:35:42,Delivered,620.0,0.0,100,26.0,520.0,Card
4527,46,92,2023-06-05 11:03:21,Pending,880.0,0.0,100,39.0,780.0,Cash on Delivery
4528,916,135,2023-12-02 22:14:15,Delivered,690.0,0.0,0.0,34.5,690.0,Card
4529,1618,12,2024-03-12 20:02:36,Delivered,460.0,20,100,19.0,380.0,UPI
4530,1205,72,2024-06-01 22:19:34,Delivered,850.0,0.0,100,37.5,750.0,UPI
4531,209,89,2024-09-24 12:21:35,Delivered,820.0,0.0,0.0,41.0,820.0,Wallet
4532,845,77,2023-10-26 08:12:13,Pending,640.0,0.0,0.0,32.0,640.0,UPI
4533,18,148,2023-12-30 00:59:04,Delivered,530.0,0.0,0.0,26.5,530.0,UPI
4534,859,140,2023-01-10 18:47:29,Delivered,520.0,0.0,0.0,26.0,520.0,Card
4535,1154,66,2023-12-28 19:35:31,Delivered,720.0,0.0,0.0,36.0,720.0,Card
4536,1517,114,2024-08-21 19:53:47,Delivered,510.0,0.0,0.0,25.5,510.0,UPI
4537,337,84,2023-12-25 21:30:16,Delivered,370.0,15,55.5,16.48,329.5,UPI
4538,1537,137,2024-03-16 10:12:35,Delivered,640.0,0.0,100,27.0,540.0,Card
4539,834,135,2023-03-17 13:18:29,Refunded,180.0,40,0.0,11.0,220.0,Cash on Delivery
4540,996,45,2024-07-27 20:45:45,Delivered,210.0,30,0.0,12.0,240.0,UPI
4541,1722,123,2024-09-12 16:47:41,Refunded,1400.0,0.0,100,65.0,1300.0,Cash on Delivery
4542,1306,133,2024-12-23 12:54:27,Pending,240.0,30,0.0,13.5,270.0,UPI
4543,1692,58,2023-06-05 18:49:40,Pending,540.0,0.0,100,22.0,440.0,Card
4544,339,29,2024-12-04 11:34:44,Refunded,1240.0,0.0,100,57.0,1140.0,UPI
4545,1349,66,2024-01-12 17:12:15,Cancelled,510.0,0.0,0.0,25.5,510.0,UPI
4546,1273,11,2023-09-11 15:59:02,Delivered,380.0,15,0.0,19.75,395.0,Wallet
4547,689,120,2023-10-04 19:47:32,Refunded,940.0,0.0,0.0,47.0,940.0,UPI
4548,164,122,2024-01-29 20:57:19,Delivered,450.0,15,45.0,21.0,420.0,UPI
4549,527,133,2023-11-01 19:54:25,Delivered,660.0,0.0,0.0,33.0,660.0,UPI
4550,739,57,2024-06-28 01:29:23,Delivered,120.0,30,30.0,6.0,120.0,UPI
4551,150,84,2023-11-08 20:37:49,Delivered,180.0,35,18.0,9.85,197.0,UPI
4552,1885,58,2024-04-04 07:46:27,Cancelled,690.0,0.0,0.0,34.5,690.0,UPI
4553,274,137,2024-07-24 12:51:05,Pending,2160.0,0.0,0.0,108.0,2160.0,UPI
4554,300,66,2024-07-25 11:47:43,Delivered,1630.0,0.0,0.0,81.5,1630.0,UPI
4555,1999,127,2023-09-21 19:23:38,Cancelled,310.0,25,0.0,16.75,335.0,UPI
4556,616,52,2024-03-02 16:41:34,Delivered,180.0,25,45.0,8.0,160.0,Card
4557,1010,137,2023-08-20 16:30:22,Refunded,690.0,0.0,0.0,34.5,690.0,Cash on Delivery
4558,873,17,2023-08-28 22:19:15,Pending,390.0,20,97.5,15.62,312.5,Card
4559,662,46,2023-10-28 03:47:44,Delivered,2250.0,0.0,0.0,112.5,2250.0,UPI
4560,862,98,2023-03-23 04:45:14,Delivered,370.0,25,0.0,19.75,395.0,Wallet
4561,205,111,2023-01-17 08:19:21,Pending,890.0,0.0,89.0,40.05,801.0,Card
4562,1496,135,2023-06-10 19:30:24,Delivered,440.0,15,0.0,22.75,455.0,UPI
4563,723,72,2024-10-28 18:59:52,Delivered,380.0,20,76.0,16.2,324.0,Card
4564,1856,50,2024-09-16 13:22:50,Cancelled,680.0,0.0,0.0,34.0,680.0,Cash on Delivery
4565,717,75,2023-11-26 09:10:20,Delivered,1240.0,0.0,100,57.0,1140.0,UPI
4566,287,111,2024-10-07 22:38:08,Pending,520.0,0.0,0.0,26.0,520.0,Card
4567,1311,1,2024-08-30 10:09:24,Delivered,450.0,15,0.0,23.25,465.0,Card
4568,1758,110,2023-10-06 10:24:57,Delivered,1130.0,0.0,0.0,56.5,1130.0,Card
4569,1089,45,2024-10-24 13:02:45,Delivered,510.0,0.0,100,20.5,410.0,UPI
4570,1741,8,2024-07-26 11:03:50,Cancelled,380.0,25,0.0,20.25,405.0,UPI
4571,600,73,2023-06-07 08:02:40,Delivered,810.0,0.0,100,35.5,710.0,Card
4572,964,115,2023-09-30 23:04:22,Delivered,230.0,35,23.0,12.1,242.0,Cash on Delivery
4573,306,37,2024-03-05 17:47:16,Pending,780.0,0.0,0.0,39.0,780.0,Card
4574,578,73,2024-02-11 09:20:24,Delivered,420.0,20,63.0,18.85,377.0,Card
4575,406,100,2024-10-06 17:52:34,Pending,160.0,25,24.0,8.05,161.0,Cash on Delivery
4576,507,79,2024-09-20 11:58:58,Delivered,2680.0,0.0,0.0,134.0,2680.0,Card
4577,806,17,2024-07-07 20:46:07,Refunded,1380.0,0.0,0.0,69.0,1380.0,Net Banking
4578,1301,61,2024-01-23 15:56:50,Delivered,660.0,0.0,0.0,33.0,660.0,Card
4579,33,91,2024-08-31 20:07:51,Delivered,1760.0,0.0,0.0,88.0,1760.0,Card
4580,1274,13,2024-07-09 01:45:41,Cancelled,210.0,40,21.0,11.45,229.0,Net Banking
4581,265,115,2023-07-20 22:42:32,Delivered,290.0,35,0.0,16.25,325.0,UPI
4582,201,132,2024-07-08 21:08:34,Delivered,910.0,0.0,0.0,45.5,910.0,UPI
4583,1045,40,2024-08-30 08:24:00,Delivered,60.0,25,0.0,4.25,85.0,UPI
4584,667,48,2023-12-18 17:10:20,Delivered,500.0,0.0,0.0,25.0,500.0,UPI
4585,1252,130,2024-06-19 11:26:24,Delivered,270.0,30,0.0,15.0,300.0,Wallet
4586,1105,117,2024-03-06 14:51:40,Cancelled,250.0,30,0.0,14.0,280.0,Card
4587,1778,96,2023-10-28 21:14:30,Cancelled,640.0,0.0,0.0,32.0,640.0,Card
4588,598,52,2023-06-10 11:56:49,Delivered,1280.0,0.0,100,59.0,1180.0,Wallet
4589,933,38,2023-12-14 13:45:27,Cancelled,1320.0,0.0,100,61.0,1220.0,Cash on Delivery
4590,24,148,2024-12-11 09:02:20,Cancelled,1660.0,0.0,0.0,83.0,1660.0,UPI
4591,1457,117,2024-05-25 13:53:57,Delivered,2200.0,0.0,0.0,110.0,2200.0,UPI
4592,1510,109,2023-06-29 19:55:50,Delivered,540.0,0.0,54.0,24.3,486.0,Card
4593,1420,8,2023-08-30 13:59:40,Delivered,440.0,25,0.0,23.25,465.0,UPI
4594,1563,149,2023-10-26 15:18:09,Delivered,50.0,30,0.0,4.0,80.0,Net Banking
4595,752,73,2024-09-19 17:19:24,Delivered,850.0,0.0,0.0,42.5,850.0,Net Banking
4596,623,135,2023-03-31 10:42:32,Refunded,180.0,35,0.0,10.75,215.0,Net Banking
4597,1257,125,2023-05-10 09:02:08,Delivered,770.0,0.0,0.0,38.5,770.0,UPI
4598,1150,88,2023-08-06 15:08:59,Cancelled,300.0,20,0.0,16.0,320.0,Cash on Delivery
4599,537,63,2023-01-19 15:08:21,Refunded,540.0,0.0,0.0,27.0,540.0,UPI
4600,958,141,2023-02-24 19:21:44,Delivered,2320.0,0.0,0.0,116.0,2320.0,Card
4601,966,132,2023-02-09 17:13:56,Delivered,440.0,25,0.0,23.25,465.0,UPI
4602,623,68,2023-02-04 21:09:04,Delivered,1620.0,0.0,0.0,81.0,1620.0,UPI
4603,1455,125,2023-10-03 20:35:57,Delivered,630.0,0.0,0.0,31.5,630.0,Card
4604,1057,120,2024-12-12 11:39:43,Cancelled,280.0,40,0.0,16.0,320.0,Wallet
4605,1757,101,2024-08-25 19:16:30,Cancelled,570.0,0.0,0.0,28.5,570.0,UPI
4606,88,42,2023-11-27 12:38:33,Delivered,320.0,20,0.0,17.0,340.0,Card
4607,118,66,2023-02-20 04:15:12,Cancelled,1510.0,0.0,0.0,75.5,1510.0,Card
4608,1183,121,2023-05-30 19:54:35,Delivered,430.0,15,0.0,22.25,445.0,Cash on Delivery
4609,1404,82,2023-11-10 09:33:36,Cancelled,680.0,0.0,0.0,34.0,680.0,UPI
4610,1220,75,2023-07-04 14:12:06,Delivered,690.0,0.0,100,29.5,590.0,UPI
4611,1163,125,2023-04-01 21:13:29,Pending,540.0,0.0,81.0,22.95,459.0,UPI
4612,212,66,2024-08-25 22:10:40,Delivered,1290.0,0.0,100,59.5,1190.0,UPI
4613,633,32,2024-01-17 19:22:37,Delivered,350.0,15,52.5,15.62,312.5,UPI
4614,213,99,2024-02-23 18:55:49,Delivered,2070.0,0.0,100,98.5,1970.0,UPI
4615,424,18,2024-04-30 07:59:49,Refunded,1320.0,0.0,0.0,66.0,1320.0,UPI
4616,1760,64,2023-12-24 12:40:54,Delivered,1350.0,0.0,0.0,67.5,1350.0,Card
4617,176,68,2023-02-21 03:04:20,Delivered,360.0,15,36.0,16.95,339.0,Cash on Delivery
4618,1381,14,2023-01-03 01:58:54,Delivered,120.0,40,0.0,8.0,160.0,UPI
4619,1485,48,2023-05-21 23:30:31,Refunded,2100.0,0.0,100,100.0,2000.0,UPI
4620,775,99,2023-09-29 10:30:35,Cancelled,140.0,35,0.0,8.75,175.0,Cash on Delivery
4621,1194,85,2023-05-18 11:26:10,Cancelled,350.0,25,0.0,18.75,375.0,UPI
4622,59,50,2023-04-24 12:01:34,Delivered,100.0,40,0.0,7.0,140.0,Wallet
4623,1927,143,2023-07-02 19:43:15,Refunded,600.0,0.0,0.0,30.0,600.0,Cash on Delivery
4624,117,99,2024-07-11 18:51:06,Refunded,1320.0,0.0,100,61.0,1220.0,Card
4625,1969,134,2024-11-18 09:32:49,Delivered,1180.0,0.0,0.0,59.0,1180.0,Cash on Delivery
4626,1383,125,2023-03-14 12:13:00,Refunded,390.0,15,78.0,16.35,327.0,Card
4627,1799,57,2024-11-16 19:39:06,Delivered,1560.0,0.0,0.0,78.0,1560.0,Card
4628,570,92,2023-05-24 12:50:44,Cancelled,260.0,35,0.0,14.75,295.0,UPI
4629,1574,12,2023-11-01 21:04:45,Delivered,230.0,40,0.0,13.5,270.0,Card
4630,995,19,2024-08-24 15:20:24,Delivered,410.0,15,0.0,21.25,425.0,Net Banking
4631,1132,127,2023-12-11 19:52:20,Cancelled,690.0,0.0,0.0,34.5,690.0,Wallet
4632,228,76,2023-03-09 23:42:09,Delivered,200.0,25,0.0,11.25,225.0,Card
4633,50,56,2023-11-20 18:34:56,Delivered,1180.0,0.0,0.0,59.0,1180.0,UPI
4634,1747,92,2024-05-05 18:56:07,Delivered,440.0,15,0.0,22.75,455.0,UPI
4635,213,60,2023-05-11 08:58:50,Cancelled,1230.0,0.0,100,56.5,1130.0,UPI
4636,910,57,2024-12-15 18:59:49,Delivered,110.0,30,0.0,7.0,140.0,Card
4637,1093,141,2023-08-20 20:00:09,Delivered,1510.0,0.0,0.0,75.5,1510.0,Cash on Delivery
4638,1211,70,2023-01-11 13:54:45,Delivered,680.0,0.0,0.0,34.0,680.0,Wallet
4639,715,104,2023-05-13 14:28:30,Delivered,510.0,0.0,0.0,25.5,510.0,Card
4640,433,40,2024-04-09 19:51:08,Delivered,380.0,25,0.0,20.25,405.0,UPI
4641,116,6,2023-10-02 12:32:48,Pending,950.0,0.0,0.0,47.5,950.0,UPI
4642,666,40,2024-09-30 22:03:26,Cancelled,370.0,20,55.5,16.73,334.5,Card
4643,96,131,2024-06-28 14:05:30,Delivered,560.0,0.0,56.0,25.2,504.0,UPI
4644,1150,32,2023-06-17 22:07:39,Delivered,1080.0,0.0,0.0,54.0,1080.0,Cash on Delivery
4645,863,35,2024-12-04 19:18:35,Delivered,380.0,15,38.0,17.85,357.0,Net Banking
4646,719,12,2023-08-01 18:38:09,Cancelled,100.0,35,0.0,6.75,135.0,UPI
4647,1018,57,2023-05-30 19:54:06,Delivered,60.0,40,0.0,5.0,100.0,Card
4648,987,14,2024-02-03 14:08:46,Delivered,280.0,25,42.0,13.15,263.0,Card
4649,1760,40,2024-01-28 07:21:27,Delivered,90.0,30,0.0,6.0,120.0,Cash on Delivery
4650,1203,57,2023-07-24 20:27:42,Delivered,900.0,0.0,0.0,45.0,900.0,UPI
4651,890,42,2024-08-16 19:55:10,Delivered,600.0,0.0,90.0,25.5,510.0,Cash on Delivery
4652,259,21,2023-06-26 13:14:26,Cancelled,270.0,35,0.0,15.25,305.0,Wallet
4653,1289,96,2024-01-11 13:42:11,Delivered,780.0,0.0,100,34.0,680.0,Wallet
4654,925,66,2023-04-16 18:18:08,Cancelled,1280.0,0.0,0.0,64.0,1280.0,UPI
4655,30,5,2024-01-21 13:26:22,Cancelled,380.0,20,0.0,20.0,400.0,Card
4656,446,98,2024-05-21 14:23:07,Delivered,760.0,0.0,100,33.0,660.0,Wallet
4657,946,136,2024-12-30 19:58:05,Delivered,70.0,30,0.0,5.0,100.0,UPI
4658,1916,72,2023-11-15 17:25:40,Delivered,530.0,0.0,0.0,26.5,530.0,UPI
4659,324,40,2023-09-23 14:06:08,Delivered,960.0,0.0,0.0,48.0,960.0,Cash on Delivery
4660,301,94,2024-04-08 21:06:31,Cancelled,710.0,0.0,100,30.5,610.0,UPI
4661,320,32,2024-09-26 16:14:10,Delivered,1210.0,0.0,0.0,60.5,1210.0,Cash on Delivery
4662,679,93,2024-08-01 19:32:13,Delivered,840.0,0.0,0.0,42.0,840.0,Cash on Delivery
4663,1502,111,2024-06-18 07:46:55,Cancelled,1180.0,0.0,0.0,59.0,1180.0,Wallet
4664,393,143,2024-10-22 02:20:47,Refunded,900.0,0.0,0.0,45.0,900.0,Cash on Delivery
4665,1535,108,2023-11-22 23:00:38,Pending,2010.0,0.0,0.0,100.5,2010.0,UPI
4666,1100,58,2024-03-25 18:38:22,Delivered,1170.0,0.0,0.0,58.5,1170.0,Card
4667,1196,81,2024-04-30 14:43:13,Delivered,770.0,0.0,0.0,38.5,770.0,UPI
4668,1439,13,2024-04-19 06:25:00,Delivered,1610.0,0.0,100,75.5,1510.0,Card
4669,995,120,2024-11-03 21:42:54,Delivered,280.0,35,70.0,12.25,245.0,Card
4670,939,100,2024-07-22 12:32:05,Cancelled,100.0,25,0.0,6.25,125.0,UPI
4671,705,110,2023-08-20 14:42:28,Delivered,220.0,30,0.0,12.5,250.0,Card
4672,1670,62,2024-08-07 16:38:43,Delivered,300.0,15,30.0,14.25,285.0,Cash on Delivery
4673,1692,88,2024-10-29 22:38:42,Refunded,320.0,25,48.0,14.85,297.0,UPI
4674,1640,142,2024-07-27 10:59:02,Delivered,600.0,0.0,0.0,30.0,600.0,UPI
4675,353,123,2024-07-13 11:09:08,Delivered,500.0,0.0,100,20.0,400.0,UPI
4676,854,135,2024-09-19 17:57:41,Delivered,760.0,0.0,0.0,38.0,760.0,UPI
4677,593,128,2023-06-15 12:10:08,Pending,870.0,0.0,0.0,43.5,870.0,UPI
4678,113,79,2023-05-09 12:50:47,Delivered,920.0,0.0,0.0,46.0,920.0,Wallet
4679,108,61,2023-05-16 03:13:02,Delivered,360.0,25,0.0,19.25,385.0,Card
4680,61,50,2024-08-01 19:05:00,Delivered,430.0,25,0.0,22.75,455.0,Card
4681,1820,119,2023-01-07 13:53:12,Cancelled,90.0,35,0.0,6.25,125.0,Card
4682,281,10,2023-07-26 00:50:34,Delivered,1500.0,0.0,100,70.0,1400.0,Card
4683,322,12,2023-11-16 14:49:00,Delivered,230.0,25,0.0,12.75,255.0,Cash on Delivery
4684,1009,88,2024-06-01 11:10:18,Delivered,1300.0,0.0,0.0,65.0,1300.0,UPI
4685,1200,27,2023-10-19 19:54:35,Pending,2350.0,0.0,0.0,117.5,2350.0,UPI
4686,1312,80,2023-12-09 20:27:27,Refunded,2510.0,0.0,100,120.5,2410.0,Cash on Delivery
4687,1177,10,2023-08-31 19:56:27,Delivered,930.0,0.0,0.0,46.5,930.0,Net Banking
4688,304,102,2024-03-31 08:55:39,Delivered,1300.0,0.0,0.0,65.0,1300.0,UPI
4689,1722,46,2024-07-14 21:05:03,Pending,320.0,20,0.0,17.0,340.0,UPI
4690,1135,52,2024-08-15 08:32:05,Delivered,450.0,20,0.0,23.5,470.0,UPI
4691,1166,72,2023-09-01 20:54:49,Delivered,100.0,35,10.0,6.25,125.0,UPI
4692,2000,85,2024-10-14 16:30:24,Delivered,1000.0,0.0,0.0,50.0,1000.0,Card
4693,1094,117,2023-05-21 14:00:16,Cancelled,1890.0,0.0,100,89.5,1790.0,Cash on Delivery
4694,557,20,2023-01-12 14:06:29,Delivered,530.0,0.0,0.0,26.5,530.0,Card
4695,1221,50,2023-06-02 11:50:31,Delivered,630.0,0.0,0.0,31.5,630.0,UPI
4696,1959,58,2024-07-25 08:42:04,Delivered,1290.0,0.0,100,59.5,1190.0,Card
4697,635,115,2023-12-14 21:26:08,Pending,810.0,0.0,100,35.5,710.0,Card
4698,1345,40,2024-04-13 11:29:23,Delivered,40.0,25,0.0,3.25,65.0,UPI
4699,785,144,2024-12-12 18:42:46,Cancelled,530.0,0.0,0.0,26.5,530.0,Wallet
4700,1573,63,2024-10-19 10:18:32,Delivered,680.0,0.0,0.0,34.0,680.0,UPI
4701,495,143,2024-11-21 14:24:33,Delivered,250.0,30,25.0,12.75,255.0,UPI
4702,1064,25,2024-10-27 03:30:57,Delivered,90.0,35,0.0,6.25,125.0,UPI
4703,1904,26,2024-07-06 13:32:55,Delivered,380.0,15,0.0,19.75,395.0,UPI
4704,1134,15,2024-04-06 20:11:51,Refunded,750.0,0.0,100,32.5,650.0,Card
4705,514,39,2023-09-20 19:16:59,Delivered,390.0,15,0.0,20.25,405.0,UPI
4706,1000,23,2024-02-23 17:54:47,Delivered,2860.0,0.0,0.0,143.0,2860.0,UPI
4707,1004,32,2024-07-24 16:20:58,Delivered,380.0,15,0.0,19.75,395.0,Net Banking
4708,1008,129,2023-08-20 16:14:46,Delivered,290.0,25,0.0,15.75,315.0,Cash on Delivery
4709,606,51,2024-08-15 20:34:36,Pending,1200.0,0.0,100,55.0,1100.0,Net Banking
4710,1569,141,2024-05-13 18:14:36,Cancelled,1620.0,0.0,0.0,81.0,1620.0,Card
4711,619,86,2024-03-09 20:11:00,Delivered,240.0,35,0.0,13.75,275.0,Card
4712,1139,11,2023-05-16 19:53:52,Cancelled,750.0,0.0,0.0,37.5,750.0,Cash on Delivery
4713,279,134,2024-05-30 20:44:06,Refunded,70.0,30,0.0,5.0,100.0,Cash on Delivery
4714,116,38,2023-09-30 21:12:32,Cancelled,180.0,40,0.0,11.0,220.0,Cash on Delivery
4715,1693,149,2024-11-11 12:18:32,Cancelled,100.0,25,0.0,6.25,125.0,Card
4716,1598,43,2024-08-09 18:35:41,Delivered,630.0,0.0,0.0,31.5,630.0,Card
4717,154,63,2023-09-23 18:02:31,Delivered,640.0,0.0,0.0,32.0,640.0,Wallet
4718,1429,8,2024-08-29 07:41:59,Delivered,400.0,25,100.0,16.25,325.0,UPI
4719,1129,125,2024-01-29 21:13:20,Cancelled,550.0,0.0,0.0,27.5,550.0,Net Banking
4720,1462,92,2023-10-26 09:07:34,Delivered,260.0,25,0.0,14.25,285.0,Wallet
4721,207,51,2024-01-03 20:54:39,Pending,200.0,40,50.0,9.5,190.0,Card
4722,1830,50,2023-06-01 19:31:28,Pending,680.0,0.0,100,29.0,580.0,Cash on Delivery
4723,1261,40,2023-09-09 15:44:32,Delivered,60.0,40,0.0,5.0,100.0,UPI
4724,906,67,2023-06-25 19:25:10,Pending,230.0,40,46.0,11.2,224.0,Card
4725,1776,23,2024-06-11 22:22:55,Delivered,1240.0,0.0,0.0,62.0,1240.0,Wallet
4726,1132,132,2024-09-05 21:56:59,Pending,1520.0,0.0,100,71.0,1420.0,UPI
4727,935,27,2023-03-13 01:11:19,Cancelled,260.0,25,65.0,11.0,220.0,Card
4728,243,125,2024-08-15 08:03:28,Pending,190.0,40,0.0,11.5,230.0,UPI
4729,1176,73,2023-03-26 09:56:10,Pending,1700.0,0.0,0.0,85.0,1700.0,Wallet
4730,1192,33,2024-08-19 20:39:42,Delivered,780.0,0.0,0.0,39.0,780.0,Card
4731,1456,105,2024-09-22 14:13:11,Delivered,410.0,20,61.5,18.43,368.5,Card
4732,1498,91,2023-11-16 17:05:55,Delivered,1960.0,0.0,0.0,98.0,1960.0,Net Banking
4733,1853,46,2023-06-29 17:59:13,Delivered,1200.0,0.0,0.0,60.0,1200.0,Cash on Delivery
4734,825,111,2024-09-24 18:29:29,Delivered,840.0,0.0,0.0,42.0,840.0,Wallet
4735,1722,149,2024-12-14 20:45:39,Delivered,600.0,0.0,90.0,25.5,510.0,UPI
4736,829,25,2024-12-17 13:09:07,Delivered,170.0,25,42.5,7.62,152.5,Wallet
4737,1308,11,2023-05-15 11:31:08,Delivered,300.0,20,45.0,13.75,275.0,UPI
4738,1733,122,2024-12-08 18:27:55,Cancelled,440.0,25,44.0,21.05,421.0,Cash on Delivery
4739,1624,119,2024-03-29 17:09:28,Delivered,840.0,0.0,100,37.0,740.0,UPI
4740,1453,97,2024-08-23 03:33:33,Delivered,560.0,0.0,100,23.0,460.0,Card
4741,1629,14,2024-03-30 16:30:34,Delivered,310.0,15,31.0,14.7,294.0,UPI
4742,1623,15,2024-08-20 16:00:59,Cancelled,120.0,30,0.0,7.5,150.0,Cash on Delivery
4743,600,62,2023-07-18 20:39:04,Refunded,600.0,0.0,0.0,30.0,600.0,Cash on Delivery
4744,358,121,2024-09-19 21:15:23,Delivered,190.0,30,47.5,8.62,172.5,Cash on Delivery
4745,1188,13,2023-08-07 20:22:49,Delivered,2070.0,0.0,0.0,103.5,2070.0,Net Banking
4746,18,128,2023-06-02 20:39:42,Pending,1860.0,0.0,0.0,93.0,1860.0,UPI
4747,1068,79,2024-07-10 10:11:57,Refunded,3450.0,0.0,0.0,172.5,3450.0,Wallet
4748,1527,81,2024-08-12 06:37:23,Delivered,270.0,40,0.0,15.5,310.0,Cash on Delivery
4749,1947,20,2024-08-25 08:54:20,Pending,3460.0,0.0,100,168.0,3360.0,Cash on Delivery
4750,1137,75,2024-08-22 22:25:52,Pending,130.0,25,32.5,6.12,122.5,UPI
4751,820,11,2023-05-18 13:01:35,Refunded,380.0,25,0.0,20.25,405.0,Card
4752,1020,121,2024-03-07 12:17:45,Delivered,140.0,30,0.0,8.5,170.0,UPI
4753,693,25,2024-12-20 19:29:36,Delivered,380.0,15,0.0,19.75,395.0,UPI
4754,1974,78,2024-09-19 21:49:34,Cancelled,290.0,40,0.0,16.5,330.0,UPI
4755,1317,60,2024-02-06 20:34:31,Cancelled,4270.0,0.0,0.0,213.5,4270.0,Card
4756,1027,34,2024-03-12 16:09:51,Delivered,1570.0,0.0,0.0,78.5,1570.0,Card
4757,1568,43,2024-11-02 13:18:28,Delivered,1320.0,0.0,0.0,66.0,1320.0,Card
4758,1036,13,2024-12-26 12:04:03,Delivered,210.0,40,0.0,12.5,250.0,UPI
4759,507,58,2024-08-27 10:41:37,Cancelled,660.0,0.0,0.0,33.0,660.0,Card
4760,1524,90,2024-03-12 15:23:34,Cancelled,940.0,0.0,100,42.0,840.0,UPI
4761,23,20,2023-12-03 11:36:01,Pending,2460.0,0.0,100,118.0,2360.0,Wallet
4762,1919,50,2024-05-15 16:42:11,Delivered,110.0,40,0.0,7.5,150.0,UPI
4763,878,117,2023-12-12 13:29:25,Delivered,750.0,0.0,0.0,37.5,750.0,Card
4764,528,60,2023-07-25 20:42:29,Cancelled,2230.0,0.0,100,106.5,2130.0,UPI
4765,1678,126,2023-09-03 10:48:23,Pending,970.0,0.0,0.0,48.5,970.0,UPI
4766,1492,105,2024-07-28 22:08:04,Refunded,870.0,0.0,87.0,39.15,783.0,UPI
4767,222,13,2023-06-05 17:22:29,Delivered,1530.0,0.0,0.0,76.5,1530.0,UPI
4768,934,132,2023-12-31 00:07:00,Cancelled,170.0,35,25.5,8.97,179.5,UPI
4769,723,39,2023-12-01 11:37:04,Delivered,540.0,0.0,0.0,27.0,540.0,Card
4770,1403,21,2024-07-12 19:13:08,Delivered,340.0,15,0.0,17.75,355.0,Cash on Delivery
4771,1936,95,2023-01-05 22:16:02,Delivered,390.0,20,0.0,20.5,410.0,UPI
4772,1873,15,2024-08-28 15:05:42,Cancelled,800.0,0.0,0.0,40.0,800.0,Wallet
4773,98,146,2024-09-28 20:48:49,Delivered,340.0,25,0.0,18.25,365.0,UPI
4774,449,57,2024-07-25 23:31:06,Cancelled,1250.0,0.0,0.0,62.5,1250.0,UPI
4775,1614,98,2023-05-08 23:26:15,Cancelled,320.0,20,48.0,14.6,292.0,UPI
4776,1665,68,2024-04-12 12:08:01,Refunded,330.0,15,33.0,15.6,312.0,Net Banking
4777,1462,104,2023-09-28 20:09:04,Delivered,200.0,30,20.0,10.5,210.0,UPI
4778,366,104,2024-09-05 19:39:09,Delivered,480.0,15,0.0,24.75,495.0,Cash on Delivery
4779,244,132,2023-05-19 09:39:10,Delivered,970.0,0.0,100,43.5,870.0,UPI
4780,861,126,2023-04-04 18:25:29,Delivered,560.0,0.0,0.0,28.0,560.0,UPI
4781,114,127,2024-03-24 14:19:51,Delivered,350.0,15,0.0,18.25,365.0,UPI
4782,562,131,2024-02-28 15:54:28,Cancelled,100.0,30,25.0,5.25,105.0,UPI
4783,1675,142,2024-08-03 21:09:39,Cancelled,300.0,25,0.0,16.25,325.0,UPI
4784,114,115,2024-03-19 06:01:06,Delivered,520.0,0.0,0.0,26.0,520.0,UPI
4785,237,148,2024-06-24 19:17:33,Delivered,590.0,0.0,59.0,26.55,531.0,UPI
4786,1235,119,2024-02-15 18:47:20,Cancelled,1020.0,0.0,0.0,51.0,1020.0,Card
4787,970,100,2024-11-24 10:26:50,Cancelled,740.0,0.0,0.0,37.0,740.0,Card
4788,980,57,2024-02-11 23:34:01,Delivered,1010.0,0.0,0.0,50.5,1010.0,UPI
4789,629,101,2024-04-23 10:32:23,Delivered,910.0,0.0,91.0,40.95,819.0,UPI
4790,1125,113,2023-05-08 13:07:44,Cancelled,1030.0,0.0,0.0,51.5,1030.0,Cash on Delivery
4791,170,40,2024-12-22 14:19:32,Delivered,270.0,40,0.0,15.5,310.0,Wallet
4792,1342,25,2023-07-04 18:21:43,Delivered,270.0,40,0.0,15.5,310.0,Wallet
4793,1524,25,2024-01-15 04:03:51,Delivered,1300.0,0.0,100,60.0,1200.0,Cash on Delivery
4794,1233,140,2023-06-12 12:02:01,Delivered,130.0,30,13.0,7.35,147.0,Card
4795,545,75,2024-01-16 13:37:15,Delivered,570.0,0.0,0.0,28.5,570.0,Net Banking
4796,514,112,2024-02-26 08:29:07,Delivered,1190.0,0.0,100,54.5,1090.0,UPI
4797,196,134,2024-05-07 16:20:02,Cancelled,570.0,0.0,0.0,28.5,570.0,UPI
4798,1311,34,2024-02-13 14:11:41,Delivered,540.0,0.0,0.0,27.0,540.0,Wallet
4799,36,103,2024-10-31 20:16:50,Delivered,360.0,25,0.0,19.25,385.0,Card
4800,955,110,2024-09-06 19:14:07,Delivered,1250.0,0.0,0.0,62.5,1250.0,UPI
4801,428,66,2024-03-14 20:27:16,Delivered,500.0,0.0,0.0,25.0,500.0,Cash on Delivery
4802,1040,121,2023-07-31 20:55:18,Delivered,180.0,40,0.0,11.0,220.0,UPI
4803,433,120,2023-10-26 10:40:06,Refunded,240.0,35,0.0,13.75,275.0,UPI
4804,21,79,2023-08-06 19:33:23,Delivered,150.0,35,22.5,8.12,162.5,Cash on Delivery
4805,766,18,2023-09-21 10:54:59,Delivered,630.0,0.0,0.0,31.5,630.0,Cash on Delivery
4806,198,142,2023-10-12 19:11:20,Delivered,600.0,0.0,100,25.0,500.0,UPI
4807,1746,101,2024-10-28 16:18:44,Delivered,730.0,0.0,100,31.5,630.0,Card
4808,1492,119,2024-09-24 20:11:40,Delivered,720.0,0.0,0.0,36.0,720.0,UPI
4809,1392,119,2023-02-27 13:30:37,Delivered,530.0,0.0,79.5,22.53,450.5,UPI
4810,1377,60,2023-08-14 11:13:49,Delivered,860.0,0.0,0.0,43.0,860.0,UPI
4811,1916,61,2024-11-02 14:25:53,Refunded,240.0,40,0.0,14.0,280.0,Wallet
4812,1555,146,2023-07-25 18:28:07,Cancelled,390.0,15,0.0,20.25,405.0,Wallet
4813,895,98,2024-07-10 19:57:54,Refunded,210.0,40,0.0,12.5,250.0,Wallet
4814,1520,126,2024-04-13 13:56:09,Cancelled,710.0,0.0,0.0,35.5,710.0,Card
4815,384,21,2024-11-23 19:20:31,Cancelled,580.0,0.0,0.0,29.0,580.0,Card
4816,1942,91,2024-11-13 17:01:12,Delivered,1640.0,0.0,0.0,82.0,1640.0,Wallet
4817,840,24,2024-04-28 23:28:44,Delivered,670.0,0.0,100,28.5,570.0,Card
4818,146,149,2023-01-15 09:33:25,Pending,200.0,30,20.0,10.5,210.0,UPI
4819,113,21,2023-05-11 18:20:16,Delivered,1240.0,0.0,0.0,62.0,1240.0,Cash on Delivery
4820,1084,10,2024-01-29 23:15:29,Pending,640.0,0.0,0.0,32.0,640.0,Card
4821,237,62,2024-02-12 13:37:50,Cancelled,300.0,20,60.0,13.0,260.0,Card
4822,773,115,2024-11-26 18:17:44,Delivered,390.0,25,97.5,15.88,317.5,UPI
4823,1932,6,2023-11-01 19:23:20,Delivered,180.0,40,36.0,9.2,184.0,Cash on Delivery
4824,266,6,2023-08-12 21:53:31,Delivered,500.0,0.0,0.0,25.0,500.0,UPI
4825,955,108,2024-01-01 20:07:55,Delivered,90.0,35,9.0,5.8,116.0,Net Banking
4826,344,15,2024-09-12 13:23:51,Delivered,340.0,25,0.0,18.25,365.0,Cash on Delivery
4827,910,31,2024-06-25 13:28:14,Delivered,1350.0,0.0,100,62.5,1250.0,UPI
4828,1076,117,2023-08-27 11:14:51,Pending,1060.0,0.0,0.0,53.0,1060.0,Wallet
4829,885,32,2024-02-04 12:39:03,Refunded,670.0,0.0,0.0,33.5,670.0,UPI
4830,1775,62,2023-07-13 19:57:28,Delivered,300.0,25,0.0,16.25,325.0,UPI
4831,1932,125,2024-03-18 21:34:59,Delivered,550.0,0.0,55.0,24.75,495.0,Cash on Delivery
4832,1624,24,2024-02-13 05:11:47,Pending,680.0,0.0,100,29.0,580.0,Card
4833,1406,5,2023-04-30 22:29:39,Delivered,480.0,20,0.0,25.0,500.0,UPI
4834,495,39,2023-08-02 09:32:19,Delivered,1120.0,0.0,100,51.0,1020.0,UPI
4835,1947,148,2024-06-14 00:58:45,Delivered,530.0,0.0,0.0,26.5,530.0,UPI
4836,1468,135,2023-02-21 08:51:27,Pending,990.0,0.0,0.0,49.5,990.0,Wallet
4837,67,72,2023-01-27 14:26:49,Refunded,1130.0,0.0,0.0,56.5,1130.0,Card
4838,1014,10,2023-06-17 22:40:19,Delivered,810.0,0.0,0.0,40.5,810.0,UPI
4839,9,131,2024-07-02 19:28:33,Pending,560.0,0.0,0.0,28.0,560.0,Cash on Delivery
4840,1766,101,2023-04-20 16:36:09,Cancelled,560.0,0.0,56.0,25.2,504.0,Net Banking
4841,213,115,2024-08-20 13:37:10,Delivered,670.0,0.0,0.0,33.5,670.0,UPI
4842,1871,54,2024-01-09 03:52:05,Delivered,550.0,0.0,55.0,24.75,495.0,Net Banking
4843,408,143,2024-07-31 23:29:48,Refunded,1340.0,0.0,100,62.0,1240.0,Card
4844,1322,50,2023-03-20 18:02:32,Delivered,2650.0,0.0,0.0,132.5,2650.0,UPI
4845,846,15,2023-05-12 15:04:08,Delivered,620.0,0.0,93.0,26.35,527.0,UPI
4846,357,13,2024-05-14 11:58:01,Delivered,870.0,0.0,87.0,39.15,783.0,UPI
4847,1780,68,2024-03-01 08:43:05,Pending,390.0,25,39.0,18.8,376.0,Cash on Delivery
4848,1576,135,2023-11-25 08:06:49,Delivered,390.0,25,39.0,18.8,376.0,Wallet
4849,1048,14,2024-05-16 22:13:48,Delivered,620.0,0.0,100,26.0,520.0,UPI
4850,27,51,2023-08-09 01:38:20,Delivered,1900.0,0.0,0.0,95.0,1900.0,Card
4851,873,82,2024-05-13 07:42:53,Cancelled,600.0,0.0,0.0,30.0,600.0,Cash on Delivery
4852,1477,117,2024-05-11 19:13:43,Delivered,440.0,20,88.0,18.6,372.0,Card
4853,738,48,2023-09-24 15:27:37,Cancelled,1070.0,0.0,100,48.5,970.0,UPI
4854,379,34,2024-07-02 14:00:32,Cancelled,1130.0,0.0,0.0,56.5,1130.0,UPI
4855,1009,137,2023-08-07 11:41:27,Delivered,630.0,0.0,0.0,31.5,630.0,UPI
4856,1584,101,2024-08-29 03:02:13,Cancelled,110.0,40,11.0,6.95,139.0,Card
4857,136,14,2024-11-29 10:41:54,Delivered,740.0,0.0,100,32.0,640.0,Card
4858,373,45,2024-03-03 11:42:02,Delivered,100.0,25,0.0,6.25,125.0,Cash on Delivery
4859,1236,94,2023-06-22 22:08:57,Delivered,1380.0,0.0,100,64.0,1280.0,Card
4860,392,19,2024-11-24 19:49:08,Delivered,710.0,0.0,0.0,35.5,710.0,Wallet
4861,138,73,2024-05-18 18:11:44,Delivered,340.0,20,51.0,15.45,309.0,UPI
4862,111,68,2024-08-17 18:20:58,Delivered,1120.0,0.0,0.0,56.0,1120.0,Cash on Delivery
4863,398,43,2024-12-25 08:25:58,Pending,180.0,30,36.0,8.7,174.0,UPI
4864,339,34,2024-08-23 13:13:11,Delivered,640.0,0.0,100,27.0,540.0,UPI
4865,711,85,2023-09-21 23:49:23,Cancelled,380.0,25,38.0,18.35,367.0,Card
4866,976,82,2024-06-11 20:40:10,Delivered,250.0,40,0.0,14.5,290.0,Wallet
4867,122,58,2023-10-27 10:08:15,Delivered,510.0,0.0,51.0,22.95,459.0,Card
4868,489,144,2024-04-20 09:06:02,Delivered,160.0,30,32.0,7.9,158.0,UPI
4869,1747,112,2023-04-11 11:59:38,Delivered,1160.0,0.0,0.0,58.0,1160.0,Card
4870,1994,131,2024-11-18 16:41:03,Refunded,1220.0,0.0,100,56.0,1120.0,UPI
4871,636,55,2024-09-03 09:40:12,Delivered,860.0,0.0,0.0,43.0,860.0,UPI
4872,1224,16,2023-06-28 02:50:50,Delivered,1330.0,0.0,0.0,66.5,1330.0,UPI
4873,1725,25,2023-05-23 17:30:47,Cancelled,210.0,35,0.0,12.25,245.0,Wallet
4874,1972,63,2023-11-28 07:46:17,Cancelled,1120.0,0.0,0.0,56.0,1120.0,UPI
4875,802,104,2024-02-28 16:51:32,Cancelled,580.0,0.0,87.0,24.65,493.0,UPI
4876,1904,60,2024-10-20 16:01:08,Delivered,1150.0,0.0,0.0,57.5,1150.0,Wallet
4877,1264,58,2024-04-13 17:25:08,Delivered,420.0,25,0.0,22.25,445.0,Card
4878,44,132,2024-01-25 17:40:47,Delivered,220.0,30,0.0,12.5,250.0,Wallet
4879,1783,1,2023-11-17 15:00:32,Refunded,1080.0,0.0,100,49.0,980.0,Wallet
4880,1452,123,2023-05-23 18:02:08,Delivered,780.0,0.0,100,34.0,680.0,Cash on Delivery
4881,470,16,2024-01-20 10:38:51,Delivered,1330.0,0.0,100,61.5,1230.0,UPI
4882,141,141,2023-07-09 21:53:21,Delivered,960.0,0.0,0.0,48.0,960.0,Card
4883,1445,129,2024-06-12 08:57:59,Delivered,60.0,25,0.0,4.25,85.0,UPI
4884,1136,34,2024-10-14 16:05:57,Delivered,560.0,0.0,0.0,28.0,560.0,Cash on Delivery
4885,238,97,2023-02-11 07:44:01,Delivered,310.0,25,62.0,13.65,273.0,Cash on Delivery
4886,1893,10,2024-07-15 23:56:22,Delivered,1680.0,0.0,0.0,84.0,1680.0,UPI
4887,1887,126,2024-09-14 00:40:41,Pending,1070.0,0.0,0.0,53.5,1070.0,UPI
4888,1574,6,2024-04-14 09:31:15,Pending,350.0,20,0.0,18.5,370.0,UPI
4889,887,98,2024-11-22 20:10:59,Delivered,430.0,20,0.0,22.5,450.0,Wallet
4890,1624,127,2023-09-25 21:52:20,Delivered,970.0,0.0,97.0,43.65,873.0,Cash on Delivery
4891,56,43,2024-12-26 16:59:47,Delivered,2340.0,0.0,0.0,117.0,2340.0,UPI
4892,1506,137,2024-01-04 22:40:20,Cancelled,1670.0,0.0,0.0,83.5,1670.0,Cash on Delivery
4893,533,125,2023-01-27 20:34:43,Delivered,840.0,0.0,0.0,42.0,840.0,Wallet
4894,226,38,2023-03-26 21:00:56,Delivered,1980.0,0.0,100,94.0,1880.0,Net Banking
4895,1336,91,2023-01-16 08:51:41,Refunded,920.0,0.0,0.0,46.0,920.0,UPI
4896,637,42,2023-09-27 12:19:29,Pending,300.0,15,60.0,12.75,255.0,Net Banking
4897,36,12,2024-06-28 03:37:01,Cancelled,250.0,30,0.0,14.0,280.0,UPI
4898,111,131,2024-08-08 06:21:39,Delivered,610.0,0.0,0.0,30.5,610.0,Wallet
4899,1959,80,2023-09-24 09:56:14,Delivered,1600.0,0.0,0.0,80.0,1600.0,UPI
4900,220,61,2023-08-25 14:13:43,Delivered,120.0,30,0.0,7.5,150.0,Net Banking
4901,635,21,2024-04-25 10:51:38,Cancelled,570.0,0.0,0.0,28.5,570.0,Net Banking
4902,310,101,2023-06-23 15:58:51,Refunded,970.0,0.0,0.0,48.5,970.0,Card
4903,1893,132,2024-06-18 18:19:32,Delivered,330.0,25,33.0,16.1,322.0,UPI
4904,7,19,2023-09-10 20:12:55,Delivered,600.0,0.0,100,25.0,500.0,Card
4905,348,88,2024-06-07 07:40:03,Delivered,280.0,25,0.0,15.25,305.0,UPI
4906,1947,121,2024-09-09 14:34:57,Delivered,180.0,35,0.0,10.75,215.0,Card
4907,961,129,2023-09-21 15:31:59,Delivered,720.0,0.0,0.0,36.0,720.0,UPI
4908,1368,109,2023-07-04 17:05:50,Cancelled,430.0,25,0.0,22.75,455.0,UPI
4909,1362,35,2024-12-02 12:49:33,Refunded,920.0,0.0,0.0,46.0,920.0,UPI
4910,432,66,2023-02-21 18:28:28,Refunded,870.0,0.0,0.0,43.5,870.0,UPI
4911,614,140,2023-12-21 03:31:11,Delivered,200.0,30,0.0,11.5,230.0,UPI
4912,1294,109,2024-09-23 13:05:08,Delivered,1600.0,0.0,0.0,80.0,1600.0,UPI
4913,1979,95,2024-08-26 14:31:16,Delivered,460.0,15,0.0,23.75,475.0,Cash on Delivery
4914,1439,142,2023-06-10 13:05:42,Cancelled,900.0,0.0,100,40.0,800.0,UPI
4915,172,46,2024-12-27 18:50:35,Delivered,960.0,0.0,0.0,48.0,960.0,Cash on Delivery
4916,1728,26,2024-05-08 13:01:26,Delivered,140.0,30,21.0,7.45,149.0,UPI
4917,115,93,2023-10-26 14:26:32,Delivered,730.0,0.0,0.0,36.5,730.0,Wallet
4918,1642,93,2024-10-08 15:52:24,Delivered,110.0,40,11.0,6.95,139.0,Card
4919,961,108,2024-10-18 13:56:09,Delivered,850.0,0.0,100,37.5,750.0,Card
4920,533,110,2024-10-14 21:30:11,Delivered,260.0,40,0.0,15.0,300.0,Card
4921,1660,91,2024-01-03 14:27:53,Delivered,820.0,0.0,0.0,41.0,820.0,UPI
4922,1267,95,2024-10-05 13:56:04,Delivered,1000.0,0.0,0.0,50.0,1000.0,UPI
4923,1743,129,2023-11-19 15:10:03,Delivered,250.0,25,0.0,13.75,275.0,Net Banking
4924,1980,35,2024-03-25 22:07:36,Delivered,920.0,0.0,0.0,46.0,920.0,Wallet
4925,1158,101,2024-07-18 10:49:57,Refunded,620.0,0.0,0.0,31.0,620.0,Card
4926,603,132,2024-01-04 18:24:59,Delivered,990.0,0.0,100,44.5,890.0,Cash on Delivery
4927,257,6,2023-10-14 10:55:28,Cancelled,330.0,20,0.0,17.5,350.0,UPI
4928,1769,70,2024-02-16 12:43:03,Delivered,1110.0,0.0,0.0,55.5,1110.0,Wallet
4929,668,85,2024-12-08 18:52:11,Cancelled,570.0,0.0,0.0,28.5,570.0,Cash on Delivery
4930,1003,68,2024-08-06 16:31:01,Delivered,210.0,40,42.0,10.4,208.0,Card
4931,1503,42,2024-07-12 18:54:09,Delivered,220.0,35,44.0,10.55,211.0,UPI
4932,814,12,2024-11-29 13:31:22,Delivered,1030.0,0.0,0.0,51.5,1030.0,Wallet
4933,1934,143,2024-06-22 20:10:49,Cancelled,870.0,0.0,0.0,43.5,870.0,UPI
4934,1272,32,2024-11-25 12:08:03,Cancelled,710.0,0.0,0.0,35.5,710.0,Card
4935,1769,70,2024-11-30 14:57:06,Pending,1300.0,0.0,0.0,65.0,1300.0,Wallet
4936,1171,129,2024-01-30 16:55:23,Delivered,330.0,15,0.0,17.25,345.0,UPI
4937,555,67,2023-11-16 18:34:51,Delivered,3600.0,0.0,0.0,180.0,3600.0,Cash on Delivery
4938,1341,64,2023-08-20 20:52:17,Delivered,100.0,25,0.0,6.25,125.0,UPI
4939,1550,51,2023-09-10 10:02:18,Delivered,330.0,25,0.0,17.75,355.0,UPI
4940,170,32,2024-04-24 20:23:04,Refunded,660.0,0.0,0.0,33.0,660.0,Card
4941,705,114,2024-03-02 12:19:24,Delivered,1250.0,0.0,0.0,62.5,1250.0,UPI
4942,1038,37,2023-05-13 10:29:06,Cancelled,760.0,0.0,100,33.0,660.0,Card
4943,346,149,2023-07-19 08:58:50,Cancelled,1550.0,0.0,0.0,77.5,1550.0,UPI
4944,1688,148,2024-09-02 11:01:21,Delivered,430.0,15,0.0,22.25,445.0,UPI
4945,1658,89,2023-06-16 19:35:45,Delivered,100.0,30,25.0,5.25,105.0,UPI
4946,1830,111,2024-08-27 10:35:22,Delivered,1990.0,0.0,100,94.5,1890.0,UPI
4947,1633,67,2023-07-12 15:59:24,Pending,270.0,30,54.0,12.3,246.0,Net Banking
4948,1205,32,2024-09-22 12:00:46,Delivered,270.0,25,67.5,11.38,227.5,Card
4949,755,114,2024-06-29 03:57:12,Delivered,1200.0,0.0,0.0,60.0,1200.0,UPI
4950,310,97,2024-05-15 10:25:01,Delivered,600.0,0.0,0.0,30.0,600.0,Wallet
4951,410,34,2023-06-12 19:13:29,Refunded,480.0,25,96.0,20.45,409.0,Wallet
4952,495,14,2023-07-17 19:01:18,Delivered,80.0,35,0.0,5.75,115.0,Card
4953,1110,14,2024-02-16 13:10:18,Delivered,220.0,30,22.0,11.4,228.0,Cash on Delivery
4954,1885,133,2024-03-11 19:24:11,Delivered,60.0,40,0.0,5.0,100.0,Cash on Delivery
4955,384,50,2023-12-03 19:29:44,Delivered,1290.0,0.0,100,59.5,1190.0,Net Banking
4956,785,55,2023-11-14 18:37:11,Delivered,110.0,25,0.0,6.75,135.0,UPI
4957,1599,143,2024-06-20 09:10:54,Cancelled,2810.0,0.0,0.0,140.5,2810.0,UPI
4958,1349,46,2023-11-30 00:01:09,Delivered,300.0,20,0.0,16.0,320.0,UPI
4959,1014,137,2024-01-10 13:36:03,Delivered,1010.0,0.0,0.0,50.5,1010.0,Wallet
4960,346,86,2024-03-31 14:21:34,Delivered,260.0,30,0.0,14.5,290.0,Card
4961,775,109,2024-03-29 20:09:10,Refunded,380.0,20,38.0,18.1,362.0,UPI
4962,427,29,2024-10-08 14:15:49,Refunded,500.0,0.0,100.0,20.0,400.0,Card
4963,1573,120,2024-12-20 19:17:48,Delivered,760.0,0.0,0.0,38.0,760.0,Card
4964,1975,68,2024-07-04 10:06:44,Refunded,440.0,15,0.0,22.75,455.0,UPI
4965,1552,42,2024-11-30 08:32:41,Cancelled,100.0,25,0.0,6.25,125.0,UPI
4966,1293,64,2024-01-14 11:05:19,Cancelled,810.0,0.0,0.0,40.5,810.0,Net Banking
4967,1059,15,2023-09-16 14:10:05,Cancelled,430.0,15,43.0,20.1,402.0,UPI
4968,624,126,2024-11-13 11:08:15,Delivered,1390.0,0.0,100,64.5,1290.0,Cash on Delivery
4969,798,37,2024-05-14 13:04:59,Delivered,1680.0,0.0,0.0,84.0,1680.0,UPI
4970,90,138,2023-05-02 18:50:06,Delivered,520.0,0.0,100,21.0,420.0,UPI
4971,1900,126,2023-09-29 09:45:37,Delivered,780.0,0.0,78.0,35.1,702.0,UPI
4972,1342,46,2023-08-28 06:39:44,Delivered,960.0,0.0,96.0,43.2,864.0,Net Banking
4973,249,132,2024-11-16 18:25:27,Delivered,440.0,20,0.0,23.0,460.0,Wallet
4974,1715,63,2024-03-15 21:45:24,Cancelled,1010.0,0.0,0.0,50.5,1010.0,UPI
4975,1571,6,2023-09-17 22:47:23,Pending,160.0,35,40.0,7.75,155.0,UPI
4976,1865,60,2024-04-18 12:05:54,Refunded,880.0,0.0,0.0,44.0,880.0,Card
4977,1526,33,2024-09-24 09:22:02,Delivered,260.0,25,0.0,14.25,285.0,Net Banking
4978,1028,67,2024-08-19 21:35:45,Delivered,630.0,0.0,63.0,28.35,567.0,UPI
4979,1948,148,2024-02-21 20:55:16,Cancelled,1840.0,0.0,100,87.0,1740.0,UPI
4980,1639,122,2023-08-17 19:18:36,Cancelled,510.0,0.0,100,20.5,410.0,UPI
4981,1970,82,2023-09-24 20:09:21,Cancelled,120.0,35,0.0,7.75,155.0,Card
4982,519,24,2023-04-11 19:20:37,Delivered,1160.0,0.0,0.0,58.0,1160.0,Card
4983,704,24,2023-06-08 17:08:51,Delivered,310.0,20,0.0,16.5,330.0,Wallet
4984,41,97,2023-09-07 19:21:31,Cancelled,280.0,30,42.0,13.4,268.0,Wallet
4985,1542,134,2024-04-05 12:03:21,Delivered,740.0,0.0,0.0,37.0,740.0,Wallet
4986,314,126,2024-01-06 20:23:03,Delivered,1000.0,0.0,100.0,45.0,900.0,Wallet
4987,560,75,2023-05-01 21:55:47,Cancelled,480.0,25,0.0,25.25,505.0,UPI
4988,823,43,2023-03-14 21:53:46,Refunded,530.0,0.0,0.0,26.5,530.0,Cash on Delivery
4989,1205,97,2024-11-04 09:49:58,Delivered,1100.0,0.0,100,50.0,1000.0,Net Banking
4990,1266,135,2024-01-15 13:47:11,Delivered,210.0,40,0.0,12.5,250.0,UPI
4991,995,25,2023-09-23 22:26:59,Delivered,420.0,15,42.0,19.65,393.0,UPI
4992,1823,54,2024-12-17 20:08:04,Refunded,220.0,40,33.0,11.35,227.0,Wallet
4993,177,119,2024-01-08 20:48:21,Delivered,100.0,25,20.0,5.25,105.0,Cash on Delivery
4994,446,97,2023-07-11 19:46:43,Delivered,320.0,15,0.0,16.75,335.0,UPI
4995,1512,55,2024-10-20 19:21:27,Cancelled,1560.0,0.0,0.0,78.0,1560.0,UPI
4996,432,121,2023-11-17 14:03:20,Cancelled,190.0,30,38.0,9.1,182.0,UPI
4997,1484,1,2023-08-29 13:05:08,Delivered,1000.0,0.0,100,45.0,900.0,Card
4998,1236,104,2023-06-01 21:58:10,Refunded,340.0,20,0.0,18.0,360.0,Card
4999,1008,32,2023-06-18 06:11:28,Delivered,150.0,30,0.0,9.0,180.0,Wallet
5000,1705,99,2024-11-19 13:15:06,Cancelled,370.0,20,0.0,19.5,390.0,Card
5001,253,35,2023-08-21 19:47:41,Delivered,540.0,0.0,0.0,27.0,540.0,Cash on Delivery
5002,1377,129,2024-07-02 16:12:18,Cancelled,270.0,40,0.0,15.5,310.0,Card
5003,55,137,2023-01-09 12:36:57,Pending,3010.0,0.0,100,145.5,2910.0,Cash on Delivery
5004,816,20,2024-09-27 11:39:34,Cancelled,1880.0,0.0,0.0,94.0,1880.0,Cash on Delivery
5005,200,88,2023-09-13 13:19:32,Delivered,550.0,0.0,55.0,24.75,495.0,UPI
5006,1059,95,2024-05-02 19:22:10,Pending,350.0,15,70.0,14.75,295.0,Cash on Delivery
5007,236,11,2023-01-30 01:52:19,Pending,300.0,15,0.0,15.75,315.0,UPI
5008,948,91,2023-06-21 11:03:54,Cancelled,600.0,0.0,100,25.0,500.0,UPI
5009,1691,51,2023-07-10 13:45:09,Refunded,600.0,0.0,0.0,30.0,600.0,Cash on Delivery
5010,1775,129,2023-12-22 16:18:48,Pending,1110.0,0.0,0.0,55.5,1110.0,Wallet
5011,981,138,2024-08-13 17:04:58,Delivered,1260.0,0.0,0.0,63.0,1260.0,UPI
5012,1313,17,2024-07-29 20:29:22,Delivered,830.0,0.0,0.0,41.5,830.0,Wallet
5013,1289,24,2024-01-14 19:56:42,Cancelled,500.0,0.0,0.0,25.0,500.0,UPI
5014,1366,75,2023-08-28 09:12:48,Refunded,540.0,0.0,0.0,27.0,540.0,UPI
5015,1986,136,2023-09-21 05:39:20,Delivered,70.0,40,0.0,5.5,110.0,UPI
5016,709,122,2024-07-05 09:35:33,Delivered,80.0,40,0.0,6.0,120.0,Net Banking
5017,586,101,2024-07-19 16:25:17,Delivered,150.0,25,0.0,8.75,175.0,Card
5018,56,31,2024-07-15 21:45:22,Pending,60.0,40,9.0,4.55,91.0,UPI
5019,1728,140,2023-12-26 20:55:23,Delivered,590.0,0.0,0.0,29.5,590.0,UPI
5020,1577,46,2023-10-12 09:42:34,Delivered,460.0,15,0.0,23.75,475.0,Card
5021,1653,127,2024-11-26 14:21:47,Delivered,880.0,0.0,88.0,39.6,792.0,Cash on Delivery
5022,1450,24,2023-11-29 21:46:15,Refunded,2010.0,0.0,0.0,100.5,2010.0,Cash on Delivery
5023,1673,42,2023-07-27 18:43:41,Delivered,330.0,20,82.5,13.38,267.5,Cash on Delivery
5024,275,40,2023-10-08 19:13:43,Refunded,330.0,15,82.5,13.12,262.5,UPI
5025,242,6,2023-05-07 15:15:38,Delivered,440.0,20,0.0,23.0,460.0,Cash on Delivery
5026,1297,122,2024-03-26 17:30:18,Delivered,330.0,20,0.0,17.5,350.0,Card
5027,1563,5,2023-04-15 15:20:41,Cancelled,400.0,25,0.0,21.25,425.0,UPI
5028,687,15,2024-04-12 18:59:55,Delivered,180.0,40,0.0,11.0,220.0,Wallet
5029,28,124,2024-04-27 00:03:16,Delivered,380.0,15,0.0,19.75,395.0,Card
5030,874,31,2023-05-03 03:18:18,Delivered,60.0,30,0.0,4.5,90.0,Net Banking
5031,1623,69,2023-07-03 19:33:38,Delivered,1820.0,0.0,0.0,91.0,1820.0,Net Banking
5032,344,69,2023-08-17 19:41:33,Pending,720.0,0.0,0.0,36.0,720.0,Cash on Delivery
5033,847,67,2023-10-25 19:11:31,Refunded,360.0,20,0.0,19.0,380.0,UPI
5034,273,56,2024-04-18 13:39:28,Delivered,140.0,35,21.0,7.7,154.0,UPI
5035,809,12,2024-06-17 12:29:57,Delivered,200.0,40,0.0,12.0,240.0,UPI
5036,1133,50,2023-03-27 00:58:27,Pending,2140.0,0.0,0.0,107.0,2140.0,UPI
5037,1557,37,2024-01-27 09:09:14,Cancelled,2060.0,0.0,0.0,103.0,2060.0,UPI
5038,538,146,2023-06-10 07:47:13,Refunded,1580.0,0.0,0.0,79.0,1580.0,Card
5039,200,60,2024-01-23 10:13:03,Delivered,720.0,0.0,0.0,36.0,720.0,UPI
5040,1928,40,2023-08-21 05:09:33,Delivered,320.0,15,0.0,16.75,335.0,UPI
5041,543,69,2024-01-26 19:11:39,Delivered,790.0,0.0,0.0,39.5,790.0,Wallet
5042,1692,50,2023-08-25 20:52:09,Refunded,400.0,20,60.0,18.0,360.0,UPI
5043,1897,142,2024-07-06 22:57:07,Cancelled,600.0,0.0,0.0,30.0,600.0,UPI
5044,1902,113,2024-05-06 17:50:23,Refunded,820.0,0.0,0.0,41.0,820.0,UPI
5045,560,129,2023-08-30 20:26:27,Pending,770.0,0.0,0.0,38.5,770.0,UPI
5046,347,60,2023-08-16 09:33:21,Cancelled,1490.0,0.0,0.0,74.5,1490.0,Net Banking
5047,1615,103,2024-08-16 21:19:43,Delivered,290.0,25,43.5,13.58,271.5,UPI
5048,1243,11,2024-08-19 10:26:08,Cancelled,380.0,25,0.0,20.25,405.0,UPI
5049,1525,105,2023-12-24 23:31:37,Cancelled,2010.0,0.0,0.0,100.5,2010.0,Cash on Delivery
5050,1402,38,2024-01-22 12:43:20,Delivered,2310.0,0.0,0.0,115.5,2310.0,Wallet
5051,706,46,2023-06-30 18:29:20,Delivered,1080.0,0.0,0.0,54.0,1080.0,Cash on Delivery
5052,1990,5,2023-10-17 07:49:15,Refunded,1520.0,0.0,100,71.0,1420.0,UPI
5053,974,33,2023-08-29 21:27:19,Delivered,1860.0,0.0,0.0,93.0,1860.0,UPI
5054,1188,85,2024-07-25 10:03:15,Delivered,500.0,0.0,0.0,25.0,500.0,UPI
5055,1129,45,2023-07-13 21:07:46,Delivered,320.0,25,0.0,17.25,345.0,UPI
5056,1414,102,2024-01-20 15:38:43,Delivered,1130.0,0.0,100,51.5,1030.0,UPI
5057,1760,46,2024-08-25 09:21:31,Refunded,1750.0,0.0,0.0,87.5,1750.0,UPI
5058,1754,136,2024-09-07 22:27:56,Cancelled,270.0,40,0.0,15.5,310.0,Card
5059,1060,45,2024-04-07 14:02:10,Delivered,120.0,35,30.0,6.25,125.0,UPI
5060,858,135,2024-04-29 10:30:57,Delivered,930.0,0.0,0.0,46.5,930.0,UPI
5061,1435,125,2024-10-23 20:46:02,Delivered,780.0,0.0,100,34.0,680.0,Wallet
5062,143,122,2024-05-04 20:54:49,Pending,1610.0,0.0,0.0,80.5,1610.0,Wallet
5063,711,140,2023-08-01 08:11:12,Cancelled,450.0,15,0.0,23.25,465.0,Cash on Delivery
5064,1494,104,2023-06-24 22:49:35,Delivered,910.0,0.0,0.0,45.5,910.0,UPI
5065,1273,75,2024-12-30 11:06:28,Delivered,1190.0,0.0,0.0,59.5,1190.0,UPI
5066,398,86,2024-01-11 22:48:13,Delivered,1090.0,0.0,0.0,54.5,1090.0,Card
5067,1161,85,2023-07-28 11:51:20,Refunded,500.0,0.0,100,20.0,400.0,Cash on Delivery
5068,975,12,2024-02-04 12:39:28,Delivered,690.0,0.0,0.0,34.5,690.0,UPI
5069,1181,110,2024-09-08 20:34:23,Delivered,800.0,0.0,100,35.0,700.0,UPI
5070,602,148,2024-03-14 17:38:28,Cancelled,860.0,0.0,100,38.0,760.0,Card
5071,1453,62,2023-06-25 02:02:11,Delivered,600.0,0.0,0.0,30.0,600.0,UPI
5072,1889,60,2024-01-04 19:55:02,Delivered,980.0,0.0,0.0,49.0,980.0,UPI
5073,1725,91,2023-06-12 18:47:52,Delivered,920.0,0.0,0.0,46.0,920.0,Card
5074,304,70,2024-10-05 20:40:26,Delivered,40.0,35,8.0,3.35,67.0,UPI
5075,1733,32,2023-12-08 22:35:51,Cancelled,530.0,0.0,0.0,26.5,530.0,Wallet
5076,356,121,2024-05-31 21:34:49,Delivered,670.0,0.0,0.0,33.5,670.0,UPI
5077,187,85,2023-04-07 21:34:31,Cancelled,270.0,35,67.5,11.88,237.5,UPI
5078,1482,12,2024-03-25 15:18:32,Delivered,1480.0,0.0,0.0,74.0,1480.0,UPI
5079,738,73,2024-01-29 15:32:56,Delivered,430.0,20,64.5,19.28,385.5,Net Banking
5080,1334,50,2024-09-20 14:04:50,Delivered,110.0,25,16.5,5.93,118.5,Cash on Delivery
5081,1360,97,2024-12-10 08:47:46,Pending,280.0,25,70.0,11.75,235.0,Cash on Delivery
5082,1522,67,2023-12-02 21:45:56,Delivered,690.0,0.0,0.0,34.5,690.0,Card
5083,1013,104,2023-06-07 22:55:20,Delivered,80.0,35,0.0,5.75,115.0,UPI
5084,307,97,2023-10-09 12:44:36,Delivered,510.0,0.0,76.5,21.68,433.5,Cash on Delivery
5085,671,76,2024-06-05 09:43:10,Delivered,200.0,30,20.0,10.5,210.0,UPI
5086,1296,131,2023-12-14 20:12:15,Delivered,1120.0,0.0,0.0,56.0,1120.0,Cash on Delivery
5087,1772,38,2024-10-11 10:31:29,Pending,510.0,0.0,100,20.5,410.0,Card
5088,141,104,2024-04-15 18:35:07,Cancelled,500.0,0.0,0.0,25.0,500.0,UPI
5089,1345,91,2023-08-17 13:43:18,Delivered,820.0,0.0,100,36.0,720.0,UPI
5090,1220,43,2024-03-30 12:23:51,Delivered,1060.0,0.0,100,48.0,960.0,Cash on Delivery
5091,30,111,2024-02-13 19:16:17,Delivered,390.0,20,78.0,16.6,332.0,Card
5092,1016,112,2023-11-23 22:31:44,Delivered,1550.0,0.0,0.0,77.5,1550.0,UPI
5093,1052,140,2023-11-06 17:47:39,Delivered,720.0,0.0,100,31.0,620.0,UPI
5094,1699,31,2023-11-17 18:16:53,Cancelled,590.0,0.0,0.0,29.5,590.0,Card
5095,1441,108,2023-04-29 18:37:28,Delivered,870.0,0.0,100,38.5,770.0,Card
5096,1747,117,2024-05-20 08:33:33,Delivered,1380.0,0.0,0.0,69.0,1380.0,Card
5097,1076,98,2024-09-28 08:59:24,Delivered,40.0,35,0.0,3.75,75.0,UPI
5098,1203,48,2023-07-27 12:38:59,Cancelled,360.0,25,0.0,19.25,385.0,Net Banking
5099,367,46,2024-08-14 22:59:04,Delivered,1800.0,0.0,100,85.0,1700.0,Cash on Delivery
5100,1393,140,2023-04-03 10:49:37,Refunded,350.0,15,0.0,18.25,365.0,Cash on Delivery
5101,1062,120,2024-05-05 20:21:04,Cancelled,480.0,25,0.0,25.25,505.0,UPI
5102,1659,37,2024-09-10 21:14:09,Delivered,510.0,0.0,0.0,25.5,510.0,Card
5103,1311,38,2024-06-01 16:43:27,Delivered,2930.0,0.0,0.0,146.5,2930.0,Card
5104,989,125,2024-11-15 19:37:37,Cancelled,180.0,35,0.0,10.75,215.0,UPI
5105,1871,105,2024-12-12 18:44:29,Delivered,820.0,0.0,0.0,41.0,820.0,Net Banking
5106,1229,23,2024-08-20 19:06:29,Delivered,350.0,15,0.0,18.25,365.0,UPI
5107,928,142,2024-05-07 16:34:08,Delivered,300.0,20,60.0,13.0,260.0,UPI
5108,650,26,2024-05-18 14:31:27,Delivered,250.0,30,0.0,14.0,280.0,UPI
5109,1074,113,2023-04-15 13:49:21,Delivered,820.0,0.0,0.0,41.0,820.0,UPI
5110,835,14,2023-11-26 22:49:01,Pending,520.0,0.0,100,21.0,420.0,Net Banking
5111,1687,85,2024-02-09 10:53:59,Refunded,210.0,40,42.0,10.4,208.0,UPI
5112,975,11,2024-05-13 12:42:17,Delivered,630.0,0.0,0.0,31.5,630.0,UPI
5113,1533,129,2024-07-21 06:06:10,Delivered,390.0,25,39.0,18.8,376.0,UPI
5114,274,24,2024-01-12 20:40:36,Cancelled,510.0,0.0,100,20.5,410.0,UPI
5115,891,26,2023-04-13 14:17:35,Delivered,430.0,25,43.0,20.6,412.0,Cash on Delivery
5116,920,112,2023-03-01 04:01:15,Delivered,170.0,30,0.0,10.0,200.0,Cash on Delivery
5117,393,130,2023-12-08 00:18:06,Delivered,270.0,30,54.0,12.3,246.0,Cash on Delivery
5118,9,29,2024-01-02 07:23:44,Delivered,1140.0,0.0,100,52.0,1040.0,Wallet
5119,306,127,2023-09-14 03:36:19,Delivered,310.0,15,62.0,13.15,263.0,Card
5120,141,138,2024-04-25 09:59:57,Delivered,1480.0,0.0,100,69.0,1380.0,UPI
5121,162,128,2024-10-25 18:41:18,Delivered,1790.0,0.0,0.0,89.5,1790.0,Card
5122,556,133,2024-06-20 22:54:16,Delivered,240.0,30,0.0,13.5,270.0,Wallet
5123,1887,76,2024-03-19 18:15:06,Delivered,150.0,35,0.0,9.25,185.0,Net Banking
5124,1122,69,2023-05-24 00:25:42,Delivered,910.0,0.0,0.0,45.5,910.0,Cash on Delivery
5125,1020,23,2024-02-23 19:48:49,Delivered,320.0,25,64.0,14.05,281.0,UPI
5126,1615,77,2024-10-24 18:25:31,Delivered,740.0,0.0,0.0,37.0,740.0,UPI
5127,90,126,2023-09-30 07:23:24,Delivered,140.0,30,14.0,7.8,156.0,Cash on Delivery
5128,768,13,2023-03-11 14:22:38,Delivered,680.0,0.0,0.0,34.0,680.0,Cash on Delivery
5129,1595,85,2023-06-08 15:24:12,Delivered,520.0,0.0,0.0,26.0,520.0,Wallet
5130,1093,141,2024-03-12 12:51:31,Delivered,740.0,0.0,0.0,37.0,740.0,Cash on Delivery
5131,1812,57,2023-06-02 08:36:24,Delivered,1280.0,0.0,0.0,64.0,1280.0,UPI
5132,1343,68,2023-01-20 21:51:01,Delivered,590.0,0.0,88.5,25.08,501.5,Card
5133,231,111,2024-01-22 07:56:10,Cancelled,750.0,0.0,0.0,37.5,750.0,UPI
5134,1260,104,2024-07-08 21:03:17,Pending,40.0,35,10.0,3.25,65.0,UPI
5135,1378,131,2023-09-28 18:54:43,Delivered,610.0,0.0,61.0,27.45,549.0,UPI
5136,1493,129,2023-06-12 19:52:49,Delivered,170.0,40,34.0,8.8,176.0,Card
5137,1624,138,2024-02-18 12:27:20,Delivered,320.0,15,48.0,14.35,287.0,Card
5138,1073,60,2023-11-04 19:17:22,Delivered,2190.0,0.0,0.0,109.5,2190.0,UPI
5139,1843,138,2024-10-16 05:27:02,Delivered,160.0,35,0.0,9.75,195.0,Card
5140,270,15,2024-03-06 10:43:03,Delivered,670.0,0.0,67.0,30.15,603.0,Card
5141,1377,50,2024-03-28 11:37:02,Cancelled,210.0,35,21.0,11.2,224.0,Cash on Delivery
5142,999,111,2024-01-08 09:09:26,Refunded,1000.0,0.0,0.0,50.0,1000.0,UPI
5143,1513,115,2023-05-27 20:28:17,Delivered,540.0,0.0,54.0,24.3,486.0,UPI
5144,220,127,2024-05-25 18:39:01,Delivered,1320.0,0.0,100,61.0,1220.0,Wallet
5145,1263,122,2024-11-12 14:57:06,Pending,490.0,20,49.0,23.05,461.0,Cash on Delivery
5146,1201,135,2024-05-14 19:34:39,Cancelled,830.0,0.0,0.0,41.5,830.0,Wallet
5147,1983,109,2023-12-22 08:44:23,Delivered,1060.0,0.0,100,48.0,960.0,Net Banking
5148,505,131,2024-02-13 22:55:45,Cancelled,2010.0,0.0,0.0,100.5,2010.0,Cash on Delivery
5149,1208,84,2023-07-17 21:35:44,Delivered,330.0,15,0.0,17.25,345.0,Card
5150,320,127,2024-11-17 16:53:04,Refunded,130.0,40,0.0,8.5,170.0,UPI
5151,474,78,2024-09-03 20:04:04,Delivered,300.0,25,30.0,14.75,295.0,Wallet
5152,1675,58,2023-12-26 10:27:22,Delivered,870.0,0.0,100,38.5,770.0,Wallet
5153,657,143,2024-08-09 22:22:26,Delivered,1190.0,0.0,0.0,59.5,1190.0,UPI
5154,358,69,2023-11-12 22:42:52,Delivered,1010.0,0.0,0.0,50.5,1010.0,Net Banking
5155,951,123,2024-05-02 20:48:54,Delivered,2400.0,0.0,100,115.0,2300.0,Card
5156,973,75,2024-01-30 22:31:36,Delivered,820.0,0.0,0.0,41.0,820.0,Cash on Delivery
5157,1415,90,2023-09-05 19:49:36,Pending,470.0,15,100,19.25,385.0,Wallet
5158,1129,142,2023-12-22 16:00:48,Refunded,300.0,20,0.0,16.0,320.0,UPI
5159,1577,120,2024-04-02 13:26:42,Delivered,840.0,0.0,100,37.0,740.0,Net Banking
5160,744,72,2023-03-30 11:30:04,Delivered,510.0,0.0,0.0,25.5,510.0,Card
5161,275,46,2023-07-01 18:52:10,Cancelled,890.0,0.0,100,39.5,790.0,Wallet
5162,176,131,2023-04-10 17:22:12,Delivered,780.0,0.0,0.0,39.0,780.0,Card
5163,32,126,2023-06-05 04:40:05,Delivered,930.0,0.0,0.0,46.5,930.0,UPI
5164,604,109,2023-06-28 16:40:52,Delivered,810.0,0.0,100,35.5,710.0,UPI
5165,183,25,2024-03-31 14:17:00,Cancelled,170.0,35,0.0,10.25,205.0,Card
5166,1675,34,2023-08-27 23:16:07,Cancelled,310.0,25,0.0,16.75,335.0,Card
5167,268,51,2024-02-03 13:27:29,Delivered,980.0,0.0,100,44.0,880.0,Card
5168,513,60,2023-11-01 18:33:48,Delivered,690.0,0.0,0.0,34.5,690.0,Wallet
5169,976,149,2023-09-10 23:58:21,Delivered,460.0,20,0.0,24.0,480.0,Cash on Delivery
5170,1982,60,2023-03-25 14:59:22,Cancelled,1510.0,0.0,0.0,75.5,1510.0,UPI
5171,1478,84,2024-08-04 21:28:32,Delivered,520.0,0.0,0.0,26.0,520.0,UPI
5172,103,12,2023-07-16 21:20:26,Delivered,880.0,0.0,0.0,44.0,880.0,UPI
5173,1675,97,2023-06-19 12:20:44,Cancelled,790.0,0.0,100,34.5,690.0,Card
5174,658,12,2023-07-10 15:30:07,Delivered,230.0,30,0.0,13.0,260.0,Card
5175,21,1,2023-11-30 23:41:12,Refunded,260.0,30,0.0,14.5,290.0,Cash on Delivery
5176,1966,52,2023-10-14 20:04:36,Refunded,2110.0,0.0,100,100.5,2010.0,Wallet
5177,1013,14,2023-10-28 19:00:45,Delivered,100.0,30,0.0,6.5,130.0,Card
5178,687,98,2023-04-26 21:03:45,Refunded,240.0,30,0.0,13.5,270.0,UPI
5179,101,6,2023-06-13 21:47:29,Cancelled,1100.0,0.0,0.0,55.0,1100.0,Cash on Delivery
5180,207,94,2023-10-28 07:21:25,Refunded,1500.0,0.0,100,70.0,1400.0,Cash on Delivery
5181,1692,104,2024-10-22 09:36:22,Delivered,400.0,20,40.0,19.0,380.0,Card
5182,894,48,2024-01-19 09:41:38,Pending,110.0,30,0.0,7.0,140.0,UPI
5183,1177,127,2024-04-16 00:27:13,Refunded,470.0,25,0.0,24.75,495.0,Wallet
5184,1932,95,2024-02-21 09:32:26,Cancelled,490.0,20,98.0,20.6,412.0,Cash on Delivery
5185,1452,100,2023-10-28 17:31:19,Delivered,160.0,35,40.0,7.75,155.0,UPI
5186,1743,140,2023-09-02 21:15:55,Delivered,930.0,0.0,0.0,46.5,930.0,Net Banking
5187,1034,62,2023-06-03 21:21:52,Delivered,300.0,15,75.0,12.0,240.0,Card
5188,1373,114,2024-12-30 10:36:02,Delivered,920.0,0.0,0.0,46.0,920.0,UPI
5189,1744,62,2024-03-14 14:25:58,Delivered,300.0,20,0.0,16.0,320.0,Card
5190,709,69,2024-08-29 20:11:53,Delivered,1440.0,0.0,100,67.0,1340.0,UPI
5191,20,26,2024-07-14 14:15:16,Delivered,350.0,15,0.0,18.25,365.0,Wallet
5192,346,102,2024-07-11 05:55:36,Delivered,760.0,0.0,0.0,38.0,760.0,UPI
5193,1597,143,2023-04-15 19:41:35,Delivered,1040.0,0.0,100,47.0,940.0,Wallet
5194,1873,19,2023-12-03 17:52:05,Refunded,1610.0,0.0,0.0,80.5,1610.0,UPI
5195,1664,67,2024-11-10 13:39:55,Delivered,110.0,40,0.0,7.5,150.0,UPI
5196,370,109,2023-05-20 23:31:39,Delivered,530.0,0.0,0.0,26.5,530.0,Cash on Delivery
5197,1084,88,2024-12-06 20:02:02,Delivered,730.0,0.0,0.0,36.5,730.0,Net Banking
5198,1061,96,2024-06-29 20:53:11,Delivered,620.0,0.0,100,26.0,520.0,UPI
5199,812,98,2024-04-10 06:16:32,Delivered,170.0,40,42.5,8.38,167.5,Wallet
5200,1562,81,2023-05-02 18:17:24,Delivered,340.0,20,0.0,18.0,360.0,Wallet
5201,4,149,2023-06-08 07:02:44,Pending,1180.0,0.0,0.0,59.0,1180.0,Card
5202,203,58,2023-12-29 09:57:07,Delivered,1170.0,0.0,0.0,58.5,1170.0,Card
5203,1674,23,2024-07-11 10:06:08,Refunded,3000.0,0.0,0.0,150.0,3000.0,UPI
5204,1341,108,2023-11-29 19:44:07,Delivered,870.0,0.0,87.0,39.15,783.0,Cash on Delivery
5205,1629,143,2023-07-15 14:27:10,Delivered,370.0,15,0.0,19.25,385.0,UPI
5206,1105,142,2023-10-22 18:59:25,Cancelled,900.0,0.0,100,40.0,800.0,Card
5207,951,124,2023-06-30 19:25:04,Cancelled,1650.0,0.0,0.0,82.5,1650.0,Card
5208,1733,62,2024-01-03 11:18:52,Delivered,600.0,0.0,0.0,30.0,600.0,UPI
5209,53,124,2023-03-06 18:51:59,Delivered,2580.0,0.0,0.0,129.0,2580.0,Cash on Delivery
5210,1761,115,2023-12-14 10:36:24,Delivered,540.0,0.0,100,22.0,440.0,Card
5211,1788,18,2024-10-20 17:29:04,Delivered,280.0,35,0.0,15.75,315.0,UPI
5212,1680,66,2024-02-14 21:10:31,Delivered,380.0,25,0.0,20.25,405.0,Card
5213,880,121,2024-04-21 21:12:19,Cancelled,600.0,0.0,90.0,25.5,510.0,Net Banking
5214,1674,113,2024-08-22 19:06:34,Pending,280.0,40,42.0,13.9,278.0,Wallet
5215,1948,148,2023-06-22 18:19:58,Pending,540.0,0.0,0.0,27.0,540.0,UPI
5216,1885,134,2023-08-13 11:24:40,Pending,660.0,0.0,0.0,33.0,660.0,Card
5217,881,92,2024-01-30 14:42:58,Delivered,440.0,15,66.0,19.45,389.0,UPI
5218,832,89,2023-08-09 13:42:23,Refunded,1250.0,0.0,100,57.5,1150.0,Card
5219,773,149,2024-10-16 01:18:11,Refunded,360.0,25,0.0,19.25,385.0,Cash on Delivery
5220,259,138,2024-02-11 20:39:57,Cancelled,540.0,0.0,81.0,22.95,459.0,UPI
5221,1076,66,2024-02-12 14:10:13,Delivered,880.0,0.0,0.0,44.0,880.0,Cash on Delivery
5222,1847,135,2024-02-21 23:27:37,Pending,240.0,25,0.0,13.25,265.0,Card
5223,1004,21,2024-02-12 21:27:53,Delivered,1230.0,0.0,100,56.5,1130.0,Cash on Delivery
5224,1384,138,2023-04-11 20:09:25,Delivered,800.0,0.0,0.0,40.0,800.0,Net Banking
5225,706,130,2024-08-30 13:18:06,Cancelled,1510.0,0.0,0.0,75.5,1510.0,Cash on Delivery
5226,1349,120,2023-12-18 10:09:11,Delivered,1000.0,0.0,0.0,50.0,1000.0,UPI
5227,223,50,2024-08-24 08:02:25,Delivered,770.0,0.0,0.0,38.5,770.0,Cash on Delivery
5228,81,6,2023-04-11 21:14:23,Pending,1400.0,0.0,0.0,70.0,1400.0,Wallet
5229,98,64,2023-04-03 23:48:52,Delivered,930.0,0.0,0.0,46.5,930.0,Cash on Delivery
5230,172,120,2023-09-26 13:03:07,Delivered,180.0,35,0.0,10.75,215.0,UPI
5231,1410,127,2023-12-18 15:51:34,Pending,620.0,0.0,62.0,27.9,558.0,UPI
5232,967,137,2024-03-18 21:05:17,Refunded,350.0,20,0.0,18.5,370.0,Wallet
5233,1783,19,2024-11-15 19:44:05,Refunded,910.0,0.0,0.0,45.5,910.0,Wallet
5234,1114,34,2023-05-31 12:33:57,Delivered,1110.0,0.0,100,50.5,1010.0,UPI
5235,793,45,2024-09-11 21:19:08,Pending,360.0,15,90.0,14.25,285.0,UPI
5236,333,108,2023-07-11 08:05:26,Delivered,960.0,0.0,0.0,48.0,960.0,Cash on Delivery
5237,1727,51,2024-02-19 12:28:51,Cancelled,1320.0,0.0,100,61.0,1220.0,UPI
5238,929,124,2024-09-18 21:42:18,Delivered,480.0,15,48.0,22.35,447.0,UPI
5239,1553,54,2023-03-19 06:39:39,Delivered,1630.0,0.0,100,76.5,1530.0,Card
5240,843,132,2023-01-03 17:22:57,Delivered,1300.0,0.0,100,60.0,1200.0,UPI
5241,1490,127,2024-02-10 22:16:58,Cancelled,390.0,15,0.0,20.25,405.0,UPI
5242,1955,48,2023-10-20 09:19:20,Delivered,140.0,25,14.0,7.55,151.0,UPI
5243,1152,21,2024-03-21 09:17:16,Delivered,960.0,0.0,0.0,48.0,960.0,Wallet
5244,1111,35,2023-05-16 15:24:36,Delivered,1960.0,0.0,100,93.0,1860.0,UPI
5245,1664,67,2024-04-14 16:07:19,Delivered,810.0,0.0,0.0,40.5,810.0,UPI
5246,443,67,2024-03-28 12:22:14,Pending,820.0,0.0,0.0,41.0,820.0,UPI
5247,419,67,2023-10-09 17:34:25,Delivered,450.0,25,45.0,21.5,430.0,UPI
5248,14,15,2024-01-13 09:51:07,Delivered,730.0,0.0,100,31.5,630.0,Card
5249,1501,57,2023-12-03 13:08:38,Delivered,60.0,30,0.0,4.5,90.0,UPI
5250,1727,92,2024-06-25 10:25:43,Cancelled,80.0,35,8.0,5.35,107.0,Wallet
5251,1082,18,2024-05-05 13:00:56,Delivered,190.0,35,19.0,10.3,206.0,UPI
5252,1826,114,2023-11-17 05:36:49,Refunded,390.0,20,58.5,17.57,351.5,Cash on Delivery
5253,562,82,2024-03-08 21:14:37,Delivered,500.0,0.0,0.0,25.0,500.0,UPI
5254,797,31,2024-08-16 13:39:47,Delivered,420.0,15,63.0,18.6,372.0,UPI
5255,601,143,2023-04-05 18:58:38,Delivered,750.0,0.0,0.0,37.5,750.0,Cash on Delivery
5256,1767,112,2023-12-17 19:41:28,Pending,180.0,25,18.0,9.35,187.0,Card
5257,530,24,2024-01-26 15:36:38,Cancelled,320.0,20,0.0,17.0,340.0,Card
5258,393,127,2024-09-23 21:28:18,Delivered,740.0,0.0,0.0,37.0,740.0,Cash on Delivery
5259,849,62,2024-01-14 21:01:20,Refunded,600.0,0.0,0.0,30.0,600.0,Card
5260,526,100,2023-11-29 10:11:26,Delivered,540.0,0.0,0.0,27.0,540.0,Wallet
5261,177,134,2024-08-12 18:19:26,Pending,1300.0,0.0,0.0,65.0,1300.0,UPI
5262,1510,52,2024-10-19 20:20:02,Pending,60.0,30,0.0,4.5,90.0,Card
5263,1428,84,2024-10-06 04:46:22,Delivered,110.0,40,0.0,7.5,150.0,Net Banking
5264,232,51,2023-08-09 17:55:21,Pending,160.0,35,0.0,9.75,195.0,Wallet
5265,832,88,2023-07-18 12:07:01,Delivered,500.0,0.0,0.0,25.0,500.0,UPI
5266,1680,40,2024-12-17 19:34:48,Delivered,300.0,15,0.0,15.75,315.0,Card
5267,814,125,2024-06-04 18:09:08,Delivered,990.0,0.0,99.0,44.55,891.0,Net Banking
5268,1389,75,2023-09-15 22:44:21,Delivered,1020.0,0.0,0.0,51.0,1020.0,Cash on Delivery
5269,220,51,2024-04-01 22:28:43,Delivered,930.0,0.0,0.0,46.5,930.0,UPI
5270,1300,115,2024-07-13 19:07:21,Delivered,1320.0,0.0,0.0,66.0,1320.0,Net Banking
5271,1282,95,2024-10-16 22:10:10,Delivered,360.0,20,72.0,15.4,308.0,Cash on Delivery
5272,397,14,2024-08-01 06:28:55,Pending,200.0,35,0.0,11.75,235.0,UPI
5273,1969,77,2023-06-16 08:50:33,Delivered,180.0,25,18.0,9.35,187.0,UPI
5274,405,46,2023-09-19 00:29:53,Cancelled,320.0,20,0.0,17.0,340.0,UPI
5275,1020,14,2024-04-18 18:40:26,Cancelled,360.0,15,0.0,18.75,375.0,Wallet
5276,1767,126,2023-10-09 13:15:29,Refunded,390.0,20,58.5,17.57,351.5,UPI
5277,165,120,2023-10-25 20:17:58,Refunded,880.0,0.0,100,39.0,780.0,Wallet
5278,1565,21,2024-07-15 18:55:04,Delivered,1290.0,0.0,0.0,64.5,1290.0,Card
5279,1746,12,2024-03-20 12:30:34,Cancelled,250.0,35,0.0,14.25,285.0,Card
5280,1594,142,2024-05-23 18:18:11,Cancelled,300.0,25,0.0,16.25,325.0,UPI
5281,191,60,2023-01-08 18:56:40,Delivered,810.0,0.0,81.0,36.45,729.0,UPI
5282,1045,25,2023-07-18 13:21:42,Cancelled,2620.0,0.0,0.0,131.0,2620.0,UPI
5283,1328,17,2023-05-16 13:52:10,Delivered,210.0,30,0.0,12.0,240.0,Net Banking
5284,1050,66,2023-02-24 14:25:14,Delivered,490.0,15,100,20.25,405.0,Wallet
5285,1365,140,2024-04-13 11:33:45,Delivered,360.0,25,0.0,19.25,385.0,UPI
5286,397,105,2024-10-01 13:58:49,Delivered,620.0,0.0,0.0,31.0,620.0,Wallet
5287,395,58,2023-12-03 10:25:05,Delivered,660.0,0.0,66.0,29.7,594.0,UPI
5288,1574,76,2024-02-09 19:41:32,Delivered,260.0,40,0.0,15.0,300.0,Wallet
5289,1248,123,2024-05-29 16:46:09,Cancelled,900.0,0.0,0.0,45.0,900.0,Wallet
5290,1366,73,2023-09-11 19:38:19,Delivered,330.0,25,33.0,16.1,322.0,UPI
5291,1005,12,2024-05-20 17:13:29,Delivered,2230.0,0.0,0.0,111.5,2230.0,Card
5292,1536,128,2023-09-07 15:48:05,Delivered,1040.0,0.0,100,47.0,940.0,UPI
5293,989,1,2024-07-26 07:45:38,Pending,1140.0,0.0,100,52.0,1040.0,UPI
5294,1984,57,2023-04-17 16:49:44,Delivered,300.0,25,0.0,16.25,325.0,Card
5295,14,81,2024-05-19 19:01:46,Delivered,270.0,35,0.0,15.25,305.0,UPI
5296,1374,42,2023-05-12 04:07:30,Pending,1250.0,0.0,0.0,62.5,1250.0,Net Banking
5297,1232,112,2024-09-23 21:01:31,Delivered,280.0,40,0.0,16.0,320.0,Wallet
5298,1838,89,2023-01-25 21:51:09,Cancelled,410.0,20,0.0,21.5,430.0,UPI
5299,332,16,2024-10-09 12:49:41,Delivered,720.0,0.0,72.0,32.4,648.0,Card
5300,561,12,2023-07-26 08:44:14,Delivered,300.0,15,0.0,15.75,315.0,Cash on Delivery
5301,1228,76,2024-12-16 02:34:56,Delivered,230.0,25,46.0,10.45,209.0,Card
5302,1758,56,2024-12-19 14:39:38,Delivered,1610.0,0.0,0.0,80.5,1610.0,UPI
5303,151,138,2024-03-31 19:25:40,Delivered,960.0,0.0,100,43.0,860.0,Card
5304,1137,16,2024-07-12 10:11:58,Cancelled,1220.0,0.0,0.0,61.0,1220.0,Net Banking
5305,1200,25,2023-06-22 18:16:38,Delivered,420.0,15,0.0,21.75,435.0,Cash on Delivery
5306,1882,100,2024-01-14 23:58:13,Cancelled,460.0,20,46.0,21.7,434.0,Wallet
5307,1619,112,2023-05-10 20:21:00,Refunded,620.0,0.0,0.0,31.0,620.0,Card
5308,1937,98,2024-11-22 12:34:50,Pending,900.0,0.0,100,40.0,800.0,UPI
5309,1388,93,2023-05-20 15:39:15,Refunded,560.0,0.0,100,23.0,460.0,UPI
5310,590,143,2024-02-05 18:11:08,Cancelled,960.0,0.0,96.0,43.2,864.0,Card
5311,404,56,2024-12-25 15:23:46,Pending,280.0,40,70.0,12.5,250.0,Cash on Delivery
5312,1062,91,2024-05-19 20:49:15,Delivered,520.0,0.0,0.0,26.0,520.0,Card
5313,1001,109,2023-08-16 20:05:19,Cancelled,1060.0,0.0,100,48.0,960.0,Card
5314,1061,10,2023-06-09 06:40:10,Cancelled,650.0,0.0,65.0,29.25,585.0,UPI
5315,1932,1,2023-06-06 08:41:39,Delivered,1160.0,0.0,0.0,58.0,1160.0,Card
5316,543,45,2023-08-12 14:16:30,Delivered,190.0,25,0.0,10.75,215.0,Card
5317,1623,46,2024-12-12 19:50:40,Cancelled,460.0,20,46.0,21.7,434.0,Net Banking
5318,19,20,2024-05-08 12:08:31,Delivered,1510.0,0.0,100,70.5,1410.0,UPI
5319,1811,15,2023-03-19 19:57:14,Cancelled,810.0,0.0,81.0,36.45,729.0,Card
5320,964,63,2023-02-28 19:32:13,Delivered,140.0,30,0.0,8.5,170.0,Card
5321,228,11,2023-09-04 17:37:38,Delivered,900.0,0.0,0.0,45.0,900.0,UPI
5322,459,6,2023-04-28 07:31:50,Refunded,1500.0,0.0,100,70.0,1400.0,UPI
5323,1569,11,2023-12-12 12:13:50,Delivered,190.0,25,0.0,10.75,215.0,UPI
5324,406,149,2024-03-22 21:39:16,Delivered,620.0,0.0,0.0,31.0,620.0,UPI
5325,122,95,2024-01-10 21:36:09,Delivered,340.0,25,0.0,18.25,365.0,Net Banking
5326,112,132,2024-11-23 21:48:37,Delivered,2640.0,0.0,0.0,132.0,2640.0,Card
5327,180,43,2024-12-29 12:40:34,Delivered,2310.0,0.0,0.0,115.5,2310.0,Wallet
5328,1659,143,2024-10-18 10:45:44,Delivered,650.0,0.0,0.0,32.5,650.0,Wallet
5329,24,95,2024-01-20 22:28:22,Delivered,920.0,0.0,0.0,46.0,920.0,UPI
5330,249,132,2024-09-11 20:42:03,Cancelled,110.0,35,0.0,7.25,145.0,Card
5331,1509,34,2024-06-28 22:05:10,Delivered,690.0,0.0,100,29.5,590.0,Net Banking
5332,1356,123,2024-12-06 13:30:42,Delivered,640.0,0.0,0.0,32.0,640.0,UPI
5333,1202,21,2023-07-10 12:43:58,Refunded,320.0,20,0.0,17.0,340.0,Cash on Delivery
5334,107,8,2024-03-26 20:14:01,Delivered,390.0,20,39.0,18.55,371.0,UPI
5335,592,35,2023-02-27 21:49:09,Delivered,580.0,0.0,100,24.0,480.0,UPI
5336,917,114,2023-01-22 10:14:08,Delivered,320.0,25,0.0,17.25,345.0,Cash on Delivery
5337,1367,15,2024-05-30 13:01:43,Delivered,270.0,30,0.0,15.0,300.0,Cash on Delivery
5338,904,42,2024-09-28 16:34:57,Delivered,420.0,25,63.0,19.1,382.0,Card
5339,104,24,2024-03-17 10:25:53,Delivered,630.0,0.0,0.0,31.5,630.0,Card
5340,1013,126,2024-11-28 21:03:17,Delivered,1030.0,0.0,100,46.5,930.0,Wallet
5341,1970,34,2023-08-17 20:03:50,Cancelled,860.0,0.0,0.0,43.0,860.0,UPI
5342,1143,34,2023-07-30 13:42:22,Cancelled,980.0,0.0,0.0,49.0,980.0,UPI
5343,1559,1,2024-10-20 11:24:22,Delivered,220.0,40,0.0,13.0,260.0,Cash on Delivery
5344,1131,54,2023-04-05 15:32:02,Refunded,240.0,25,36.0,11.45,229.0,Wallet
5345,1116,112,2023-06-30 11:31:29,Delivered,80.0,30,0.0,5.5,110.0,Card
5346,1656,67,2024-03-20 10:51:17,Delivered,810.0,0.0,100,35.5,710.0,Card
5347,1217,101,2024-11-20 20:50:38,Delivered,230.0,30,0.0,13.0,260.0,UPI
5348,287,50,2023-09-26 09:14:27,Delivered,1000.0,0.0,0.0,50.0,1000.0,Card
5349,1140,111,2024-08-07 22:58:02,Delivered,440.0,20,0.0,23.0,460.0,Wallet
5350,1929,129,2023-02-18 19:26:39,Delivered,340.0,15,0.0,17.75,355.0,UPI
5351,968,125,2024-12-13 19:33:48,Pending,600.0,0.0,0.0,30.0,600.0,UPI
5352,1024,124,2024-07-14 19:02:01,Delivered,530.0,0.0,0.0,26.5,530.0,Card
5353,414,72,2024-02-21 15:18:56,Cancelled,50.0,30,0.0,4.0,80.0,Cash on Delivery
5354,695,62,2024-11-29 18:15:53,Delivered,600.0,0.0,0.0,30.0,600.0,Cash on Delivery
5355,699,132,2023-07-28 21:52:53,Cancelled,1880.0,0.0,0.0,94.0,1880.0,Net Banking
5356,79,89,2023-12-25 20:04:24,Delivered,2100.0,0.0,0.0,105.0,2100.0,UPI
5357,82,63,2024-01-13 12:49:54,Pending,1910.0,0.0,0.0,95.5,1910.0,UPI
5358,1192,130,2024-12-20 06:16:49,Cancelled,1050.0,0.0,100,47.5,950.0,UPI
5359,854,18,2024-11-08 10:35:30,Delivered,560.0,0.0,100,23.0,460.0,UPI
5360,1656,100,2024-09-11 19:50:24,Delivered,370.0,20,37.0,17.65,353.0,Card
5361,202,56,2023-11-13 09:52:51,Delivered,70.0,35,0.0,5.25,105.0,UPI
5362,500,128,2024-06-20 21:39:40,Delivered,1080.0,0.0,100,49.0,980.0,UPI
5363,1885,93,2024-05-29 13:14:54,Delivered,280.0,25,70.0,11.75,235.0,UPI
5364,1208,70,2023-06-07 20:46:14,Delivered,40.0,35,6.0,3.45,69.0,Cash on Delivery
5365,1955,149,2023-03-09 21:03:38,Delivered,1240.0,0.0,0.0,62.0,1240.0,Cash on Delivery
5366,741,119,2023-03-27 22:44:19,Delivered,2320.0,0.0,100,111.0,2220.0,UPI
5367,252,55,2024-10-21 21:25:05,Cancelled,1080.0,0.0,100,49.0,980.0,Cash on Delivery
5368,904,50,2024-08-06 21:53:49,Cancelled,350.0,20,0.0,18.5,370.0,Wallet
5369,252,20,2023-11-20 18:43:27,Cancelled,740.0,0.0,0.0,37.0,740.0,UPI
5370,365,25,2024-08-13 15:02:38,Delivered,340.0,25,0.0,18.25,365.0,UPI
5371,1649,88,2023-01-23 15:09:10,Delivered,3210.0,0.0,0.0,160.5,3210.0,Card
5372,1788,131,2024-04-24 06:41:30,Pending,660.0,0.0,0.0,33.0,660.0,UPI
5373,909,84,2023-12-13 12:04:10,Cancelled,90.0,40,9.0,6.05,121.0,Net Banking
5374,1356,68,2024-05-27 18:16:02,Delivered,50.0,25,0.0,3.75,75.0,UPI
5375,1349,80,2024-06-18 22:52:58,Delivered,810.0,0.0,0.0,40.5,810.0,Net Banking
5376,1578,148,2023-09-09 18:01:49,Cancelled,530.0,0.0,0.0,26.5,530.0,Cash on Delivery
5377,1823,27,2024-02-05 18:58:27,Delivered,1450.0,0.0,0.0,72.5,1450.0,UPI
5378,302,123,2024-01-28 20:45:55,Refunded,1040.0,0.0,0.0,52.0,1040.0,Cash on Delivery
5379,310,50,2023-03-23 22:47:04,Delivered,580.0,0.0,58.0,26.1,522.0,UPI
5380,1391,37,2024-06-19 15:39:45,Delivered,410.0,15,0.0,21.25,425.0,Card
5381,1574,142,2024-04-08 13:50:55,Pending,300.0,20,0.0,16.0,320.0,UPI
5382,515,130,2023-03-02 20:08:51,Delivered,1470.0,0.0,0.0,73.5,1470.0,Card
5383,1135,12,2023-06-29 23:16:15,Pending,920.0,0.0,100,41.0,820.0,UPI
5384,1610,52,2023-12-21 12:52:54,Delivered,200.0,40,0.0,12.0,240.0,UPI
5385,1089,20,2023-10-01 23:42:05,Delivered,510.0,0.0,0.0,25.5,510.0,UPI
5386,955,112,2024-07-08 12:08:55,Delivered,710.0,0.0,100,30.5,610.0,Net Banking
5387,441,33,2023-01-17 11:50:44,Delivered,420.0,25,0.0,22.25,445.0,UPI
5388,704,120,2024-05-10 18:31:11,Delivered,1160.0,0.0,100,53.0,1060.0,Net Banking
5389,709,81,2024-03-14 21:09:31,Delivered,430.0,20,100,17.5,350.0,UPI
5390,1492,16,2023-11-08 17:14:08,Refunded,1220.0,0.0,0.0,61.0,1220.0,UPI
5391,1539,61,2023-12-05 18:05:05,Delivered,420.0,25,0.0,22.25,445.0,UPI
5392,1997,120,2023-03-22 12:30:44,Delivered,960.0,0.0,0.0,48.0,960.0,Card
5393,1426,37,2023-11-16 16:13:10,Refunded,1100.0,0.0,0.0,55.0,1100.0,Cash on Delivery
5394,1025,43,2024-03-13 14:03:07,Delivered,240.0,30,0.0,13.5,270.0,UPI
5395,1682,142,2024-08-01 23:12:01,Delivered,300.0,15,60.0,12.75,255.0,Cash on Delivery
5396,480,144,2024-04-05 07:55:49,Delivered,540.0,0.0,100,22.0,440.0,Cash on Delivery
5397,1567,63,2023-10-08 23:36:30,Cancelled,500.0,0.0,0.0,25.0,500.0,Cash on Delivery
5398,1829,81,2023-06-20 09:48:02,Delivered,750.0,0.0,100,32.5,650.0,Cash on Delivery
5399,1429,66,2024-03-20 12:08:40,Pending,200.0,40,0.0,12.0,240.0,Cash on Delivery
5400,391,23,2024-11-18 19:15:10,Refunded,2890.0,0.0,0.0,144.5,2890.0,Card
5401,1089,132,2024-10-19 13:07:21,Delivered,1300.0,0.0,100,60.0,1200.0,Cash on Delivery
5402,1490,102,2023-06-05 22:58:28,Pending,690.0,0.0,0.0,34.5,690.0,Wallet
5403,1310,61,2023-07-20 18:47:45,Cancelled,210.0,30,31.5,10.43,208.5,Card
5404,301,14,2023-04-22 10:42:20,Pending,160.0,25,0.0,9.25,185.0,UPI
5405,1629,143,2023-09-20 19:29:50,Cancelled,1380.0,0.0,100,64.0,1280.0,UPI
5406,543,20,2024-01-21 22:06:15,Pending,5530.0,0.0,0.0,276.5,5530.0,Net Banking
5407,1881,146,2024-08-22 18:42:55,Cancelled,1210.0,0.0,100,55.5,1110.0,UPI
5408,1599,93,2023-11-23 18:02:30,Delivered,570.0,0.0,57.0,25.65,513.0,Cash on Delivery
5409,177,94,2024-03-24 21:13:38,Delivered,1620.0,0.0,0.0,81.0,1620.0,Wallet
5410,333,121,2024-02-11 13:58:48,Cancelled,180.0,25,45.0,8.0,160.0,UPI
5411,1342,25,2024-12-25 18:58:45,Refunded,850.0,0.0,0.0,42.5,850.0,Card
5412,237,121,2024-07-17 16:37:46,Delivered,40.0,25,0.0,3.25,65.0,Cash on Delivery
5413,1129,79,2023-09-21 12:26:24,Delivered,1350.0,0.0,100,62.5,1250.0,Net Banking
5414,483,90,2024-01-24 20:09:25,Cancelled,570.0,0.0,57.0,25.65,513.0,UPI
5415,8,64,2024-05-15 22:43:38,Delivered,880.0,0.0,100,39.0,780.0,Card
5416,1578,15,2023-06-02 15:36:29,Delivered,440.0,15,100,17.75,355.0,UPI
5417,1702,149,2024-06-08 20:43:28,Delivered,350.0,15,0.0,18.25,365.0,Card
5418,1936,128,2023-01-23 19:59:28,Delivered,360.0,25,0.0,19.25,385.0,Wallet
5419,572,130,2024-05-10 13:26:26,Delivered,960.0,0.0,0.0,48.0,960.0,Wallet
5420,1541,148,2024-06-07 16:27:38,Delivered,350.0,15,0.0,18.25,365.0,UPI
5421,9,15,2024-02-20 09:50:36,Delivered,720.0,0.0,100,31.0,620.0,Wallet
5422,1357,82,2024-10-29 21:53:53,Refunded,560.0,0.0,0.0,28.0,560.0,Card
5423,350,1,2024-03-14 15:14:52,Delivered,440.0,25,0.0,23.25,465.0,Net Banking
5424,739,136,2024-12-22 09:05:41,Pending,260.0,30,0.0,14.5,290.0,Card
5425,785,93,2024-12-05 22:52:04,Pending,1110.0,0.0,100,50.5,1010.0,UPI
5426,39,58,2023-02-28 19:40:28,Pending,630.0,0.0,0.0,31.5,630.0,UPI
5427,1526,39,2023-02-18 14:55:18,Delivered,400.0,15,60.0,17.75,355.0,Cash on Delivery
5428,365,27,2024-10-28 19:18:11,Delivered,260.0,30,0.0,14.5,290.0,UPI
5429,863,113,2023-10-30 13:26:29,Delivered,1700.0,0.0,0.0,85.0,1700.0,UPI
5430,533,119,2024-09-06 12:05:53,Cancelled,390.0,15,0.0,20.25,405.0,Net Banking
5431,1725,32,2024-10-28 21:00:13,Delivered,810.0,0.0,81.0,36.45,729.0,Net Banking
5432,1086,32,2023-03-23 05:34:54,Cancelled,420.0,25,0.0,22.25,445.0,UPI
5433,1962,138,2024-09-29 15:44:57,Delivered,380.0,15,76.0,15.95,319.0,Cash on Delivery
5434,1922,11,2024-02-17 15:09:07,Pending,190.0,40,28.5,10.08,201.5,Cash on Delivery
5435,1447,135,2023-03-28 10:41:47,Cancelled,450.0,25,90.0,19.25,385.0,UPI
5436,1621,105,2024-07-19 10:39:14,Delivered,1940.0,0.0,100,92.0,1840.0,Wallet
5437,347,103,2023-12-04 16:38:13,Delivered,900.0,0.0,0.0,45.0,900.0,Wallet
5438,1436,133,2024-04-29 19:53:19,Cancelled,240.0,30,0.0,13.5,270.0,UPI
5439,293,144,2023-02-20 00:33:57,Delivered,1150.0,0.0,0.0,57.5,1150.0,Card
5440,517,101,2024-07-24 19:30:56,Delivered,530.0,0.0,0.0,26.5,530.0,Net Banking
5441,1729,124,2024-05-13 06:03:37,Delivered,1190.0,0.0,0.0,59.5,1190.0,UPI
5442,1371,128,2024-11-17 12:38:20,Refunded,260.0,30,0.0,14.5,290.0,UPI
5443,1809,51,2023-08-13 13:18:39,Delivered,400.0,20,0.0,21.0,420.0,Cash on Delivery
5444,81,135,2023-09-06 20:49:09,Cancelled,1260.0,0.0,0.0,63.0,1260.0,Card
5445,803,61,2024-06-05 19:43:21,Refunded,300.0,25,0.0,16.25,325.0,UPI
5446,306,72,2024-03-10 16:38:36,Pending,1400.0,0.0,0.0,70.0,1400.0,UPI
5447,320,68,2023-09-27 21:36:33,Delivered,1150.0,0.0,0.0,57.5,1150.0,UPI
5448,2,51,2024-07-29 04:01:00,Delivered,1400.0,0.0,0.0,70.0,1400.0,Card
5449,1401,38,2024-11-29 22:12:19,Refunded,1260.0,0.0,0.0,63.0,1260.0,UPI
5450,347,23,2024-05-15 11:08:51,Delivered,2040.0,0.0,100,97.0,1940.0,Cash on Delivery
5451,33,25,2024-08-14 11:59:15,Delivered,1030.0,0.0,100,46.5,930.0,Wallet
5452,1121,85,2023-07-13 14:10:33,Cancelled,770.0,0.0,0.0,38.5,770.0,Wallet
5453,327,119,2023-12-07 00:57:01,Delivered,920.0,0.0,0.0,46.0,920.0,Wallet
5454,1686,50,2024-09-17 08:41:41,Delivered,630.0,0.0,0.0,31.5,630.0,UPI
5455,1433,132,2024-12-12 22:40:30,Cancelled,1630.0,0.0,0.0,81.5,1630.0,UPI
5456,348,62,2024-12-18 21:27:06,Pending,600.0,0.0,90.0,25.5,510.0,Cash on Delivery
5457,1919,56,2024-03-19 09:45:37,Delivered,600.0,0.0,0.0,30.0,600.0,UPI
5458,35,94,2023-07-26 10:50:42,Delivered,380.0,15,0.0,19.75,395.0,UPI
5459,1522,40,2024-07-24 19:53:09,Cancelled,460.0,25,0.0,24.25,485.0,Card
5460,991,100,2023-08-11 19:18:07,Delivered,260.0,40,0.0,15.0,300.0,UPI
5461,458,132,2024-08-18 00:04:19,Refunded,660.0,0.0,0.0,33.0,660.0,Wallet
5462,138,101,2024-02-17 06:04:06,Refunded,460.0,20,92.0,19.4,388.0,Cash on Delivery
5463,935,81,2024-10-25 12:08:32,Delivered,500.0,0.0,0.0,25.0,500.0,UPI
5464,1201,76,2024-02-20 18:40:38,Delivered,330.0,20,66.0,14.2,284.0,Cash on Delivery
5465,1817,31,2024-09-06 14:52:29,Delivered,60.0,30,0.0,4.5,90.0,Cash on Delivery
5466,1236,99,2023-09-18 13:16:41,Cancelled,210.0,35,31.5,10.68,213.5,UPI
5467,1924,110,2023-04-14 21:16:13,Delivered,80.0,30,16.0,4.7,94.0,Card
5468,1152,42,2023-12-17 20:57:03,Delivered,50.0,40,5.0,4.25,85.0,Card
5469,544,113,2024-02-10 20:59:18,Delivered,2040.0,0.0,100,97.0,1940.0,UPI
5470,14,138,2023-04-22 09:49:52,Pending,520.0,0.0,100,21.0,420.0,Card
5471,1186,72,2024-12-18 15:26:01,Delivered,1160.0,0.0,0.0,58.0,1160.0,UPI
5472,302,25,2024-02-02 14:19:29,Delivered,600.0,0.0,60.0,27.0,540.0,Card
5473,1969,63,2024-12-09 21:43:20,Delivered,330.0,15,0.0,17.25,345.0,UPI
5474,1559,13,2023-12-10 20:33:14,Delivered,1050.0,0.0,0.0,52.5,1050.0,Cash on Delivery
5475,1060,102,2023-09-28 19:38:21,Delivered,2740.0,0.0,100,132.0,2640.0,UPI
5476,237,121,2024-08-10 11:11:06,Refunded,260.0,25,0.0,14.25,285.0,UPI
5477,1428,57,2023-06-05 22:43:19,Delivered,1760.0,0.0,0.0,88.0,1760.0,UPI
5478,442,20,2023-08-02 13:45:18,Delivered,1590.0,0.0,0.0,79.5,1590.0,UPI
5479,1445,122,2024-04-25 21:59:48,Refunded,560.0,0.0,0.0,28.0,560.0,UPI
5480,890,137,2024-01-07 16:28:11,Cancelled,1030.0,0.0,0.0,51.5,1030.0,Card
5481,1698,105,2023-11-10 01:31:38,Cancelled,1340.0,0.0,100,62.0,1240.0,UPI
5482,240,15,2024-10-13 18:19:32,Delivered,970.0,0.0,0.0,48.5,970.0,Cash on Delivery
5483,872,34,2023-06-10 11:32:18,Pending,1210.0,0.0,0.0,60.5,1210.0,UPI
5484,1438,68,2023-03-20 19:24:07,Delivered,1970.0,0.0,100,93.5,1870.0,UPI
5485,737,101,2023-08-21 10:20:41,Cancelled,370.0,15,74.0,15.55,311.0,Wallet
5486,934,96,2023-08-15 15:42:04,Cancelled,390.0,15,97.5,15.38,307.5,Wallet
5487,1013,21,2024-10-06 18:50:32,Delivered,1250.0,0.0,100,57.5,1150.0,Wallet
5488,1992,37,2024-10-14 07:30:35,Delivered,1260.0,0.0,0.0,63.0,1260.0,Card
5489,1227,122,2023-07-17 14:10:48,Delivered,2190.0,0.0,0.0,109.5,2190.0,Net Banking
5490,116,61,2023-10-23 12:04:54,Delivered,420.0,20,0.0,22.0,440.0,Wallet
5491,471,128,2024-01-16 09:47:59,Delivered,210.0,25,0.0,11.75,235.0,Wallet
5492,917,45,2023-07-26 19:25:15,Cancelled,70.0,30,0.0,5.0,100.0,Wallet
5493,1809,126,2023-08-24 22:43:22,Refunded,640.0,0.0,100,27.0,540.0,Wallet
5494,384,42,2024-04-18 18:47:52,Delivered,660.0,0.0,66.0,29.7,594.0,UPI
5495,909,66,2024-12-07 22:07:32,Delivered,1320.0,0.0,0.0,66.0,1320.0,Card
5496,1552,131,2024-11-05 20:24:34,Delivered,270.0,40,0.0,15.5,310.0,Cash on Delivery
5497,1310,112,2023-12-12 23:27:07,Cancelled,310.0,25,46.5,14.43,288.5,Cash on Delivery
5498,1062,40,2024-09-20 23:17:18,Delivered,480.0,20,0.0,25.0,500.0,Net Banking
5499,1309,94,2023-06-02 04:42:25,Delivered,350.0,20,0.0,18.5,370.0,UPI
5500,1482,120,2024-02-23 10:22:28,Delivered,60.0,40,0.0,5.0,100.0,Card
5501,1483,84,2023-05-23 19:52:30,Delivered,220.0,30,0.0,12.5,250.0,UPI
5502,1318,58,2023-04-26 12:36:25,Cancelled,720.0,0.0,0.0,36.0,720.0,Card
5503,1783,101,2024-11-15 12:15:09,Delivered,650.0,0.0,0.0,32.5,650.0,UPI
5504,162,105,2024-06-03 00:02:03,Delivered,660.0,0.0,0.0,33.0,660.0,UPI
5505,1100,58,2024-05-09 20:22:34,Delivered,360.0,20,0.0,19.0,380.0,Card
5506,1721,27,2024-01-22 20:12:49,Delivered,830.0,0.0,0.0,41.5,830.0,Card
5507,1392,82,2024-07-27 14:55:46,Cancelled,660.0,0.0,100,28.0,560.0,Card
5508,1482,45,2024-12-11 17:56:38,Delivered,330.0,25,0.0,17.75,355.0,Card
5509,1221,86,2023-09-22 18:26:00,Pending,240.0,30,0.0,13.5,270.0,Cash on Delivery
5510,921,11,2023-01-08 17:25:36,Delivered,550.0,0.0,0.0,27.5,550.0,Card
5511,1129,1,2023-11-13 17:38:35,Cancelled,600.0,0.0,0.0,30.0,600.0,UPI
5512,796,10,2024-12-12 18:41:33,Delivered,550.0,0.0,0.0,27.5,550.0,Wallet
5513,205,136,2023-08-01 14:21:18,Delivered,1490.0,0.0,0.0,74.5,1490.0,UPI
5514,1075,23,2024-02-18 17:13:36,Delivered,1380.0,0.0,0.0,69.0,1380.0,UPI
5515,291,101,2024-10-09 06:18:24,Delivered,430.0,20,0.0,22.5,450.0,Cash on Delivery
5516,442,20,2024-03-04 18:06:34,Delivered,380.0,20,0.0,20.0,400.0,UPI
5517,1900,52,2024-07-20 23:07:59,Delivered,2170.0,0.0,0.0,108.5,2170.0,UPI
5518,327,149,2023-09-22 17:47:24,Delivered,300.0,25,0.0,16.25,325.0,Card
5519,964,42,2023-04-16 10:38:27,Delivered,180.0,25,0.0,10.25,205.0,UPI
5520,118,131,2024-03-15 14:41:50,Delivered,770.0,0.0,0.0,38.5,770.0,UPI
5521,551,149,2023-01-01 21:53:44,Delivered,200.0,35,0.0,11.75,235.0,Card
5522,867,19,2024-04-19 01:48:12,Pending,2160.0,0.0,0.0,108.0,2160.0,UPI
5523,23,69,2023-08-15 12:17:49,Cancelled,120.0,25,0.0,7.25,145.0,Wallet
5524,1364,105,2023-05-16 22:46:14,Pending,110.0,35,0.0,7.25,145.0,UPI
5525,204,109,2024-06-29 10:24:08,Delivered,320.0,25,0.0,17.25,345.0,UPI
5526,324,84,2024-09-20 15:38:45,Delivered,330.0,25,49.5,15.28,305.5,UPI
5527,880,61,2024-03-09 13:12:50,Delivered,120.0,30,0.0,7.5,150.0,UPI
5528,178,56,2023-02-18 11:25:53,Pending,440.0,20,66.0,19.7,394.0,UPI
5529,780,108,2024-08-30 09:37:29,Cancelled,960.0,0.0,0.0,48.0,960.0,Cash on Delivery
5530,1773,54,2024-04-01 18:50:17,Refunded,760.0,0.0,100,33.0,660.0,Card
5531,220,39,2024-07-06 10:08:55,Delivered,1360.0,0.0,0.0,68.0,1360.0,Net Banking
5532,869,130,2023-09-16 17:44:57,Delivered,210.0,35,0.0,12.25,245.0,Wallet
5533,1351,126,2023-08-04 17:59:28,Delivered,860.0,0.0,0.0,43.0,860.0,Net Banking
5534,457,13,2024-03-05 19:51:37,Pending,1180.0,0.0,0.0,59.0,1180.0,Cash on Delivery
5535,1648,10,2024-09-30 02:52:28,Cancelled,280.0,40,56.0,13.2,264.0,Card
5536,1101,113,2023-02-27 09:25:08,Cancelled,680.0,0.0,0.0,34.0,680.0,UPI
5537,483,89,2023-12-27 11:19:11,Delivered,1580.0,0.0,100,74.0,1480.0,UPI
5538,395,11,2024-01-02 18:53:30,Delivered,450.0,20,0.0,23.5,470.0,Cash on Delivery
5539,704,91,2024-09-03 22:34:43,Refunded,520.0,0.0,0.0,26.0,520.0,Cash on Delivery
5540,1510,109,2024-08-04 08:03:11,Delivered,2340.0,0.0,0.0,117.0,2340.0,Wallet
5541,1010,97,2024-01-23 20:27:17,Pending,1050.0,0.0,100,47.5,950.0,UPI
5542,1021,64,2024-04-17 21:27:34,Delivered,200.0,40,0.0,12.0,240.0,Wallet
5543,1958,68,2024-05-20 21:45:52,Cancelled,1070.0,0.0,100,48.5,970.0,UPI
5544,1066,127,2023-07-27 17:54:20,Cancelled,430.0,25,64.5,19.53,390.5,Cash on Delivery
5545,1299,25,2023-08-18 12:11:17,Delivered,430.0,15,0.0,22.25,445.0,Cash on Delivery
5546,365,120,2024-10-18 08:22:34,Delivered,780.0,0.0,78.0,35.1,702.0,UPI
5547,1375,121,2023-09-08 12:50:54,Pending,60.0,25,12.0,3.65,73.0,Card
5548,843,101,2023-11-30 07:00:46,Cancelled,320.0,20,0.0,17.0,340.0,Cash on Delivery
5549,1687,11,2023-07-17 18:12:13,Delivered,640.0,0.0,96.0,27.2,544.0,Card
5550,1240,119,2024-07-02 18:39:55,Delivered,810.0,0.0,81.0,36.45,729.0,UPI
5551,1646,32,2024-09-08 09:56:16,Delivered,520.0,0.0,0.0,26.0,520.0,Card
5552,1377,119,2024-05-31 12:40:13,Delivered,540.0,0.0,0.0,27.0,540.0,Wallet
5553,1906,130,2024-05-03 21:58:25,Pending,750.0,0.0,0.0,37.5,750.0,UPI
5554,1082,29,2024-06-15 15:03:53,Cancelled,750.0,0.0,0.0,37.5,750.0,UPI
5555,617,123,2024-02-29 20:32:47,Delivered,340.0,15,85.0,13.5,270.0,Card
5556,1860,140,2024-06-23 19:05:52,Delivered,1020.0,0.0,0.0,51.0,1020.0,UPI
5557,653,24,2023-12-09 13:55:07,Cancelled,1700.0,0.0,100,80.0,1600.0,UPI
5558,1677,64,2024-05-08 21:00:17,Delivered,810.0,0.0,100,35.5,710.0,Card
5559,944,29,2023-04-18 20:08:45,Delivered,850.0,0.0,100,37.5,750.0,UPI
5560,1036,110,2023-09-11 08:12:59,Delivered,270.0,35,0.0,15.25,305.0,Cash on Delivery
5561,728,70,2023-10-31 12:31:14,Pending,520.0,0.0,0.0,26.0,520.0,UPI
5562,1757,13,2024-06-29 04:55:51,Delivered,880.0,0.0,100,39.0,780.0,Card
5563,166,112,2023-09-02 14:27:50,Delivered,730.0,0.0,0.0,36.5,730.0,Wallet
5564,916,13,2024-01-27 18:52:00,Delivered,1370.0,0.0,100,63.5,1270.0,UPI
5565,1891,96,2024-08-12 12:04:09,Delivered,600.0,0.0,100,25.0,500.0,UPI
5566,1823,40,2024-06-01 17:26:14,Delivered,630.0,0.0,0.0,31.5,630.0,Cash on Delivery
5567,1027,101,2023-01-03 13:16:26,Delivered,240.0,35,0.0,13.75,275.0,Cash on Delivery
5568,1891,51,2024-04-14 17:46:32,Cancelled,2320.0,0.0,0.0,116.0,2320.0,UPI
5569,1052,119,2023-11-11 07:55:54,Delivered,120.0,30,0.0,7.5,150.0,Wallet
5570,693,91,2024-04-18 13:33:12,Cancelled,1000.0,0.0,0.0,50.0,1000.0,Wallet
5571,58,95,2023-09-04 13:15:44,Delivered,940.0,0.0,94.0,42.3,846.0,UPI
5572,217,149,2023-08-10 00:17:15,Delivered,50.0,35,12.5,3.62,72.5,Net Banking
5573,1493,122,2024-07-17 03:23:34,Cancelled,890.0,0.0,0.0,44.5,890.0,UPI
5574,831,10,2023-08-05 20:14:23,Cancelled,830.0,0.0,0.0,41.5,830.0,Net Banking
5575,444,37,2023-06-22 19:50:55,Delivered,420.0,15,0.0,21.75,435.0,Cash on Delivery
5576,397,127,2024-10-18 11:13:25,Delivered,80.0,40,0.0,6.0,120.0,UPI
5577,1578,97,2024-05-11 22:20:19,Pending,1120.0,0.0,0.0,56.0,1120.0,UPI
5578,629,135,2023-02-12 11:02:29,Delivered,240.0,25,0.0,13.25,265.0,Net Banking
5579,993,140,2024-03-13 14:34:56,Cancelled,200.0,40,0.0,12.0,240.0,Card
5580,991,61,2023-03-22 19:21:35,Delivered,330.0,20,82.5,13.38,267.5,Wallet
5581,1934,61,2023-10-30 03:51:09,Delivered,210.0,30,52.5,9.38,187.5,Net Banking
5582,1533,138,2024-09-04 21:39:03,Delivered,760.0,0.0,0.0,38.0,760.0,Net Banking
5583,629,63,2023-01-06 11:37:52,Delivered,330.0,15,0.0,17.25,345.0,Cash on Delivery
5584,21,125,2023-08-02 21:07:32,Delivered,760.0,0.0,100,33.0,660.0,Cash on Delivery
5585,889,23,2024-09-13 12:26:52,Cancelled,1120.0,0.0,0.0,56.0,1120.0,UPI
5586,262,64,2023-11-10 19:30:02,Pending,510.0,0.0,51.0,22.95,459.0,Wallet
5587,471,48,2024-07-28 13:31:14,Delivered,170.0,35,0.0,10.25,205.0,Wallet
5588,77,55,2023-06-29 18:24:26,Delivered,1870.0,0.0,0.0,93.5,1870.0,UPI
5589,920,109,2023-12-15 21:22:38,Delivered,1600.0,0.0,0.0,80.0,1600.0,UPI
5590,1676,109,2024-04-13 08:57:34,Refunded,190.0,25,38.0,8.85,177.0,Card
5591,1892,80,2023-06-05 15:08:46,Refunded,290.0,40,43.5,14.33,286.5,UPI
5592,1748,108,2024-09-21 10:06:26,Delivered,2680.0,0.0,100,129.0,2580.0,Cash on Delivery
5593,680,19,2024-09-24 21:29:26,Cancelled,660.0,0.0,0.0,33.0,660.0,UPI
5594,1705,103,2023-12-31 21:33:11,Delivered,720.0,0.0,0.0,36.0,720.0,Wallet
5595,296,61,2024-07-17 20:40:44,Delivered,450.0,20,0.0,23.5,470.0,Cash on Delivery
5596,406,100,2024-05-23 14:11:47,Delivered,240.0,25,0.0,13.25,265.0,Net Banking
5597,1098,25,2023-10-07 13:28:02,Pending,900.0,0.0,0.0,45.0,900.0,UPI
5598,250,51,2024-10-10 12:42:06,Delivered,1330.0,0.0,0.0,66.5,1330.0,Wallet
5599,189,143,2023-01-27 18:06:39,Delivered,1960.0,0.0,0.0,98.0,1960.0,Card
5600,1260,89,2023-04-08 01:10:07,Delivered,420.0,20,84.0,17.8,356.0,UPI
5601,1552,26,2024-03-21 11:37:15,Delivered,280.0,25,28.0,13.85,277.0,UPI
5602,1302,43,2024-12-10 11:54:48,Delivered,600.0,0.0,0.0,30.0,600.0,Card
5603,1240,86,2023-12-11 17:07:00,Delivered,490.0,25,0.0,25.75,515.0,Wallet
5604,556,117,2024-12-02 23:21:00,Delivered,40.0,30,10.0,3.0,60.0,Card
5605,704,120,2023-11-03 23:15:40,Delivered,940.0,0.0,0.0,47.0,940.0,UPI
5606,1617,69,2024-09-06 16:36:28,Delivered,330.0,20,66.0,14.2,284.0,UPI
5607,1784,73,2023-09-18 18:51:39,Delivered,170.0,30,0.0,10.0,200.0,UPI
5608,1177,73,2024-11-02 15:33:38,Delivered,60.0,30,0.0,4.5,90.0,UPI
5609,83,13,2023-10-04 18:38:27,Delivered,610.0,0.0,0.0,30.5,610.0,Card
5610,1094,109,2024-04-28 17:45:27,Cancelled,790.0,0.0,0.0,39.5,790.0,UPI
5611,1375,81,2023-11-06 14:07:07,Delivered,840.0,0.0,0.0,42.0,840.0,Cash on Delivery
5612,1332,75,2024-09-22 09:59:54,Pending,870.0,0.0,0.0,43.5,870.0,UPI
5613,662,91,2024-07-24 12:13:54,Delivered,900.0,0.0,100,40.0,800.0,UPI
5614,880,130,2024-01-07 20:12:36,Cancelled,480.0,15,72.0,21.15,423.0,UPI
5615,886,61,2023-12-24 17:06:58,Delivered,120.0,25,0.0,7.25,145.0,Card
5616,146,105,2024-05-31 20:43:56,Delivered,2030.0,0.0,100,96.5,1930.0,UPI
5617,501,79,2023-12-30 17:37:03,Delivered,100.0,25,10.0,5.75,115.0,UPI
5618,704,27,2023-08-05 15:31:22,Cancelled,120.0,40,0.0,8.0,160.0,Net Banking
5619,1806,61,2024-04-20 10:37:21,Delivered,180.0,25,27.0,8.9,178.0,Cash on Delivery
5620,220,61,2024-10-25 19:29:54,Delivered,390.0,25,97.5,15.88,317.5,UPI
5621,709,114,2024-04-04 17:58:40,Delivered,160.0,30,0.0,9.5,190.0,Card
5622,1237,138,2023-01-22 17:35:17,Refunded,520.0,0.0,78.0,22.1,442.0,UPI
5623,1199,136,2024-01-13 18:57:36,Delivered,1000.0,0.0,0.0,50.0,1000.0,UPI
5624,1735,51,2024-05-23 20:53:51,Delivered,2340.0,0.0,100,112.0,2240.0,UPI
5625,384,112,2023-06-29 07:03:30,Refunded,310.0,20,0.0,16.5,330.0,UPI
5626,300,128,2023-06-30 08:36:50,Delivered,730.0,0.0,0.0,36.5,730.0,UPI
5627,1834,123,2024-11-24 20:50:00,Delivered,2520.0,0.0,0.0,126.0,2520.0,Cash on Delivery
5628,1860,85,2023-08-21 23:39:24,Delivered,1530.0,0.0,0.0,76.5,1530.0,Card
5629,116,135,2024-06-16 19:28:39,Delivered,1500.0,0.0,100,70.0,1400.0,UPI
5630,397,117,2024-02-21 14:44:11,Delivered,290.0,25,43.5,13.58,271.5,Card
5631,365,43,2024-04-27 21:02:16,Delivered,2050.0,0.0,0.0,102.5,2050.0,UPI
5632,1400,143,2024-06-05 22:41:38,Delivered,140.0,35,35.0,7.0,140.0,UPI
5633,1206,50,2023-05-11 18:20:33,Delivered,140.0,40,0.0,9.0,180.0,UPI
5634,611,45,2023-08-19 13:22:20,Delivered,120.0,30,0.0,7.5,150.0,Cash on Delivery
5635,1127,68,2023-12-13 12:15:49,Delivered,650.0,0.0,0.0,32.5,650.0,Card
5636,517,13,2024-09-08 22:43:04,Delivered,860.0,0.0,0.0,43.0,860.0,Wallet
5637,464,39,2024-03-01 18:21:08,Delivered,870.0,0.0,0.0,43.5,870.0,Cash on Delivery
5638,597,51,2024-02-01 13:10:05,Delivered,1240.0,0.0,100,57.0,1140.0,UPI
5639,1332,13,2023-10-12 13:49:40,Refunded,440.0,25,0.0,23.25,465.0,UPI
5640,1028,123,2024-05-09 20:15:53,Refunded,960.0,0.0,0.0,48.0,960.0,UPI
5641,681,131,2024-09-15 21:39:52,Delivered,890.0,0.0,0.0,44.5,890.0,UPI
5642,685,72,2024-09-05 18:56:50,Cancelled,340.0,20,0.0,18.0,360.0,Cash on Delivery
5643,975,58,2023-01-28 15:02:59,Delivered,330.0,25,66.0,14.45,289.0,Cash on Delivery
5644,1153,149,2023-05-20 18:28:03,Cancelled,150.0,25,0.0,8.75,175.0,UPI
5645,858,110,2023-08-16 07:10:41,Delivered,500.0,0.0,100,20.0,400.0,UPI
5646,1610,95,2023-08-23 13:45:46,Cancelled,1160.0,0.0,100,53.0,1060.0,UPI
5647,1406,143,2023-11-02 08:45:18,Delivered,2500.0,0.0,100,120.0,2400.0,Cash on Delivery
5648,1631,40,2024-12-06 12:56:30,Delivered,80.0,30,20.0,4.5,90.0,Cash on Delivery
5649,433,67,2024-06-03 17:05:14,Refunded,270.0,30,40.5,12.98,259.5,UPI
5650,1675,133,2024-07-21 13:04:19,Refunded,120.0,40,0.0,8.0,160.0,Cash on Delivery
5651,1756,46,2024-03-17 18:16:15,Delivered,1540.0,0.0,100,72.0,1440.0,UPI
5652,281,24,2024-05-06 13:07:08,Cancelled,850.0,0.0,0.0,42.5,850.0,UPI
5653,873,144,2024-10-10 13:16:42,Delivered,270.0,25,0.0,14.75,295.0,Wallet
5654,612,72,2024-04-08 02:17:01,Delivered,250.0,35,0.0,14.25,285.0,Card
5655,331,19,2023-04-24 08:14:58,Cancelled,200.0,40,0.0,12.0,240.0,UPI
5656,11,117,2024-12-11 19:46:45,Delivered,790.0,0.0,79.0,35.55,711.0,UPI
5657,255,92,2023-11-01 13:24:31,Cancelled,660.0,0.0,66.0,29.7,594.0,UPI
5658,1970,48,2023-12-12 21:39:48,Delivered,740.0,0.0,100,32.0,640.0,Wallet
5659,974,13,2024-07-09 10:17:51,Delivered,1360.0,0.0,100,63.0,1260.0,Cash on Delivery
5660,1758,124,2024-05-04 14:10:19,Delivered,540.0,0.0,81.0,22.95,459.0,Wallet
5661,1822,108,2023-09-25 20:01:28,Delivered,760.0,0.0,76.0,34.2,684.0,UPI
5662,458,61,2023-07-25 06:02:48,Delivered,780.0,0.0,78.0,35.1,702.0,UPI
5663,295,88,2024-05-08 02:54:25,Cancelled,470.0,20,0.0,24.5,490.0,Wallet
5664,707,6,2023-08-15 08:32:21,Delivered,360.0,20,0.0,19.0,380.0,Card
5665,1942,25,2023-10-03 21:01:58,Cancelled,770.0,0.0,0.0,38.5,770.0,Wallet
5666,1970,85,2023-06-18 18:12:54,Delivered,900.0,0.0,100,40.0,800.0,Cash on Delivery
5667,1544,133,2023-09-01 06:25:06,Delivered,280.0,25,0.0,15.25,305.0,Card
5668,21,101,2024-05-31 12:56:19,Cancelled,500.0,0.0,0.0,25.0,500.0,UPI
5669,1773,105,2023-08-02 12:04:28,Delivered,240.0,25,0.0,13.25,265.0,Card
5670,56,97,2024-07-08 23:23:25,Delivered,880.0,0.0,0.0,44.0,880.0,Wallet
5671,1130,54,2024-11-20 14:06:35,Delivered,610.0,0.0,0.0,30.5,610.0,Net Banking
5672,1132,130,2023-06-10 03:19:28,Delivered,1480.0,0.0,0.0,74.0,1480.0,Cash on Delivery
5673,1170,122,2024-06-27 12:45:08,Delivered,1070.0,0.0,0.0,53.5,1070.0,Wallet
5674,498,114,2023-02-24 01:41:20,Delivered,1500.0,0.0,0.0,75.0,1500.0,Card
5675,1747,92,2024-12-09 13:25:16,Delivered,220.0,25,0.0,12.25,245.0,Card
5676,689,35,2023-09-19 21:17:40,Delivered,1260.0,0.0,0.0,63.0,1260.0,Card
5677,483,124,2023-08-13 06:41:28,Delivered,380.0,25,57.0,17.4,348.0,Cash on Delivery
5678,432,79,2023-09-23 21:14:22,Refunded,1670.0,0.0,0.0,83.5,1670.0,UPI
5679,647,142,2024-03-03 13:20:40,Delivered,300.0,25,0.0,16.25,325.0,Cash on Delivery
5680,1447,66,2023-02-22 15:19:48,Delivered,1430.0,0.0,100,66.5,1330.0,Wallet
5681,1433,42,2024-02-16 20:56:29,Delivered,400.0,25,0.0,21.25,425.0,Card
5682,1531,86,2023-12-02 09:27:24,Refunded,100.0,25,0.0,6.25,125.0,Net Banking
5683,1436,108,2024-05-11 18:12:55,Cancelled,870.0,0.0,100,38.5,770.0,UPI
5684,495,104,2024-09-29 17:06:33,Delivered,300.0,25,0.0,16.25,325.0,UPI
5685,812,13,2023-12-02 08:04:25,Delivered,1790.0,0.0,100,84.5,1690.0,UPI
5686,443,38,2024-07-21 17:15:04,Delivered,510.0,0.0,0.0,25.5,510.0,UPI
5687,960,1,2023-04-04 14:07:23,Refunded,940.0,0.0,0.0,47.0,940.0,UPI
5688,781,33,2023-10-14 09:57:16,Delivered,1250.0,0.0,100,57.5,1150.0,UPI
5689,649,90,2023-12-14 23:08:39,Refunded,190.0,35,0.0,11.25,225.0,Wallet
5690,1726,102,2024-11-17 20:38:41,Delivered,170.0,30,0.0,10.0,200.0,UPI
5691,1552,26,2023-10-04 21:32:33,Delivered,620.0,0.0,0.0,31.0,620.0,Card
5692,573,23,2024-11-02 14:15:17,Delivered,1360.0,0.0,0.0,68.0,1360.0,Cash on Delivery
5693,672,62,2023-01-25 15:47:37,Delivered,300.0,25,45.0,14.0,280.0,UPI
5694,568,60,2023-04-06 19:51:39,Cancelled,710.0,0.0,0.0,35.5,710.0,Wallet
5695,629,122,2023-03-03 13:46:53,Delivered,210.0,40,0.0,12.5,250.0,Card
5696,1263,142,2024-09-07 20:01:51,Delivered,300.0,15,0.0,15.75,315.0,UPI
5697,1133,52,2023-09-08 21:05:16,Pending,120.0,40,24.0,6.8,136.0,UPI
5698,75,68,2024-03-19 15:35:42,Refunded,630.0,0.0,100,26.5,530.0,Card
5699,1068,16,2023-07-21 09:09:11,Pending,720.0,0.0,0.0,36.0,720.0,Cash on Delivery
5700,1599,51,2024-02-14 11:13:24,Pending,1500.0,0.0,100,70.0,1400.0,Net Banking
5701,575,90,2024-01-29 14:08:38,Cancelled,450.0,15,0.0,23.25,465.0,Card
5702,683,122,2024-08-03 02:24:51,Refunded,660.0,0.0,99.0,28.05,561.0,UPI
5703,837,120,2023-05-06 14:45:47,Delivered,1060.0,0.0,100,48.0,960.0,Card
5704,257,1,2024-06-29 15:31:23,Pending,250.0,35,25.0,13.0,260.0,Wallet
5705,1611,25,2024-03-14 20:02:34,Cancelled,80.0,40,8.0,5.6,112.0,UPI
5706,1010,50,2024-10-18 14:35:54,Cancelled,400.0,20,0.0,21.0,420.0,Wallet
5707,1244,108,2023-11-07 15:06:16,Delivered,1340.0,0.0,0.0,67.0,1340.0,UPI
5708,315,92,2023-11-02 18:46:16,Cancelled,480.0,25,48.0,22.85,457.0,Net Banking
5709,1105,12,2024-07-21 13:28:59,Delivered,460.0,15,69.0,20.3,406.0,UPI
5710,638,96,2023-10-11 13:33:55,Refunded,2830.0,0.0,100,136.5,2730.0,Cash on Delivery
5711,1830,138,2024-06-16 12:44:20,Cancelled,560.0,0.0,0.0,28.0,560.0,Cash on Delivery
5712,266,135,2024-09-21 12:14:45,Pending,320.0,25,0.0,17.25,345.0,Wallet
5713,1124,137,2024-07-07 12:26:31,Delivered,330.0,25,82.5,13.62,272.5,Wallet
5714,94,115,2024-11-04 16:15:31,Cancelled,200.0,35,20.0,10.75,215.0,Wallet
5715,111,115,2024-01-23 20:57:49,Delivered,100.0,30,10.0,6.0,120.0,Card
5716,569,100,2024-12-19 22:26:57,Pending,670.0,0.0,0.0,33.5,670.0,Card
5717,516,33,2023-07-18 23:29:47,Delivered,960.0,0.0,96.0,43.2,864.0,UPI
5718,715,146,2024-01-24 19:36:40,Delivered,970.0,0.0,100,43.5,870.0,Card
5719,1781,67,2023-04-04 06:57:01,Delivered,2100.0,0.0,100,100.0,2000.0,Cash on Delivery
5720,1444,113,2024-01-27 19:22:08,Cancelled,340.0,15,0.0,17.75,355.0,Card
5721,1916,146,2023-09-18 18:13:02,Delivered,650.0,0.0,0.0,32.5,650.0,Wallet
5722,1624,76,2023-12-13 14:05:47,Cancelled,330.0,25,0.0,17.75,355.0,Card
5723,1628,13,2024-05-05 14:23:00,Pending,910.0,0.0,0.0,45.5,910.0,UPI
5724,572,125,2024-01-27 12:53:54,Pending,770.0,0.0,100,33.5,670.0,Card
5725,864,5,2024-01-20 18:27:35,Pending,1490.0,0.0,0.0,74.5,1490.0,UPI
5726,207,50,2023-06-02 16:37:59,Delivered,1510.0,0.0,100,70.5,1410.0,Cash on Delivery
5727,1090,25,2024-05-04 20:51:20,Delivered,90.0,30,0.0,6.0,120.0,Net Banking
5728,1872,43,2024-09-04 08:38:38,Delivered,1520.0,0.0,0.0,76.0,1520.0,UPI
5729,989,101,2024-01-16 16:55:09,Delivered,140.0,30,14.0,7.8,156.0,UPI
5730,527,130,2023-08-05 12:17:50,Delivered,140.0,40,0.0,9.0,180.0,Card
5731,237,1,2024-11-05 10:18:48,Delivered,650.0,0.0,0.0,32.5,650.0,Wallet
5732,1472,51,2023-12-07 19:16:59,Cancelled,1360.0,0.0,0.0,68.0,1360.0,UPI
5733,365,40,2023-09-12 20:53:57,Delivered,420.0,20,0.0,22.0,440.0,UPI
5734,324,117,2024-11-14 19:01:58,Delivered,1010.0,0.0,0.0,50.5,1010.0,UPI
5735,1648,130,2024-01-22 20:30:42,Delivered,380.0,25,0.0,20.25,405.0,Wallet
5736,1390,148,2024-02-14 19:07:08,Delivered,990.0,0.0,0.0,49.5,990.0,UPI
5737,755,124,2024-01-09 20:30:30,Cancelled,830.0,0.0,100,36.5,730.0,UPI
5738,264,58,2024-01-21 18:06:15,Delivered,660.0,0.0,100,28.0,560.0,UPI
5739,929,73,2024-12-22 06:48:54,Delivered,820.0,0.0,100,36.0,720.0,Cash on Delivery
5740,1104,79,2024-01-22 13:30:02,Delivered,2930.0,0.0,0.0,146.5,2930.0,Card
5741,697,133,2023-11-14 21:08:05,Refunded,180.0,40,0.0,11.0,220.0,UPI
5742,53,128,2023-07-17 17:05:01,Cancelled,1550.0,0.0,0.0,77.5,1550.0,Card
5743,111,129,2024-10-20 09:40:38,Refunded,230.0,25,57.5,9.88,197.5,UPI
5744,820,16,2023-04-20 10:10:06,Delivered,110.0,40,0.0,7.5,150.0,Wallet
5745,1596,64,2024-09-23 18:48:01,Delivered,510.0,0.0,51.0,22.95,459.0,UPI
5746,336,90,2024-05-14 20:04:19,Delivered,70.0,35,10.5,4.73,94.5,UPI
5747,1236,24,2024-03-20 14:37:24,Delivered,1750.0,0.0,100,82.5,1650.0,UPI
5748,383,115,2024-11-25 18:39:49,Refunded,330.0,25,33.0,16.1,322.0,Cash on Delivery
5749,327,92,2024-02-08 06:12:53,Delivered,80.0,25,16.0,4.45,89.0,Wallet
5750,113,1,2024-01-03 09:08:37,Delivered,600.0,0.0,0.0,30.0,600.0,UPI
5751,244,10,2023-01-07 13:07:23,Refunded,1080.0,0.0,0.0,54.0,1080.0,UPI
5752,1644,81,2024-10-02 10:19:03,Delivered,250.0,30,0.0,14.0,280.0,UPI
5753,28,31,2024-01-03 18:27:46,Pending,220.0,30,0.0,12.5,250.0,Cash on Delivery
5754,1720,40,2023-04-08 18:33:02,Delivered,460.0,25,0.0,24.25,485.0,UPI
5755,1319,133,2023-01-12 18:32:35,Refunded,180.0,25,18.0,9.35,187.0,Card
5756,15,109,2024-01-08 13:45:31,Delivered,1530.0,0.0,0.0,76.5,1530.0,Wallet
5757,1748,64,2023-08-24 15:11:00,Delivered,540.0,0.0,100,22.0,440.0,Cash on Delivery
5758,1598,132,2024-06-26 03:30:26,Cancelled,980.0,0.0,0.0,49.0,980.0,UPI
5759,1578,128,2024-12-03 16:57:59,Cancelled,2170.0,0.0,0.0,108.5,2170.0,Cash on Delivery
5760,1212,124,2023-02-10 12:29:14,Delivered,2050.0,0.0,100,97.5,1950.0,UPI
5761,928,76,2023-12-12 22:40:16,Pending,200.0,25,50.0,8.75,175.0,Cash on Delivery
5762,486,32,2023-08-06 20:24:23,Delivered,240.0,30,24.0,12.3,246.0,Cash on Delivery
5763,443,76,2024-04-06 08:51:27,Delivered,160.0,30,16.0,8.7,174.0,UPI
5764,513,108,2023-09-10 11:27:16,Cancelled,850.0,0.0,0.0,42.5,850.0,Card
5765,144,148,2024-12-09 18:23:29,Pending,810.0,0.0,100,35.5,710.0,UPI
5766,397,126,2023-07-10 16:34:54,Cancelled,1060.0,0.0,0.0,53.0,1060.0,UPI
5767,83,45,2024-07-04 14:59:37,Delivered,350.0,15,35.0,16.5,330.0,UPI
5768,1522,123,2024-01-09 11:52:59,Cancelled,2160.0,0.0,100,103.0,2060.0,UPI
5769,1924,117,2024-09-07 12:10:49,Delivered,480.0,20,96.0,20.2,404.0,Cash on Delivery
5770,170,39,2023-02-01 00:22:44,Delivered,1080.0,0.0,100,49.0,980.0,Cash on Delivery
5771,679,99,2024-12-30 13:34:09,Delivered,480.0,20,0.0,25.0,500.0,UPI
5772,314,104,2023-12-16 20:05:36,Delivered,880.0,0.0,0.0,44.0,880.0,Cash on Delivery
5773,906,52,2024-08-25 23:58:07,Delivered,1020.0,0.0,0.0,51.0,1020.0,Card
5774,324,88,2023-12-02 14:59:37,Delivered,590.0,0.0,0.0,29.5,590.0,Card
5775,324,119,2023-12-13 01:28:21,Delivered,980.0,0.0,100,44.0,880.0,UPI
5776,1703,54,2023-02-01 12:46:48,Delivered,450.0,20,0.0,23.5,470.0,Cash on Delivery
5777,970,25,2023-07-24 15:43:08,Delivered,670.0,0.0,0.0,33.5,670.0,Wallet
5778,1943,141,2024-03-16 21:14:25,Delivered,1660.0,0.0,100,78.0,1560.0,Cash on Delivery
5779,1506,111,2024-03-09 04:25:18,Delivered,1930.0,0.0,0.0,96.5,1930.0,Wallet
5780,449,91,2024-05-11 17:26:20,Refunded,820.0,0.0,0.0,41.0,820.0,Card
5781,860,1,2024-05-03 20:15:53,Delivered,780.0,0.0,0.0,39.0,780.0,UPI
5782,460,79,2024-06-04 12:15:18,Delivered,1210.0,0.0,0.0,60.5,1210.0,UPI
5783,320,96,2024-02-02 09:51:42,Delivered,1420.0,0.0,0.0,71.0,1420.0,Cash on Delivery
5784,1321,61,2024-10-23 18:30:57,Cancelled,540.0,0.0,0.0,27.0,540.0,Cash on Delivery
5785,1701,16,2024-04-19 21:21:26,Delivered,330.0,15,0.0,17.25,345.0,Card
5786,1451,48,2023-02-16 23:52:20,Refunded,130.0,40,0.0,8.5,170.0,Card
5787,1221,23,2023-11-08 22:40:46,Delivered,310.0,25,0.0,16.75,335.0,UPI
5788,54,20,2023-08-21 22:46:55,Delivered,530.0,0.0,79.5,22.53,450.5,Net Banking
5789,327,62,2023-07-11 13:47:36,Cancelled,300.0,20,45.0,13.75,275.0,Card
5790,1138,39,2024-07-01 11:00:11,Delivered,1110.0,0.0,0.0,55.5,1110.0,UPI
5791,1347,120,2024-08-09 06:14:46,Delivered,940.0,0.0,100,42.0,840.0,UPI
5792,1525,102,2023-06-19 18:17:21,Delivered,1630.0,0.0,0.0,81.5,1630.0,UPI
5793,495,127,2024-08-16 14:45:53,Refunded,790.0,0.0,100,34.5,690.0,Card
5794,879,129,2024-10-03 19:42:02,Delivered,1660.0,0.0,0.0,83.0,1660.0,UPI
5795,640,143,2023-01-14 09:03:55,Delivered,1050.0,0.0,0.0,52.5,1050.0,UPI
5796,1848,127,2024-09-11 18:49:59,Delivered,960.0,0.0,0.0,48.0,960.0,Cash on Delivery
5797,1871,132,2024-09-28 17:25:42,Cancelled,1890.0,0.0,0.0,94.5,1890.0,UPI
5798,281,39,2023-08-20 19:19:30,Refunded,1650.0,0.0,0.0,82.5,1650.0,Wallet
5799,6,73,2024-11-29 15:19:14,Delivered,560.0,0.0,0.0,28.0,560.0,Wallet
5800,1647,132,2023-09-30 21:45:07,Cancelled,500.0,0.0,0.0,25.0,500.0,Card
5801,1059,45,2023-06-13 23:36:24,Delivered,50.0,40,7.5,4.12,82.5,Card
5802,635,1,2024-01-01 19:12:26,Delivered,320.0,25,80.0,13.25,265.0,Wallet
5803,1094,60,2024-08-29 11:45:04,Refunded,1750.0,0.0,0.0,87.5,1750.0,Cash on Delivery
5804,356,69,2023-09-28 15:36:22,Delivered,480.0,25,72.0,21.65,433.0,Wallet
5805,1140,97,2024-04-19 09:56:01,Delivered,280.0,25,0.0,15.25,305.0,Wallet
5806,709,23,2024-04-13 22:40:14,Delivered,350.0,20,87.5,14.12,282.5,Card
5807,902,75,2023-06-04 18:27:47,Cancelled,1560.0,0.0,0.0,78.0,1560.0,Wallet
5808,992,20,2024-04-12 09:49:26,Delivered,1220.0,0.0,0.0,61.0,1220.0,UPI
5809,112,31,2023-11-13 22:27:11,Cancelled,500.0,0.0,0.0,25.0,500.0,Card
5810,1078,85,2023-10-14 10:49:49,Delivered,850.0,0.0,0.0,42.5,850.0,UPI
5811,1950,17,2023-08-30 18:15:23,Cancelled,960.0,0.0,0.0,48.0,960.0,Cash on Delivery
5812,1215,122,2023-12-02 00:08:09,Cancelled,940.0,0.0,0.0,47.0,940.0,UPI
5813,544,63,2024-03-15 20:58:37,Delivered,920.0,0.0,0.0,46.0,920.0,Cash on Delivery
5814,955,86,2024-01-27 14:05:50,Delivered,460.0,20,0.0,24.0,480.0,Card
5815,367,61,2023-07-12 21:06:20,Delivered,810.0,0.0,100,35.5,710.0,Card
5816,1887,91,2024-08-29 19:33:27,Refunded,1040.0,0.0,100,47.0,940.0,UPI
5817,1779,73,2023-09-03 12:40:50,Delivered,720.0,0.0,0.0,36.0,720.0,Net Banking
5818,1389,38,2023-05-10 14:44:24,Delivered,1080.0,0.0,100,49.0,980.0,Wallet
5819,178,94,2023-07-05 18:18:53,Delivered,840.0,0.0,100,37.0,740.0,Cash on Delivery
5820,987,66,2024-12-17 13:27:55,Delivered,1270.0,0.0,100,58.5,1170.0,UPI
5821,814,40,2023-01-09 13:47:07,Refunded,240.0,40,0.0,14.0,280.0,UPI
5822,828,143,2024-03-31 15:51:17,Delivered,730.0,0.0,0.0,36.5,730.0,Cash on Delivery
5823,1849,123,2023-11-27 20:31:25,Delivered,1260.0,0.0,100,58.0,1160.0,UPI
5824,1408,112,2024-10-15 21:21:34,Delivered,310.0,15,0.0,16.25,325.0,Wallet
5825,1508,40,2024-07-07 23:53:17,Delivered,730.0,0.0,0.0,36.5,730.0,Cash on Delivery
5826,1577,91,2023-08-03 07:48:13,Delivered,2260.0,0.0,100,108.0,2160.0,Cash on Delivery
5827,1539,125,2024-09-22 16:12:42,Delivered,370.0,15,0.0,19.25,385.0,Cash on Delivery
5828,1415,89,2024-08-11 19:30:21,Cancelled,240.0,35,0.0,13.75,275.0,Net Banking
5829,1455,129,2023-10-21 11:28:15,Delivered,250.0,30,0.0,14.0,280.0,UPI
5830,278,130,2024-08-22 19:54:21,Delivered,200.0,25,0.0,11.25,225.0,UPI
5831,96,64,2024-11-18 12:12:28,Delivered,1590.0,0.0,100,74.5,1490.0,UPI
5832,545,140,2023-08-20 04:30:03,Cancelled,370.0,20,92.5,14.88,297.5,Wallet
5833,965,57,2024-02-16 09:34:25,Delivered,220.0,30,0.0,12.5,250.0,UPI
5834,259,42,2023-10-29 19:17:01,Delivered,320.0,15,0.0,16.75,335.0,UPI
5835,1928,25,2023-06-03 19:47:53,Pending,1890.0,0.0,0.0,94.5,1890.0,Card
5836,1062,101,2024-02-07 09:27:44,Delivered,50.0,30,0.0,4.0,80.0,Wallet
5837,870,121,2023-04-11 12:29:51,Delivered,190.0,40,0.0,11.5,230.0,UPI
5838,1463,43,2024-11-10 15:30:22,Delivered,330.0,20,33.0,15.85,317.0,Wallet
5839,304,29,2024-10-01 23:36:33,Delivered,640.0,0.0,0.0,32.0,640.0,Card
5840,968,52,2023-08-21 20:54:25,Delivered,1160.0,0.0,0.0,58.0,1160.0,UPI
5841,2,146,2023-10-22 09:01:38,Delivered,900.0,0.0,0.0,45.0,900.0,Wallet
5842,1797,19,2024-01-18 16:20:55,Cancelled,940.0,0.0,0.0,47.0,940.0,Card
5843,439,21,2024-09-21 12:34:03,Pending,640.0,0.0,100,27.0,540.0,UPI
5844,1928,25,2023-11-10 20:54:28,Delivered,1460.0,0.0,0.0,73.0,1460.0,Card
5845,1342,46,2024-07-18 07:24:38,Refunded,1530.0,0.0,100,71.5,1430.0,Wallet
5846,1641,141,2023-07-02 12:52:36,Delivered,1040.0,0.0,0.0,52.0,1040.0,UPI
5847,1765,61,2024-07-31 14:16:51,Delivered,1050.0,0.0,0.0,52.5,1050.0,Net Banking
5848,1654,146,2024-04-28 13:34:06,Cancelled,260.0,40,0.0,15.0,300.0,Wallet
5849,1798,138,2023-01-15 12:10:18,Delivered,1380.0,0.0,100,64.0,1280.0,Wallet
5850,1877,101,2024-07-19 12:53:37,Cancelled,270.0,30,0.0,15.0,300.0,Card
5851,685,10,2024-09-25 14:49:27,Delivered,420.0,20,84.0,17.8,356.0,UPI
5852,1571,8,2024-04-11 23:51:21,Cancelled,150.0,30,0.0,9.0,180.0,Cash on Delivery
5853,888,67,2024-04-19 07:36:41,Delivered,3110.0,0.0,0.0,155.5,3110.0,Cash on Delivery
5854,1305,115,2024-03-22 19:27:25,Delivered,780.0,0.0,0.0,39.0,780.0,Net Banking
5855,226,94,2024-07-04 18:21:56,Delivered,190.0,25,0.0,10.75,215.0,Net Banking
5856,920,97,2023-01-17 10:22:12,Pending,1150.0,0.0,100,52.5,1050.0,UPI
5857,651,100,2024-08-12 18:05:37,Pending,120.0,40,18.0,7.1,142.0,Card
5858,1697,56,2023-07-15 16:48:53,Cancelled,370.0,15,74.0,15.55,311.0,Card
5859,23,51,2023-01-07 19:31:53,Cancelled,1860.0,0.0,0.0,93.0,1860.0,Cash on Delivery
5860,534,76,2023-01-02 06:39:04,Delivered,190.0,25,19.0,9.8,196.0,UPI
5861,809,92,2023-01-25 10:56:03,Cancelled,260.0,30,26.0,13.2,264.0,UPI
5862,966,60,2024-07-21 14:44:03,Delivered,1400.0,0.0,0.0,70.0,1400.0,Card
5863,1157,98,2023-05-17 18:20:40,Cancelled,330.0,20,0.0,17.5,350.0,Cash on Delivery
5864,395,6,2024-07-12 12:20:51,Delivered,420.0,20,0.0,22.0,440.0,Wallet
5865,1083,73,2024-07-25 15:58:12,Delivered,440.0,20,0.0,23.0,460.0,UPI
5866,1578,95,2023-07-13 20:55:51,Pending,90.0,40,0.0,6.5,130.0,Card
5867,619,11,2024-08-07 21:49:46,Refunded,570.0,0.0,0.0,28.5,570.0,UPI
5868,273,90,2024-03-16 18:53:23,Delivered,70.0,30,17.5,4.12,82.5,Card
5869,958,56,2024-08-01 21:38:49,Refunded,660.0,0.0,100,28.0,560.0,UPI
5870,134,72,2024-03-14 19:02:59,Cancelled,930.0,0.0,0.0,46.5,930.0,UPI
5871,932,98,2023-12-04 19:10:55,Refunded,170.0,40,0.0,10.5,210.0,Card
5872,549,133,2023-08-26 19:12:24,Delivered,120.0,25,12.0,6.65,133.0,UPI
5873,1692,52,2024-08-03 18:37:23,Delivered,200.0,40,0.0,12.0,240.0,UPI
5874,1648,72,2024-09-21 15:36:54,Delivered,50.0,25,7.5,3.38,67.5,Net Banking
5875,114,10,2024-05-19 20:38:13,Delivered,550.0,0.0,0.0,27.5,550.0,Cash on Delivery
5876,1129,146,2024-10-28 18:19:19,Delivered,2210.0,0.0,0.0,110.5,2210.0,Wallet
5877,654,42,2024-12-17 08:26:42,Delivered,50.0,30,0.0,4.0,80.0,UPI
5878,813,120,2023-01-20 07:15:25,Delivered,1060.0,0.0,0.0,53.0,1060.0,UPI
5879,268,77,2023-06-11 10:23:29,Pending,450.0,25,0.0,23.75,475.0,Wallet
5880,308,144,2023-09-20 12:03:47,Delivered,660.0,0.0,0.0,33.0,660.0,Card
5881,201,138,2023-10-26 16:11:08,Cancelled,1980.0,0.0,0.0,99.0,1980.0,Wallet
5882,444,72,2023-09-10 21:24:54,Delivered,440.0,20,0.0,23.0,460.0,Card
5883,329,20,2024-08-30 21:51:35,Refunded,1820.0,0.0,0.0,91.0,1820.0,Cash on Delivery
5884,1625,143,2024-09-29 16:20:14,Refunded,690.0,0.0,100,29.5,590.0,Cash on Delivery
5885,1527,23,2024-11-21 19:35:37,Delivered,70.0,40,0.0,5.5,110.0,UPI
5886,1965,84,2024-11-20 20:08:04,Delivered,240.0,30,0.0,13.5,270.0,UPI
5887,1544,5,2023-09-20 09:18:02,Delivered,470.0,25,0.0,24.75,495.0,UPI
5888,1103,27,2024-02-17 23:38:28,Delivered,480.0,25,0.0,25.25,505.0,UPI
5889,1141,92,2024-01-11 13:29:03,Delivered,520.0,0.0,52.0,23.4,468.0,UPI
5890,1793,66,2024-05-10 02:20:14,Pending,930.0,0.0,100,41.5,830.0,Card
5891,30,60,2024-03-11 21:35:02,Delivered,110.0,35,0.0,7.25,145.0,UPI
5892,428,140,2024-03-12 19:19:31,Delivered,710.0,0.0,100,30.5,610.0,UPI
5893,895,115,2023-04-08 18:20:37,Refunded,610.0,0.0,61.0,27.45,549.0,Wallet
5894,1757,135,2023-10-26 18:34:00,Cancelled,590.0,0.0,0.0,29.5,590.0,Wallet
5895,1161,142,2024-11-22 17:42:38,Cancelled,300.0,25,75.0,12.5,250.0,UPI
5896,1687,58,2024-11-15 11:54:02,Delivered,1380.0,0.0,0.0,69.0,1380.0,Card
5897,1289,24,2024-11-01 06:07:26,Delivered,2050.0,0.0,0.0,102.5,2050.0,UPI
5898,320,37,2024-04-17 15:21:32,Cancelled,1000.0,0.0,0.0,50.0,1000.0,Card
5899,989,12,2023-09-02 14:07:21,Delivered,150.0,30,15.0,8.25,165.0,UPI
5900,1606,143,2024-04-13 12:27:02,Delivered,590.0,0.0,0.0,29.5,590.0,Wallet
5901,1604,93,2024-11-11 13:40:30,Delivered,510.0,0.0,0.0,25.5,510.0,UPI
5902,529,105,2024-02-25 10:20:37,Delivered,1140.0,0.0,100,52.0,1040.0,UPI
5903,122,128,2024-11-13 15:02:35,Delivered,2210.0,0.0,0.0,110.5,2210.0,Card
5904,1694,16,2023-12-27 18:27:37,Pending,390.0,20,0.0,20.5,410.0,UPI
5905,1169,20,2024-01-28 20:56:42,Cancelled,410.0,25,0.0,21.75,435.0,UPI
5906,1889,32,2023-03-06 13:00:31,Delivered,150.0,35,0.0,9.25,185.0,UPI
5907,330,146,2023-12-08 15:29:51,Delivered,220.0,40,0.0,13.0,260.0,UPI
5908,132,99,2023-04-30 13:41:46,Delivered,70.0,30,0.0,5.0,100.0,UPI
5909,929,136,2023-08-06 20:07:53,Pending,490.0,20,0.0,25.5,510.0,Wallet
5910,111,108,2024-02-08 13:44:28,Delivered,3170.0,0.0,0.0,158.5,3170.0,Wallet
5911,1000,131,2023-06-04 14:10:24,Delivered,1680.0,0.0,0.0,84.0,1680.0,UPI
5912,416,70,2024-11-02 09:40:13,Delivered,2530.0,0.0,0.0,126.5,2530.0,UPI
5913,1980,48,2023-03-19 19:57:56,Refunded,720.0,0.0,0.0,36.0,720.0,UPI
5914,1739,96,2023-06-04 19:29:37,Refunded,2260.0,0.0,0.0,113.0,2260.0,Wallet
5915,9,112,2024-11-23 18:57:43,Delivered,700.0,0.0,100,30.0,600.0,UPI
5916,210,91,2024-02-01 18:30:58,Delivered,400.0,15,40.0,18.75,375.0,UPI
5917,327,79,2023-07-28 16:15:11,Cancelled,310.0,15,46.5,13.93,278.5,Cash on Delivery
5918,384,18,2024-05-27 01:52:48,Refunded,380.0,20,0.0,20.0,400.0,UPI
5919,18,81,2024-01-11 22:53:39,Refunded,360.0,25,36.0,17.45,349.0,Cash on Delivery
5920,1734,42,2023-06-24 08:11:39,Cancelled,410.0,25,0.0,21.75,435.0,UPI
5921,627,50,2023-10-11 13:51:57,Delivered,670.0,0.0,0.0,33.5,670.0,Card
5922,212,70,2024-12-02 21:36:35,Pending,670.0,0.0,0.0,33.5,670.0,UPI
5923,902,142,2023-02-12 15:53:47,Cancelled,300.0,25,30.0,14.75,295.0,UPI
5924,704,120,2024-04-17 13:57:04,Delivered,720.0,0.0,0.0,36.0,720.0,UPI
5925,1865,18,2023-04-24 21:03:46,Delivered,380.0,25,95.0,15.5,310.0,UPI
5926,1517,132,2023-06-01 20:05:02,Delivered,1350.0,0.0,0.0,67.5,1350.0,Card
5927,1857,11,2023-06-17 10:43:26,Delivered,260.0,40,52.0,12.4,248.0,Wallet
5928,810,90,2023-10-01 13:53:00,Delivered,250.0,25,0.0,13.75,275.0,Card
5929,1921,54,2023-03-07 15:16:13,Delivered,1270.0,0.0,0.0,63.5,1270.0,Wallet
5930,1083,51,2024-03-03 15:41:11,Delivered,650.0,0.0,0.0,32.5,650.0,Card
5931,989,79,2024-08-30 10:13:42,Delivered,500.0,0.0,0.0,25.0,500.0,UPI
5932,4,91,2024-12-28 18:44:37,Delivered,100.0,25,0.0,6.25,125.0,UPI
5933,414,138,2024-04-20 11:12:45,Delivered,720.0,0.0,0.0,36.0,720.0,Wallet
5934,419,67,2023-06-07 11:48:06,Delivered,230.0,30,0.0,13.0,260.0,Cash on Delivery
5935,683,85,2024-09-22 21:36:25,Delivered,400.0,25,40.0,19.25,385.0,UPI
5936,1809,37,2024-12-06 06:03:37,Refunded,860.0,0.0,0.0,43.0,860.0,UPI
5937,208,62,2024-03-28 13:49:59,Delivered,300.0,25,0.0,16.25,325.0,Card
5938,1612,137,2024-02-20 08:24:42,Delivered,1270.0,0.0,100,58.5,1170.0,UPI
5939,312,61,2023-05-29 16:54:34,Delivered,240.0,35,0.0,13.75,275.0,Card
5940,1264,35,2024-09-24 16:22:54,Delivered,1900.0,0.0,0.0,95.0,1900.0,UPI
5941,663,109,2023-11-18 12:48:42,Delivered,940.0,0.0,0.0,47.0,940.0,Card
5942,62,119,2024-07-14 13:43:49,Refunded,660.0,0.0,99.0,28.05,561.0,UPI
5943,150,38,2024-10-27 19:32:25,Delivered,840.0,0.0,0.0,42.0,840.0,UPI
5944,1839,57,2024-09-23 15:53:36,Cancelled,430.0,20,0.0,22.5,450.0,Net Banking
5945,1423,37,2023-03-30 23:45:30,Pending,1130.0,0.0,0.0,56.5,1130.0,Wallet
5946,213,115,2023-05-29 20:19:11,Delivered,60.0,35,0.0,4.75,95.0,Card
5947,1517,144,2023-07-22 07:49:24,Delivered,1260.0,0.0,0.0,63.0,1260.0,UPI
5948,758,29,2023-11-22 18:09:05,Delivered,420.0,15,0.0,21.75,435.0,UPI
5949,1309,12,2024-03-11 19:32:01,Cancelled,500.0,0.0,75.0,21.25,425.0,Cash on Delivery
5950,1196,46,2023-10-01 13:48:45,Delivered,310.0,20,46.5,14.18,283.5,UPI
5951,776,12,2023-10-28 16:20:46,Delivered,200.0,35,50.0,9.25,185.0,UPI
5952,843,13,2024-01-19 13:56:44,Refunded,2010.0,0.0,0.0,100.5,2010.0,Wallet
5953,887,73,2023-02-12 21:23:19,Cancelled,60.0,25,6.0,3.95,79.0,UPI
5954,1625,68,2024-02-19 18:29:34,Refunded,500.0,0.0,0.0,25.0,500.0,UPI
5955,635,136,2024-05-16 19:17:56,Pending,200.0,25,30.0,9.75,195.0,Card
5956,716,123,2024-02-03 16:32:23,Delivered,600.0,0.0,60.0,27.0,540.0,Card
5957,1681,130,2024-04-25 08:09:24,Delivered,750.0,0.0,100,32.5,650.0,Card
5958,1460,45,2024-01-07 19:59:53,Delivered,40.0,30,0.0,3.5,70.0,UPI
5959,1624,127,2024-04-15 02:04:13,Cancelled,170.0,40,0.0,10.5,210.0,UPI
5960,1145,127,2023-04-08 22:05:30,Cancelled,660.0,0.0,0.0,33.0,660.0,UPI
5961,144,37,2024-11-28 20:11:50,Delivered,140.0,35,0.0,8.75,175.0,Card
5962,1221,5,2024-10-25 10:54:41,Cancelled,570.0,0.0,0.0,28.5,570.0,Net Banking
5963,75,85,2023-08-04 17:47:18,Refunded,470.0,15,94.0,19.55,391.0,Cash on Delivery
5964,61,52,2024-08-09 19:33:54,Delivered,710.0,0.0,0.0,35.5,710.0,Cash on Delivery
5965,1801,35,2023-05-26 20:24:31,Cancelled,1040.0,0.0,0.0,52.0,1040.0,Card
5966,1242,64,2023-02-01 13:58:42,Cancelled,120.0,25,0.0,7.25,145.0,UPI
5967,1095,27,2023-09-18 10:35:38,Delivered,1800.0,0.0,100,85.0,1700.0,Cash on Delivery
5968,1010,123,2024-09-26 19:57:05,Delivered,320.0,15,0.0,16.75,335.0,UPI
5969,794,68,2023-10-20 23:17:41,Pending,260.0,25,0.0,14.25,285.0,UPI
5970,1082,35,2024-10-22 20:14:34,Pending,1320.0,0.0,0.0,66.0,1320.0,Card
5971,808,137,2023-08-21 17:37:36,Delivered,520.0,0.0,0.0,26.0,520.0,UPI
5972,1688,128,2023-07-19 22:18:52,Delivered,320.0,15,0.0,16.75,335.0,UPI
5973,812,40,2023-08-19 22:20:05,Delivered,550.0,0.0,0.0,27.5,550.0,Card
5974,1031,15,2023-05-10 15:58:16,Delivered,120.0,25,0.0,7.25,145.0,Card
5975,1482,81,2024-05-25 20:22:12,Delivered,360.0,25,0.0,19.25,385.0,Card
5976,188,99,2023-01-10 02:03:26,Delivered,90.0,30,0.0,6.0,120.0,Cash on Delivery
5977,802,24,2023-03-07 21:27:40,Delivered,210.0,40,21.0,11.45,229.0,Card
5978,1360,64,2023-10-23 19:35:08,Refunded,630.0,0.0,0.0,31.5,630.0,UPI
5979,1688,121,2023-11-04 12:47:53,Delivered,630.0,0.0,0.0,31.5,630.0,UPI
5980,705,12,2024-05-30 12:43:43,Delivered,460.0,25,0.0,24.25,485.0,UPI
5981,776,13,2023-01-13 19:10:32,Refunded,480.0,15,100,19.75,395.0,UPI
5982,972,67,2023-09-06 18:30:28,Refunded,380.0,20,0.0,20.0,400.0,Card
5983,1491,26,2023-02-24 04:15:34,Delivered,130.0,40,32.5,6.88,137.5,Cash on Delivery
5984,1382,56,2023-11-24 09:05:55,Cancelled,3930.0,0.0,0.0,196.5,3930.0,Net Banking
5985,965,70,2024-02-15 16:53:49,Refunded,190.0,40,28.5,10.08,201.5,Card
5986,582,12,2024-10-31 13:52:00,Cancelled,1520.0,0.0,100,71.0,1420.0,Cash on Delivery
5987,1566,141,2023-12-08 14:29:24,Delivered,1600.0,0.0,0.0,80.0,1600.0,UPI
5988,1624,39,2024-08-03 21:40:42,Pending,760.0,0.0,76.0,34.2,684.0,Card
5989,961,69,2023-06-08 12:34:06,Delivered,730.0,0.0,0.0,36.5,730.0,Cash on Delivery
5990,1524,40,2024-04-19 16:10:30,Refunded,180.0,30,18.0,9.6,192.0,Card
5991,1236,29,2024-02-21 19:26:37,Delivered,310.0,20,0.0,16.5,330.0,Card
5992,1849,67,2023-04-16 21:40:21,Delivered,1170.0,0.0,0.0,58.5,1170.0,UPI
5993,1068,126,2024-11-14 21:14:45,Pending,1900.0,0.0,0.0,95.0,1900.0,Card
5994,300,40,2024-01-11 18:31:05,Delivered,180.0,35,18.0,9.85,197.0,UPI
5995,1003,140,2024-01-02 12:44:49,Delivered,380.0,25,0.0,20.25,405.0,UPI
5996,1815,111,2024-11-29 20:45:50,Delivered,120.0,30,0.0,7.5,150.0,Cash on Delivery
5997,754,60,2023-03-31 08:42:42,Cancelled,630.0,0.0,94.5,26.78,535.5,Net Banking
5998,68,89,2024-05-20 19:42:06,Cancelled,820.0,0.0,0.0,41.0,820.0,UPI
5999,1445,72,2023-07-26 01:29:18,Delivered,580.0,0.0,0.0,29.0,580.0,UPI
6000,135,8,2023-07-23 12:30:12,Refunded,390.0,25,97.5,15.88,317.5,UPI
6001,904,136,2024-05-09 21:43:14,Refunded,580.0,0.0,58.0,26.1,522.0,Wallet
6002,1278,101,2023-02-05 10:29:08,Pending,1120.0,0.0,0.0,56.0,1120.0,Card
6003,1984,48,2024-04-26 19:45:10,Delivered,240.0,30,0.0,13.5,270.0,Cash on Delivery
6004,1501,21,2023-11-13 11:20:13,Cancelled,1750.0,0.0,0.0,87.5,1750.0,Cash on Delivery
6005,1370,100,2024-03-02 11:16:27,Cancelled,710.0,0.0,0.0,35.5,710.0,UPI
6006,1382,56,2024-09-19 17:45:07,Delivered,140.0,30,0.0,8.5,170.0,Card
6007,871,144,2024-09-18 17:01:04,Delivered,1010.0,0.0,0.0,50.5,1010.0,UPI
6008,1624,60,2024-07-07 14:30:29,Delivered,600.0,0.0,60.0,27.0,540.0,Card
6009,1517,72,2024-10-31 06:51:49,Refunded,620.0,0.0,0.0,31.0,620.0,UPI
6010,501,48,2023-07-10 19:33:11,Delivered,760.0,0.0,0.0,38.0,760.0,UPI
6011,1938,121,2024-08-07 18:32:52,Delivered,240.0,40,0.0,14.0,280.0,Cash on Delivery
6012,1668,61,2024-10-18 12:13:04,Refunded,450.0,25,100,18.75,375.0,UPI
6013,1333,120,2024-01-17 11:34:28,Delivered,620.0,0.0,0.0,31.0,620.0,Card
6014,987,102,2024-12-14 21:53:05,Delivered,550.0,0.0,0.0,27.5,550.0,Cash on Delivery
6015,1224,142,2023-08-27 17:52:29,Delivered,300.0,20,0.0,16.0,320.0,UPI
6016,1667,88,2023-11-26 13:26:16,Pending,770.0,0.0,0.0,38.5,770.0,Cash on Delivery
6017,941,38,2023-01-26 18:30:41,Delivered,2340.0,0.0,0.0,117.0,2340.0,UPI
6018,1664,19,2024-06-08 14:21:55,Delivered,410.0,20,0.0,21.5,430.0,Card
6019,741,103,2023-12-13 18:07:11,Pending,630.0,0.0,0.0,31.5,630.0,UPI
6020,1674,23,2024-11-11 12:27:49,Cancelled,680.0,0.0,0.0,34.0,680.0,Card
6021,1648,104,2024-01-27 11:02:56,Pending,200.0,35,0.0,11.75,235.0,UPI
6022,1825,39,2024-11-30 12:22:05,Delivered,60.0,40,0.0,5.0,100.0,Card
6023,1089,95,2023-01-19 15:18:26,Delivered,360.0,20,0.0,19.0,380.0,UPI
6024,743,120,2024-06-12 08:59:25,Cancelled,1260.0,0.0,0.0,63.0,1260.0,Wallet
6025,1269,51,2023-04-21 21:33:08,Refunded,1020.0,0.0,0.0,51.0,1020.0,Cash on Delivery
6026,1425,40,2023-08-26 15:07:28,Cancelled,400.0,15,0.0,20.75,415.0,Cash on Delivery
6027,1236,138,2023-09-07 18:33:45,Cancelled,560.0,0.0,100,23.0,460.0,UPI
6028,1140,97,2024-12-13 11:22:46,Refunded,790.0,0.0,0.0,39.5,790.0,Card
6029,608,111,2023-10-30 09:17:30,Refunded,330.0,15,0.0,17.25,345.0,Card
6030,316,67,2024-03-19 20:38:05,Delivered,2330.0,0.0,0.0,116.5,2330.0,UPI
6031,392,120,2024-01-07 18:54:34,Delivered,620.0,0.0,100,26.0,520.0,Card
6032,617,57,2023-12-20 00:32:49,Delivered,230.0,25,23.0,11.6,232.0,Cash on Delivery
6033,237,81,2024-01-12 10:53:02,Pending,930.0,0.0,100,41.5,830.0,Card
6034,652,78,2024-11-08 20:16:38,Cancelled,260.0,30,0.0,14.5,290.0,Wallet
6035,1712,127,2024-05-24 13:24:03,Cancelled,440.0,20,88.0,18.6,372.0,Cash on Delivery
6036,1746,63,2024-03-22 19:06:34,Cancelled,330.0,20,0.0,17.5,350.0,Wallet
6037,1723,140,2024-11-22 14:38:24,Delivered,380.0,20,0.0,20.0,400.0,Cash on Delivery
6038,1524,19,2024-07-23 12:25:25,Delivered,970.0,0.0,0.0,48.5,970.0,Net Banking
6039,1105,105,2023-08-09 04:32:09,Cancelled,1100.0,0.0,0.0,55.0,1100.0,UPI
6040,1927,42,2023-02-09 11:05:49,Pending,390.0,20,39.0,18.55,371.0,UPI
6041,1005,68,2024-05-03 12:56:08,Delivered,890.0,0.0,0.0,44.5,890.0,Cash on Delivery
6042,1357,38,2024-02-16 06:15:51,Delivered,1530.0,0.0,0.0,76.5,1530.0,UPI
6043,1096,38,2024-04-30 19:14:18,Cancelled,1230.0,0.0,0.0,61.5,1230.0,Cash on Delivery
6044,322,129,2024-10-13 15:21:23,Delivered,700.0,0.0,0.0,35.0,700.0,Cash on Delivery
6045,641,102,2024-08-31 12:55:23,Delivered,120.0,30,0.0,7.5,150.0,UPI
6046,68,72,2023-11-04 19:27:19,Delivered,1810.0,0.0,100,85.5,1710.0,Cash on Delivery
6047,800,37,2024-06-19 15:24:57,Delivered,770.0,0.0,0.0,38.5,770.0,Wallet
6048,502,132,2023-02-10 02:44:37,Delivered,170.0,35,25.5,8.97,179.5,Card
6049,815,35,2024-11-27 09:35:05,Delivered,2150.0,0.0,100,102.5,2050.0,Wallet
6050,1906,104,2023-06-12 15:57:00,Delivered,170.0,40,0.0,10.5,210.0,Cash on Delivery
6051,976,61,2024-02-09 16:38:57,Delivered,210.0,40,21.0,11.45,229.0,UPI
6052,1444,21,2023-06-22 23:07:27,Cancelled,640.0,0.0,0.0,32.0,640.0,Wallet
6053,1625,93,2023-09-14 19:38:22,Refunded,310.0,15,0.0,16.25,325.0,UPI
6054,1029,15,2023-10-09 20:23:15,Delivered,900.0,0.0,90.0,40.5,810.0,UPI
6055,1574,58,2023-09-26 00:18:45,Refunded,1080.0,0.0,0.0,54.0,1080.0,Card
6056,242,63,2023-11-05 18:17:34,Delivered,400.0,15,0.0,20.75,415.0,Card
6057,1574,38,2023-06-27 18:03:41,Delivered,1080.0,0.0,0.0,54.0,1080.0,UPI
6058,1214,100,2023-05-10 11:14:04,Pending,160.0,25,16.0,8.45,169.0,Cash on Delivery
6059,1895,67,2023-02-06 20:22:31,Cancelled,940.0,0.0,94.0,42.3,846.0,Net Banking
6060,620,124,2023-12-28 13:48:33,Pending,590.0,0.0,0.0,29.5,590.0,UPI
6061,1870,123,2024-11-19 21:15:55,Cancelled,2660.0,0.0,0.0,133.0,2660.0,Card
6062,1875,58,2024-03-09 15:58:16,Delivered,780.0,0.0,0.0,39.0,780.0,Cash on Delivery
6063,1455,54,2024-04-07 08:11:26,Delivered,390.0,15,97.5,15.38,307.5,Card
6064,630,39,2024-08-27 16:10:49,Cancelled,730.0,0.0,73.0,32.85,657.0,Card
6065,295,141,2024-09-14 14:56:33,Cancelled,200.0,35,0.0,11.75,235.0,Wallet
6066,314,57,2024-05-19 12:33:08,Delivered,1280.0,0.0,100,59.0,1180.0,UPI
6067,740,14,2023-12-09 17:25:03,Delivered,630.0,0.0,100,26.5,530.0,UPI
6068,852,10,2024-10-29 13:25:42,Delivered,530.0,0.0,0.0,26.5,530.0,Cash on Delivery
6069,350,84,2024-06-18 18:29:35,Cancelled,450.0,20,0.0,23.5,470.0,UPI
6070,111,76,2023-08-04 14:59:18,Cancelled,190.0,25,28.5,9.33,186.5,UPI
6071,480,92,2024-09-04 17:54:38,Delivered,120.0,40,0.0,8.0,160.0,Wallet
6072,1501,125,2023-07-12 07:34:59,Pending,800.0,0.0,0.0,40.0,800.0,UPI
6073,857,92,2023-12-02 16:56:57,Cancelled,120.0,25,18.0,6.35,127.0,UPI
6074,1218,129,2024-03-20 17:45:21,Delivered,600.0,0.0,100,25.0,500.0,Cash on Delivery
6075,1578,42,2024-03-28 07:56:40,Cancelled,1540.0,0.0,100,72.0,1440.0,UPI
6076,1216,130,2024-02-22 20:25:28,Delivered,560.0,0.0,0.0,28.0,560.0,Cash on Delivery
6077,338,127,2024-05-30 11:39:56,Pending,40.0,35,4.0,3.55,71.0,UPI
6078,1299,123,2024-10-26 19:20:28,Delivered,1800.0,0.0,0.0,90.0,1800.0,Wallet
6079,209,133,2023-01-25 04:47:08,Delivered,240.0,30,0.0,13.5,270.0,UPI
6080,1221,89,2024-11-12 13:29:41,Delivered,730.0,0.0,0.0,36.5,730.0,Net Banking
6081,1240,134,2024-12-26 10:15:59,Delivered,1000.0,0.0,100.0,45.0,900.0,UPI
6082,148,81,2024-03-30 14:51:53,Cancelled,90.0,40,18.0,5.6,112.0,Wallet
6083,991,67,2023-05-22 18:14:38,Delivered,1190.0,0.0,0.0,59.5,1190.0,Net Banking
6084,1644,69,2023-10-03 19:51:45,Cancelled,130.0,35,0.0,8.25,165.0,Card
6085,1809,138,2024-06-25 19:52:57,Cancelled,660.0,0.0,0.0,33.0,660.0,Cash on Delivery
6086,1659,146,2024-12-04 15:29:57,Cancelled,720.0,0.0,0.0,36.0,720.0,Card
6087,1817,11,2024-10-20 20:16:56,Cancelled,260.0,35,0.0,14.75,295.0,Card
6088,322,142,2023-10-29 13:49:46,Refunded,300.0,20,0.0,16.0,320.0,UPI
6089,1153,149,2024-11-18 08:48:55,Cancelled,150.0,30,37.5,7.12,142.5,UPI
6090,101,12,2023-05-16 12:06:11,Refunded,460.0,25,0.0,24.25,485.0,Card
6091,1539,142,2023-07-15 09:51:00,Pending,300.0,15,45.0,13.5,270.0,Net Banking
6092,332,1,2024-06-02 09:54:06,Delivered,590.0,0.0,59.0,26.55,531.0,Card
6093,1874,18,2024-06-05 23:04:04,Refunded,810.0,0.0,0.0,40.5,810.0,Cash on Delivery
6094,1920,100,2023-10-25 21:15:45,Delivered,1310.0,0.0,100,60.5,1210.0,Wallet
6095,870,64,2024-11-20 10:16:21,Pending,630.0,0.0,100,26.5,530.0,UPI
6096,1849,77,2024-06-15 21:18:55,Delivered,400.0,15,0.0,20.75,415.0,UPI
6097,1317,73,2024-07-08 12:38:19,Cancelled,60.0,30,0.0,4.5,90.0,Card
6098,98,64,2024-04-17 16:57:16,Delivered,1690.0,0.0,100,79.5,1590.0,UPI
6099,287,64,2024-08-08 20:03:04,Cancelled,100.0,35,15.0,6.0,120.0,Cash on Delivery
6100,1498,82,2024-02-13 12:56:06,Delivered,1300.0,0.0,100,60.0,1200.0,UPI
6101,1846,58,2023-06-03 03:10:26,Cancelled,330.0,20,0.0,17.5,350.0,UPI
6102,216,34,2024-04-25 21:23:37,Refunded,1110.0,0.0,0.0,55.5,1110.0,UPI
6103,279,55,2024-02-03 22:07:56,Delivered,1580.0,0.0,0.0,79.0,1580.0,Net Banking
6104,103,16,2023-08-27 13:52:31,Delivered,1230.0,0.0,100,56.5,1130.0,UPI
6105,1674,97,2023-06-01 19:47:04,Cancelled,880.0,0.0,0.0,44.0,880.0,UPI
6106,1555,138,2023-02-06 18:11:52,Pending,720.0,0.0,100,31.0,620.0,Card
6107,251,102,2023-07-31 15:10:57,Refunded,360.0,15,0.0,18.75,375.0,UPI
6108,869,14,2023-08-15 16:44:34,Delivered,640.0,0.0,0.0,32.0,640.0,Card
6109,1831,72,2024-12-24 20:33:28,Delivered,2260.0,0.0,100,108.0,2160.0,UPI
6110,463,129,2023-01-23 19:31:56,Delivered,340.0,15,0.0,17.75,355.0,UPI
6111,178,20,2023-11-30 12:49:04,Delivered,2600.0,0.0,0.0,130.0,2600.0,UPI
6112,1030,134,2023-07-23 21:07:26,Delivered,70.0,30,0.0,5.0,100.0,Cash on Delivery
6113,497,68,2023-09-01 11:31:45,Refunded,210.0,35,0.0,12.25,245.0,Card
6114,434,62,2024-05-07 15:31:04,Pending,300.0,25,0.0,16.25,325.0,UPI
6115,1642,82,2024-01-06 23:45:32,Delivered,610.0,0.0,0.0,30.5,610.0,Card
6116,155,89,2024-04-10 15:13:25,Delivered,340.0,25,0.0,18.25,365.0,UPI
6117,257,5,2024-09-26 22:02:19,Delivered,2440.0,0.0,0.0,122.0,2440.0,Card
6118,1079,12,2024-12-04 11:01:09,Delivered,380.0,15,76.0,15.95,319.0,UPI
6119,1188,110,2024-04-07 13:27:29,Delivered,240.0,35,60.0,10.75,215.0,UPI
6120,1900,14,2023-10-12 13:12:46,Delivered,430.0,20,100,17.5,350.0,Cash on Delivery
6121,1998,114,2024-09-27 19:43:22,Cancelled,1690.0,0.0,0.0,84.5,1690.0,Wallet
6122,518,126,2024-06-03 12:41:11,Delivered,730.0,0.0,0.0,36.5,730.0,Cash on Delivery
6123,1188,13,2023-07-29 13:36:32,Delivered,1700.0,0.0,0.0,85.0,1700.0,UPI
6124,392,102,2023-09-01 23:44:39,Delivered,1420.0,0.0,0.0,71.0,1420.0,UPI
6125,622,119,2024-05-22 20:18:20,Cancelled,100.0,25,0.0,6.25,125.0,Net Banking
6126,37,148,2023-06-12 19:34:06,Cancelled,570.0,0.0,85.5,24.23,484.5,UPI
6127,1760,91,2024-09-17 17:37:48,Delivered,400.0,25,0.0,21.25,425.0,UPI
6128,585,58,2023-09-29 19:42:03,Delivered,690.0,0.0,0.0,34.5,690.0,Cash on Delivery
6129,310,112,2024-05-03 04:39:50,Pending,390.0,20,0.0,20.5,410.0,Wallet
6130,1489,82,2024-05-01 16:22:14,Delivered,120.0,35,12.0,7.15,143.0,Card
6131,1962,33,2024-04-14 11:00:24,Delivered,1700.0,0.0,100,80.0,1600.0,Card
6132,1999,82,2024-10-01 09:49:08,Pending,800.0,0.0,100,35.0,700.0,Card
6133,914,98,2023-11-27 11:39:40,Cancelled,620.0,0.0,62.0,27.9,558.0,Wallet
6134,132,79,2024-10-06 02:04:19,Pending,230.0,35,0.0,13.25,265.0,UPI
6135,1216,96,2024-02-12 13:28:35,Cancelled,850.0,0.0,85.0,38.25,765.0,UPI
6136,923,90,2024-01-02 19:52:20,Delivered,360.0,15,0.0,18.75,375.0,UPI
6137,778,14,2024-10-19 18:56:45,Delivered,110.0,25,0.0,6.75,135.0,Card
6138,1627,6,2024-02-07 03:46:49,Delivered,450.0,15,90.0,18.75,375.0,Card
6139,1276,35,2023-09-14 11:51:22,Pending,1450.0,0.0,0.0,72.5,1450.0,Wallet
6140,305,39,2024-09-14 08:44:27,Delivered,540.0,0.0,0.0,27.0,540.0,Cash on Delivery
6141,1859,136,2023-10-17 11:13:11,Delivered,1350.0,0.0,100,62.5,1250.0,UPI
6142,899,112,2023-02-13 18:05:24,Pending,350.0,25,0.0,18.75,375.0,Net Banking
6143,634,113,2023-10-20 18:44:58,Pending,140.0,35,0.0,8.75,175.0,Cash on Delivery
6144,987,15,2024-06-06 04:14:47,Cancelled,120.0,25,0.0,7.25,145.0,UPI
6145,1142,141,2024-08-24 14:25:40,Pending,1580.0,0.0,100,74.0,1480.0,UPI
6146,1970,119,2023-08-15 11:25:24,Delivered,750.0,0.0,0.0,37.5,750.0,UPI
6147,1575,31,2023-11-09 11:19:09,Delivered,600.0,0.0,0.0,30.0,600.0,UPI
6148,597,132,2024-03-13 13:54:34,Delivered,310.0,15,0.0,16.25,325.0,Cash on Delivery
6149,1234,11,2024-03-19 08:35:31,Pending,1010.0,0.0,100,45.5,910.0,Cash on Delivery
6150,1047,114,2024-01-14 11:45:17,Delivered,1180.0,0.0,100,54.0,1080.0,UPI
6151,727,93,2024-03-10 09:27:06,Delivered,90.0,25,9.0,5.3,106.0,Net Banking
6152,1978,62,2024-03-17 17:53:59,Cancelled,600.0,0.0,0.0,30.0,600.0,UPI
6153,48,37,2023-10-14 19:39:35,Delivered,610.0,0.0,0.0,30.5,610.0,UPI
6154,763,6,2024-08-09 12:32:42,Cancelled,50.0,40,5.0,4.25,85.0,Card
6155,1347,25,2024-04-09 19:15:30,Delivered,1120.0,0.0,0.0,56.0,1120.0,UPI
6156,1960,21,2023-10-16 03:57:06,Delivered,1440.0,0.0,0.0,72.0,1440.0,UPI
6157,814,143,2024-01-14 14:57:22,Cancelled,1760.0,0.0,100,83.0,1660.0,Card
6158,1629,126,2023-04-28 13:35:21,Refunded,900.0,0.0,90.0,40.5,810.0,UPI
6159,618,67,2023-01-27 09:13:46,Delivered,350.0,25,0.0,18.75,375.0,Card
6160,761,70,2024-01-16 23:09:54,Cancelled,640.0,0.0,96.0,27.2,544.0,Card
6161,876,45,2023-07-17 20:08:15,Cancelled,380.0,15,0.0,19.75,395.0,UPI
6162,752,115,2023-12-04 11:28:29,Refunded,1040.0,0.0,0.0,52.0,1040.0,Card
6163,79,101,2023-12-11 18:51:46,Refunded,70.0,35,10.5,4.73,94.5,UPI
6164,1236,14,2024-09-20 12:34:32,Cancelled,200.0,25,20.0,10.25,205.0,UPI
6165,1056,101,2024-03-09 21:06:10,Cancelled,380.0,20,0.0,20.0,400.0,Cash on Delivery
6166,51,109,2024-01-26 19:16:27,Refunded,720.0,0.0,0.0,36.0,720.0,UPI
6167,112,14,2024-05-08 13:52:49,Delivered,370.0,15,0.0,19.25,385.0,UPI
6168,847,27,2024-07-27 19:47:51,Delivered,330.0,25,0.0,17.75,355.0,UPI
6169,1962,104,2023-10-14 11:40:17,Refunded,410.0,20,0.0,21.5,430.0,Cash on Delivery
6170,1906,21,2024-09-01 17:43:18,Delivered,1440.0,0.0,0.0,72.0,1440.0,Wallet
6171,1076,117,2023-07-07 21:17:42,Delivered,1320.0,0.0,0.0,66.0,1320.0,Wallet
6172,1068,13,2023-06-14 12:51:10,Cancelled,210.0,40,0.0,12.5,250.0,UPI
6173,368,105,2023-09-16 19:44:18,Delivered,240.0,40,24.0,12.8,256.0,UPI
6174,788,15,2023-12-23 20:14:39,Refunded,180.0,35,0.0,10.75,215.0,Card
6175,1412,69,2023-09-13 19:19:41,Delivered,1130.0,0.0,100,51.5,1030.0,Wallet
6176,710,5,2023-03-04 22:03:53,Refunded,480.0,25,72.0,21.65,433.0,Wallet
6177,648,66,2023-07-29 19:55:32,Pending,290.0,25,0.0,15.75,315.0,Card
6178,843,6,2023-01-16 09:58:45,Delivered,90.0,40,0.0,6.5,130.0,UPI
6179,1871,70,2024-02-19 14:03:02,Delivered,280.0,25,0.0,15.25,305.0,UPI
6180,894,56,2024-10-05 17:06:40,Delivered,1220.0,0.0,100,56.0,1120.0,Card
6181,1789,126,2024-02-22 22:14:12,Pending,720.0,0.0,100,31.0,620.0,UPI
6182,983,115,2023-11-07 20:15:59,Delivered,60.0,30,0.0,4.5,90.0,UPI
6183,492,86,2023-12-06 19:11:05,Cancelled,100.0,30,0.0,6.5,130.0,UPI
6184,835,130,2024-09-24 01:42:52,Cancelled,480.0,25,0.0,25.25,505.0,UPI
6185,393,96,2024-06-25 18:59:41,Delivered,800.0,0.0,0.0,40.0,800.0,Cash on Delivery
6186,1663,14,2024-04-13 19:29:11,Delivered,380.0,15,0.0,19.75,395.0,UPI
6187,1552,97,2024-04-21 16:18:44,Delivered,540.0,0.0,0.0,27.0,540.0,UPI
6188,970,141,2024-05-04 11:24:32,Delivered,780.0,0.0,0.0,39.0,780.0,UPI
6189,1000,98,2024-12-02 16:15:28,Cancelled,340.0,20,51.0,15.45,309.0,UPI
6190,398,24,2024-11-11 12:48:49,Refunded,530.0,0.0,0.0,26.5,530.0,UPI
6191,715,51,2024-09-18 17:20:57,Delivered,580.0,0.0,0.0,29.0,580.0,UPI
6192,237,15,2024-09-21 19:22:47,Delivered,820.0,0.0,100,36.0,720.0,UPI
6193,1368,85,2024-11-20 19:44:49,Cancelled,250.0,35,0.0,14.25,285.0,UPI
6194,1892,64,2023-05-19 10:03:38,Cancelled,60.0,30,0.0,4.5,90.0,Card
6195,224,32,2023-03-22 13:08:58,Cancelled,1360.0,0.0,0.0,68.0,1360.0,Net Banking
6196,1116,114,2023-10-04 18:02:24,Delivered,1710.0,0.0,100,80.5,1610.0,UPI
6197,1026,117,2023-01-28 12:40:13,Delivered,920.0,0.0,0.0,46.0,920.0,Net Banking
6198,819,46,2023-02-20 11:31:37,Delivered,630.0,0.0,0.0,31.5,630.0,UPI
6199,1966,142,2023-10-05 18:17:17,Cancelled,300.0,15,60.0,12.75,255.0,UPI
6200,1170,125,2023-11-27 12:31:33,Cancelled,750.0,0.0,75.0,33.75,675.0,UPI
6201,24,95,2023-08-28 16:10:00,Delivered,980.0,0.0,0.0,49.0,980.0,UPI
6202,1268,35,2023-05-01 13:53:26,Cancelled,620.0,0.0,0.0,31.0,620.0,UPI
6203,1311,68,2024-12-08 11:22:16,Cancelled,920.0,0.0,0.0,46.0,920.0,Card
6204,742,142,2023-11-13 12:31:13,Refunded,600.0,0.0,0.0,30.0,600.0,UPI
6205,749,146,2023-08-10 19:53:17,Delivered,130.0,30,26.0,6.7,134.0,UPI
6206,1663,25,2024-10-31 05:50:04,Cancelled,500.0,0.0,75.0,21.25,425.0,Cash on Delivery
6207,1300,115,2024-04-05 14:52:12,Delivered,550.0,0.0,0.0,27.5,550.0,UPI
6208,1000,110,2024-06-15 21:58:11,Refunded,400.0,15,0.0,20.75,415.0,Wallet
6209,1724,122,2024-10-01 17:02:43,Delivered,690.0,0.0,0.0,34.5,690.0,UPI
6210,1712,32,2024-03-18 15:24:36,Delivered,420.0,25,0.0,22.25,445.0,Cash on Delivery
6211,711,101,2023-08-22 12:52:24,Refunded,680.0,0.0,0.0,34.0,680.0,Card
6212,68,72,2024-09-05 20:48:49,Refunded,2280.0,0.0,0.0,114.0,2280.0,UPI
6213,691,142,2024-08-01 16:40:50,Delivered,600.0,0.0,0.0,30.0,600.0,UPI
6214,1081,120,2023-04-02 08:32:49,Delivered,1060.0,0.0,0.0,53.0,1060.0,Wallet
6215,890,111,2024-12-02 19:55:21,Delivered,680.0,0.0,0.0,34.0,680.0,Cash on Delivery
6216,28,114,2024-07-14 14:35:37,Refunded,1150.0,0.0,0.0,57.5,1150.0,Cash on Delivery
6217,1525,105,2024-11-02 22:53:32,Delivered,1970.0,0.0,0.0,98.5,1970.0,Cash on Delivery
6218,733,69,2023-10-26 15:15:36,Cancelled,660.0,0.0,99.0,28.05,561.0,UPI
6219,571,88,2024-03-13 07:30:21,Delivered,340.0,20,85.0,13.75,275.0,UPI
6220,260,88,2023-05-28 19:13:07,Cancelled,370.0,25,74.0,16.05,321.0,UPI
6221,30,21,2024-11-23 03:03:22,Delivered,450.0,15,0.0,23.25,465.0,Card
6222,635,46,2024-03-28 18:56:30,Delivered,610.0,0.0,91.5,25.93,518.5,Cash on Delivery
6223,1994,141,2023-07-12 02:30:22,Delivered,1250.0,0.0,100,57.5,1150.0,Wallet
6224,1516,86,2023-06-19 20:11:00,Delivered,580.0,0.0,100,24.0,480.0,Card
6225,1042,130,2023-07-18 12:49:06,Cancelled,1440.0,0.0,0.0,72.0,1440.0,Card
6226,168,143,2024-10-04 22:59:20,Delivered,690.0,0.0,0.0,34.5,690.0,UPI
6227,1835,35,2023-07-04 13:01:46,Delivered,730.0,0.0,0.0,36.5,730.0,Cash on Delivery
6228,1369,69,2024-06-01 22:29:35,Delivered,510.0,0.0,0.0,25.5,510.0,UPI
6229,373,11,2023-12-25 23:27:37,Delivered,760.0,0.0,100,33.0,660.0,Card
6230,1267,114,2024-03-24 02:20:13,Cancelled,670.0,0.0,0.0,33.5,670.0,UPI
6231,1251,60,2023-06-19 19:30:08,Cancelled,350.0,20,35.0,16.75,335.0,UPI
6232,942,29,2024-08-17 21:15:09,Cancelled,200.0,35,0.0,11.75,235.0,Card
6233,749,5,2023-05-12 18:01:48,Delivered,320.0,15,48.0,14.35,287.0,Cash on Delivery
6234,1498,120,2023-12-12 12:52:28,Delivered,120.0,40,18.0,7.1,142.0,UPI
6235,1009,11,2024-01-12 23:46:45,Delivered,630.0,0.0,100,26.5,530.0,Card
6236,530,127,2024-06-02 18:35:43,Refunded,920.0,0.0,100,41.0,820.0,Cash on Delivery
6237,1454,13,2023-04-15 15:33:36,Pending,420.0,15,84.0,17.55,351.0,Card
6238,887,50,2023-02-01 11:33:35,Pending,200.0,30,40.0,9.5,190.0,Card
6239,1940,42,2024-07-15 08:02:22,Delivered,1110.0,0.0,100,50.5,1010.0,Cash on Delivery
6240,304,78,2023-07-12 23:18:20,Delivered,470.0,15,0.0,24.25,485.0,Cash on Delivery
6241,481,113,2023-12-01 08:49:35,Refunded,1720.0,0.0,0.0,86.0,1720.0,UPI
6242,135,34,2023-09-17 19:38:52,Cancelled,430.0,20,0.0,22.5,450.0,Wallet
6243,1264,16,2023-06-09 16:42:11,Delivered,1830.0,0.0,0.0,91.5,1830.0,UPI
6244,951,124,2024-05-09 18:00:32,Refunded,950.0,0.0,0.0,47.5,950.0,UPI
6245,1610,115,2024-12-29 05:17:37,Delivered,680.0,0.0,100,29.0,580.0,Cash on Delivery
6246,277,134,2023-07-04 12:48:30,Delivered,500.0,0.0,0.0,25.0,500.0,Net Banking
6247,578,109,2024-09-08 11:00:45,Delivered,1070.0,0.0,0.0,53.5,1070.0,Cash on Delivery
6248,1356,68,2024-01-23 12:04:05,Delivered,920.0,0.0,0.0,46.0,920.0,Cash on Delivery
6249,1986,64,2023-12-15 16:39:36,Cancelled,510.0,0.0,0.0,25.5,510.0,UPI
6250,1659,39,2024-07-25 20:22:09,Delivered,1660.0,0.0,0.0,83.0,1660.0,UPI
6251,970,80,2024-08-13 12:43:24,Delivered,570.0,0.0,0.0,28.5,570.0,UPI
6252,1718,127,2023-08-06 06:58:20,Delivered,80.0,40,0.0,6.0,120.0,Card
6253,691,52,2023-12-13 10:28:55,Pending,710.0,0.0,0.0,35.5,710.0,Wallet
6254,474,105,2024-12-22 11:51:56,Delivered,240.0,40,0.0,14.0,280.0,UPI
6255,1728,52,2024-10-04 22:18:00,Delivered,3610.0,0.0,0.0,180.5,3610.0,UPI
6256,1321,121,2023-09-03 20:17:07,Delivered,250.0,40,0.0,14.5,290.0,UPI
6257,1330,86,2023-06-19 02:02:34,Delivered,180.0,30,0.0,10.5,210.0,Net Banking
6258,621,39,2023-11-18 21:05:59,Delivered,860.0,0.0,0.0,43.0,860.0,Card
6259,1185,35,2024-12-29 11:29:57,Cancelled,1260.0,0.0,0.0,63.0,1260.0,Card
6260,779,121,2024-03-07 20:34:05,Delivered,580.0,0.0,0.0,29.0,580.0,UPI
6261,153,39,2024-08-19 12:34:57,Delivered,970.0,0.0,0.0,48.5,970.0,UPI
6262,671,58,2024-05-27 17:20:01,Delivered,390.0,20,0.0,20.5,410.0,Cash on Delivery
6263,531,137,2024-04-19 18:26:44,Pending,480.0,25,72.0,21.65,433.0,UPI
6264,703,68,2024-08-15 23:35:25,Cancelled,310.0,15,46.5,13.93,278.5,Cash on Delivery
6265,1639,129,2023-09-04 12:49:28,Pending,770.0,0.0,0.0,38.5,770.0,Cash on Delivery
6266,1485,133,2024-02-08 13:55:37,Pending,220.0,25,0.0,12.25,245.0,UPI
6267,237,148,2023-09-09 10:50:44,Delivered,580.0,0.0,0.0,29.0,580.0,UPI
6268,1408,67,2024-02-16 13:49:05,Delivered,3380.0,0.0,0.0,169.0,3380.0,UPI
6269,993,143,2023-07-14 20:43:07,Pending,1400.0,0.0,0.0,70.0,1400.0,Card
6270,1976,143,2023-08-11 10:46:09,Delivered,790.0,0.0,0.0,39.5,790.0,UPI
6271,1227,69,2023-06-17 09:45:37,Pending,390.0,20,0.0,20.5,410.0,UPI
6272,1412,96,2024-10-28 18:24:49,Cancelled,300.0,25,0.0,16.25,325.0,UPI
6273,1405,78,2023-11-01 20:43:56,Refunded,90.0,25,0.0,5.75,115.0,Card
6274,467,54,2023-07-11 12:22:25,Refunded,870.0,0.0,100,38.5,770.0,Card
6275,934,39,2024-09-30 09:57:27,Delivered,540.0,0.0,0.0,27.0,540.0,Cash on Delivery
6276,1838,135,2024-11-24 15:29:50,Delivered,400.0,15,0.0,20.75,415.0,UPI
6277,1474,132,2023-03-28 04:46:50,Delivered,1480.0,0.0,0.0,74.0,1480.0,UPI
6278,289,51,2024-08-04 21:24:52,Pending,580.0,0.0,0.0,29.0,580.0,Cash on Delivery
6279,1073,111,2024-04-27 13:28:21,Delivered,600.0,0.0,60.0,27.0,540.0,Cash on Delivery
6280,1508,120,2024-10-10 13:58:29,Delivered,280.0,25,28.0,13.85,277.0,UPI
6281,1187,76,2023-08-02 19:42:44,Delivered,200.0,25,0.0,11.25,225.0,Card
6282,2,115,2024-02-22 18:28:02,Delivered,110.0,30,0.0,7.0,140.0,Cash on Delivery
6283,1574,135,2024-02-12 01:45:56,Delivered,170.0,35,0.0,10.25,205.0,Wallet
6284,1435,130,2023-10-21 20:39:12,Refunded,300.0,20,0.0,16.0,320.0,UPI
6285,302,89,2024-12-04 11:13:16,Cancelled,1240.0,0.0,0.0,62.0,1240.0,Wallet
6286,1073,21,2024-09-02 21:05:49,Pending,640.0,0.0,0.0,32.0,640.0,Card
6287,149,120,2023-06-29 19:59:20,Delivered,280.0,35,0.0,15.75,315.0,UPI
6288,477,103,2024-11-26 07:41:16,Delivered,1090.0,0.0,0.0,54.5,1090.0,Wallet
6289,458,130,2024-07-12 10:05:33,Cancelled,300.0,20,60.0,13.0,260.0,Wallet
6290,794,72,2023-12-10 16:45:32,Delivered,480.0,20,0.0,25.0,500.0,Wallet
6291,1156,40,2024-01-06 20:00:47,Refunded,270.0,25,0.0,14.75,295.0,Net Banking
6292,97,25,2023-02-25 18:59:11,Delivered,670.0,0.0,0.0,33.5,670.0,UPI
6293,1932,130,2023-07-15 21:51:23,Delivered,2430.0,0.0,0.0,121.5,2430.0,UPI
6294,118,70,2024-11-13 15:39:09,Delivered,160.0,35,0.0,9.75,195.0,UPI
6295,1072,125,2023-08-29 22:10:30,Cancelled,400.0,15,100.0,15.75,315.0,UPI
6296,741,80,2024-11-12 23:15:14,Cancelled,980.0,0.0,100,44.0,880.0,Wallet
6297,1463,136,2024-11-21 02:33:28,Delivered,130.0,35,0.0,8.25,165.0,Cash on Delivery
6298,1563,130,2023-11-15 16:34:06,Delivered,1320.0,0.0,0.0,66.0,1320.0,UPI
6299,1412,127,2023-10-13 16:01:27,Delivered,620.0,0.0,93.0,26.35,527.0,Cash on Delivery
6300,1614,93,2024-06-29 18:20:08,Delivered,1330.0,0.0,100,61.5,1230.0,UPI
6301,384,51,2024-11-11 12:08:03,Pending,3900.0,0.0,0.0,195.0,3900.0,UPI
6302,1923,144,2024-09-08 20:45:37,Delivered,2010.0,0.0,100,95.5,1910.0,Card
6303,875,50,2024-03-20 19:22:13,Pending,220.0,35,0.0,12.75,255.0,Net Banking
6304,1761,76,2024-05-26 11:16:51,Delivered,130.0,25,0.0,7.75,155.0,Net Banking
6305,1078,68,2024-05-17 13:51:41,Cancelled,390.0,20,0.0,20.5,410.0,UPI
6306,1135,63,2024-10-24 22:29:55,Pending,910.0,0.0,91.0,40.95,819.0,UPI
6307,661,17,2023-10-05 19:32:58,Delivered,690.0,0.0,69.0,31.05,621.0,Cash on Delivery
6308,1373,56,2024-02-08 12:49:26,Cancelled,1540.0,0.0,100,72.0,1440.0,Wallet
6309,1572,133,2023-03-09 22:59:55,Delivered,160.0,30,0.0,9.5,190.0,UPI
6310,1559,6,2023-09-26 09:05:11,Delivered,1000.0,0.0,100,45.0,900.0,Card
6311,469,5,2024-01-10 20:08:33,Delivered,320.0,15,0.0,16.75,335.0,Card
6312,1321,51,2023-08-11 19:49:29,Delivered,1440.0,0.0,0.0,72.0,1440.0,Cash on Delivery
6313,1311,38,2023-09-02 16:06:24,Delivered,1360.0,0.0,0.0,68.0,1360.0,Cash on Delivery
6314,1042,78,2024-08-23 21:26:30,Cancelled,70.0,30,0.0,5.0,100.0,Wallet
6315,677,96,2024-03-08 21:12:09,Cancelled,670.0,0.0,100,28.5,570.0,Card
6316,327,93,2023-12-10 12:43:44,Delivered,140.0,40,0.0,9.0,180.0,Cash on Delivery
6317,974,34,2024-11-09 09:00:19,Delivered,560.0,0.0,0.0,28.0,560.0,UPI
6318,748,129,2024-08-14 19:24:00,Pending,250.0,40,0.0,14.5,290.0,UPI
6319,572,142,2024-03-13 19:54:00,Refunded,600.0,0.0,0.0,30.0,600.0,UPI
6320,898,143,2024-08-07 14:54:41,Cancelled,460.0,25,0.0,24.25,485.0,UPI
6321,1188,110,2024-05-04 18:54:56,Delivered,880.0,0.0,0.0,44.0,880.0,Card
6322,1744,110,2023-06-28 07:53:50,Delivered,340.0,15,85.0,13.5,270.0,Wallet
6323,1546,77,2023-07-21 14:50:18,Delivered,450.0,15,0.0,23.25,465.0,UPI
6324,14,15,2024-02-18 20:30:56,Delivered,580.0,0.0,0.0,29.0,580.0,Wallet
6325,1861,137,2023-09-22 15:01:19,Cancelled,3240.0,0.0,0.0,162.0,3240.0,Card
6326,1036,85,2024-11-17 15:13:00,Cancelled,590.0,0.0,0.0,29.5,590.0,UPI
6327,1149,108,2023-09-14 19:52:51,Cancelled,2100.0,0.0,100,100.0,2000.0,Card
6328,518,143,2023-06-21 20:06:26,Delivered,2690.0,0.0,0.0,134.5,2690.0,Wallet
6329,786,129,2024-05-14 10:21:30,Cancelled,600.0,0.0,0.0,30.0,600.0,Card
6330,163,10,2023-01-04 00:40:05,Delivered,810.0,0.0,0.0,40.5,810.0,Card
6331,1296,60,2024-01-05 12:34:53,Delivered,760.0,0.0,0.0,38.0,760.0,Cash on Delivery
6332,1019,40,2023-01-12 21:39:33,Delivered,130.0,35,0.0,8.25,165.0,Card
6333,1625,96,2023-12-07 13:59:18,Cancelled,1500.0,0.0,0.0,75.0,1500.0,Cash on Delivery
6334,1749,23,2024-12-25 15:20:41,Refunded,1030.0,0.0,0.0,51.5,1030.0,Cash on Delivery
6335,1565,109,2024-05-25 08:25:18,Cancelled,1540.0,0.0,0.0,77.0,1540.0,Card
6336,289,24,2024-11-14 19:22:07,Delivered,210.0,40,0.0,12.5,250.0,Card
6337,1744,78,2023-10-07 13:12:28,Delivered,990.0,0.0,0.0,49.5,990.0,Cash on Delivery
6338,350,135,2023-06-27 11:29:17,Refunded,470.0,25,0.0,24.75,495.0,Wallet
6339,1298,135,2024-10-27 08:31:20,Cancelled,280.0,30,0.0,15.5,310.0,UPI
6340,428,34,2023-09-26 22:40:42,Refunded,1120.0,0.0,0.0,56.0,1120.0,Card
6341,869,96,2024-02-15 06:30:24,Cancelled,850.0,0.0,100,37.5,750.0,UPI
6342,1733,115,2023-06-25 18:12:20,Delivered,500.0,0.0,0.0,25.0,500.0,UPI
6343,1667,52,2023-10-04 16:52:24,Delivered,420.0,20,42.0,19.9,398.0,UPI
6344,753,126,2023-09-03 20:18:43,Pending,1620.0,0.0,0.0,81.0,1620.0,Card
6345,1417,148,2024-04-05 15:20:57,Delivered,1280.0,0.0,0.0,64.0,1280.0,UPI
6346,103,76,2024-04-21 06:38:18,Delivered,240.0,35,36.0,11.95,239.0,Card
6347,1566,103,2023-09-08 14:55:08,Delivered,660.0,0.0,0.0,33.0,660.0,UPI
6348,1969,133,2023-07-19 22:37:56,Pending,180.0,25,0.0,10.25,205.0,Net Banking
6349,1932,140,2024-04-11 21:56:28,Delivered,70.0,25,0.0,4.75,95.0,UPI
6350,339,12,2023-05-18 23:08:56,Delivered,460.0,25,0.0,24.25,485.0,UPI
6351,824,109,2023-12-26 08:19:47,Delivered,720.0,0.0,0.0,36.0,720.0,UPI
6352,200,48,2023-11-03 08:47:51,Delivered,360.0,25,0.0,19.25,385.0,Card
6353,136,101,2023-02-02 11:03:51,Delivered,160.0,40,0.0,10.0,200.0,Net Banking
6354,108,14,2024-04-04 10:49:58,Delivered,420.0,20,0.0,22.0,440.0,Cash on Delivery
6355,106,81,2024-11-15 12:16:38,Delivered,590.0,0.0,0.0,29.5,590.0,Wallet
6356,1852,15,2024-02-03 09:32:52,Delivered,1340.0,0.0,0.0,67.0,1340.0,UPI
6357,1134,23,2024-08-01 18:49:43,Delivered,530.0,0.0,0.0,26.5,530.0,Card
6358,442,27,2024-11-23 12:32:51,Delivered,1000.0,0.0,100,45.0,900.0,UPI
6359,904,64,2024-12-05 14:17:03,Refunded,570.0,0.0,0.0,28.5,570.0,Wallet
6360,1287,117,2024-04-29 09:01:11,Delivered,460.0,15,92.0,19.15,383.0,Wallet
6361,23,70,2024-06-30 13:29:23,Delivered,510.0,0.0,51.0,22.95,459.0,Card
6362,557,105,2024-08-03 13:51:58,Pending,720.0,0.0,0.0,36.0,720.0,Wallet
6363,1693,119,2024-12-22 20:03:32,Delivered,740.0,0.0,100,32.0,640.0,UPI
6364,1095,110,2023-10-26 20:41:51,Delivered,660.0,0.0,0.0,33.0,660.0,UPI
6365,262,64,2024-02-03 21:12:22,Cancelled,160.0,35,32.0,8.15,163.0,UPI
6366,807,77,2023-07-16 22:51:13,Refunded,180.0,25,0.0,10.25,205.0,Cash on Delivery
6367,581,81,2024-07-20 14:10:30,Delivered,590.0,0.0,0.0,29.5,590.0,Wallet
6368,1186,61,2024-11-26 17:54:41,Delivered,120.0,35,0.0,7.75,155.0,Net Banking
6369,1153,133,2023-10-09 18:33:49,Delivered,120.0,25,0.0,7.25,145.0,UPI
6370,781,24,2024-10-17 13:40:55,Refunded,2230.0,0.0,100,106.5,2130.0,UPI
6371,885,92,2024-01-02 20:24:47,Delivered,440.0,20,66.0,19.7,394.0,Card
6372,1415,141,2024-05-01 06:46:16,Delivered,1320.0,0.0,0.0,66.0,1320.0,UPI
6373,94,136,2023-09-03 20:46:12,Pending,780.0,0.0,100,34.0,680.0,Card
6374,1356,127,2024-08-11 17:31:46,Delivered,120.0,40,0.0,8.0,160.0,UPI
6375,616,98,2023-09-16 18:57:13,Delivered,1040.0,0.0,0.0,52.0,1040.0,Card
6376,643,109,2023-03-19 21:39:18,Delivered,540.0,0.0,0.0,27.0,540.0,UPI
6377,1785,63,2023-01-24 16:56:15,Delivered,1240.0,0.0,0.0,62.0,1240.0,UPI
6378,457,148,2024-12-02 07:40:11,Pending,80.0,30,20.0,4.5,90.0,Wallet
6379,1809,138,2023-06-14 19:43:40,Delivered,400.0,20,0.0,21.0,420.0,Card
6380,1856,135,2024-10-13 06:02:42,Pending,620.0,0.0,0.0,31.0,620.0,UPI
6381,1582,40,2023-05-20 13:53:19,Cancelled,400.0,15,40.0,18.75,375.0,Cash on Delivery
6382,650,52,2024-04-12 21:11:04,Cancelled,240.0,30,0.0,13.5,270.0,Cash on Delivery
6383,1963,133,2023-05-18 15:58:17,Delivered,60.0,40,0.0,5.0,100.0,UPI
6384,993,89,2024-01-29 17:26:05,Pending,360.0,25,54.0,16.55,331.0,Wallet
6385,1375,86,2024-01-23 18:20:49,Refunded,920.0,0.0,100,41.0,820.0,UPI
6386,645,143,2023-12-22 09:06:19,Pending,1010.0,0.0,100,45.5,910.0,UPI
6387,715,14,2024-02-11 14:41:45,Cancelled,200.0,25,50.0,8.75,175.0,Net Banking
6388,672,97,2023-10-03 19:44:41,Delivered,280.0,35,28.0,14.35,287.0,Card
6389,642,63,2024-01-11 22:18:27,Cancelled,1690.0,0.0,0.0,84.5,1690.0,Cash on Delivery
6390,300,69,2024-04-19 16:06:54,Cancelled,140.0,40,0.0,9.0,180.0,Card
6391,650,42,2024-09-26 05:27:29,Delivered,860.0,0.0,100,38.0,760.0,Cash on Delivery
6392,2,21,2024-11-07 16:04:58,Delivered,310.0,20,0.0,16.5,330.0,UPI
6393,1000,131,2023-11-02 21:31:55,Cancelled,720.0,0.0,72.0,32.4,648.0,Cash on Delivery
6394,141,70,2024-09-05 20:08:43,Delivered,420.0,15,63.0,18.6,372.0,UPI
6395,1201,38,2023-10-09 18:14:41,Delivered,1580.0,0.0,0.0,79.0,1580.0,Card
6396,178,137,2023-12-20 10:05:49,Delivered,350.0,15,0.0,18.25,365.0,UPI
6397,1715,58,2024-04-28 02:45:10,Refunded,510.0,0.0,100,20.5,410.0,Wallet
6398,412,102,2024-07-17 16:26:27,Delivered,1650.0,0.0,0.0,82.5,1650.0,Cash on Delivery
6399,1698,138,2024-04-19 18:52:49,Delivered,220.0,25,0.0,12.25,245.0,UPI
6400,1691,51,2024-08-31 10:55:56,Delivered,340.0,20,0.0,18.0,360.0,UPI
6401,25,10,2023-08-15 19:25:29,Delivered,380.0,20,38.0,18.1,362.0,Card
6402,1687,125,2024-10-08 21:49:20,Cancelled,820.0,0.0,0.0,41.0,820.0,UPI
6403,378,58,2023-06-20 19:27:20,Pending,1500.0,0.0,100,70.0,1400.0,Card
6404,1342,19,2024-06-24 09:12:58,Cancelled,400.0,15,0.0,20.75,415.0,Wallet
6405,1500,115,2024-04-22 11:00:57,Delivered,400.0,20,0.0,21.0,420.0,Wallet
6406,1533,39,2023-06-21 13:45:24,Delivered,410.0,25,100,16.75,335.0,UPI
6407,391,15,2024-09-12 18:40:28,Delivered,500.0,0.0,75.0,21.25,425.0,UPI
6408,1315,133,2023-06-16 16:47:39,Delivered,300.0,20,0.0,16.0,320.0,Wallet
6409,391,95,2024-07-29 11:50:57,Delivered,1040.0,0.0,0.0,52.0,1040.0,Card
6410,1335,77,2023-09-20 16:39:35,Delivered,460.0,15,0.0,23.75,475.0,UPI
6411,833,122,2023-01-14 21:44:15,Delivered,160.0,30,16.0,8.7,174.0,Card
6412,595,130,2024-06-07 10:45:16,Pending,600.0,0.0,100,25.0,500.0,Card
6413,1947,23,2024-08-23 19:48:19,Cancelled,140.0,25,0.0,8.25,165.0,Cash on Delivery
6414,1629,48,2023-05-03 09:13:30,Cancelled,180.0,35,18.0,9.85,197.0,Cash on Delivery
6415,1409,140,2024-03-09 09:28:59,Delivered,70.0,25,0.0,4.75,95.0,Cash on Delivery
6416,1056,130,2024-04-01 00:11:42,Delivered,730.0,0.0,100,31.5,630.0,Card
6417,1017,17,2024-11-30 15:31:02,Delivered,790.0,0.0,0.0,39.5,790.0,UPI
6418,1376,96,2024-04-05 14:46:14,Cancelled,2030.0,0.0,0.0,101.5,2030.0,Cash on Delivery
6419,205,115,2024-08-28 18:22:52,Delivered,400.0,15,0.0,20.75,415.0,UPI
6420,454,120,2023-05-18 22:15:07,Delivered,280.0,25,0.0,15.25,305.0,Card
6421,654,138,2024-11-16 12:18:39,Cancelled,1400.0,0.0,100,65.0,1300.0,Card
6422,21,11,2023-08-13 14:06:00,Cancelled,950.0,0.0,0.0,47.5,950.0,UPI
6423,436,103,2024-06-23 23:22:31,Delivered,960.0,0.0,0.0,48.0,960.0,Wallet
6424,1587,64,2024-04-06 18:27:30,Delivered,1020.0,0.0,0.0,51.0,1020.0,Cash on Delivery
6425,610,82,2023-12-06 20:36:08,Delivered,830.0,0.0,83.0,37.35,747.0,UPI
6426,510,143,2024-03-21 20:12:16,Delivered,980.0,0.0,0.0,49.0,980.0,UPI
6427,886,127,2023-01-06 19:34:29,Delivered,650.0,0.0,100,27.5,550.0,UPI
6428,1588,140,2023-05-14 10:14:11,Delivered,390.0,15,78.0,16.35,327.0,Card
6429,657,24,2024-04-09 11:35:10,Delivered,820.0,0.0,0.0,41.0,820.0,UPI
6430,1610,137,2023-11-22 11:18:43,Delivered,300.0,15,30.0,14.25,285.0,Cash on Delivery
6431,231,96,2023-09-21 13:48:32,Refunded,90.0,35,0.0,6.25,125.0,Cash on Delivery
6432,1277,125,2023-09-18 11:01:28,Pending,960.0,0.0,0.0,48.0,960.0,Wallet
6433,1688,5,2024-01-09 15:18:51,Delivered,750.0,0.0,0.0,37.5,750.0,Wallet
6434,1632,67,2023-08-05 14:35:36,Refunded,1020.0,0.0,100,46.0,920.0,Card
6435,794,24,2024-05-14 10:19:29,Cancelled,580.0,0.0,100,24.0,480.0,UPI
6436,483,31,2024-02-19 04:25:12,Refunded,1210.0,0.0,0.0,60.5,1210.0,Wallet
6437,85,127,2024-04-10 13:45:07,Delivered,130.0,40,19.5,7.53,150.5,UPI
6438,1653,64,2024-05-25 18:48:19,Delivered,500.0,0.0,0.0,25.0,500.0,Card
6439,1552,109,2024-10-16 16:06:20,Delivered,580.0,0.0,0.0,29.0,580.0,UPI
6440,1939,142,2024-05-22 11:15:04,Cancelled,600.0,0.0,60.0,27.0,540.0,Cash on Delivery
6441,1038,96,2024-06-09 20:17:56,Cancelled,880.0,0.0,100,39.0,780.0,UPI
6442,1578,148,2024-10-04 22:25:58,Delivered,350.0,20,0.0,18.5,370.0,UPI
6443,138,62,2024-09-07 19:53:18,Refunded,600.0,0.0,0.0,30.0,600.0,UPI
6444,322,122,2024-03-06 19:58:56,Refunded,1320.0,0.0,0.0,66.0,1320.0,UPI
6445,145,27,2024-12-28 19:42:35,Cancelled,1100.0,0.0,0.0,55.0,1100.0,UPI
6446,1932,68,2023-11-10 22:35:23,Cancelled,910.0,0.0,100,40.5,810.0,UPI
6447,1020,81,2024-08-15 18:12:03,Delivered,340.0,20,0.0,18.0,360.0,Card
6448,1361,56,2023-10-27 16:20:26,Delivered,2080.0,0.0,0.0,104.0,2080.0,UPI
6449,306,130,2024-02-29 18:26:03,Cancelled,260.0,40,0.0,15.0,300.0,UPI
6450,1664,67,2024-03-27 02:57:54,Cancelled,230.0,30,0.0,13.0,260.0,Wallet
6451,1656,141,2024-12-28 09:14:36,Delivered,600.0,0.0,100,25.0,500.0,Wallet
6452,1480,10,2024-04-22 13:22:20,Delivered,140.0,30,0.0,8.5,170.0,Card
6453,88,122,2023-04-15 21:54:56,Delivered,1210.0,0.0,0.0,60.5,1210.0,Cash on Delivery
6454,744,84,2024-12-20 18:03:06,Delivered,100.0,40,20.0,6.0,120.0,Cash on Delivery
6455,1970,93,2023-06-27 01:31:22,Cancelled,420.0,20,0.0,22.0,440.0,Net Banking
6456,1707,76,2023-10-06 13:53:36,Delivered,400.0,20,0.0,21.0,420.0,Cash on Delivery
6457,314,54,2024-09-12 21:47:10,Delivered,450.0,20,0.0,23.5,470.0,UPI
6458,1702,50,2023-11-17 20:41:21,Cancelled,530.0,0.0,0.0,26.5,530.0,Card
6459,201,72,2024-09-06 21:52:47,Delivered,1170.0,0.0,0.0,58.5,1170.0,Card
6460,1238,133,2024-10-27 12:37:49,Refunded,180.0,40,0.0,11.0,220.0,UPI
6461,1343,27,2024-05-16 16:56:22,Delivered,1300.0,0.0,0.0,65.0,1300.0,UPI
6462,577,105,2024-03-23 21:37:15,Cancelled,330.0,15,0.0,17.25,345.0,UPI
6463,85,132,2023-11-24 01:42:10,Cancelled,110.0,40,27.5,6.12,122.5,UPI
6464,948,46,2023-10-23 15:28:34,Refunded,2150.0,0.0,0.0,107.5,2150.0,Card
6465,1078,11,2023-01-27 22:59:45,Delivered,890.0,0.0,0.0,44.5,890.0,UPI
6466,1107,27,2023-06-29 19:40:01,Delivered,590.0,0.0,0.0,29.5,590.0,UPI
6467,376,24,2023-07-08 19:19:29,Delivered,820.0,0.0,100,36.0,720.0,Card
6468,220,137,2023-11-21 08:28:28,Delivered,1870.0,0.0,0.0,93.5,1870.0,Wallet
6469,1148,1,2024-03-17 13:48:38,Pending,1880.0,0.0,0.0,94.0,1880.0,Net Banking
6470,1718,40,2023-02-21 21:48:43,Delivered,120.0,25,0.0,7.25,145.0,Wallet
6471,1569,79,2024-11-26 19:13:31,Pending,1100.0,0.0,100,50.0,1000.0,Wallet
6472,478,8,2023-03-14 20:58:50,Delivered,590.0,0.0,100,24.5,490.0,UPI
6473,6,105,2023-08-10 02:13:51,Cancelled,660.0,0.0,100,28.0,560.0,Cash on Delivery
6474,1728,131,2024-10-16 14:29:01,Refunded,1120.0,0.0,0.0,56.0,1120.0,UPI
6475,706,13,2023-11-09 14:58:39,Delivered,1330.0,0.0,100,61.5,1230.0,Cash on Delivery
6476,916,63,2024-05-30 09:10:30,Delivered,1470.0,0.0,0.0,73.5,1470.0,UPI
6477,327,80,2024-02-11 11:05:51,Cancelled,460.0,20,0.0,24.0,480.0,Card
6478,1568,75,2024-04-08 18:18:01,Cancelled,1320.0,0.0,100,61.0,1220.0,Cash on Delivery
6479,652,66,2024-01-23 10:25:22,Delivered,870.0,0.0,0.0,43.5,870.0,Wallet
6480,51,111,2024-06-24 12:39:19,Cancelled,610.0,0.0,0.0,30.5,610.0,Cash on Delivery
6481,1345,15,2024-05-08 20:28:19,Delivered,1700.0,0.0,0.0,85.0,1700.0,UPI
6482,1347,66,2024-11-23 16:49:47,Delivered,2180.0,0.0,0.0,109.0,2180.0,Cash on Delivery
6483,1900,18,2023-06-20 17:56:06,Cancelled,640.0,0.0,96.0,27.2,544.0,UPI
6484,2,96,2024-03-26 19:11:27,Delivered,1020.0,0.0,0.0,51.0,1020.0,UPI
6485,61,114,2023-08-11 13:50:15,Delivered,480.0,25,96.0,20.45,409.0,UPI
6486,281,72,2024-12-08 21:50:46,Pending,180.0,25,0.0,10.25,205.0,Card
6487,669,127,2024-05-29 13:26:30,Delivered,310.0,25,46.5,14.43,288.5,Card
6488,1020,81,2024-11-29 20:53:29,Cancelled,180.0,40,0.0,11.0,220.0,UPI
6489,1216,37,2023-11-11 16:03:02,Delivered,1100.0,0.0,100,50.0,1000.0,Wallet
6490,1574,85,2024-05-26 21:08:20,Delivered,70.0,30,7.0,4.65,93.0,Cash on Delivery
6491,1623,20,2024-09-26 21:06:39,Delivered,840.0,0.0,0.0,42.0,840.0,Wallet
6492,1751,43,2024-10-04 19:55:47,Delivered,1690.0,0.0,0.0,84.5,1690.0,Card
6493,1930,100,2023-11-07 20:13:08,Pending,1220.0,0.0,100,56.0,1120.0,Card
6494,706,33,2023-07-11 05:57:31,Delivered,2810.0,0.0,0.0,140.5,2810.0,Card
6495,107,114,2024-11-25 22:48:40,Delivered,2200.0,0.0,0.0,110.0,2200.0,Wallet
6496,896,64,2024-05-27 20:54:27,Delivered,530.0,0.0,0.0,26.5,530.0,UPI
6497,194,104,2023-10-26 22:48:43,Cancelled,1150.0,0.0,0.0,57.5,1150.0,UPI
6498,978,133,2024-10-25 15:38:19,Delivered,180.0,40,0.0,11.0,220.0,UPI
6499,1050,70,2023-03-08 09:57:44,Pending,1150.0,0.0,0.0,57.5,1150.0,UPI
6500,1186,64,2024-03-04 09:39:29,Delivered,400.0,15,100.0,15.75,315.0,UPI
6501,869,104,2024-02-01 13:23:22,Cancelled,500.0,0.0,100.0,20.0,400.0,UPI
6502,626,73,2024-12-03 14:39:21,Delivered,540.0,0.0,0.0,27.0,540.0,UPI
6503,973,43,2024-12-13 12:30:21,Delivered,750.0,0.0,75.0,33.75,675.0,UPI
6504,1446,101,2024-08-14 20:37:32,Delivered,160.0,40,24.0,8.8,176.0,Card
6505,548,18,2023-01-18 18:01:36,Pending,410.0,25,41.0,19.7,394.0,UPI
6506,1491,18,2023-08-23 21:50:02,Cancelled,30.0,35,0.0,3.25,65.0,Card
6507,392,120,2023-06-25 14:00:32,Delivered,500.0,0.0,0.0,25.0,500.0,UPI
6508,1527,81,2024-10-20 12:47:29,Delivered,1250.0,0.0,0.0,62.5,1250.0,UPI
6509,1230,134,2024-11-28 20:20:04,Cancelled,220.0,35,0.0,12.75,255.0,UPI
6510,1383,133,2023-10-25 10:52:37,Cancelled,180.0,40,0.0,11.0,220.0,UPI
6511,412,46,2024-04-16 20:10:22,Cancelled,1250.0,0.0,0.0,62.5,1250.0,UPI
6512,1525,54,2024-06-18 20:00:01,Delivered,1420.0,0.0,0.0,71.0,1420.0,Card
6513,433,100,2023-08-28 19:46:30,Pending,120.0,35,0.0,7.75,155.0,Cash on Delivery
6514,94,26,2023-07-13 19:19:14,Delivered,160.0,30,0.0,9.5,190.0,Cash on Delivery
6515,82,63,2024-02-29 16:03:23,Delivered,420.0,15,84.0,17.55,351.0,Cash on Delivery
6516,1199,18,2023-01-18 10:07:20,Delivered,380.0,15,0.0,19.75,395.0,UPI
6517,1878,60,2024-10-03 13:32:58,Delivered,1410.0,0.0,0.0,70.5,1410.0,UPI
6518,131,61,2023-02-05 08:12:21,Cancelled,270.0,25,0.0,14.75,295.0,Wallet
6519,806,119,2024-09-29 18:07:21,Cancelled,1660.0,0.0,100,78.0,1560.0,Cash on Delivery
6520,902,115,2023-02-26 12:43:33,Delivered,1100.0,0.0,0.0,55.0,1100.0,Cash on Delivery
6521,386,20,2024-10-15 20:20:04,Pending,190.0,40,38.0,9.6,192.0,Net Banking
6522,669,16,2024-04-22 20:36:49,Delivered,440.0,20,0.0,23.0,460.0,UPI
6523,1342,39,2024-07-02 13:30:08,Delivered,920.0,0.0,0.0,46.0,920.0,UPI
6524,1124,75,2024-12-02 12:45:58,Cancelled,210.0,30,0.0,12.0,240.0,UPI
6525,975,43,2023-05-27 08:20:08,Cancelled,720.0,0.0,0.0,36.0,720.0,Net Banking
6526,1771,132,2023-06-07 11:12:40,Cancelled,640.0,0.0,0.0,32.0,640.0,Cash on Delivery
6527,1906,66,2024-05-23 10:25:31,Delivered,290.0,25,0.0,15.75,315.0,UPI
6528,252,91,2024-10-25 20:35:53,Delivered,720.0,0.0,0.0,36.0,720.0,UPI
6529,1663,25,2024-04-02 12:30:19,Cancelled,980.0,0.0,0.0,49.0,980.0,Wallet
6530,1230,112,2024-12-29 11:50:47,Cancelled,1570.0,0.0,100,73.5,1470.0,UPI
6531,1916,143,2023-11-20 14:31:27,Delivered,1220.0,0.0,0.0,61.0,1220.0,UPI
6532,1058,144,2024-02-29 09:56:18,Cancelled,1290.0,0.0,0.0,64.5,1290.0,Card
6533,1714,48,2023-09-12 16:16:19,Delivered,610.0,0.0,100,25.5,510.0,Net Banking
6534,1728,42,2024-10-14 13:42:54,Cancelled,1490.0,0.0,0.0,74.5,1490.0,Card
6535,568,122,2023-01-21 10:24:43,Delivered,510.0,0.0,0.0,25.5,510.0,UPI
6536,1987,140,2023-05-16 05:36:38,Pending,670.0,0.0,0.0,33.5,670.0,UPI
6537,1660,35,2023-04-24 03:17:47,Pending,380.0,20,0.0,20.0,400.0,Net Banking
6538,1635,140,2023-04-09 20:09:21,Delivered,1500.0,0.0,0.0,75.0,1500.0,Net Banking
6539,320,141,2023-12-29 22:33:32,Cancelled,560.0,0.0,0.0,28.0,560.0,UPI
6540,287,111,2024-11-02 12:32:18,Delivered,120.0,30,0.0,7.5,150.0,UPI
6541,1573,43,2024-10-08 07:28:41,Delivered,990.0,0.0,0.0,49.5,990.0,UPI
6542,1943,12,2023-06-28 21:59:26,Delivered,680.0,0.0,0.0,34.0,680.0,Cash on Delivery
6543,1336,91,2024-09-20 19:47:01,Delivered,620.0,0.0,93.0,26.35,527.0,Card
6544,1561,105,2023-04-07 05:16:11,Refunded,2280.0,0.0,0.0,114.0,2280.0,Cash on Delivery
6545,1951,56,2024-02-05 15:11:26,Delivered,760.0,0.0,0.0,38.0,760.0,UPI
6546,1027,63,2024-06-09 12:03:06,Pending,920.0,0.0,100,41.0,820.0,Card
6547,228,76,2023-02-20 23:57:45,Delivered,280.0,30,56.0,12.7,254.0,UPI
6548,1900,39,2024-02-05 12:34:35,Delivered,660.0,0.0,0.0,33.0,660.0,Net Banking
6549,1855,67,2024-12-02 08:32:56,Delivered,340.0,15,85.0,13.5,270.0,Cash on Delivery
6550,1125,121,2023-05-26 11:09:09,Cancelled,270.0,30,40.5,12.98,259.5,Card
6551,1798,129,2023-09-16 20:32:37,Delivered,540.0,0.0,0.0,27.0,540.0,Card
6552,1611,19,2023-10-16 20:58:19,Delivered,420.0,25,0.0,22.25,445.0,Cash on Delivery
6553,772,125,2023-10-18 20:33:27,Delivered,180.0,25,18.0,9.35,187.0,Card
6554,1345,128,2024-04-11 12:11:40,Pending,1450.0,0.0,0.0,72.5,1450.0,Wallet
6555,1651,131,2023-05-13 20:36:16,Pending,260.0,30,0.0,14.5,290.0,Cash on Delivery
6556,116,63,2024-05-03 20:42:44,Cancelled,1270.0,0.0,100,58.5,1170.0,UPI
6557,1122,121,2024-09-28 18:44:34,Cancelled,250.0,30,0.0,14.0,280.0,UPI
6558,1823,51,2024-09-19 17:34:51,Refunded,1010.0,0.0,0.0,50.5,1010.0,UPI
6559,537,124,2023-03-28 17:06:27,Refunded,910.0,0.0,100,40.5,810.0,UPI
6560,55,39,2023-07-09 20:11:25,Pending,320.0,20,64.0,13.8,276.0,UPI
6561,1839,134,2024-01-04 19:46:23,Cancelled,440.0,15,0.0,22.75,455.0,UPI
6562,421,51,2023-11-22 13:27:12,Delivered,1710.0,0.0,0.0,85.5,1710.0,Card
6563,1066,96,2024-02-07 20:02:52,Delivered,420.0,20,0.0,22.0,440.0,UPI
6564,1574,34,2024-11-23 20:05:17,Cancelled,650.0,0.0,65.0,29.25,585.0,UPI
6565,1444,125,2023-06-23 19:12:58,Cancelled,750.0,0.0,0.0,37.5,750.0,Cash on Delivery
6566,1819,89,2024-06-26 02:44:58,Delivered,120.0,35,12.0,7.15,143.0,UPI
6567,1654,77,2024-09-17 19:45:10,Refunded,490.0,25,0.0,25.75,515.0,Net Banking
6568,1310,42,2024-04-05 04:48:31,Refunded,780.0,0.0,0.0,39.0,780.0,UPI
6569,1990,95,2023-08-29 14:14:38,Delivered,170.0,35,0.0,10.25,205.0,UPI
6570,1486,124,2024-11-23 18:56:46,Cancelled,1200.0,0.0,0.0,60.0,1200.0,UPI
6571,1917,136,2024-09-15 13:50:56,Delivered,580.0,0.0,0.0,29.0,580.0,Wallet
6572,706,94,2024-05-22 20:33:27,Pending,1100.0,0.0,0.0,55.0,1100.0,UPI
6573,451,58,2023-11-16 09:41:01,Cancelled,1140.0,0.0,100,52.0,1040.0,Card
6574,959,50,2024-03-26 17:12:02,Delivered,700.0,0.0,0.0,35.0,700.0,Net Banking
6575,989,125,2024-10-26 18:59:10,Delivered,390.0,20,0.0,20.5,410.0,UPI
6576,713,105,2023-11-03 13:54:17,Delivered,1800.0,0.0,100,85.0,1700.0,Wallet
6577,457,95,2024-01-12 15:09:06,Delivered,390.0,20,97.5,15.62,312.5,Card
6578,612,96,2024-02-29 06:29:48,Delivered,320.0,20,32.0,15.4,308.0,UPI
6579,252,134,2023-08-12 20:55:08,Delivered,150.0,30,0.0,9.0,180.0,Wallet
6580,433,100,2024-10-12 22:35:46,Delivered,1020.0,0.0,0.0,51.0,1020.0,Card
6581,904,98,2024-03-08 12:56:48,Cancelled,700.0,0.0,0.0,35.0,700.0,Card
6582,230,100,2023-08-01 18:45:10,Delivered,860.0,0.0,100,38.0,760.0,Wallet
6583,347,15,2024-05-13 11:06:39,Cancelled,280.0,40,0.0,16.0,320.0,Wallet
6584,822,86,2024-02-24 13:12:41,Cancelled,570.0,0.0,100,23.5,470.0,Card
6585,854,108,2023-04-07 11:39:43,Delivered,870.0,0.0,0.0,43.5,870.0,Card
6586,131,113,2024-09-22 21:57:45,Delivered,1500.0,0.0,0.0,75.0,1500.0,UPI
6587,916,19,2023-08-22 08:05:55,Cancelled,310.0,20,31.0,14.95,299.0,UPI
6588,261,27,2024-08-26 21:27:54,Cancelled,770.0,0.0,0.0,38.5,770.0,Cash on Delivery
6589,1220,135,2024-05-09 20:25:46,Delivered,860.0,0.0,0.0,43.0,860.0,UPI
6590,788,45,2023-08-11 02:26:34,Delivered,80.0,40,0.0,6.0,120.0,Card
6591,598,8,2023-01-28 06:10:45,Pending,840.0,0.0,0.0,42.0,840.0,Cash on Delivery
6592,327,35,2024-12-26 21:28:48,Delivered,620.0,0.0,0.0,31.0,620.0,Card
6593,282,90,2023-10-17 22:01:00,Delivered,810.0,0.0,0.0,40.5,810.0,UPI
6594,1552,129,2024-09-03 09:23:32,Cancelled,770.0,0.0,0.0,38.5,770.0,Card
6595,1650,32,2024-10-26 10:20:10,Delivered,520.0,0.0,100,21.0,420.0,UPI
6596,1221,52,2023-11-14 19:04:59,Delivered,2580.0,0.0,100,124.0,2480.0,Card
6597,1317,98,2023-12-16 12:40:43,Delivered,520.0,0.0,52.0,23.4,468.0,Card
6598,357,16,2024-06-22 12:32:04,Delivered,1830.0,0.0,0.0,91.5,1830.0,UPI
6599,860,75,2024-06-13 11:00:07,Delivered,1250.0,0.0,0.0,62.5,1250.0,Card
6600,68,130,2024-04-30 17:56:54,Delivered,440.0,25,0.0,23.25,465.0,UPI
6601,369,95,2023-04-30 14:18:47,Delivered,340.0,25,51.0,15.7,314.0,Cash on Delivery
6602,498,10,2024-02-05 12:16:28,Delivered,190.0,35,0.0,11.25,225.0,UPI
6603,122,23,2023-12-09 06:29:20,Delivered,860.0,0.0,86.0,38.7,774.0,Cash on Delivery
6604,1584,23,2023-10-29 23:31:55,Delivered,1350.0,0.0,0.0,67.5,1350.0,Wallet
6605,147,136,2023-04-08 20:21:51,Delivered,70.0,25,10.5,4.23,84.5,Cash on Delivery
6606,82,110,2024-10-22 15:34:51,Pending,1030.0,0.0,0.0,51.5,1030.0,UPI
6607,83,23,2024-08-07 03:57:25,Delivered,2420.0,0.0,0.0,121.0,2420.0,Cash on Delivery
6608,1648,69,2023-06-16 18:03:34,Delivered,560.0,0.0,56.0,25.2,504.0,Wallet
6609,1612,34,2024-05-13 10:28:54,Delivered,960.0,0.0,100,43.0,860.0,UPI
6610,1088,19,2024-08-31 19:19:15,Delivered,310.0,15,0.0,16.25,325.0,Card
6611,1,103,2023-08-03 05:40:53,Delivered,940.0,0.0,0.0,47.0,940.0,UPI
6612,1394,23,2023-07-27 16:31:34,Delivered,720.0,0.0,0.0,36.0,720.0,Card
6613,968,110,2023-09-20 14:49:43,Pending,880.0,0.0,0.0,44.0,880.0,UPI
6614,573,123,2024-03-01 23:21:05,Delivered,640.0,0.0,100,27.0,540.0,Card
6615,33,143,2024-09-21 14:05:29,Delivered,950.0,0.0,0.0,47.5,950.0,Cash on Delivery
6616,478,79,2023-01-14 12:59:53,Delivered,1900.0,0.0,0.0,95.0,1900.0,Card
6617,688,95,2023-09-25 13:53:03,Cancelled,180.0,25,27.0,8.9,178.0,Card
6618,1997,148,2023-02-03 18:18:42,Delivered,660.0,0.0,0.0,33.0,660.0,UPI
6619,706,146,2024-03-22 20:53:40,Delivered,700.0,0.0,0.0,35.0,700.0,Cash on Delivery
6620,1593,39,2023-06-07 10:35:43,Delivered,1080.0,0.0,0.0,54.0,1080.0,Wallet
6621,1363,127,2024-08-26 21:12:25,Cancelled,340.0,25,0.0,18.25,365.0,Card
6622,1663,19,2023-07-13 22:28:16,Delivered,280.0,25,0.0,15.25,305.0,Cash on Delivery
6623,910,134,2024-03-07 10:55:11,Cancelled,660.0,0.0,0.0,33.0,660.0,UPI
6624,699,127,2024-04-10 22:37:52,Delivered,260.0,35,39.0,12.8,256.0,UPI
6625,302,91,2024-12-27 11:24:17,Delivered,1000.0,0.0,0.0,50.0,1000.0,Net Banking
6626,205,129,2023-01-02 09:58:11,Delivered,640.0,0.0,100,27.0,540.0,UPI
6627,1056,135,2024-06-03 19:17:35,Cancelled,1270.0,0.0,0.0,63.5,1270.0,UPI
6628,1414,27,2024-06-12 14:04:37,Delivered,540.0,0.0,0.0,27.0,540.0,UPI
6629,687,15,2023-05-18 14:08:55,Refunded,240.0,35,0.0,13.75,275.0,Wallet
6630,76,39,2023-10-06 17:34:05,Delivered,350.0,25,52.5,16.12,322.5,UPI
6631,1830,115,2024-02-05 20:10:00,Cancelled,730.0,0.0,100,31.5,630.0,Card
6632,1047,89,2023-11-28 08:24:39,Refunded,220.0,25,0.0,12.25,245.0,Cash on Delivery
6633,840,39,2024-12-18 07:03:38,Delivered,1040.0,0.0,0.0,52.0,1040.0,Card
6634,1342,146,2023-10-22 21:46:58,Cancelled,1370.0,0.0,0.0,68.5,1370.0,Wallet
6635,878,66,2023-08-16 18:27:16,Delivered,200.0,25,30.0,9.75,195.0,Card
6636,210,123,2023-08-18 19:16:39,Delivered,1620.0,0.0,0.0,81.0,1620.0,Cash on Delivery
6637,306,24,2024-01-31 12:14:43,Cancelled,520.0,0.0,100,21.0,420.0,UPI
6638,246,33,2024-01-07 21:44:22,Refunded,1210.0,0.0,0.0,60.5,1210.0,UPI
6639,433,25,2023-07-18 14:51:37,Delivered,1330.0,0.0,0.0,66.5,1330.0,UPI
6640,1235,86,2024-04-20 20:49:01,Delivered,540.0,0.0,0.0,27.0,540.0,UPI
6641,366,57,2023-09-14 18:43:09,Delivered,560.0,0.0,0.0,28.0,560.0,UPI
6642,1251,50,2023-12-22 10:06:08,Delivered,330.0,20,49.5,15.03,300.5,UPI
6643,1580,50,2023-11-22 06:58:37,Delivered,720.0,0.0,0.0,36.0,720.0,Wallet
6644,1371,69,2023-09-04 21:21:56,Delivered,1300.0,0.0,100,60.0,1200.0,Cash on Delivery
6645,79,16,2024-10-21 21:46:40,Delivered,610.0,0.0,0.0,30.5,610.0,UPI
6646,20,129,2024-10-08 10:24:08,Cancelled,1880.0,0.0,0.0,94.0,1880.0,Wallet
6647,1054,92,2023-12-12 00:30:09,Delivered,260.0,25,0.0,14.25,285.0,UPI
6648,1776,125,2024-03-20 10:52:55,Delivered,210.0,35,0.0,12.25,245.0,Card
6649,966,20,2023-11-09 15:45:55,Delivered,3110.0,0.0,0.0,155.5,3110.0,UPI
6650,823,38,2024-01-30 16:35:04,Refunded,2280.0,0.0,100,109.0,2180.0,Card
6651,643,142,2023-09-16 21:45:58,Delivered,300.0,25,60.0,13.25,265.0,UPI
6652,954,100,2024-05-27 09:32:34,Delivered,120.0,40,0.0,8.0,160.0,Card
6653,1773,70,2024-01-11 20:21:31,Cancelled,180.0,25,0.0,10.25,205.0,UPI
6654,138,115,2024-05-22 20:27:40,Pending,550.0,0.0,0.0,27.5,550.0,UPI
6655,1140,112,2023-12-18 16:46:53,Refunded,1280.0,0.0,100,59.0,1180.0,UPI
6656,948,120,2024-12-10 21:51:45,Pending,280.0,40,28.0,14.6,292.0,Wallet
6657,1276,103,2023-10-02 17:20:38,Delivered,940.0,0.0,94.0,42.3,846.0,UPI
6658,279,45,2024-01-28 19:45:59,Cancelled,40.0,30,0.0,3.5,70.0,Card
6659,212,51,2024-12-03 16:57:59,Cancelled,160.0,30,0.0,9.5,190.0,Cash on Delivery
6660,753,72,2024-06-09 10:51:58,Cancelled,1070.0,0.0,0.0,53.5,1070.0,Card
6661,1429,31,2024-01-10 18:40:50,Refunded,50.0,35,0.0,4.25,85.0,Card
6662,617,67,2024-06-24 22:38:24,Delivered,1040.0,0.0,100,47.0,940.0,UPI
6663,1485,86,2023-09-19 05:02:34,Delivered,200.0,30,0.0,11.5,230.0,Wallet
6664,734,144,2024-12-23 19:34:35,Delivered,1020.0,0.0,0.0,51.0,1020.0,Wallet
6665,508,80,2023-03-15 14:06:24,Delivered,990.0,0.0,0.0,49.5,990.0,UPI
6666,1932,11,2023-11-29 14:46:29,Pending,600.0,0.0,0.0,30.0,600.0,UPI
6667,62,131,2024-05-09 15:41:44,Delivered,270.0,25,0.0,14.75,295.0,UPI
6668,576,81,2024-05-30 22:06:28,Pending,750.0,0.0,0.0,37.5,750.0,Cash on Delivery
6669,153,120,2023-07-31 20:58:49,Delivered,340.0,20,85.0,13.75,275.0,UPI
6670,427,6,2023-03-18 14:04:54,Delivered,1130.0,0.0,100,51.5,1030.0,Net Banking
6671,1728,50,2024-08-17 15:57:54,Delivered,1370.0,0.0,0.0,68.5,1370.0,Card
6672,1967,149,2023-12-16 20:39:14,Cancelled,610.0,0.0,91.5,25.93,518.5,Cash on Delivery
6673,204,143,2023-07-25 18:47:08,Delivered,1040.0,0.0,100,47.0,940.0,Card
6674,1624,31,2024-07-11 19:48:58,Delivered,420.0,15,63.0,18.6,372.0,Net Banking
6675,412,70,2024-08-03 19:18:16,Cancelled,140.0,30,0.0,8.5,170.0,UPI
6676,1221,112,2024-04-10 14:43:58,Delivered,310.0,25,0.0,16.75,335.0,UPI
6677,391,128,2023-06-15 16:33:29,Cancelled,190.0,40,28.5,10.08,201.5,Card
6678,652,141,2024-10-12 20:38:14,Cancelled,780.0,0.0,0.0,39.0,780.0,Wallet
6679,1059,127,2024-04-01 16:36:23,Pending,1900.0,0.0,0.0,95.0,1900.0,Cash on Delivery
6680,1438,125,2024-07-18 20:48:52,Delivered,190.0,30,47.5,8.62,172.5,UPI
6681,1789,104,2023-06-11 18:28:29,Cancelled,200.0,30,40.0,9.5,190.0,UPI
6682,386,119,2023-12-13 14:44:29,Pending,1280.0,0.0,100,59.0,1180.0,UPI
6683,159,31,2024-01-10 19:38:46,Delivered,720.0,0.0,0.0,36.0,720.0,UPI
6684,1684,63,2024-11-06 14:15:10,Cancelled,320.0,25,0.0,17.25,345.0,Cash on Delivery
6685,1990,95,2024-03-02 11:02:17,Delivered,1020.0,0.0,0.0,51.0,1020.0,Card
6686,399,31,2024-04-20 09:45:27,Cancelled,700.0,0.0,0.0,35.0,700.0,Wallet
6687,1339,32,2023-07-09 20:57:42,Cancelled,1870.0,0.0,100,88.5,1770.0,Card
6688,304,57,2024-04-17 20:46:23,Cancelled,730.0,0.0,0.0,36.5,730.0,UPI
6689,1357,75,2024-09-08 12:46:31,Delivered,480.0,15,0.0,24.75,495.0,Net Banking
6690,967,99,2024-03-26 12:46:04,Delivered,1000.0,0.0,100,45.0,900.0,UPI
6691,394,76,2024-11-16 14:38:11,Delivered,200.0,30,0.0,11.5,230.0,Wallet
6692,1482,58,2024-06-10 09:15:07,Delivered,660.0,0.0,66.0,29.7,594.0,UPI
6693,775,54,2024-10-29 14:40:12,Refunded,960.0,0.0,0.0,48.0,960.0,UPI
6694,1721,25,2024-07-13 18:50:24,Delivered,1120.0,0.0,100,51.0,1020.0,UPI
6695,923,90,2023-07-10 20:47:25,Cancelled,70.0,35,0.0,5.25,105.0,UPI
6696,39,78,2024-10-18 00:39:13,Delivered,600.0,0.0,0.0,30.0,600.0,UPI
6697,1990,112,2023-10-27 16:23:39,Delivered,980.0,0.0,100,44.0,880.0,UPI
6698,948,67,2024-10-03 10:48:21,Cancelled,1410.0,0.0,100,65.5,1310.0,Wallet
6699,1788,50,2023-12-18 12:17:02,Delivered,210.0,35,0.0,12.25,245.0,Net Banking
6700,125,91,2023-10-03 15:52:03,Cancelled,1040.0,0.0,0.0,52.0,1040.0,Card
6701,1338,70,2024-03-10 14:01:50,Pending,680.0,0.0,0.0,34.0,680.0,Wallet
6702,306,96,2024-03-11 18:45:31,Refunded,1210.0,0.0,100,55.5,1110.0,Card
6703,881,146,2024-01-18 09:21:28,Cancelled,940.0,0.0,100,42.0,840.0,UPI
6704,1416,101,2024-10-06 13:58:25,Cancelled,220.0,35,0.0,12.75,255.0,Card
6705,373,79,2024-04-16 19:57:03,Delivered,1740.0,0.0,0.0,87.0,1740.0,UPI
6706,1726,38,2024-11-26 12:57:12,Refunded,2580.0,0.0,100,124.0,2480.0,Card
6707,1134,128,2024-08-26 14:32:07,Delivered,1150.0,0.0,0.0,57.5,1150.0,Cash on Delivery
6708,586,135,2023-03-05 13:20:35,Delivered,850.0,0.0,100,37.5,750.0,UPI
6709,384,97,2024-08-25 08:00:14,Delivered,790.0,0.0,100,34.5,690.0,UPI
6710,1419,76,2023-10-26 13:48:43,Pending,560.0,0.0,0.0,28.0,560.0,Wallet
6711,306,146,2023-10-13 20:59:33,Delivered,440.0,25,100,18.25,365.0,Cash on Delivery
6712,796,10,2024-03-12 14:37:57,Delivered,260.0,30,0.0,14.5,290.0,Cash on Delivery
6713,1220,101,2024-01-02 11:54:27,Delivered,280.0,40,0.0,16.0,320.0,UPI
6714,1880,92,2023-12-18 18:24:17,Pending,260.0,40,65.0,11.75,235.0,Cash on Delivery
6715,915,137,2024-03-01 18:20:25,Delivered,1600.0,0.0,100,75.0,1500.0,Net Banking
6716,370,115,2023-12-28 13:25:42,Pending,400.0,20,0.0,21.0,420.0,UPI
6717,1727,68,2023-11-14 13:15:46,Delivered,890.0,0.0,0.0,44.5,890.0,UPI
6718,612,24,2024-06-27 08:04:41,Delivered,210.0,35,42.0,10.15,203.0,UPI
6719,1659,61,2023-07-18 02:40:56,Cancelled,120.0,35,30.0,6.25,125.0,Card
6720,1084,126,2024-12-28 00:58:26,Refunded,1920.0,0.0,100,91.0,1820.0,Card
6721,1457,5,2024-09-26 22:10:28,Cancelled,1050.0,0.0,0.0,52.5,1050.0,Card
6722,1617,1,2023-08-27 21:16:28,Pending,510.0,0.0,0.0,25.5,510.0,Cash on Delivery
6723,689,67,2023-11-21 00:09:38,Delivered,1160.0,0.0,0.0,58.0,1160.0,Wallet
6724,1902,43,2023-10-27 14:16:44,Pending,180.0,40,45.0,8.75,175.0,UPI
6725,785,146,2024-05-26 15:12:54,Delivered,170.0,30,0.0,10.0,200.0,Card
6726,1083,127,2024-07-28 16:21:03,Delivered,300.0,20,0.0,16.0,320.0,Card
6727,1527,23,2024-09-28 06:24:34,Delivered,810.0,0.0,0.0,40.5,810.0,Card
6728,1260,24,2023-12-13 18:19:56,Delivered,420.0,20,84.0,17.8,356.0,Cash on Delivery
6729,98,123,2024-05-26 10:59:49,Delivered,2060.0,0.0,0.0,103.0,2060.0,UPI
6730,293,133,2024-05-22 14:32:59,Delivered,560.0,0.0,0.0,28.0,560.0,Wallet
6731,22,24,2023-10-08 11:33:30,Cancelled,1540.0,0.0,0.0,77.0,1540.0,Cash on Delivery
6732,1171,130,2024-02-27 15:02:11,Refunded,1420.0,0.0,0.0,71.0,1420.0,Card
6733,1340,10,2024-10-18 14:35:13,Pending,1280.0,0.0,100,59.0,1180.0,Wallet
6734,1641,56,2024-08-17 12:06:36,Delivered,2350.0,0.0,0.0,117.5,2350.0,Cash on Delivery
6735,1842,120,2023-04-05 20:09:48,Refunded,580.0,0.0,87.0,24.65,493.0,UPI
6736,1739,124,2023-11-01 17:34:14,Delivered,500.0,0.0,0.0,25.0,500.0,Net Banking
6737,1251,62,2023-05-06 08:43:05,Cancelled,300.0,25,0.0,16.25,325.0,Cash on Delivery
6738,424,26,2024-05-04 20:52:30,Refunded,480.0,20,48.0,22.6,452.0,UPI
6739,1365,110,2024-09-09 19:52:40,Delivered,280.0,35,0.0,15.75,315.0,Card
6740,422,42,2023-11-09 21:11:59,Pending,540.0,0.0,81.0,22.95,459.0,Card
6741,885,45,2024-05-29 02:21:42,Delivered,40.0,30,0.0,3.5,70.0,Card
6742,840,97,2023-06-23 12:41:24,Delivered,630.0,0.0,0.0,31.5,630.0,UPI
6743,1011,15,2023-05-31 02:28:24,Pending,500.0,0.0,0.0,25.0,500.0,Cash on Delivery
6744,39,117,2023-11-06 20:55:57,Delivered,230.0,40,0.0,13.5,270.0,Wallet
6745,62,102,2024-01-09 14:43:31,Delivered,1990.0,0.0,0.0,99.5,1990.0,UPI
6746,1076,84,2023-09-25 15:16:03,Pending,150.0,25,30.0,7.25,145.0,Card
6747,1493,89,2024-12-04 19:28:02,Refunded,1450.0,0.0,100,67.5,1350.0,UPI
6748,1002,75,2024-07-28 13:59:08,Delivered,1120.0,0.0,0.0,56.0,1120.0,Wallet
6749,1433,37,2024-08-30 17:38:41,Pending,430.0,20,0.0,22.5,450.0,UPI
6750,1342,27,2024-04-20 21:19:42,Delivered,1370.0,0.0,100,63.5,1270.0,Wallet
6751,375,26,2023-03-28 10:52:41,Delivered,860.0,0.0,0.0,43.0,860.0,Cash on Delivery
6752,1238,48,2024-08-27 20:00:20,Cancelled,330.0,25,0.0,17.75,355.0,UPI
6753,1250,141,2023-03-29 11:26:20,Cancelled,1290.0,0.0,100,59.5,1190.0,UPI
6754,73,113,2024-01-24 12:28:41,Delivered,280.0,40,0.0,16.0,320.0,Wallet
6755,894,31,2023-10-30 09:13:16,Delivered,440.0,20,88.0,18.6,372.0,UPI
6756,255,40,2024-11-14 13:23:01,Delivered,940.0,0.0,0.0,47.0,940.0,Card
6757,15,14,2024-07-18 17:15:45,Cancelled,430.0,20,0.0,22.5,450.0,UPI
6758,1550,146,2023-05-26 14:32:52,Cancelled,730.0,0.0,0.0,36.5,730.0,UPI
6759,1692,21,2024-11-12 11:53:04,Cancelled,660.0,0.0,0.0,33.0,660.0,Cash on Delivery
6760,1101,5,2024-09-02 12:45:41,Delivered,1160.0,0.0,100,53.0,1060.0,UPI
6761,597,24,2023-11-01 21:55:31,Delivered,100.0,40,0.0,7.0,140.0,Card
6762,812,27,2023-10-08 18:21:17,Refunded,1500.0,0.0,0.0,75.0,1500.0,UPI
6763,1014,14,2023-06-15 12:47:29,Refunded,240.0,40,24.0,12.8,256.0,UPI
6764,860,50,2024-01-19 17:27:27,Delivered,360.0,25,72.0,15.65,313.0,Net Banking
6765,500,69,2024-05-25 20:18:22,Delivered,400.0,20,80.0,17.0,340.0,Card
6766,685,104,2024-09-06 20:55:58,Pending,170.0,35,0.0,10.25,205.0,Cash on Delivery
6767,1395,108,2023-02-21 22:47:18,Cancelled,940.0,0.0,0.0,47.0,940.0,UPI
6768,1222,21,2023-02-21 12:06:43,Cancelled,1980.0,0.0,0.0,99.0,1980.0,Card
6769,1357,97,2023-08-21 13:49:48,Pending,1400.0,0.0,100,65.0,1300.0,UPI
6770,1445,32,2023-11-11 19:58:41,Cancelled,270.0,30,0.0,15.0,300.0,UPI
6771,900,66,2024-05-28 15:06:45,Delivered,880.0,0.0,0.0,44.0,880.0,Cash on Delivery
6772,215,14,2023-01-05 22:00:13,Delivered,1200.0,0.0,100,55.0,1100.0,Cash on Delivery
6773,1,86,2023-09-27 11:20:17,Cancelled,120.0,30,0.0,7.5,150.0,Wallet
6774,934,37,2024-03-04 13:07:44,Delivered,490.0,25,0.0,25.75,515.0,Cash on Delivery
6775,1339,64,2023-06-17 13:36:08,Delivered,60.0,35,0.0,4.75,95.0,UPI
6776,1561,102,2023-10-21 19:02:37,Delivered,2070.0,0.0,100,98.5,1970.0,Cash on Delivery
6777,1990,96,2024-06-30 07:39:20,Cancelled,340.0,15,0.0,17.75,355.0,Cash on Delivery
6778,1135,34,2024-10-12 20:58:53,Delivered,1150.0,0.0,0.0,57.5,1150.0,UPI
6779,341,96,2023-01-27 18:50:51,Cancelled,870.0,0.0,87.0,39.15,783.0,Cash on Delivery
6780,468,14,2024-09-29 21:42:06,Delivered,410.0,20,0.0,21.5,430.0,UPI
6781,1940,25,2023-12-13 12:34:49,Delivered,270.0,25,0.0,14.75,295.0,Card
6782,1419,134,2023-02-05 13:18:56,Pending,1390.0,0.0,0.0,69.5,1390.0,Cash on Delivery
6783,1914,96,2023-11-11 23:20:53,Delivered,990.0,0.0,100,44.5,890.0,UPI
6784,1871,105,2024-11-01 20:12:30,Cancelled,160.0,25,24.0,8.05,161.0,Cash on Delivery
6785,974,144,2023-09-12 08:35:16,Delivered,1260.0,0.0,100,58.0,1160.0,Cash on Delivery
6786,1709,1,2023-01-29 22:22:27,Cancelled,90.0,30,13.5,5.33,106.5,UPI
6787,1385,73,2024-03-16 21:15:20,Cancelled,370.0,25,37.0,17.9,358.0,UPI
6788,135,72,2023-12-08 14:54:41,Delivered,570.0,0.0,0.0,28.5,570.0,Card
6789,1091,109,2023-08-21 21:51:41,Delivered,80.0,25,12.0,4.65,93.0,Card
6790,1398,33,2023-04-17 11:38:16,Cancelled,1220.0,0.0,100,56.0,1120.0,Wallet
6791,532,112,2023-11-03 17:39:20,Delivered,370.0,25,74.0,16.05,321.0,UPI
6792,1544,48,2024-12-03 00:38:21,Delivered,580.0,0.0,100,24.0,480.0,Cash on Delivery
6793,356,123,2023-06-13 12:31:40,Delivered,1540.0,0.0,0.0,77.0,1540.0,UPI
6794,1324,57,2023-12-10 20:24:01,Cancelled,700.0,0.0,100,30.0,600.0,Cash on Delivery
6795,1428,99,2023-08-25 13:18:59,Cancelled,1410.0,0.0,100,65.5,1310.0,UPI
6796,1391,48,2024-11-27 17:07:14,Delivered,240.0,25,36.0,11.45,229.0,UPI
6797,1954,102,2023-06-17 19:19:02,Delivered,240.0,30,0.0,13.5,270.0,UPI
6798,101,125,2024-10-17 15:42:28,Delivered,820.0,0.0,0.0,41.0,820.0,UPI
6799,679,80,2023-09-23 20:15:23,Cancelled,2460.0,0.0,0.0,123.0,2460.0,Card
6800,1856,101,2024-06-11 16:34:17,Pending,240.0,40,0.0,14.0,280.0,Card
6801,1823,143,2024-07-07 05:36:51,Delivered,1050.0,0.0,100,47.5,950.0,UPI
6802,1162,94,2023-06-19 02:11:03,Delivered,640.0,0.0,0.0,32.0,640.0,UPI
6803,1625,146,2024-06-20 10:03:31,Delivered,1400.0,0.0,0.0,70.0,1400.0,UPI
6804,1828,26,2024-06-28 11:59:37,Delivered,220.0,25,0.0,12.25,245.0,UPI
6805,1809,14,2024-09-29 10:29:03,Refunded,110.0,25,0.0,6.75,135.0,Wallet
6806,1173,42,2024-10-17 19:46:16,Pending,510.0,0.0,0.0,25.5,510.0,Cash on Delivery
6807,470,16,2023-01-30 20:55:01,Delivered,610.0,0.0,0.0,30.5,610.0,Cash on Delivery
6808,971,135,2024-12-05 06:11:43,Cancelled,600.0,0.0,60.0,27.0,540.0,Wallet
6809,943,63,2024-05-12 16:25:21,Delivered,780.0,0.0,0.0,39.0,780.0,UPI
6810,1580,88,2023-08-30 09:26:39,Delivered,380.0,20,0.0,20.0,400.0,Wallet
6811,617,8,2023-08-24 00:32:49,Delivered,410.0,15,41.0,19.2,384.0,Cash on Delivery
6812,1140,50,2024-01-04 21:29:35,Refunded,1260.0,0.0,0.0,63.0,1260.0,Cash on Delivery
6813,1219,34,2023-03-21 19:35:04,Delivered,1180.0,0.0,0.0,59.0,1180.0,UPI
6814,619,78,2024-06-06 07:48:18,Cancelled,720.0,0.0,0.0,36.0,720.0,UPI
6815,733,20,2024-09-09 20:51:59,Pending,320.0,15,48.0,14.35,287.0,Cash on Delivery
6816,1695,91,2023-06-20 18:28:43,Delivered,1760.0,0.0,100,83.0,1660.0,UPI
6817,926,103,2023-03-01 14:12:42,Delivered,680.0,0.0,100,29.0,580.0,Cash on Delivery
6818,392,19,2023-08-16 02:55:06,Delivered,580.0,0.0,0.0,29.0,580.0,Cash on Delivery
6819,142,85,2024-11-19 12:43:13,Pending,900.0,0.0,0.0,45.0,900.0,UPI
6820,1527,15,2024-10-11 13:47:37,Pending,750.0,0.0,75.0,33.75,675.0,UPI
6821,780,37,2023-07-18 19:08:17,Delivered,120.0,25,0.0,7.25,145.0,Card
6822,1770,142,2023-04-10 09:53:24,Delivered,600.0,0.0,100,25.0,500.0,Card
6823,1548,67,2023-02-19 12:32:18,Delivered,1040.0,0.0,100,47.0,940.0,Wallet
6824,16,70,2023-01-29 08:10:15,Cancelled,120.0,30,12.0,6.9,138.0,Wallet
6825,1481,66,2023-03-05 13:01:50,Delivered,190.0,35,0.0,11.25,225.0,Wallet
6826,305,39,2024-07-25 14:04:09,Refunded,60.0,40,6.0,4.7,94.0,Card
6827,363,14,2023-09-11 06:35:48,Delivered,180.0,40,36.0,9.2,184.0,Cash on Delivery
6828,103,68,2024-03-02 17:48:32,Pending,630.0,0.0,0.0,31.5,630.0,Cash on Delivery
6829,1822,64,2023-02-23 16:26:01,Delivered,910.0,0.0,0.0,45.5,910.0,Card
6830,4,25,2024-12-01 19:33:37,Cancelled,510.0,0.0,100,20.5,410.0,Net Banking
6831,1321,130,2024-02-11 13:40:39,Refunded,2340.0,0.0,0.0,117.0,2340.0,Cash on Delivery
6832,888,111,2023-04-30 13:56:09,Refunded,510.0,0.0,51.0,22.95,459.0,Cash on Delivery
6833,1410,51,2023-10-19 13:15:00,Cancelled,1740.0,0.0,0.0,87.0,1740.0,UPI
6834,132,43,2023-01-23 13:16:54,Pending,530.0,0.0,53.0,23.85,477.0,UPI
6835,1769,66,2024-09-26 11:54:40,Cancelled,1950.0,0.0,0.0,97.5,1950.0,Wallet
6836,1550,57,2023-01-28 04:26:12,Refunded,690.0,0.0,0.0,34.5,690.0,UPI
6837,1188,16,2023-10-17 11:13:34,Delivered,1500.0,0.0,0.0,75.0,1500.0,UPI
6838,980,86,2024-06-01 18:42:44,Pending,280.0,30,0.0,15.5,310.0,Cash on Delivery
6839,837,135,2023-10-11 18:42:43,Delivered,220.0,40,0.0,13.0,260.0,Wallet
6840,1456,141,2023-10-22 07:07:37,Refunded,960.0,0.0,0.0,48.0,960.0,Card
6841,1160,81,2024-11-10 12:45:24,Delivered,270.0,25,27.0,13.4,268.0,Wallet
6842,757,38,2023-02-08 10:40:52,Cancelled,90.0,25,0.0,5.75,115.0,UPI
6843,993,12,2023-05-22 12:20:06,Pending,510.0,0.0,76.5,21.68,433.5,UPI
6844,1512,55,2024-09-11 10:28:02,Delivered,510.0,0.0,0.0,25.5,510.0,UPI
6845,830,135,2023-12-08 17:06:49,Cancelled,660.0,0.0,0.0,33.0,660.0,UPI
6846,606,51,2024-12-16 21:37:50,Delivered,990.0,0.0,0.0,49.5,990.0,UPI
6847,534,68,2024-10-08 20:43:56,Pending,420.0,25,0.0,22.25,445.0,Cash on Delivery
6848,106,121,2023-07-11 10:37:59,Refunded,280.0,35,0.0,15.75,315.0,Wallet
6849,1404,133,2023-06-13 19:53:47,Delivered,440.0,15,0.0,22.75,455.0,UPI
6850,897,91,2024-03-27 22:30:53,Pending,620.0,0.0,0.0,31.0,620.0,Cash on Delivery
6851,1387,141,2023-11-10 20:35:06,Delivered,1400.0,0.0,0.0,70.0,1400.0,UPI
6852,1444,88,2024-06-11 09:27:58,Cancelled,1120.0,0.0,100,51.0,1020.0,Card
6853,702,15,2024-06-30 19:53:30,Delivered,210.0,35,0.0,12.25,245.0,UPI
6854,565,60,2024-05-01 11:13:53,Cancelled,880.0,0.0,100,39.0,780.0,UPI
6855,1074,77,2023-04-13 20:26:17,Delivered,270.0,30,54.0,12.3,246.0,Card
6856,1959,12,2023-12-28 09:26:07,Delivered,580.0,0.0,0.0,29.0,580.0,Cash on Delivery
6857,757,79,2023-09-05 17:46:46,Delivered,250.0,35,0.0,14.25,285.0,Net Banking
6858,622,55,2023-03-03 11:12:16,Pending,1540.0,0.0,0.0,77.0,1540.0,UPI
6859,331,126,2023-04-22 20:22:08,Delivered,1090.0,0.0,0.0,54.5,1090.0,Net Banking
6860,1500,131,2023-07-24 21:45:06,Delivered,160.0,40,40.0,8.0,160.0,UPI
6861,904,64,2024-07-11 10:34:34,Delivered,1390.0,0.0,0.0,69.5,1390.0,UPI
6862,748,113,2023-09-27 03:10:32,Delivered,760.0,0.0,76.0,34.2,684.0,Card
6863,1851,45,2024-06-29 21:38:11,Pending,120.0,35,0.0,7.75,155.0,Card
6864,1720,27,2023-05-26 07:11:38,Refunded,660.0,0.0,0.0,33.0,660.0,Card
6865,816,141,2024-07-15 18:38:32,Delivered,1300.0,0.0,100,60.0,1200.0,UPI
6866,1577,25,2024-04-28 10:20:05,Delivered,510.0,0.0,51.0,22.95,459.0,UPI
6867,324,66,2024-03-28 21:19:36,Delivered,650.0,0.0,0.0,32.5,650.0,Cash on Delivery
6868,1691,20,2023-09-14 16:47:09,Delivered,2300.0,0.0,0.0,115.0,2300.0,Card
6869,340,125,2024-09-20 21:28:28,Delivered,780.0,0.0,100,34.0,680.0,UPI
6870,1904,131,2024-07-12 12:53:56,Delivered,150.0,35,0.0,9.25,185.0,UPI
6871,62,27,2023-10-26 18:15:01,Delivered,980.0,0.0,0.0,49.0,980.0,Card
6872,974,16,2024-02-16 23:09:06,Delivered,220.0,30,33.0,10.85,217.0,Wallet
6873,612,61,2024-09-20 18:38:29,Delivered,240.0,35,36.0,11.95,239.0,Card
6874,1784,56,2024-06-09 08:42:08,Cancelled,1150.0,0.0,0.0,57.5,1150.0,Wallet
6875,82,6,2024-07-23 23:53:03,Delivered,500.0,0.0,0.0,25.0,500.0,UPI
6876,1965,90,2023-03-11 07:52:07,Delivered,690.0,0.0,0.0,34.5,690.0,Cash on Delivery
6877,1245,45,2024-10-11 18:03:31,Delivered,70.0,25,10.5,4.23,84.5,UPI
6878,1569,1,2024-10-20 10:21:07,Pending,830.0,0.0,0.0,41.5,830.0,Card
6879,146,16,2023-08-31 15:02:28,Delivered,1560.0,0.0,100,73.0,1460.0,UPI
6880,1859,80,2024-03-29 19:52:03,Delivered,310.0,20,0.0,16.5,330.0,Cash on Delivery
6881,1344,72,2023-05-18 13:50:24,Delivered,570.0,0.0,0.0,28.5,570.0,Card
6882,1524,91,2023-06-30 12:26:33,Refunded,1540.0,0.0,0.0,77.0,1540.0,Card
6883,1577,137,2024-11-12 20:22:20,Delivered,680.0,0.0,68.0,30.6,612.0,Wallet
6884,1381,132,2024-04-21 19:03:06,Delivered,660.0,0.0,99.0,28.05,561.0,UPI
6885,1900,96,2024-11-24 16:39:21,Delivered,610.0,0.0,0.0,30.5,610.0,UPI
6886,190,17,2023-05-24 17:31:30,Pending,1300.0,0.0,100,60.0,1200.0,Card
6887,778,121,2024-08-07 15:35:03,Delivered,140.0,40,14.0,8.3,166.0,Cash on Delivery
6888,209,56,2024-03-30 17:29:00,Refunded,1260.0,0.0,100,58.0,1160.0,Card
6889,343,8,2024-12-28 19:54:33,Delivered,680.0,0.0,0.0,34.0,680.0,UPI
6890,308,121,2023-05-02 13:44:53,Delivered,360.0,20,90.0,14.5,290.0,UPI
6891,1079,79,2024-02-23 21:27:58,Delivered,530.0,0.0,0.0,26.5,530.0,Cash on Delivery
6892,989,38,2023-09-21 19:36:29,Delivered,1200.0,0.0,100,55.0,1100.0,UPI
6893,1035,79,2024-01-24 13:34:53,Delivered,690.0,0.0,0.0,34.5,690.0,UPI
6894,788,86,2024-07-27 19:06:24,Delivered,900.0,0.0,0.0,45.0,900.0,UPI
6895,234,24,2023-08-12 18:21:41,Pending,310.0,15,0.0,16.25,325.0,UPI
6896,1945,129,2023-03-13 20:00:40,Delivered,980.0,0.0,0.0,49.0,980.0,Cash on Delivery
6897,830,38,2024-04-13 11:00:49,Pending,1860.0,0.0,0.0,93.0,1860.0,Cash on Delivery
6898,510,113,2024-05-25 15:45:47,Cancelled,1310.0,0.0,0.0,65.5,1310.0,UPI
6899,1848,96,2024-09-11 20:43:26,Delivered,820.0,0.0,0.0,41.0,820.0,Cash on Delivery
6900,1291,62,2023-05-30 11:42:03,Cancelled,900.0,0.0,0.0,45.0,900.0,UPI
6901,1559,13,2024-12-15 03:38:54,Pending,1350.0,0.0,0.0,67.5,1350.0,Card
6902,910,17,2024-10-05 14:29:01,Delivered,280.0,30,0.0,15.5,310.0,UPI
6903,642,124,2023-07-03 12:01:08,Pending,940.0,0.0,0.0,47.0,940.0,Cash on Delivery
6904,458,45,2024-04-05 21:12:16,Delivered,140.0,30,0.0,8.5,170.0,UPI
6905,1677,109,2024-06-02 19:33:25,Delivered,800.0,0.0,0.0,40.0,800.0,UPI
6906,1767,130,2024-03-05 16:45:06,Delivered,1440.0,0.0,100,67.0,1340.0,UPI
6907,753,126,2024-02-24 14:51:35,Cancelled,480.0,25,0.0,25.25,505.0,Card
6908,352,19,2024-04-27 18:38:29,Delivered,770.0,0.0,100,33.5,670.0,Card
6909,1397,42,2024-11-10 21:15:44,Cancelled,560.0,0.0,0.0,28.0,560.0,UPI
6910,495,33,2023-06-25 15:35:32,Delivered,1080.0,0.0,0.0,54.0,1080.0,Wallet
6911,1116,90,2024-10-16 17:35:11,Delivered,780.0,0.0,0.0,39.0,780.0,UPI
6912,473,29,2024-03-08 21:04:41,Delivered,1060.0,0.0,0.0,53.0,1060.0,UPI
6913,734,75,2024-10-29 18:19:08,Refunded,360.0,25,0.0,19.25,385.0,Card
6914,689,91,2024-06-23 20:12:32,Delivered,520.0,0.0,100,21.0,420.0,Wallet
6915,1848,115,2023-07-20 12:32:47,Delivered,270.0,35,0.0,15.25,305.0,UPI
6916,1589,148,2023-09-22 13:32:24,Delivered,890.0,0.0,0.0,44.5,890.0,UPI
6917,719,43,2023-12-13 09:09:38,Delivered,1120.0,0.0,100,51.0,1020.0,UPI
6918,1259,48,2023-07-25 18:34:18,Cancelled,250.0,25,62.5,10.62,212.5,UPI
6919,1462,39,2024-12-16 16:26:33,Delivered,100.0,25,10.0,5.75,115.0,UPI
6920,1626,45,2023-07-21 18:01:38,Delivered,360.0,20,36.0,17.2,344.0,UPI
6921,79,101,2024-07-30 15:26:46,Refunded,430.0,20,100,17.5,350.0,UPI
6922,1105,76,2024-11-11 19:38:39,Delivered,550.0,0.0,100,22.5,450.0,Card
6923,958,56,2023-05-23 18:06:14,Delivered,1290.0,0.0,0.0,64.5,1290.0,Card
6924,1439,127,2024-05-27 11:56:05,Delivered,210.0,40,21.0,11.45,229.0,Card
6925,1774,95,2023-07-22 19:05:11,Delivered,400.0,20,0.0,21.0,420.0,Wallet
6926,1097,114,2024-10-09 21:08:02,Delivered,1530.0,0.0,100,71.5,1430.0,UPI
6927,1024,8,2024-02-26 14:51:48,Delivered,260.0,35,65.0,11.5,230.0,Wallet
6928,1876,38,2023-11-17 19:21:14,Refunded,2190.0,0.0,0.0,109.5,2190.0,Net Banking
6929,797,63,2024-01-07 11:34:24,Refunded,1480.0,0.0,0.0,74.0,1480.0,UPI
6930,1175,121,2024-05-08 19:28:30,Delivered,40.0,35,0.0,3.75,75.0,UPI
6931,1726,110,2023-09-07 16:09:01,Delivered,610.0,0.0,91.5,25.93,518.5,UPI
6932,1024,90,2023-12-01 13:44:45,Cancelled,840.0,0.0,0.0,42.0,840.0,Cash on Delivery
6933,912,113,2024-05-01 18:44:19,Delivered,1100.0,0.0,100,50.0,1000.0,Net Banking
6934,687,69,2023-03-02 06:43:48,Delivered,140.0,30,35.0,6.75,135.0,UPI
6935,1735,127,2023-06-01 12:45:37,Refunded,930.0,0.0,100,41.5,830.0,UPI
6936,1309,51,2023-06-16 12:53:02,Delivered,730.0,0.0,100,31.5,630.0,Wallet
6937,1852,1,2024-10-03 19:44:10,Delivered,1640.0,0.0,100,77.0,1540.0,UPI
6938,320,72,2023-10-16 21:50:09,Delivered,1080.0,0.0,100,49.0,980.0,Wallet
6939,1267,141,2024-03-30 14:31:02,Delivered,1380.0,0.0,100,64.0,1280.0,Card
6940,343,31,2024-04-14 13:27:45,Delivered,400.0,25,80.0,17.25,345.0,UPI
6941,306,104,2023-12-09 12:47:12,Delivered,640.0,0.0,100,27.0,540.0,Card
6942,209,8,2024-09-26 12:44:09,Cancelled,820.0,0.0,0.0,41.0,820.0,Net Banking
6943,793,129,2023-08-26 20:01:00,Pending,660.0,0.0,100,28.0,560.0,Cash on Delivery
6944,208,137,2023-06-09 21:52:10,Cancelled,1110.0,0.0,0.0,55.5,1110.0,Cash on Delivery
6945,505,88,2023-11-14 19:56:43,Delivered,460.0,15,0.0,23.75,475.0,UPI
6946,14,148,2024-12-05 20:05:16,Delivered,150.0,30,0.0,9.0,180.0,UPI
6947,1990,148,2024-05-27 19:10:52,Delivered,270.0,30,0.0,15.0,300.0,Card
6948,1246,67,2024-06-30 18:29:57,Delivered,810.0,0.0,0.0,40.5,810.0,Wallet
6949,1908,98,2023-06-09 21:30:42,Delivered,170.0,35,17.0,9.4,188.0,Cash on Delivery
6950,1457,5,2024-07-01 18:50:00,Cancelled,530.0,0.0,0.0,26.5,530.0,Card
6951,143,115,2024-06-22 13:17:28,Delivered,200.0,40,0.0,12.0,240.0,UPI
6952,1431,115,2023-08-05 22:56:24,Delivered,340.0,15,0.0,17.75,355.0,Wallet
6953,332,34,2023-07-01 16:02:00,Cancelled,1970.0,0.0,0.0,98.5,1970.0,Net Banking
6954,1867,127,2024-12-13 12:09:24,Cancelled,80.0,40,0.0,6.0,120.0,Card
6955,1139,112,2024-05-05 18:30:37,Delivered,810.0,0.0,0.0,40.5,810.0,UPI
6956,1788,24,2023-09-06 22:30:48,Cancelled,1620.0,0.0,0.0,81.0,1620.0,Cash on Delivery
6957,1493,109,2024-07-01 20:02:46,Delivered,1100.0,0.0,0.0,55.0,1100.0,Wallet
6958,327,144,2024-01-12 20:54:17,Delivered,260.0,35,0.0,14.75,295.0,Cash on Delivery
6959,1274,58,2024-08-25 11:17:02,Refunded,720.0,0.0,0.0,36.0,720.0,UPI
6960,1743,21,2023-10-26 19:20:07,Cancelled,930.0,0.0,0.0,46.5,930.0,UPI
6961,1514,5,2024-09-09 16:46:23,Delivered,430.0,15,64.5,19.03,380.5,Card
6962,1140,62,2024-12-07 19:20:46,Delivered,900.0,0.0,0.0,45.0,900.0,Cash on Delivery
6963,74,61,2024-10-30 05:40:56,Delivered,60.0,40,6.0,4.7,94.0,UPI
6964,1049,67,2024-02-09 13:15:47,Delivered,620.0,0.0,0.0,31.0,620.0,UPI
6965,1181,34,2023-10-17 14:11:30,Delivered,720.0,0.0,0.0,36.0,720.0,Card
6966,1343,68,2023-09-15 20:24:43,Delivered,420.0,25,100,17.25,345.0,Wallet
6967,1620,45,2024-12-13 19:47:35,Refunded,40.0,35,10.0,3.25,65.0,UPI
6968,864,92,2024-03-19 14:17:18,Cancelled,40.0,35,0.0,3.75,75.0,UPI
6969,1722,99,2023-07-14 20:59:12,Refunded,2120.0,0.0,0.0,106.0,2120.0,Wallet
6970,1156,91,2023-09-08 12:13:58,Delivered,800.0,0.0,100,35.0,700.0,Wallet
6971,1747,77,2023-12-20 17:20:57,Cancelled,180.0,30,0.0,10.5,210.0,UPI
6972,1135,125,2024-02-21 08:46:22,Delivered,1350.0,0.0,0.0,67.5,1350.0,UPI
6973,422,72,2023-12-26 12:38:57,Delivered,1450.0,0.0,100,67.5,1350.0,UPI
6974,320,115,2024-09-02 19:34:19,Delivered,670.0,0.0,0.0,33.5,670.0,Wallet
6975,917,115,2023-07-13 22:53:38,Delivered,860.0,0.0,86.0,38.7,774.0,Card
6976,77,80,2024-12-14 14:34:44,Pending,190.0,35,0.0,11.25,225.0,UPI
6977,1887,46,2023-07-05 13:52:46,Delivered,1080.0,0.0,0.0,54.0,1080.0,Card
6978,1926,142,2023-09-20 18:15:07,Delivered,300.0,25,0.0,16.25,325.0,UPI
6979,972,37,2023-03-03 21:51:14,Delivered,200.0,40,0.0,12.0,240.0,Wallet
6980,33,19,2024-11-09 19:48:20,Delivered,380.0,25,0.0,20.25,405.0,UPI
6981,1819,69,2023-12-22 22:47:52,Delivered,660.0,0.0,99.0,28.05,561.0,UPI
6982,1345,128,2024-10-18 21:47:16,Delivered,1180.0,0.0,0.0,59.0,1180.0,UPI
6983,334,39,2024-01-07 18:29:12,Refunded,1030.0,0.0,0.0,51.5,1030.0,Card
6984,291,25,2024-05-07 21:11:23,Delivered,1770.0,0.0,100,83.5,1670.0,UPI
6985,426,73,2024-01-07 06:01:57,Delivered,440.0,20,44.0,20.8,416.0,Wallet
6986,175,6,2024-11-03 21:45:23,Delivered,130.0,30,0.0,8.0,160.0,UPI
6987,900,57,2023-06-20 13:52:32,Cancelled,110.0,35,0.0,7.25,145.0,Card
6988,393,132,2023-11-13 21:44:12,Delivered,420.0,20,42.0,19.9,398.0,UPI
6989,1113,11,2023-02-25 22:38:59,Delivered,190.0,40,0.0,11.5,230.0,UPI
6990,560,105,2024-04-24 09:16:42,Cancelled,270.0,35,0.0,15.25,305.0,UPI
6991,289,127,2023-10-05 21:26:57,Delivered,620.0,0.0,100,26.0,520.0,UPI
6992,1435,37,2024-10-19 11:03:40,Delivered,200.0,40,0.0,12.0,240.0,UPI
6993,1965,52,2024-12-04 13:23:21,Delivered,420.0,25,84.0,18.05,361.0,UPI
6994,1803,92,2023-03-01 19:10:58,Delivered,260.0,30,0.0,14.5,290.0,Card
6995,1120,35,2023-03-20 16:43:26,Pending,470.0,25,70.5,21.23,424.5,UPI
6996,1698,127,2024-08-12 21:46:16,Delivered,390.0,25,0.0,20.75,415.0,Card
6997,361,137,2023-11-09 11:16:45,Delivered,2440.0,0.0,100,117.0,2340.0,UPI
6998,1311,11,2023-09-25 20:38:46,Delivered,370.0,25,0.0,19.75,395.0,UPI
6999,834,97,2024-10-24 11:52:56,Refunded,310.0,15,0.0,16.25,325.0,Card
7000,24,69,2024-02-03 21:19:57,Delivered,2120.0,0.0,0.0,106.0,2120.0,UPI
7001,1234,68,2024-06-16 10:20:53,Delivered,540.0,0.0,0.0,27.0,540.0,Wallet
7002,433,120,2024-05-01 20:51:34,Cancelled,840.0,0.0,84.0,37.8,756.0,Card
7003,880,132,2024-07-30 23:54:58,Pending,550.0,0.0,82.5,23.38,467.5,UPI
7004,1222,132,2024-07-31 14:13:23,Delivered,530.0,0.0,0.0,26.5,530.0,Wallet
7005,794,105,2024-02-17 19:51:53,Pending,1190.0,0.0,0.0,59.5,1190.0,Card
7006,1613,38,2023-03-03 20:25:21,Cancelled,90.0,25,0.0,5.75,115.0,Card
7007,133,148,2023-04-17 18:52:41,Delivered,1020.0,0.0,100,46.0,920.0,Net Banking
7008,1380,16,2024-02-13 12:29:54,Pending,2050.0,0.0,0.0,102.5,2050.0,UPI
7009,612,90,2024-08-24 19:48:19,Delivered,720.0,0.0,0.0,36.0,720.0,UPI
7010,1308,79,2023-08-24 17:14:18,Delivered,1110.0,0.0,0.0,55.5,1110.0,Cash on Delivery
7011,1606,143,2023-07-24 11:35:52,Pending,1050.0,0.0,100,47.5,950.0,UPI
7012,1770,76,2024-11-20 11:16:11,Cancelled,180.0,30,0.0,10.5,210.0,Wallet
7013,1876,75,2023-12-22 13:16:37,Delivered,960.0,0.0,100,43.0,860.0,UPI
7014,127,93,2023-04-25 11:57:29,Delivered,860.0,0.0,0.0,43.0,860.0,Card
7015,153,19,2023-02-12 20:07:47,Delivered,1980.0,0.0,0.0,99.0,1980.0,Card
7016,19,95,2024-10-12 22:59:49,Cancelled,560.0,0.0,0.0,28.0,560.0,UPI
7017,225,78,2024-06-25 12:10:37,Pending,180.0,35,0.0,10.75,215.0,UPI
7018,1170,13,2023-11-21 20:08:19,Delivered,480.0,25,0.0,25.25,505.0,Net Banking
7019,680,100,2023-10-09 16:52:14,Pending,1400.0,0.0,0.0,70.0,1400.0,UPI
7020,1842,17,2023-12-28 10:33:11,Delivered,1510.0,0.0,0.0,75.5,1510.0,UPI
7021,1164,109,2024-08-13 13:56:19,Delivered,80.0,35,12.0,5.15,103.0,UPI
7022,1561,57,2024-05-22 21:35:37,Pending,650.0,0.0,100,27.5,550.0,UPI
7023,700,45,2023-05-16 17:47:38,Delivered,680.0,0.0,100,29.0,580.0,Wallet
7024,829,40,2024-06-21 18:03:12,Delivered,170.0,35,34.0,8.55,171.0,Cash on Delivery
7025,513,52,2023-12-04 11:00:42,Delivered,490.0,25,100,20.75,415.0,Net Banking
7026,1091,32,2024-02-14 14:24:01,Delivered,1470.0,0.0,0.0,73.5,1470.0,UPI
7027,1322,112,2023-04-02 18:52:41,Cancelled,930.0,0.0,0.0,46.5,930.0,Card
7028,881,18,2024-01-29 19:36:45,Refunded,1520.0,0.0,0.0,76.0,1520.0,Card
7029,411,19,2024-08-20 10:39:30,Cancelled,700.0,0.0,0.0,35.0,700.0,UPI
7030,24,68,2024-10-27 08:49:52,Delivered,100.0,40,0.0,7.0,140.0,Wallet
7031,1768,24,2023-07-11 19:27:38,Delivered,3670.0,0.0,0.0,183.5,3670.0,Wallet
7032,1823,100,2023-07-09 12:50:42,Delivered,1500.0,0.0,100,70.0,1400.0,Cash on Delivery
7033,1813,76,2023-07-29 08:42:57,Cancelled,40.0,40,10.0,3.5,70.0,Cash on Delivery
7034,1399,120,2024-12-21 17:07:21,Refunded,1220.0,0.0,0.0,61.0,1220.0,UPI
7035,461,15,2024-07-25 12:12:18,Delivered,750.0,0.0,0.0,37.5,750.0,Wallet
7036,1801,94,2024-09-03 12:17:47,Refunded,940.0,0.0,100,42.0,840.0,Wallet
7037,657,34,2024-01-22 19:08:58,Cancelled,560.0,0.0,0.0,28.0,560.0,Wallet
7038,1992,48,2023-06-26 22:26:50,Delivered,1060.0,0.0,0.0,53.0,1060.0,Wallet
7039,240,148,2024-02-19 00:44:00,Delivered,300.0,20,45.0,13.75,275.0,UPI
7040,36,134,2024-08-17 21:36:47,Refunded,500.0,0.0,50.0,22.5,450.0,UPI
7041,433,77,2024-01-12 09:19:08,Delivered,1350.0,0.0,100,62.5,1250.0,Wallet
7042,1624,138,2024-04-16 21:50:30,Delivered,620.0,0.0,0.0,31.0,620.0,UPI
7043,1220,32,2023-08-17 16:07:16,Delivered,990.0,0.0,0.0,49.5,990.0,UPI
7044,1735,146,2024-08-10 17:28:13,Pending,1230.0,0.0,0.0,61.5,1230.0,Net Banking
7045,552,77,2023-06-25 09:14:26,Cancelled,200.0,35,30.0,10.25,205.0,Cash on Delivery
7046,1697,115,2023-03-16 16:21:51,Pending,110.0,40,0.0,7.5,150.0,Cash on Delivery
7047,1902,1,2023-09-23 14:30:51,Delivered,390.0,15,0.0,20.25,405.0,Card
7048,164,97,2023-09-18 09:42:51,Delivered,200.0,25,30.0,9.75,195.0,Cash on Delivery
7049,1257,79,2024-05-20 21:48:46,Delivered,2250.0,0.0,0.0,112.5,2250.0,UPI
7050,470,117,2023-02-06 11:57:55,Pending,1600.0,0.0,0.0,80.0,1600.0,Wallet
7051,1032,52,2023-09-24 13:38:30,Cancelled,1550.0,0.0,0.0,77.5,1550.0,Wallet
7052,1789,112,2024-11-25 06:55:36,Delivered,630.0,0.0,100,26.5,530.0,Cash on Delivery
7053,428,38,2024-12-09 20:36:47,Delivered,360.0,20,0.0,19.0,380.0,Wallet
7054,1586,54,2023-06-05 16:03:03,Cancelled,1500.0,0.0,0.0,75.0,1500.0,UPI
7055,1366,143,2024-11-09 12:28:34,Delivered,1580.0,0.0,0.0,79.0,1580.0,Cash on Delivery
7056,1692,52,2023-10-17 09:26:24,Delivered,230.0,40,0.0,13.5,270.0,UPI
7057,1076,142,2024-12-22 23:03:45,Refunded,300.0,20,0.0,16.0,320.0,UPI
7058,162,119,2023-03-07 07:04:54,Delivered,2490.0,0.0,0.0,124.5,2490.0,UPI
7059,395,95,2024-03-18 22:03:07,Pending,1440.0,0.0,100,67.0,1340.0,UPI
7060,1599,132,2023-06-10 18:43:06,Delivered,1920.0,0.0,0.0,96.0,1920.0,UPI
7061,1872,101,2024-01-09 09:35:40,Cancelled,210.0,25,31.5,10.18,203.5,UPI
7062,1878,60,2024-06-09 13:09:02,Delivered,1150.0,0.0,0.0,57.5,1150.0,UPI
7063,1075,97,2023-06-10 22:24:19,Refunded,1060.0,0.0,100,48.0,960.0,Cash on Delivery
7064,530,127,2024-12-15 18:07:12,Delivered,310.0,20,0.0,16.5,330.0,Wallet
7065,990,27,2024-09-06 17:41:21,Cancelled,1220.0,0.0,0.0,61.0,1220.0,Wallet
7066,1004,109,2023-09-10 10:09:21,Delivered,280.0,25,28.0,13.85,277.0,UPI
7067,1008,112,2024-04-01 22:34:05,Cancelled,800.0,0.0,0.0,40.0,800.0,UPI
7068,1179,43,2024-07-21 10:43:57,Cancelled,390.0,25,97.5,15.88,317.5,UPI
7069,1019,27,2024-09-18 20:21:19,Delivered,660.0,0.0,0.0,33.0,660.0,UPI
7070,1436,133,2024-08-14 19:18:52,Delivered,380.0,20,0.0,20.0,400.0,UPI
7071,204,51,2024-03-14 06:27:31,Cancelled,1270.0,0.0,100,58.5,1170.0,UPI
7072,1677,42,2024-08-29 10:27:49,Refunded,950.0,0.0,0.0,47.5,950.0,Card
7073,1441,42,2023-07-15 10:20:36,Delivered,1180.0,0.0,0.0,59.0,1180.0,Card
7074,1828,64,2024-03-23 17:07:30,Delivered,1760.0,0.0,0.0,88.0,1760.0,Wallet
7075,557,120,2024-11-07 12:40:59,Delivered,1000.0,0.0,0.0,50.0,1000.0,UPI
7076,669,33,2024-11-09 09:36:53,Cancelled,140.0,35,0.0,8.75,175.0,UPI
7077,1804,73,2024-04-20 20:20:44,Delivered,1040.0,0.0,0.0,52.0,1040.0,UPI
7078,218,56,2023-04-20 19:54:17,Delivered,720.0,0.0,100,31.0,620.0,UPI
7079,1040,45,2024-02-11 14:13:09,Delivered,130.0,40,19.5,7.53,150.5,Wallet
7080,1456,117,2023-12-06 17:55:11,Delivered,1620.0,0.0,0.0,81.0,1620.0,UPI
7081,1765,127,2024-09-22 14:36:20,Delivered,440.0,20,0.0,23.0,460.0,UPI
7082,1054,15,2024-01-07 16:50:34,Delivered,50.0,35,0.0,4.25,85.0,Wallet
7083,1324,78,2024-04-25 12:24:29,Pending,140.0,40,0.0,9.0,180.0,Wallet
7084,107,34,2023-11-21 12:30:49,Pending,1000.0,0.0,0.0,50.0,1000.0,Card
7085,204,24,2024-10-26 21:22:53,Delivered,950.0,0.0,100,42.5,850.0,UPI
7086,896,14,2023-03-07 21:33:34,Delivered,60.0,40,0.0,5.0,100.0,Wallet
7087,1620,146,2024-04-28 15:36:16,Delivered,50.0,35,10.0,3.75,75.0,Cash on Delivery
7088,1326,98,2024-02-25 10:04:25,Cancelled,1300.0,0.0,0.0,65.0,1300.0,Wallet
7089,1606,132,2023-03-25 19:36:28,Delivered,1330.0,0.0,100,61.5,1230.0,UPI
7090,1668,103,2024-11-04 14:25:21,Cancelled,680.0,0.0,100,29.0,580.0,UPI
7091,704,100,2024-01-27 12:04:55,Refunded,420.0,25,0.0,22.25,445.0,Card
7092,1636,50,2023-12-09 11:34:00,Delivered,890.0,0.0,0.0,44.5,890.0,Cash on Delivery
7093,1264,63,2024-01-05 19:20:31,Delivered,560.0,0.0,100,23.0,460.0,UPI
7094,895,63,2024-02-01 13:05:12,Delivered,190.0,40,0.0,11.5,230.0,UPI
7095,534,13,2024-08-20 19:46:01,Pending,550.0,0.0,0.0,27.5,550.0,Card
7096,1618,13,2023-07-17 18:37:41,Delivered,210.0,25,0.0,11.75,235.0,Wallet
7097,1267,31,2024-02-21 16:29:54,Delivered,1020.0,0.0,0.0,51.0,1020.0,UPI
7098,759,50,2024-10-26 20:44:30,Delivered,1230.0,0.0,0.0,61.5,1230.0,UPI
7099,67,138,2023-10-18 12:03:48,Delivered,800.0,0.0,0.0,40.0,800.0,UPI
7100,112,39,2024-04-18 04:52:18,Delivered,850.0,0.0,100,37.5,750.0,UPI
7101,1593,51,2023-07-16 16:26:33,Delivered,1540.0,0.0,100,72.0,1440.0,UPI
7102,795,19,2024-07-19 22:03:02,Delivered,300.0,15,0.0,15.75,315.0,Card
7103,1310,97,2023-10-14 20:45:03,Refunded,280.0,25,0.0,15.25,305.0,Card
7104,1828,52,2024-07-30 07:47:27,Delivered,3790.0,0.0,0.0,189.5,3790.0,Card
7105,21,12,2023-09-27 20:02:48,Delivered,700.0,0.0,0.0,35.0,700.0,Cash on Delivery
7106,1356,67,2024-05-30 11:41:38,Cancelled,1420.0,0.0,100,66.0,1320.0,Card
7107,1653,108,2024-11-07 21:41:28,Delivered,1050.0,0.0,0.0,52.5,1050.0,Wallet
7108,390,98,2023-12-13 09:09:21,Refunded,170.0,35,0.0,10.25,205.0,Card
7109,894,46,2024-02-22 09:56:34,Delivered,690.0,0.0,0.0,34.5,690.0,UPI
7110,407,103,2023-09-22 22:24:18,Delivered,990.0,0.0,0.0,49.5,990.0,UPI
7111,1659,130,2023-09-02 13:49:09,Cancelled,300.0,25,0.0,16.25,325.0,Cash on Delivery
7112,1000,126,2023-11-19 12:20:32,Delivered,200.0,30,30.0,10.0,200.0,Card
7113,1334,73,2024-11-27 20:59:26,Cancelled,350.0,25,0.0,18.75,375.0,Cash on Delivery
7114,1208,102,2024-05-07 12:31:03,Cancelled,1220.0,0.0,100,56.0,1120.0,Cash on Delivery
7115,1153,103,2024-03-28 21:16:43,Refunded,1000.0,0.0,0.0,50.0,1000.0,UPI
7116,458,10,2023-12-25 12:07:29,Cancelled,1250.0,0.0,0.0,62.5,1250.0,Card
7117,1861,29,2024-11-19 12:30:44,Delivered,100.0,40,0.0,7.0,140.0,Card
7118,1708,16,2023-08-09 10:18:34,Refunded,1940.0,0.0,0.0,97.0,1940.0,Cash on Delivery
7119,1920,19,2023-07-16 23:26:15,Delivered,1110.0,0.0,100,50.5,1010.0,UPI
7120,910,103,2024-08-01 21:50:50,Delivered,300.0,25,30.0,14.75,295.0,UPI
7121,275,94,2024-03-16 08:52:21,Refunded,750.0,0.0,0.0,37.5,750.0,Card
7122,1,134,2024-12-30 16:10:27,Delivered,1640.0,0.0,0.0,82.0,1640.0,Wallet
7123,320,33,2023-06-04 04:29:28,Delivered,560.0,0.0,0.0,28.0,560.0,Net Banking
7124,1900,131,2023-06-23 19:11:24,Cancelled,780.0,0.0,0.0,39.0,780.0,UPI
7125,1745,91,2024-07-13 19:33:35,Cancelled,200.0,40,30.0,10.5,210.0,Cash on Delivery
7126,398,119,2024-08-12 16:28:22,Refunded,1170.0,0.0,100,53.5,1070.0,Card
7127,992,121,2023-12-13 10:39:07,Delivered,740.0,0.0,100,32.0,640.0,Cash on Delivery
7128,48,123,2023-03-19 16:03:05,Cancelled,1380.0,0.0,0.0,69.0,1380.0,Wallet
7129,1035,6,2023-12-21 21:20:05,Pending,180.0,30,0.0,10.5,210.0,Card
7130,1769,50,2024-10-28 16:57:06,Delivered,170.0,30,25.5,8.72,174.5,UPI
7131,1612,98,2024-01-10 21:41:08,Cancelled,1220.0,0.0,0.0,61.0,1220.0,Card
7132,1611,40,2023-10-06 20:00:07,Cancelled,630.0,0.0,0.0,31.5,630.0,UPI
7133,255,135,2023-07-01 14:37:40,Delivered,500.0,0.0,0.0,25.0,500.0,UPI
7134,1377,108,2024-05-14 12:35:16,Delivered,1430.0,0.0,0.0,71.5,1430.0,UPI
7135,67,37,2023-09-10 11:10:34,Delivered,150.0,40,22.5,8.38,167.5,UPI
7136,1805,122,2023-03-21 18:36:20,Delivered,1220.0,0.0,0.0,61.0,1220.0,UPI
7137,908,100,2023-05-02 07:31:47,Delivered,430.0,25,64.5,19.53,390.5,UPI
7138,396,78,2023-08-24 20:32:06,Delivered,470.0,15,100,19.25,385.0,Cash on Delivery
7139,306,127,2024-04-18 10:31:28,Cancelled,440.0,25,100,18.25,365.0,UPI
7140,1151,104,2024-11-12 21:08:25,Delivered,440.0,15,0.0,22.75,455.0,UPI
7141,572,102,2023-11-12 20:29:50,Delivered,870.0,0.0,0.0,43.5,870.0,UPI
7142,624,6,2024-11-18 20:34:03,Pending,90.0,25,13.5,5.08,101.5,Card
7143,1083,14,2024-01-11 13:12:34,Pending,220.0,30,0.0,12.5,250.0,UPI
7144,1064,91,2024-04-20 14:44:09,Cancelled,920.0,0.0,0.0,46.0,920.0,UPI
7145,1887,123,2023-08-30 20:51:21,Delivered,160.0,35,32.0,8.15,163.0,Cash on Delivery
7146,1615,144,2024-12-01 16:21:02,Delivered,960.0,0.0,0.0,48.0,960.0,Card
7147,773,32,2024-04-14 08:36:53,Delivered,260.0,25,0.0,14.25,285.0,Wallet
7148,1431,79,2024-01-21 09:21:05,Delivered,430.0,15,64.5,19.03,380.5,Wallet
7149,1966,111,2023-07-11 18:43:51,Delivered,240.0,30,36.0,11.7,234.0,Cash on Delivery
7150,1193,52,2024-08-05 13:13:19,Refunded,800.0,0.0,100,35.0,700.0,Card
7151,495,96,2024-12-16 20:02:14,Delivered,740.0,0.0,0.0,37.0,740.0,Card
7152,1969,149,2024-07-21 10:41:06,Cancelled,930.0,0.0,93.0,41.85,837.0,UPI
7153,224,12,2024-09-28 11:13:18,Cancelled,740.0,0.0,0.0,37.0,740.0,UPI
7154,360,127,2023-02-23 19:50:25,Refunded,560.0,0.0,0.0,28.0,560.0,Card
7155,1867,37,2024-10-02 12:38:26,Cancelled,540.0,0.0,0.0,27.0,540.0,Cash on Delivery
7156,1271,82,2024-08-15 21:02:32,Cancelled,530.0,0.0,0.0,26.5,530.0,Net Banking
7157,1009,125,2024-02-20 17:55:37,Delivered,540.0,0.0,100,22.0,440.0,Card
7158,143,64,2023-06-08 12:23:45,Cancelled,510.0,0.0,100,20.5,410.0,Net Banking
7159,180,64,2024-12-11 15:27:11,Delivered,1660.0,0.0,100,78.0,1560.0,UPI
7160,982,11,2023-07-16 18:05:40,Delivered,330.0,20,0.0,17.5,350.0,Cash on Delivery
7161,165,100,2024-10-28 14:50:08,Cancelled,1400.0,0.0,100,65.0,1300.0,Card
7162,1926,75,2023-09-01 18:43:51,Delivered,1020.0,0.0,100,46.0,920.0,Net Banking
7163,1864,68,2024-02-10 09:15:26,Cancelled,680.0,0.0,100,29.0,580.0,Cash on Delivery
7164,1166,133,2024-12-26 18:02:15,Cancelled,220.0,25,44.0,10.05,201.0,Cash on Delivery
7165,1020,97,2024-12-03 00:25:54,Delivered,1420.0,0.0,0.0,71.0,1420.0,UPI
7166,1063,18,2023-07-29 13:06:44,Delivered,420.0,20,100,17.0,340.0,Wallet
7167,1276,95,2024-01-01 21:20:52,Refunded,200.0,30,40.0,9.5,190.0,UPI
7168,140,110,2023-05-29 21:30:00,Delivered,1060.0,0.0,0.0,53.0,1060.0,Card
7169,1748,112,2023-06-27 21:04:50,Delivered,90.0,25,0.0,5.75,115.0,Cash on Delivery
7170,1603,81,2024-08-31 11:24:21,Delivered,340.0,20,51.0,15.45,309.0,UPI
7171,253,40,2024-11-08 15:22:56,Refunded,40.0,25,0.0,3.25,65.0,UPI
7172,346,89,2023-12-21 11:03:16,Refunded,100.0,25,0.0,6.25,125.0,UPI
7173,1847,11,2024-03-30 16:50:16,Delivered,630.0,0.0,0.0,31.5,630.0,Card
7174,881,67,2023-10-28 20:36:11,Delivered,480.0,15,0.0,24.75,495.0,UPI
7175,1668,119,2024-11-16 12:44:50,Delivered,280.0,30,0.0,15.5,310.0,UPI
7176,915,98,2024-05-06 18:50:08,Cancelled,340.0,25,0.0,18.25,365.0,Cash on Delivery
7177,1510,115,2023-11-30 12:19:55,Delivered,1580.0,0.0,0.0,79.0,1580.0,UPI
7178,1923,127,2023-09-05 16:15:03,Cancelled,480.0,20,0.0,25.0,500.0,UPI
7179,1520,130,2023-07-03 12:24:23,Cancelled,640.0,0.0,0.0,32.0,640.0,Card
7180,859,101,2023-07-05 08:27:47,Delivered,600.0,0.0,0.0,30.0,600.0,UPI
7181,1385,131,2024-10-23 16:49:11,Delivered,110.0,35,22.0,6.15,123.0,Card
7182,1282,128,2024-02-19 21:56:36,Delivered,570.0,0.0,0.0,28.5,570.0,Card
7183,958,91,2024-01-07 11:23:54,Pending,820.0,0.0,0.0,41.0,820.0,UPI
7184,1551,32,2023-12-07 18:47:53,Refunded,790.0,0.0,100,34.5,690.0,Card
7185,643,68,2023-04-27 14:13:33,Delivered,100.0,30,0.0,6.5,130.0,UPI
7186,1511,95,2024-11-14 17:16:51,Delivered,1380.0,0.0,100,64.0,1280.0,Cash on Delivery
7187,932,88,2024-10-29 02:49:12,Delivered,360.0,25,0.0,19.25,385.0,UPI
7188,460,138,2023-11-13 20:51:32,Refunded,420.0,15,0.0,21.75,435.0,UPI
7189,1834,120,2024-06-14 07:58:11,Delivered,60.0,35,0.0,4.75,95.0,Wallet
7190,172,72,2023-09-27 13:54:13,Pending,370.0,25,0.0,19.75,395.0,Card
7191,1525,117,2024-01-29 06:03:15,Refunded,890.0,0.0,100,39.5,790.0,UPI
7192,1183,45,2024-07-28 10:02:48,Delivered,190.0,25,0.0,10.75,215.0,Wallet
7193,1356,76,2024-04-05 14:27:12,Delivered,360.0,15,54.0,16.05,321.0,Net Banking
7194,237,81,2023-12-09 12:54:41,Pending,1000.0,0.0,0.0,50.0,1000.0,UPI
7195,10,21,2024-10-24 23:34:32,Delivered,1380.0,0.0,100,64.0,1280.0,UPI
7196,103,16,2024-02-19 12:51:27,Cancelled,440.0,25,66.0,19.95,399.0,UPI
7197,1634,123,2024-01-20 20:57:45,Delivered,640.0,0.0,96.0,27.2,544.0,Card
7198,1902,135,2023-06-12 22:50:58,Delivered,110.0,25,0.0,6.75,135.0,Net Banking
7199,1083,20,2024-03-25 15:28:07,Delivered,320.0,15,0.0,16.75,335.0,Card
7200,505,77,2023-02-25 15:26:37,Delivered,920.0,0.0,100,41.0,820.0,UPI
7201,292,138,2023-01-01 21:34:05,Delivered,680.0,0.0,100,29.0,580.0,UPI
7202,605,73,2024-07-26 11:13:34,Delivered,60.0,25,15.0,3.5,70.0,UPI
7203,709,84,2023-10-24 16:16:55,Delivered,550.0,0.0,0.0,27.5,550.0,Wallet
7204,1696,63,2023-11-06 18:07:29,Refunded,330.0,25,0.0,17.75,355.0,Card
7205,1268,138,2024-03-20 16:24:53,Delivered,680.0,0.0,0.0,34.0,680.0,Net Banking
7206,1998,90,2023-12-07 13:25:22,Delivered,940.0,0.0,0.0,47.0,940.0,Wallet
7207,713,78,2023-12-14 12:06:20,Delivered,570.0,0.0,57.0,25.65,513.0,Card
7208,1029,149,2024-12-04 21:57:30,Pending,100.0,40,0.0,7.0,140.0,Cash on Delivery
7209,1377,54,2023-10-01 20:33:04,Delivered,1950.0,0.0,0.0,97.5,1950.0,Cash on Delivery
7210,1641,90,2024-06-12 19:53:31,Delivered,450.0,20,45.0,21.25,425.0,Net Banking
7211,560,113,2024-02-22 12:58:11,Delivered,690.0,0.0,0.0,34.5,690.0,Net Banking
7212,1542,79,2023-11-16 18:06:23,Cancelled,230.0,40,0.0,13.5,270.0,UPI
7213,1043,146,2024-03-13 23:18:52,Pending,920.0,0.0,0.0,46.0,920.0,Card
7214,640,125,2024-06-07 12:25:10,Delivered,800.0,0.0,0.0,40.0,800.0,UPI
7215,1847,111,2024-10-24 15:26:12,Refunded,1200.0,0.0,100,55.0,1100.0,Net Banking
7216,1493,138,2023-12-24 08:59:32,Delivered,680.0,0.0,100,29.0,580.0,Wallet
7217,1791,131,2023-05-24 14:15:03,Delivered,270.0,25,40.5,12.73,254.5,Card
7218,1711,122,2023-12-03 09:14:26,Delivered,210.0,40,0.0,12.5,250.0,Net Banking
7219,1923,92,2024-10-10 11:56:49,Pending,40.0,30,0.0,3.5,70.0,Wallet
7220,1310,109,2024-11-27 18:40:44,Delivered,340.0,20,68.0,14.6,292.0,Cash on Delivery
7221,569,40,2023-10-21 02:11:47,Delivered,120.0,30,0.0,7.5,150.0,UPI
7222,612,10,2024-09-07 16:17:10,Refunded,70.0,25,0.0,4.75,95.0,Card
7223,1564,26,2024-04-18 17:51:32,Delivered,290.0,35,0.0,16.25,325.0,Cash on Delivery
7224,617,27,2024-09-26 19:06:23,Delivered,500.0,0.0,50.0,22.5,450.0,Card
7225,300,69,2024-03-20 06:10:48,Delivered,1440.0,0.0,0.0,72.0,1440.0,Card
7226,252,77,2023-08-25 09:12:05,Refunded,1270.0,0.0,0.0,63.5,1270.0,Cash on Delivery
7227,1446,85,2023-03-30 05:24:38,Delivered,500.0,0.0,0.0,25.0,500.0,Wallet
7228,1117,40,2023-02-02 21:46:20,Delivered,400.0,25,0.0,21.25,425.0,Cash on Delivery
7229,611,103,2023-06-08 21:02:00,Refunded,730.0,0.0,0.0,36.5,730.0,Card
7230,25,95,2024-06-20 21:31:00,Cancelled,170.0,25,0.0,9.75,195.0,Net Banking
7231,1519,76,2023-04-06 11:08:26,Delivered,160.0,30,0.0,9.5,190.0,UPI
7232,143,26,2024-05-03 20:44:20,Delivered,300.0,15,0.0,15.75,315.0,Wallet
7233,1864,76,2024-04-28 17:51:52,Cancelled,200.0,30,0.0,11.5,230.0,UPI
7234,266,135,2023-06-03 20:40:07,Delivered,280.0,35,0.0,15.75,315.0,Wallet
7235,652,125,2024-10-08 23:26:01,Cancelled,400.0,20,0.0,21.0,420.0,Cash on Delivery
7236,501,142,2023-07-27 18:07:15,Delivered,600.0,0.0,0.0,30.0,600.0,UPI
7237,200,37,2024-09-30 11:51:33,Delivered,260.0,35,0.0,14.75,295.0,Cash on Delivery
7238,840,24,2024-10-13 20:21:08,Cancelled,830.0,0.0,0.0,41.5,830.0,UPI
7239,165,67,2024-10-14 07:47:50,Cancelled,1440.0,0.0,0.0,72.0,1440.0,Cash on Delivery
7240,215,85,2023-02-10 21:56:42,Pending,600.0,0.0,0.0,30.0,600.0,UPI
7241,1831,10,2023-07-14 09:55:16,Delivered,140.0,40,14.0,8.3,166.0,Cash on Delivery
7242,449,40,2023-09-15 12:52:57,Cancelled,90.0,30,0.0,6.0,120.0,Card
7243,705,140,2024-04-23 20:25:14,Delivered,400.0,25,60.0,18.25,365.0,UPI
7244,370,122,2023-11-25 09:48:00,Delivered,610.0,0.0,100,25.5,510.0,UPI
7245,541,132,2023-01-07 13:41:50,Delivered,990.0,0.0,0.0,49.5,990.0,UPI
7246,111,115,2024-03-02 11:10:37,Delivered,180.0,30,0.0,10.5,210.0,Card
7247,1470,142,2024-08-24 20:33:58,Refunded,300.0,25,0.0,16.25,325.0,Cash on Delivery
7248,1091,56,2024-08-18 13:43:35,Pending,2130.0,0.0,0.0,106.5,2130.0,UPI
7249,1282,81,2024-06-14 12:37:08,Delivered,590.0,0.0,0.0,29.5,590.0,UPI
7250,1843,8,2024-10-12 17:45:57,Delivered,720.0,0.0,100,31.0,620.0,UPI
7251,623,12,2023-05-17 19:42:12,Delivered,230.0,30,0.0,13.0,260.0,UPI
7252,860,43,2024-11-22 18:38:27,Pending,70.0,35,0.0,5.25,105.0,Cash on Delivery
7253,1424,62,2024-08-14 13:44:43,Delivered,300.0,25,0.0,16.25,325.0,UPI
7254,74,51,2024-01-20 14:50:48,Delivered,1510.0,0.0,100,70.5,1410.0,Card
7255,1267,89,2024-01-27 06:38:07,Cancelled,460.0,20,0.0,24.0,480.0,UPI
7256,1659,72,2024-11-04 12:14:39,Cancelled,1080.0,0.0,100,49.0,980.0,UPI
7257,39,143,2024-10-04 18:20:35,Delivered,1140.0,0.0,0.0,57.0,1140.0,Cash on Delivery
7258,1733,78,2023-09-04 17:44:18,Delivered,670.0,0.0,0.0,33.5,670.0,UPI
7259,150,57,2023-07-16 12:35:11,Delivered,440.0,20,0.0,23.0,460.0,UPI
7260,1253,45,2024-07-24 14:45:12,Delivered,140.0,25,0.0,8.25,165.0,Card
7261,1237,100,2024-11-19 13:36:29,Delivered,2050.0,0.0,0.0,102.5,2050.0,UPI
7262,256,146,2024-04-02 15:02:44,Cancelled,130.0,35,26.0,6.95,139.0,Card
7263,578,73,2024-03-28 21:36:32,Delivered,550.0,0.0,0.0,27.5,550.0,UPI
7264,1251,136,2023-10-30 20:02:23,Delivered,1320.0,0.0,0.0,66.0,1320.0,Card
7265,1566,134,2023-08-17 19:02:23,Pending,70.0,25,17.5,3.88,77.5,Wallet
7266,1010,93,2024-07-03 20:55:34,Delivered,280.0,40,42.0,13.9,278.0,Wallet
7267,1429,8,2024-07-19 11:48:31,Cancelled,150.0,25,15.0,8.0,160.0,Wallet
7268,205,26,2024-08-10 19:00:28,Delivered,190.0,25,19.0,9.8,196.0,Net Banking
7269,150,69,2024-05-14 19:59:20,Delivered,2080.0,0.0,100,99.0,1980.0,Cash on Delivery
7270,1716,105,2024-06-22 03:09:29,Delivered,870.0,0.0,0.0,43.5,870.0,UPI
7271,610,99,2023-08-15 09:21:59,Refunded,890.0,0.0,0.0,44.5,890.0,Card
7272,714,108,2024-03-18 19:17:19,Delivered,2010.0,0.0,0.0,100.5,2010.0,Card
7273,47,149,2024-05-25 20:22:18,Refunded,510.0,0.0,0.0,25.5,510.0,Card
7274,1111,99,2023-04-25 18:19:48,Delivered,870.0,0.0,100,38.5,770.0,UPI
7275,1833,56,2024-03-06 20:16:04,Cancelled,580.0,0.0,0.0,29.0,580.0,UPI
7276,279,149,2023-09-22 22:08:02,Refunded,250.0,25,0.0,13.75,275.0,UPI
7277,1007,52,2023-03-28 20:28:01,Delivered,640.0,0.0,0.0,32.0,640.0,Card
7278,1286,24,2024-11-30 19:27:35,Delivered,210.0,25,0.0,11.75,235.0,UPI
7279,1029,45,2024-12-13 22:13:17,Delivered,600.0,0.0,0.0,30.0,600.0,UPI
7280,883,17,2023-07-08 09:07:31,Refunded,1040.0,0.0,0.0,52.0,1040.0,Card
7281,1801,16,2024-02-14 19:42:14,Cancelled,1220.0,0.0,100,56.0,1120.0,Wallet
7282,1215,136,2023-10-30 14:45:43,Cancelled,710.0,0.0,0.0,35.5,710.0,UPI
7283,114,66,2023-10-17 23:34:27,Delivered,270.0,25,0.0,14.75,295.0,UPI
7284,1796,34,2024-07-01 19:00:57,Cancelled,740.0,0.0,74.0,33.3,666.0,Card
7285,347,48,2023-10-11 09:20:09,Pending,1150.0,0.0,0.0,57.5,1150.0,UPI
7286,1131,37,2024-12-24 02:11:28,Delivered,460.0,20,92.0,19.4,388.0,Card
7287,1522,100,2023-11-15 22:21:28,Delivered,190.0,35,38.0,9.35,187.0,UPI
7288,124,43,2023-09-03 17:44:36,Delivered,60.0,35,15.0,4.0,80.0,UPI
7289,269,129,2024-12-09 15:02:42,Delivered,180.0,40,18.0,10.1,202.0,Card
7290,1009,76,2024-09-24 19:26:37,Refunded,310.0,20,62.0,13.4,268.0,Wallet
7291,360,20,2023-04-28 11:21:15,Delivered,1850.0,0.0,100,87.5,1750.0,UPI
7292,699,10,2023-11-16 23:57:17,Refunded,1280.0,0.0,0.0,64.0,1280.0,Net Banking
7293,286,24,2024-10-10 13:38:00,Cancelled,180.0,40,0.0,11.0,220.0,Cash on Delivery
7294,1271,52,2023-08-12 19:45:38,Cancelled,1700.0,0.0,0.0,85.0,1700.0,Cash on Delivery
7295,1187,85,2024-01-28 20:14:25,Delivered,100.0,25,0.0,6.25,125.0,UPI
7296,1317,108,2024-03-06 19:27:11,Refunded,470.0,25,0.0,24.75,495.0,UPI
7297,1844,8,2024-09-08 09:29:26,Delivered,250.0,40,0.0,14.5,290.0,Cash on Delivery
7298,942,19,2023-01-06 18:33:30,Delivered,1420.0,0.0,100,66.0,1320.0,Cash on Delivery
7299,305,77,2023-12-19 18:36:00,Cancelled,380.0,15,57.0,16.9,338.0,Cash on Delivery
7300,1940,122,2024-10-07 15:47:54,Delivered,330.0,25,66.0,14.45,289.0,Card
7301,929,97,2024-06-12 18:08:47,Delivered,310.0,15,46.5,13.93,278.5,Net Banking
7302,1624,104,2023-11-13 18:09:33,Cancelled,490.0,15,49.0,22.8,456.0,UPI
7303,1735,112,2024-06-17 14:49:48,Pending,1600.0,0.0,100,75.0,1500.0,Card
7304,1480,10,2024-10-17 06:27:59,Cancelled,1700.0,0.0,0.0,85.0,1700.0,Wallet
7305,835,95,2024-09-05 21:30:46,Delivered,460.0,20,0.0,24.0,480.0,Wallet
7306,679,94,2023-09-19 21:14:58,Delivered,310.0,15,31.0,14.7,294.0,Net Banking
7307,1331,91,2024-01-23 10:24:47,Refunded,400.0,25,0.0,21.25,425.0,Wallet
7308,612,149,2023-06-29 13:02:37,Delivered,100.0,35,0.0,6.75,135.0,Card
7309,1579,120,2024-09-06 08:44:39,Cancelled,2400.0,0.0,0.0,120.0,2400.0,Card
7310,886,72,2023-04-10 15:34:15,Pending,530.0,0.0,0.0,26.5,530.0,Wallet
7311,614,104,2024-12-02 12:45:22,Delivered,80.0,25,0.0,5.25,105.0,UPI
7312,1429,89,2024-04-04 20:12:36,Cancelled,1340.0,0.0,0.0,67.0,1340.0,Card
7313,1570,5,2023-08-03 22:26:01,Delivered,680.0,0.0,100,29.0,580.0,Cash on Delivery
7314,1161,79,2024-04-04 06:46:15,Delivered,1250.0,0.0,0.0,62.5,1250.0,UPI
7315,411,138,2024-04-02 15:32:50,Delivered,320.0,20,0.0,17.0,340.0,Cash on Delivery
7316,1152,122,2024-08-21 13:30:04,Delivered,540.0,0.0,0.0,27.0,540.0,Wallet
7317,730,138,2024-11-08 09:42:23,Pending,1040.0,0.0,0.0,52.0,1040.0,Card
7318,1160,128,2023-05-11 16:11:47,Refunded,1300.0,0.0,0.0,65.0,1300.0,Net Banking
7319,1634,120,2024-10-17 13:03:28,Cancelled,740.0,0.0,0.0,37.0,740.0,UPI
7320,1377,51,2024-09-25 12:39:12,Delivered,1350.0,0.0,100,62.5,1250.0,Cash on Delivery
7321,1411,89,2023-04-21 11:09:03,Refunded,820.0,0.0,100,36.0,720.0,UPI
7322,1702,29,2024-04-12 17:01:55,Pending,250.0,35,0.0,14.25,285.0,UPI
7323,1,82,2024-02-23 13:31:45,Delivered,1240.0,0.0,0.0,62.0,1240.0,UPI
7324,432,128,2023-03-30 09:43:11,Pending,470.0,20,70.5,20.98,419.5,Wallet
7325,648,62,2023-01-20 18:21:15,Delivered,600.0,0.0,90.0,25.5,510.0,UPI
7326,30,73,2024-08-08 18:23:19,Delivered,190.0,40,47.5,9.12,182.5,UPI
7327,1021,108,2023-04-04 09:11:37,Delivered,1250.0,0.0,0.0,62.5,1250.0,Cash on Delivery
7328,662,40,2023-08-07 09:30:50,Delivered,170.0,25,17.0,8.9,178.0,Card
7329,1657,136,2024-12-26 18:36:14,Pending,1140.0,0.0,0.0,57.0,1140.0,UPI
7330,401,17,2024-12-12 13:06:51,Pending,1150.0,0.0,0.0,57.5,1150.0,Wallet
7331,216,101,2024-02-06 14:27:39,Delivered,140.0,25,0.0,8.25,165.0,Card
7332,302,67,2023-10-15 14:28:28,Delivered,700.0,0.0,0.0,35.0,700.0,Cash on Delivery
7333,206,141,2024-06-11 19:58:59,Delivered,480.0,25,0.0,25.25,505.0,Cash on Delivery
7334,671,34,2024-09-14 08:08:31,Delivered,570.0,0.0,0.0,28.5,570.0,Cash on Delivery
7335,1190,98,2024-03-27 07:56:33,Cancelled,770.0,0.0,0.0,38.5,770.0,UPI
7336,416,84,2024-01-09 18:02:07,Pending,240.0,25,60.0,10.25,205.0,Wallet
7337,785,99,2024-05-02 10:31:29,Cancelled,70.0,40,10.5,4.98,99.5,UPI
7338,533,11,2024-09-27 18:52:31,Delivered,220.0,40,0.0,13.0,260.0,UPI
7339,1282,122,2024-05-18 11:33:05,Delivered,820.0,0.0,0.0,41.0,820.0,Wallet
7340,26,27,2024-05-07 14:40:10,Delivered,200.0,25,30.0,9.75,195.0,UPI
7341,1494,61,2023-01-02 18:04:22,Delivered,420.0,15,84.0,17.55,351.0,Card
7342,1166,24,2024-03-29 22:39:23,Delivered,700.0,0.0,100,30.0,600.0,Card
7343,1090,146,2023-02-15 09:20:10,Cancelled,1010.0,0.0,0.0,50.5,1010.0,Net Banking
7344,791,34,2024-01-03 07:51:30,Pending,960.0,0.0,100,43.0,860.0,Wallet
7345,1954,19,2023-03-19 19:10:46,Delivered,880.0,0.0,0.0,44.0,880.0,Net Banking
7346,747,57,2023-11-02 12:22:27,Delivered,1200.0,0.0,0.0,60.0,1200.0,UPI
7347,738,18,2023-11-07 05:46:19,Delivered,1400.0,0.0,100,65.0,1300.0,Wallet
7348,1867,16,2023-12-02 20:14:23,Delivered,500.0,0.0,0.0,25.0,500.0,Card
7349,1673,82,2024-02-06 13:32:00,Cancelled,190.0,25,0.0,10.75,215.0,Wallet
7350,122,23,2024-02-01 13:27:08,Delivered,1180.0,0.0,100,54.0,1080.0,Card
7351,1025,52,2024-11-28 17:38:28,Pending,1920.0,0.0,0.0,96.0,1920.0,Cash on Delivery
7352,1309,132,2024-09-26 11:06:24,Refunded,330.0,25,0.0,17.75,355.0,Cash on Delivery
7353,405,123,2024-10-17 22:00:10,Delivered,2000.0,0.0,100,95.0,1900.0,UPI
7354,846,45,2024-04-15 13:34:38,Delivered,210.0,25,21.0,10.7,214.0,Card
7355,1154,135,2023-06-04 23:03:06,Cancelled,1250.0,0.0,0.0,62.5,1250.0,Card
7356,1345,20,2024-08-08 14:06:26,Delivered,1980.0,0.0,0.0,99.0,1980.0,Card
7357,110,112,2023-02-06 08:13:43,Delivered,200.0,30,0.0,11.5,230.0,UPI
7358,1667,42,2024-10-21 22:10:56,Cancelled,2130.0,0.0,100,101.5,2030.0,Card
7359,1478,70,2024-07-22 13:42:56,Delivered,790.0,0.0,0.0,39.5,790.0,UPI
7360,1175,15,2024-08-26 09:54:03,Delivered,420.0,15,0.0,21.75,435.0,UPI
7361,1581,16,2023-05-08 10:32:04,Refunded,1170.0,0.0,0.0,58.5,1170.0,UPI
7362,1455,91,2023-09-10 16:08:33,Delivered,2180.0,0.0,0.0,109.0,2180.0,Card
7363,1882,123,2024-09-03 14:40:05,Delivered,840.0,0.0,0.0,42.0,840.0,UPI
7364,1055,126,2024-08-14 12:11:39,Pending,2600.0,0.0,0.0,130.0,2600.0,Cash on Delivery
7365,706,143,2023-08-25 09:41:05,Pending,1270.0,0.0,0.0,63.5,1270.0,Cash on Delivery
7366,1447,125,2023-06-10 15:16:17,Delivered,550.0,0.0,0.0,27.5,550.0,Cash on Delivery
7367,1172,110,2024-11-14 23:13:21,Pending,80.0,35,20.0,4.75,95.0,Wallet
7368,6,29,2024-04-25 06:01:10,Cancelled,620.0,0.0,0.0,31.0,620.0,UPI
7369,336,114,2024-06-16 00:05:21,Delivered,620.0,0.0,100,26.0,520.0,UPI
7370,1070,46,2024-11-06 13:12:23,Pending,450.0,25,0.0,23.75,475.0,Card
7371,987,54,2023-07-10 14:43:23,Pending,70.0,35,0.0,5.25,105.0,Card
7372,1539,125,2023-09-05 17:35:09,Delivered,1050.0,0.0,100,47.5,950.0,Card
7373,357,76,2023-12-10 00:26:05,Delivered,260.0,30,0.0,14.5,290.0,Card
7374,1718,127,2024-10-09 13:26:57,Delivered,160.0,35,40.0,7.75,155.0,Card
7375,143,42,2023-09-24 17:19:38,Delivered,990.0,0.0,0.0,49.5,990.0,UPI
7376,1482,148,2023-12-19 12:26:36,Cancelled,3080.0,0.0,100,149.0,2980.0,UPI
7377,1107,27,2024-12-20 21:51:34,Refunded,390.0,25,0.0,20.75,415.0,UPI
7378,1654,80,2024-11-16 12:45:08,Delivered,960.0,0.0,0.0,48.0,960.0,UPI
7379,202,77,2023-01-27 07:51:40,Delivered,1250.0,0.0,0.0,62.5,1250.0,Net Banking
7380,187,75,2023-11-21 23:19:42,Cancelled,460.0,15,46.0,21.45,429.0,UPI
7381,211,15,2023-08-03 19:37:22,Refunded,280.0,35,70.0,12.25,245.0,Card
7382,1602,133,2024-12-25 14:52:48,Pending,280.0,40,0.0,16.0,320.0,Wallet
7383,337,57,2024-08-27 10:38:52,Delivered,410.0,20,0.0,21.5,430.0,Cash on Delivery
7384,909,54,2024-12-16 08:31:58,Refunded,700.0,0.0,100,30.0,600.0,Wallet
7385,1083,127,2024-07-17 14:06:10,Delivered,1550.0,0.0,100,72.5,1450.0,UPI
7386,1443,82,2023-11-19 21:12:00,Pending,690.0,0.0,0.0,34.5,690.0,Card
7387,1766,101,2023-08-13 08:31:47,Delivered,580.0,0.0,0.0,29.0,580.0,Card
7388,602,45,2024-04-01 16:58:04,Cancelled,180.0,40,0.0,11.0,220.0,Card
7389,41,81,2023-11-13 14:55:20,Pending,340.0,20,0.0,18.0,360.0,UPI
7390,1184,32,2024-10-07 11:20:52,Refunded,760.0,0.0,0.0,38.0,760.0,Wallet
7391,1969,29,2023-06-16 13:27:42,Delivered,200.0,30,0.0,11.5,230.0,Wallet
7392,1971,18,2023-05-01 18:50:35,Cancelled,840.0,0.0,0.0,42.0,840.0,Wallet
7393,432,121,2024-01-01 14:39:18,Pending,680.0,0.0,100,29.0,580.0,UPI
7394,1538,149,2024-06-04 12:35:41,Delivered,460.0,15,46.0,21.45,429.0,UPI
7395,1220,11,2024-10-26 23:53:00,Cancelled,710.0,0.0,0.0,35.5,710.0,Wallet
7396,1723,31,2024-09-01 08:58:07,Delivered,280.0,40,0.0,16.0,320.0,Wallet
7397,753,75,2023-07-29 22:28:49,Pending,1370.0,0.0,0.0,68.5,1370.0,UPI
7398,693,27,2024-07-28 22:04:17,Delivered,200.0,25,0.0,11.25,225.0,UPI
7399,1686,109,2024-05-28 21:00:23,Delivered,270.0,30,40.5,12.98,259.5,UPI
7400,1024,89,2023-07-05 05:42:36,Delivered,960.0,0.0,0.0,48.0,960.0,Card
7401,1888,21,2023-08-10 13:56:55,Delivered,1090.0,0.0,100,49.5,990.0,UPI
7402,1428,29,2024-05-23 12:47:07,Delivered,900.0,0.0,100,40.0,800.0,Wallet
7403,1936,20,2024-09-09 09:54:24,Refunded,2070.0,0.0,100,98.5,1970.0,UPI
7404,247,62,2023-01-18 16:19:18,Cancelled,600.0,0.0,0.0,30.0,600.0,UPI
7405,861,39,2023-09-08 19:47:43,Delivered,270.0,35,27.0,13.9,278.0,UPI
7406,1029,119,2024-03-13 18:02:47,Refunded,720.0,0.0,100,31.0,620.0,UPI
7407,1880,85,2024-07-28 17:48:06,Delivered,540.0,0.0,0.0,27.0,540.0,UPI
7408,1340,138,2024-11-05 12:28:56,Delivered,280.0,25,56.0,12.45,249.0,UPI
7409,1954,8,2023-10-06 13:47:18,Delivered,250.0,35,0.0,14.25,285.0,UPI
7410,1854,8,2023-03-19 21:05:47,Delivered,620.0,0.0,0.0,31.0,620.0,UPI
7411,154,35,2024-10-09 17:23:20,Cancelled,840.0,0.0,0.0,42.0,840.0,UPI
7412,1354,146,2023-10-22 19:26:20,Delivered,350.0,20,0.0,18.5,370.0,Card
7413,1470,114,2023-11-24 19:13:36,Delivered,1020.0,0.0,0.0,51.0,1020.0,UPI
7414,1124,12,2023-10-20 13:54:47,Cancelled,920.0,0.0,0.0,46.0,920.0,Card
7415,1565,26,2024-04-12 15:10:20,Delivered,380.0,15,0.0,19.75,395.0,UPI
7416,1351,40,2024-04-10 11:41:47,Delivered,90.0,25,0.0,5.75,115.0,Net Banking
7417,344,20,2023-10-04 11:49:51,Delivered,2470.0,0.0,0.0,123.5,2470.0,Cash on Delivery
7418,908,123,2023-11-18 19:42:27,Delivered,160.0,25,0.0,9.25,185.0,Cash on Delivery
7419,1340,33,2023-04-26 10:08:42,Delivered,600.0,0.0,0.0,30.0,600.0,UPI
7420,1514,5,2023-08-16 14:21:34,Delivered,800.0,0.0,0.0,40.0,800.0,UPI
7421,1353,12,2023-12-24 18:38:02,Pending,230.0,25,0.0,12.75,255.0,UPI
7422,1321,14,2023-08-26 12:27:21,Delivered,210.0,25,21.0,10.7,214.0,Net Banking
7423,661,94,2023-08-07 19:46:47,Delivered,1110.0,0.0,100,50.5,1010.0,UPI
7424,1158,89,2023-02-24 16:07:18,Delivered,870.0,0.0,0.0,43.5,870.0,Card
7425,1618,38,2024-08-11 21:03:26,Cancelled,780.0,0.0,100,34.0,680.0,Card
7426,1533,37,2024-12-27 17:53:43,Refunded,910.0,0.0,0.0,45.5,910.0,Card
7427,1470,58,2023-07-20 19:25:36,Delivered,660.0,0.0,0.0,33.0,660.0,Cash on Delivery
7428,302,8,2024-02-06 19:48:27,Delivered,190.0,30,0.0,11.0,220.0,Wallet
7429,1553,66,2023-06-28 21:14:37,Delivered,1430.0,0.0,100,66.5,1330.0,Cash on Delivery
7430,1777,129,2024-04-06 21:12:51,Delivered,880.0,0.0,0.0,44.0,880.0,Cash on Delivery
7431,173,73,2024-11-09 20:42:32,Cancelled,560.0,0.0,0.0,28.0,560.0,UPI
7432,30,64,2023-08-20 12:43:39,Delivered,500.0,0.0,75.0,21.25,425.0,UPI
7433,702,21,2024-04-25 20:58:31,Cancelled,920.0,0.0,0.0,46.0,920.0,UPI
7434,77,23,2023-09-14 12:28:40,Delivered,560.0,0.0,0.0,28.0,560.0,UPI
7435,738,52,2023-08-06 21:14:08,Delivered,260.0,25,26.0,12.95,259.0,UPI
7436,1455,122,2023-08-05 11:52:12,Delivered,380.0,20,0.0,20.0,400.0,Cash on Delivery
7437,1222,127,2024-05-25 17:38:43,Refunded,210.0,35,0.0,12.25,245.0,UPI
7438,1826,89,2023-10-25 13:21:05,Refunded,420.0,25,84.0,18.05,361.0,Card
7439,1686,88,2024-09-02 14:32:34,Delivered,100.0,25,10.0,5.75,115.0,Wallet
7440,1791,13,2023-05-20 13:47:24,Delivered,1360.0,0.0,0.0,68.0,1360.0,Net Banking
7441,1401,79,2024-08-11 13:12:14,Refunded,1620.0,0.0,100,76.0,1520.0,Card
7442,148,15,2024-10-08 12:08:49,Pending,340.0,15,0.0,17.75,355.0,UPI
7443,1208,57,2024-07-17 12:38:55,Delivered,1280.0,0.0,0.0,64.0,1280.0,UPI
7444,534,142,2024-07-19 19:08:32,Delivered,600.0,0.0,0.0,30.0,600.0,Cash on Delivery
7445,1446,58,2024-02-12 20:26:38,Delivered,360.0,20,90.0,14.5,290.0,Card
7446,618,27,2023-08-09 14:39:03,Delivered,480.0,20,0.0,25.0,500.0,Net Banking
7447,1317,32,2023-10-02 13:31:47,Pending,120.0,40,0.0,8.0,160.0,Card
7448,1228,34,2024-10-26 19:38:31,Delivered,410.0,25,82.0,17.65,353.0,UPI
7449,505,111,2024-11-01 18:14:54,Cancelled,190.0,25,38.0,8.85,177.0,Wallet
7450,1617,20,2023-07-06 11:03:38,Delivered,660.0,0.0,0.0,33.0,660.0,Cash on Delivery
7451,462,52,2024-10-03 21:57:27,Delivered,60.0,30,0.0,4.5,90.0,UPI
7452,1222,14,2023-05-30 04:52:12,Cancelled,620.0,0.0,0.0,31.0,620.0,Net Banking
7453,1135,137,2023-12-14 13:33:51,Delivered,520.0,0.0,78.0,22.1,442.0,UPI
7454,1486,24,2024-04-03 13:53:56,Cancelled,1730.0,0.0,0.0,86.5,1730.0,Cash on Delivery
7455,451,79,2024-04-15 17:19:10,Delivered,1720.0,0.0,0.0,86.0,1720.0,Wallet
7456,305,14,2023-08-23 15:56:47,Delivered,640.0,0.0,0.0,32.0,640.0,Card
7457,1305,115,2023-11-29 19:07:39,Delivered,1470.0,0.0,100,68.5,1370.0,Wallet
7458,825,122,2024-10-21 01:03:57,Delivered,80.0,40,0.0,6.0,120.0,Cash on Delivery
7459,1140,112,2024-04-02 13:11:09,Cancelled,400.0,25,0.0,21.25,425.0,UPI
7460,1677,129,2023-06-23 21:06:22,Delivered,770.0,0.0,0.0,38.5,770.0,Wallet
7461,480,48,2024-10-19 13:43:18,Delivered,250.0,30,62.5,10.88,217.5,Card
7462,1780,34,2024-07-22 20:14:45,Delivered,640.0,0.0,0.0,32.0,640.0,Cash on Delivery
7463,1820,122,2023-08-18 22:15:50,Delivered,1300.0,0.0,100,60.0,1200.0,UPI
7464,333,109,2024-04-13 19:50:54,Delivered,80.0,25,0.0,5.25,105.0,Card
7465,1556,78,2023-01-21 18:30:06,Delivered,70.0,35,0.0,5.25,105.0,UPI
7466,1769,117,2024-10-19 14:03:20,Cancelled,230.0,40,0.0,13.5,270.0,Card
7467,1267,90,2024-06-27 18:43:40,Refunded,820.0,0.0,0.0,41.0,820.0,Wallet
7468,510,129,2024-04-26 18:40:32,Pending,590.0,0.0,0.0,29.5,590.0,Wallet
7469,780,14,2023-10-29 11:34:36,Delivered,680.0,0.0,100,29.0,580.0,UPI
7470,336,90,2023-07-20 18:46:06,Delivered,690.0,0.0,100,29.5,590.0,UPI
7471,1300,60,2024-05-05 18:47:29,Delivered,2100.0,0.0,0.0,105.0,2100.0,UPI
7472,1385,131,2024-03-11 13:33:28,Delivered,1340.0,0.0,0.0,67.0,1340.0,UPI
7473,641,61,2024-12-17 18:13:44,Delivered,900.0,0.0,0.0,45.0,900.0,UPI
7474,1418,84,2024-09-29 15:18:50,Delivered,230.0,35,0.0,13.25,265.0,UPI
7475,1731,77,2023-08-01 22:28:53,Delivered,90.0,35,22.5,5.12,102.5,Cash on Delivery
7476,975,101,2024-12-08 19:45:22,Delivered,950.0,0.0,0.0,47.5,950.0,UPI
7477,1940,89,2024-10-29 16:10:41,Delivered,840.0,0.0,0.0,42.0,840.0,UPI
7478,77,149,2024-11-29 21:56:38,Delivered,1130.0,0.0,100,51.5,1030.0,Card
7479,1888,26,2024-11-28 20:32:22,Cancelled,840.0,0.0,0.0,42.0,840.0,Cash on Delivery
7480,1212,64,2023-12-14 20:17:17,Pending,450.0,15,90.0,18.75,375.0,Card
7481,1887,19,2024-04-13 14:46:18,Cancelled,830.0,0.0,83.0,37.35,747.0,Card
7482,290,128,2024-04-26 13:57:39,Delivered,1440.0,0.0,0.0,72.0,1440.0,UPI
7483,633,131,2024-05-17 19:31:07,Pending,1370.0,0.0,0.0,68.5,1370.0,UPI
7484,1385,84,2024-06-23 08:41:49,Refunded,410.0,20,0.0,21.5,430.0,Net Banking
7485,576,95,2023-10-15 18:57:05,Refunded,1430.0,0.0,100,66.5,1330.0,Wallet
7486,414,17,2023-12-30 18:36:47,Delivered,1740.0,0.0,100,82.0,1640.0,UPI
7487,365,62,2024-07-07 19:22:38,Delivered,600.0,0.0,100,25.0,500.0,Card
7488,1246,91,2023-08-25 23:50:04,Delivered,620.0,0.0,100,26.0,520.0,Wallet
7489,996,112,2023-09-13 16:32:11,Delivered,400.0,15,0.0,20.75,415.0,Cash on Delivery
7490,1936,97,2024-08-11 15:52:08,Delivered,280.0,40,0.0,16.0,320.0,Cash on Delivery
7491,63,52,2024-04-13 09:10:25,Delivered,850.0,0.0,0.0,42.5,850.0,UPI
7492,1612,108,2024-02-11 12:33:56,Pending,1430.0,0.0,0.0,71.5,1430.0,Card
7493,1402,128,2024-04-18 12:58:12,Delivered,980.0,0.0,98.0,44.1,882.0,UPI
7494,225,29,2024-07-04 19:47:52,Delivered,250.0,25,37.5,11.88,237.5,Cash on Delivery
7495,939,100,2023-03-02 11:21:25,Delivered,160.0,30,0.0,9.5,190.0,Cash on Delivery
7496,1893,51,2024-05-01 09:10:06,Delivered,400.0,15,0.0,20.75,415.0,Card
7497,702,146,2023-12-21 12:59:55,Delivered,560.0,0.0,0.0,28.0,560.0,Wallet
7498,497,38,2024-06-08 21:29:58,Delivered,540.0,0.0,0.0,27.0,540.0,Wallet
7499,1565,137,2023-07-04 21:51:24,Delivered,240.0,35,0.0,13.75,275.0,Cash on Delivery
7500,1522,88,2023-11-05 14:01:14,Delivered,470.0,15,0.0,24.25,485.0,UPI
7501,1150,109,2023-08-20 12:46:51,Delivered,1060.0,0.0,100,48.0,960.0,Net Banking
7502,99,70,2024-03-13 18:43:58,Delivered,1020.0,0.0,100,46.0,920.0,Cash on Delivery
7503,1103,12,2024-01-01 21:28:26,Delivered,200.0,25,0.0,11.25,225.0,Wallet
7504,1840,24,2023-04-23 14:45:06,Delivered,780.0,0.0,0.0,39.0,780.0,Card
7505,420,100,2023-07-20 21:04:54,Refunded,410.0,25,0.0,21.75,435.0,UPI
7506,556,110,2023-11-14 12:04:12,Refunded,560.0,0.0,0.0,28.0,560.0,Cash on Delivery
7507,1884,26,2024-03-17 18:34:22,Delivered,160.0,35,0.0,9.75,195.0,UPI
7508,866,112,2024-04-10 13:51:25,Refunded,490.0,25,0.0,25.75,515.0,UPI
7509,954,77,2023-11-26 14:35:56,Delivered,990.0,0.0,100,44.5,890.0,Cash on Delivery
7510,1629,138,2023-09-23 14:32:12,Cancelled,2060.0,0.0,100,98.0,1960.0,Wallet
7511,42,126,2023-09-09 04:29:59,Refunded,260.0,25,26.0,12.95,259.0,UPI
7512,1010,52,2023-08-13 14:55:22,Delivered,420.0,20,0.0,22.0,440.0,UPI
7513,597,94,2024-09-16 16:10:08,Delivered,960.0,0.0,0.0,48.0,960.0,UPI
7514,1004,115,2024-06-11 11:07:32,Pending,570.0,0.0,0.0,28.5,570.0,Cash on Delivery
7515,606,96,2024-09-01 21:04:21,Cancelled,2170.0,0.0,100,103.5,2070.0,UPI
7516,704,127,2023-08-31 01:57:36,Cancelled,80.0,40,0.0,6.0,120.0,Wallet
7517,1674,23,2024-01-22 19:36:10,Delivered,200.0,25,30.0,9.75,195.0,UPI
7518,806,134,2024-04-24 22:40:31,Delivered,130.0,40,19.5,7.53,150.5,UPI
7519,1201,84,2023-06-07 10:57:13,Delivered,460.0,20,0.0,24.0,480.0,Card
7520,145,67,2024-06-26 18:17:48,Cancelled,2580.0,0.0,0.0,129.0,2580.0,Wallet
7521,1297,64,2024-09-07 18:02:21,Cancelled,60.0,40,15.0,4.25,85.0,UPI
7522,44,33,2024-10-05 17:52:31,Delivered,1750.0,0.0,0.0,87.5,1750.0,Card
7523,1975,68,2023-07-21 19:07:59,Delivered,360.0,15,0.0,18.75,375.0,UPI
7524,620,90,2024-01-27 14:35:06,Delivered,380.0,20,95.0,15.25,305.0,Card
7525,264,110,2023-10-29 00:39:04,Delivered,240.0,25,24.0,12.05,241.0,Cash on Delivery
7526,1156,19,2023-06-26 11:37:12,Delivered,610.0,0.0,100,25.5,510.0,Card
7527,371,129,2024-01-17 12:26:13,Delivered,170.0,40,0.0,10.5,210.0,Card
7528,311,25,2023-03-05 18:54:52,Cancelled,370.0,25,0.0,19.75,395.0,UPI
7529,1389,33,2023-06-02 23:15:53,Delivered,1340.0,0.0,100,62.0,1240.0,Wallet
7530,1821,29,2024-11-29 12:52:19,Delivered,100.0,35,0.0,6.75,135.0,Card
7531,1702,40,2024-09-19 08:59:29,Pending,630.0,0.0,0.0,31.5,630.0,UPI
7532,1696,10,2023-06-05 15:16:02,Delivered,1160.0,0.0,0.0,58.0,1160.0,Card
7533,1192,37,2024-02-03 09:07:19,Refunded,810.0,0.0,0.0,40.5,810.0,Card
7534,305,51,2023-09-30 23:08:50,Delivered,580.0,0.0,0.0,29.0,580.0,Cash on Delivery
7535,225,130,2024-04-14 19:14:39,Delivered,530.0,0.0,0.0,26.5,530.0,UPI
7536,786,109,2023-08-13 17:37:25,Delivered,1920.0,0.0,0.0,96.0,1920.0,Card
7537,1686,112,2023-09-22 17:45:37,Delivered,930.0,0.0,0.0,46.5,930.0,UPI
7538,304,84,2024-06-12 17:42:40,Delivered,370.0,25,55.5,16.98,339.5,UPI
7539,1533,96,2024-04-02 12:49:06,Delivered,1290.0,0.0,0.0,64.5,1290.0,Cash on Delivery
7540,157,13,2024-12-19 19:00:30,Refunded,830.0,0.0,83.0,37.35,747.0,Card
7541,419,21,2023-10-25 13:50:52,Refunded,150.0,30,15.0,8.25,165.0,UPI
7542,886,143,2023-09-25 13:55:27,Pending,1270.0,0.0,0.0,63.5,1270.0,Card
7543,1710,34,2023-01-17 13:53:45,Pending,590.0,0.0,100,24.5,490.0,UPI
7544,1035,140,2023-12-21 20:01:02,Delivered,550.0,0.0,100,22.5,450.0,Cash on Delivery
7545,1828,137,2023-07-31 13:30:17,Delivered,980.0,0.0,0.0,49.0,980.0,Cash on Delivery
7546,1149,77,2023-02-16 19:32:03,Cancelled,450.0,15,90.0,18.75,375.0,UPI
7547,1798,13,2024-07-13 21:35:03,Delivered,700.0,0.0,0.0,35.0,700.0,Card
7548,1161,110,2024-02-11 18:29:48,Delivered,500.0,0.0,100.0,20.0,400.0,Cash on Delivery
7549,462,122,2024-01-12 13:34:01,Delivered,160.0,35,40.0,7.75,155.0,Card
7550,470,135,2024-11-26 15:09:55,Delivered,1410.0,0.0,100,65.5,1310.0,Wallet
7551,530,146,2024-04-04 15:45:08,Cancelled,40.0,40,0.0,4.0,80.0,UPI
7552,13,95,2024-11-24 10:30:07,Delivered,240.0,35,48.0,11.35,227.0,UPI
7553,1319,93,2023-05-09 17:48:40,Delivered,400.0,20,0.0,21.0,420.0,Cash on Delivery
7554,633,98,2023-07-05 13:53:58,Refunded,210.0,25,0.0,11.75,235.0,UPI
7555,273,114,2024-05-10 11:03:20,Delivered,1410.0,0.0,0.0,70.5,1410.0,UPI
7556,878,77,2023-04-13 18:09:40,Cancelled,2220.0,0.0,0.0,111.0,2220.0,Cash on Delivery
7557,341,126,2024-07-06 14:41:14,Pending,530.0,0.0,100,21.5,430.0,UPI
7558,471,82,2024-11-29 03:02:32,Refunded,220.0,40,44.0,10.8,216.0,UPI
7559,1359,43,2024-07-10 14:37:14,Refunded,2190.0,0.0,0.0,109.5,2190.0,Wallet
7560,913,38,2023-12-05 17:05:57,Delivered,720.0,0.0,0.0,36.0,720.0,Wallet
7561,99,141,2023-06-10 02:09:35,Refunded,1200.0,0.0,100,55.0,1100.0,UPI
7562,781,17,2023-10-21 12:27:16,Cancelled,960.0,0.0,0.0,48.0,960.0,Card
7563,1447,12,2023-11-15 08:13:00,Delivered,940.0,0.0,0.0,47.0,940.0,Cash on Delivery
7564,773,42,2024-04-15 12:35:38,Cancelled,500.0,0.0,100.0,20.0,400.0,UPI
7565,103,1,2024-08-05 13:43:13,Delivered,270.0,30,0.0,15.0,300.0,UPI
7566,1917,97,2023-10-13 17:56:10,Delivered,840.0,0.0,0.0,42.0,840.0,UPI
7567,1183,5,2024-09-11 03:49:34,Cancelled,330.0,25,0.0,17.75,355.0,UPI
7568,1632,134,2024-11-20 19:30:38,Delivered,870.0,0.0,0.0,43.5,870.0,UPI
7569,1589,15,2023-08-30 15:32:12,Delivered,1090.0,0.0,100,49.5,990.0,UPI
7570,1390,82,2024-07-12 09:41:44,Delivered,60.0,30,0.0,4.5,90.0,Cash on Delivery
7571,1264,16,2024-10-01 22:47:18,Delivered,390.0,15,0.0,20.25,405.0,UPI
7572,1112,126,2023-09-09 06:12:03,Cancelled,60.0,25,0.0,4.25,85.0,Wallet
7573,531,77,2024-08-29 18:04:59,Delivered,840.0,0.0,0.0,42.0,840.0,UPI
7574,829,27,2024-12-03 05:22:04,Delivered,880.0,0.0,100,39.0,780.0,Card
7575,595,51,2024-07-29 09:32:46,Cancelled,1080.0,0.0,0.0,54.0,1080.0,UPI
7576,1850,20,2024-10-17 14:51:39,Delivered,1210.0,0.0,0.0,60.5,1210.0,UPI
7577,1305,26,2023-05-20 12:13:44,Cancelled,120.0,35,18.0,6.85,137.0,UPI
7578,294,19,2024-10-25 12:15:39,Pending,1000.0,0.0,100.0,45.0,900.0,Cash on Delivery
7579,501,6,2024-11-02 13:18:42,Cancelled,330.0,15,82.5,13.12,262.5,UPI
7580,162,5,2024-10-21 13:36:56,Pending,1360.0,0.0,0.0,68.0,1360.0,Wallet
7581,1356,16,2024-10-02 00:17:21,Pending,1830.0,0.0,0.0,91.5,1830.0,Wallet
7582,1731,34,2024-03-14 15:32:41,Delivered,1360.0,0.0,100,63.0,1260.0,Wallet
7583,1040,148,2024-03-05 03:19:04,Delivered,450.0,20,0.0,23.5,470.0,Wallet
7584,382,61,2023-07-13 13:00:00,Cancelled,210.0,35,0.0,12.25,245.0,Cash on Delivery
7585,576,81,2024-08-13 20:14:09,Delivered,90.0,40,0.0,6.5,130.0,UPI
7586,1974,141,2023-12-01 20:42:12,Delivered,480.0,15,0.0,24.75,495.0,UPI
7587,1428,84,2024-09-26 05:52:02,Cancelled,460.0,25,0.0,24.25,485.0,UPI
7588,614,140,2023-10-16 12:19:11,Pending,260.0,35,0.0,14.75,295.0,Card
7589,162,17,2024-07-01 07:20:45,Cancelled,2670.0,0.0,100,128.5,2570.0,Wallet
7590,1333,67,2023-02-23 19:48:30,Delivered,120.0,40,0.0,8.0,160.0,UPI
7591,295,144,2023-08-31 14:23:30,Delivered,430.0,20,0.0,22.5,450.0,Cash on Delivery
7592,1486,1,2024-06-06 19:47:01,Cancelled,130.0,40,0.0,8.5,170.0,UPI
7593,36,121,2023-09-25 18:52:02,Cancelled,280.0,40,0.0,16.0,320.0,UPI
7594,281,72,2023-11-12 16:24:21,Delivered,190.0,40,0.0,11.5,230.0,UPI
7595,904,111,2024-11-05 14:42:12,Cancelled,640.0,0.0,0.0,32.0,640.0,UPI
7596,1629,126,2024-06-02 03:58:05,Delivered,1010.0,0.0,100,45.5,910.0,Net Banking
7597,300,127,2024-05-23 20:18:48,Pending,310.0,25,77.5,12.88,257.5,Card
7598,1487,104,2023-10-03 00:25:33,Cancelled,940.0,0.0,0.0,47.0,940.0,Cash on Delivery
7599,1790,95,2023-05-18 22:47:28,Cancelled,340.0,20,34.0,16.3,326.0,Cash on Delivery
7600,1183,113,2024-01-19 14:32:56,Delivered,970.0,0.0,97.0,43.65,873.0,Card
7601,1311,76,2024-08-20 18:31:32,Refunded,420.0,25,0.0,22.25,445.0,UPI
7602,346,48,2023-06-22 13:43:53,Cancelled,330.0,20,0.0,17.5,350.0,Card
7603,1082,137,2023-10-05 01:41:18,Delivered,330.0,15,0.0,17.25,345.0,Card
7604,1858,50,2023-07-24 07:45:51,Delivered,720.0,0.0,72.0,32.4,648.0,Cash on Delivery
7605,77,48,2024-03-26 21:50:36,Delivered,660.0,0.0,100,28.0,560.0,UPI
7606,637,115,2023-05-24 16:01:15,Pending,310.0,20,31.0,14.95,299.0,UPI
7607,1076,29,2024-06-01 16:43:32,Delivered,750.0,0.0,100,32.5,650.0,UPI
7608,1146,122,2024-12-29 15:48:43,Delivered,780.0,0.0,100,34.0,680.0,UPI
7609,1309,12,2024-09-27 16:00:40,Delivered,660.0,0.0,0.0,33.0,660.0,Net Banking
7610,1003,1,2023-07-06 11:20:43,Delivered,460.0,15,69.0,20.3,406.0,Card
7611,1991,29,2023-12-31 20:21:48,Cancelled,100.0,35,0.0,6.75,135.0,UPI
7612,597,138,2023-09-07 18:52:53,Pending,640.0,0.0,96.0,27.2,544.0,Card
7613,1096,79,2023-05-28 21:30:59,Delivered,2800.0,0.0,0.0,140.0,2800.0,Wallet
7614,1419,6,2024-09-15 19:55:00,Delivered,100.0,40,10.0,6.5,130.0,UPI
7615,68,82,2024-01-29 07:23:26,Delivered,250.0,40,0.0,14.5,290.0,Card
7616,1642,103,2023-12-07 21:03:08,Refunded,820.0,0.0,0.0,41.0,820.0,Net Banking
7617,1304,43,2024-08-06 22:19:43,Delivered,250.0,35,0.0,14.25,285.0,Cash on Delivery
7618,1235,99,2024-08-10 19:52:39,Cancelled,1740.0,0.0,0.0,87.0,1740.0,Wallet
7619,1542,13,2024-08-09 22:02:40,Delivered,1700.0,0.0,0.0,85.0,1700.0,Card
7620,83,23,2024-05-20 13:57:22,Delivered,1420.0,0.0,0.0,71.0,1420.0,Cash on Delivery
7621,1993,115,2023-05-02 16:18:21,Delivered,200.0,40,0.0,12.0,240.0,Card
7622,397,104,2024-07-11 14:47:00,Delivered,200.0,35,40.0,9.75,195.0,Card
7623,1352,11,2023-12-01 15:09:52,Cancelled,1050.0,0.0,100,47.5,950.0,UPI
7624,110,85,2023-04-30 13:58:21,Delivered,600.0,0.0,0.0,30.0,600.0,Card
7625,410,119,2024-07-16 19:26:13,Delivered,1500.0,0.0,0.0,75.0,1500.0,UPI
7626,1674,20,2023-07-09 14:22:54,Refunded,1130.0,0.0,0.0,56.5,1130.0,Cash on Delivery
7627,613,17,2023-01-09 14:38:04,Delivered,1190.0,0.0,0.0,59.5,1190.0,Cash on Delivery
7628,635,114,2023-12-17 12:55:22,Refunded,1150.0,0.0,0.0,57.5,1150.0,UPI
7629,79,99,2023-11-06 20:27:42,Delivered,1410.0,0.0,100,65.5,1310.0,UPI
7630,407,86,2023-11-04 23:23:22,Delivered,480.0,15,0.0,24.75,495.0,UPI
7631,993,33,2023-05-02 21:22:12,Delivered,580.0,0.0,0.0,29.0,580.0,UPI
7632,1192,33,2023-08-17 15:22:59,Cancelled,1100.0,0.0,0.0,55.0,1100.0,Card
7633,679,79,2023-06-08 04:04:32,Cancelled,550.0,0.0,0.0,27.5,550.0,Card
7634,54,121,2024-05-27 19:05:29,Delivered,180.0,35,0.0,10.75,215.0,UPI
7635,320,51,2023-12-26 15:39:58,Delivered,1900.0,0.0,0.0,95.0,1900.0,UPI
7636,1780,125,2024-10-30 10:59:33,Cancelled,360.0,25,0.0,19.25,385.0,Cash on Delivery
7637,829,21,2024-11-28 21:29:47,Cancelled,950.0,0.0,0.0,47.5,950.0,Cash on Delivery
7638,679,84,2024-07-26 11:11:16,Delivered,800.0,0.0,0.0,40.0,800.0,UPI
7639,1758,89,2024-04-03 09:09:44,Delivered,300.0,25,75.0,12.5,250.0,UPI
7640,78,127,2023-10-22 14:24:23,Refunded,660.0,0.0,0.0,33.0,660.0,UPI
7641,135,124,2024-08-09 18:44:06,Delivered,760.0,0.0,0.0,38.0,760.0,UPI
7642,581,128,2024-02-17 22:00:26,Delivered,260.0,35,65.0,11.5,230.0,Cash on Delivery
7643,1688,63,2024-05-01 15:49:59,Delivered,230.0,35,0.0,13.25,265.0,UPI
7644,1498,40,2024-01-18 16:40:27,Delivered,990.0,0.0,100,44.5,890.0,UPI
7645,227,45,2024-10-07 22:15:50,Delivered,340.0,15,68.0,14.35,287.0,UPI
7646,845,17,2024-01-27 14:12:04,Delivered,620.0,0.0,0.0,31.0,620.0,UPI
7647,36,133,2023-08-26 12:24:23,Delivered,180.0,25,18.0,9.35,187.0,Card
7648,1363,146,2024-08-02 12:38:39,Delivered,1540.0,0.0,100,72.0,1440.0,Wallet
7649,1596,122,2024-12-06 11:38:11,Refunded,470.0,20,47.0,22.15,443.0,UPI
7650,292,130,2023-08-30 11:17:21,Delivered,210.0,30,0.0,12.0,240.0,UPI
7651,36,94,2024-09-09 20:47:38,Delivered,800.0,0.0,100,35.0,700.0,Wallet
7652,448,125,2023-11-07 22:36:47,Delivered,820.0,0.0,0.0,41.0,820.0,Cash on Delivery
7653,1726,135,2023-08-29 18:45:08,Delivered,400.0,25,0.0,21.25,425.0,Card
7654,865,131,2023-10-06 23:05:40,Delivered,1390.0,0.0,100,64.5,1290.0,Cash on Delivery
7655,522,79,2024-05-24 11:21:00,Cancelled,1650.0,0.0,0.0,82.5,1650.0,UPI
7656,312,45,2024-11-22 13:33:45,Refunded,340.0,25,0.0,18.25,365.0,Wallet
7657,895,42,2023-08-10 15:56:25,Refunded,1140.0,0.0,100,52.0,1040.0,UPI
7658,581,95,2024-06-03 12:48:52,Delivered,200.0,40,0.0,12.0,240.0,Card
7659,148,69,2024-06-20 13:49:22,Delivered,1410.0,0.0,100,65.5,1310.0,UPI
7660,1689,52,2023-12-29 13:44:30,Delivered,640.0,0.0,0.0,32.0,640.0,Wallet
7661,1994,90,2023-07-26 09:34:06,Delivered,780.0,0.0,0.0,39.0,780.0,Wallet
7662,1552,126,2023-09-07 18:06:43,Refunded,280.0,35,70.0,12.25,245.0,UPI
7663,514,72,2024-09-12 11:43:42,Delivered,630.0,0.0,100,26.5,530.0,Cash on Delivery
7664,539,86,2023-06-16 19:29:05,Delivered,160.0,35,0.0,9.75,195.0,UPI
7665,333,119,2024-11-15 10:05:35,Pending,570.0,0.0,0.0,28.5,570.0,Cash on Delivery
7666,1342,121,2023-07-19 22:20:42,Pending,230.0,35,0.0,13.25,265.0,Card
7667,405,148,2024-01-04 22:13:54,Delivered,1860.0,0.0,0.0,93.0,1860.0,UPI
7668,1469,1,2024-07-17 01:38:53,Cancelled,380.0,25,0.0,20.25,405.0,Net Banking
7669,1549,149,2023-02-28 22:53:58,Cancelled,1030.0,0.0,0.0,51.5,1030.0,Cash on Delivery
7670,1224,112,2024-09-10 17:08:58,Delivered,400.0,20,0.0,21.0,420.0,Card
7671,697,117,2024-03-08 13:12:53,Cancelled,1790.0,0.0,0.0,89.5,1790.0,Card
7672,1130,137,2024-08-20 13:11:19,Refunded,2720.0,0.0,0.0,136.0,2720.0,Cash on Delivery
7673,1969,82,2024-02-02 19:33:30,Delivered,780.0,0.0,100,34.0,680.0,Cash on Delivery
7674,254,12,2024-03-04 12:51:49,Delivered,200.0,40,0.0,12.0,240.0,UPI
7675,1980,149,2023-03-06 09:25:00,Delivered,200.0,35,30.0,10.25,205.0,Card
7676,259,96,2024-10-21 14:47:14,Delivered,400.0,20,0.0,21.0,420.0,UPI
7677,1869,129,2024-08-20 20:58:00,Delivered,740.0,0.0,0.0,37.0,740.0,UPI
7678,36,55,2023-11-03 21:10:01,Delivered,1140.0,0.0,100,52.0,1040.0,Cash on Delivery
7679,550,97,2024-06-25 13:13:05,Delivered,830.0,0.0,0.0,41.5,830.0,UPI
7680,1841,46,2023-05-23 18:56:45,Refunded,1180.0,0.0,0.0,59.0,1180.0,UPI
7681,669,10,2023-08-28 21:12:45,Cancelled,1670.0,0.0,0.0,83.5,1670.0,Wallet
7682,1477,78,2023-08-31 21:52:47,Cancelled,680.0,0.0,0.0,34.0,680.0,Card
7683,1226,84,2023-05-17 13:35:36,Refunded,50.0,25,0.0,3.75,75.0,Wallet
7684,1682,129,2024-01-22 12:14:52,Delivered,540.0,0.0,100,22.0,440.0,Cash on Delivery
7685,1498,100,2024-02-14 13:51:18,Pending,50.0,40,10.0,4.0,80.0,UPI
7686,1239,134,2023-09-18 13:23:33,Delivered,370.0,15,0.0,19.25,385.0,Cash on Delivery
7687,1492,84,2024-10-06 13:38:22,Refunded,330.0,20,33.0,15.85,317.0,Cash on Delivery
7688,392,149,2024-05-10 22:46:24,Delivered,50.0,40,0.0,4.5,90.0,UPI
7689,915,26,2024-11-08 19:16:01,Delivered,220.0,35,44.0,10.55,211.0,Card
7690,1714,19,2024-02-06 15:58:38,Refunded,600.0,0.0,0.0,30.0,600.0,UPI
7691,1136,95,2023-08-08 22:52:30,Delivered,560.0,0.0,0.0,28.0,560.0,Wallet
7692,414,127,2024-02-06 07:00:09,Delivered,170.0,25,42.5,7.62,152.5,Card
7693,492,134,2024-01-26 18:42:13,Refunded,900.0,0.0,0.0,45.0,900.0,Cash on Delivery
7694,915,64,2024-01-24 18:01:27,Delivered,640.0,0.0,0.0,32.0,640.0,Card
7695,146,142,2024-07-25 19:17:37,Delivered,300.0,20,0.0,16.0,320.0,UPI
7696,510,72,2024-06-19 21:37:44,Delivered,480.0,20,0.0,25.0,500.0,Cash on Delivery
7697,1363,37,2023-11-22 22:23:26,Delivered,940.0,0.0,0.0,47.0,940.0,UPI
7698,1097,89,2023-09-20 06:13:36,Pending,120.0,25,30.0,5.75,115.0,Card
7699,785,103,2023-10-25 21:53:03,Cancelled,300.0,25,60.0,13.25,265.0,UPI
7700,1247,138,2023-03-05 11:00:36,Cancelled,800.0,0.0,0.0,40.0,800.0,Wallet
7701,1681,96,2024-11-09 10:30:47,Pending,340.0,20,0.0,18.0,360.0,UPI
7702,1557,46,2024-06-19 13:33:28,Delivered,1250.0,0.0,100,57.5,1150.0,Cash on Delivery
7703,906,122,2023-12-01 15:17:07,Delivered,1560.0,0.0,0.0,78.0,1560.0,UPI
7704,1730,84,2023-11-08 18:15:59,Cancelled,470.0,20,0.0,24.5,490.0,UPI
7705,514,131,2024-01-04 21:20:16,Delivered,270.0,30,0.0,15.0,300.0,Card
7706,608,11,2023-07-06 15:11:55,Pending,600.0,0.0,0.0,30.0,600.0,UPI
7707,1044,149,2023-03-18 18:37:44,Delivered,200.0,30,0.0,11.5,230.0,Wallet
7708,1762,134,2023-04-22 15:45:31,Delivered,180.0,25,0.0,10.25,205.0,UPI
7709,989,144,2023-07-07 21:45:20,Cancelled,320.0,15,0.0,16.75,335.0,UPI
7710,1498,27,2024-09-23 19:47:32,Delivered,1460.0,0.0,0.0,73.0,1460.0,Net Banking
7711,455,82,2023-03-23 13:21:29,Cancelled,660.0,0.0,100,28.0,560.0,UPI
7712,1657,136,2023-05-26 21:13:39,Delivered,600.0,0.0,0.0,30.0,600.0,Wallet
7713,1577,120,2023-12-13 12:36:29,Delivered,400.0,15,0.0,20.75,415.0,UPI
7714,1220,32,2024-06-28 22:32:17,Pending,520.0,0.0,100,21.0,420.0,UPI
7715,1524,27,2024-09-13 19:06:44,Delivered,1230.0,0.0,0.0,61.5,1230.0,UPI
7716,38,119,2023-06-23 18:06:07,Cancelled,780.0,0.0,0.0,39.0,780.0,Net Banking
7717,120,61,2024-10-11 20:21:02,Pending,840.0,0.0,0.0,42.0,840.0,UPI
7718,491,52,2023-09-04 23:25:49,Pending,1270.0,0.0,100,58.5,1170.0,UPI
7719,1902,63,2023-08-19 22:10:00,Delivered,330.0,20,0.0,17.5,350.0,Wallet
7720,1380,68,2024-04-01 22:43:37,Refunded,1260.0,0.0,0.0,63.0,1260.0,UPI
7721,384,20,2024-06-04 19:07:52,Cancelled,1640.0,0.0,100,77.0,1540.0,UPI
7722,1686,1,2024-02-13 12:31:31,Delivered,230.0,40,23.0,12.35,247.0,UPI
7723,1393,97,2024-08-16 15:16:21,Refunded,1630.0,0.0,0.0,81.5,1630.0,Wallet
7724,1753,88,2023-05-13 09:07:31,Delivered,900.0,0.0,0.0,45.0,900.0,UPI
7725,1342,85,2024-04-02 16:55:27,Delivered,650.0,0.0,97.5,27.62,552.5,UPI
7726,1673,122,2024-05-06 21:35:58,Delivered,790.0,0.0,0.0,39.5,790.0,Card
7727,1154,66,2024-12-01 18:37:06,Cancelled,290.0,35,43.5,14.08,281.5,UPI
7728,79,140,2023-09-30 20:28:20,Cancelled,810.0,0.0,0.0,40.5,810.0,Wallet
7729,547,66,2024-12-24 14:55:30,Delivered,630.0,0.0,0.0,31.5,630.0,Card
7730,458,142,2024-07-27 23:01:01,Cancelled,600.0,0.0,100,25.0,500.0,Card
7731,1357,68,2024-11-15 20:18:00,Delivered,570.0,0.0,0.0,28.5,570.0,Cash on Delivery
7732,1762,10,2023-03-10 08:50:47,Pending,840.0,0.0,0.0,42.0,840.0,UPI
7733,962,56,2024-07-04 13:11:40,Cancelled,300.0,20,0.0,16.0,320.0,UPI
7734,1660,12,2023-07-29 12:25:46,Delivered,910.0,0.0,100,40.5,810.0,UPI
7735,1816,100,2023-11-16 12:15:41,Delivered,550.0,0.0,0.0,27.5,550.0,Wallet
7736,862,97,2024-05-13 12:59:54,Cancelled,270.0,40,0.0,15.5,310.0,Card
7737,1428,117,2024-01-14 09:31:31,Delivered,1400.0,0.0,0.0,70.0,1400.0,Net Banking
7738,408,102,2023-12-03 00:49:32,Delivered,170.0,40,34.0,8.8,176.0,Card
7739,615,60,2024-08-07 20:04:00,Delivered,390.0,20,97.5,15.62,312.5,Wallet
7740,543,128,2023-07-29 09:12:59,Delivered,890.0,0.0,100,39.5,790.0,Wallet
7741,1205,56,2024-12-16 18:05:18,Delivered,460.0,20,92.0,19.4,388.0,Card
7742,1213,24,2023-03-11 18:41:39,Delivered,1280.0,0.0,100,59.0,1180.0,UPI
7743,135,39,2024-07-05 06:46:35,Delivered,440.0,15,66.0,19.45,389.0,Net Banking
7744,1700,77,2024-11-10 18:55:58,Delivered,1780.0,0.0,100,84.0,1680.0,UPI
7745,1769,105,2024-02-06 15:39:14,Pending,620.0,0.0,0.0,31.0,620.0,UPI
7746,277,99,2023-06-26 23:16:42,Cancelled,270.0,25,54.0,12.05,241.0,Cash on Delivery
7747,324,70,2023-12-17 09:27:25,Delivered,1020.0,0.0,100,46.0,920.0,Cash on Delivery
7748,417,10,2023-10-31 07:55:20,Cancelled,680.0,0.0,0.0,34.0,680.0,UPI
7749,657,93,2024-04-23 09:43:34,Delivered,670.0,0.0,0.0,33.5,670.0,UPI
7750,1581,76,2023-08-16 11:11:12,Delivered,330.0,15,82.5,13.12,262.5,Card
7751,581,81,2024-12-15 12:20:10,Pending,500.0,0.0,0.0,25.0,500.0,UPI
7752,343,90,2023-11-25 01:03:51,Delivered,140.0,35,14.0,8.05,161.0,Wallet
7753,363,5,2023-12-17 07:00:46,Delivered,1160.0,0.0,0.0,58.0,1160.0,UPI
7754,22,61,2024-07-04 12:12:09,Delivered,570.0,0.0,85.5,24.23,484.5,UPI
7755,1437,124,2023-09-20 03:53:42,Pending,550.0,0.0,100,22.5,450.0,UPI
7756,247,35,2023-01-18 06:16:24,Delivered,640.0,0.0,0.0,32.0,640.0,Wallet
7757,1270,102,2023-10-20 13:56:51,Delivered,1540.0,0.0,0.0,77.0,1540.0,UPI
7758,1348,39,2023-12-30 19:44:34,Delivered,1080.0,0.0,0.0,54.0,1080.0,Card
7759,233,97,2024-04-12 12:09:01,Delivered,1060.0,0.0,100,48.0,960.0,UPI
7760,1472,126,2023-04-13 22:58:08,Delivered,250.0,40,0.0,14.5,290.0,UPI
7761,531,67,2024-03-01 19:36:17,Cancelled,1260.0,0.0,0.0,63.0,1260.0,Wallet
7762,1559,79,2023-08-31 15:28:48,Delivered,480.0,20,48.0,22.6,452.0,Wallet
7763,783,136,2023-08-12 20:36:29,Delivered,1550.0,0.0,0.0,77.5,1550.0,Wallet
7764,387,27,2023-11-20 23:14:16,Pending,1900.0,0.0,0.0,95.0,1900.0,Card
7765,1542,34,2023-12-25 10:29:11,Delivered,1640.0,0.0,0.0,82.0,1640.0,UPI
7766,1040,20,2023-02-23 09:48:26,Cancelled,2870.0,0.0,0.0,143.5,2870.0,UPI
7767,383,111,2024-05-12 19:51:00,Delivered,1240.0,0.0,100,57.0,1140.0,Card
7768,1055,81,2024-07-07 12:22:35,Cancelled,1500.0,0.0,100,70.0,1400.0,UPI
7769,979,100,2023-11-28 20:06:15,Delivered,510.0,0.0,0.0,25.5,510.0,UPI
7770,121,81,2023-01-27 15:01:43,Cancelled,270.0,30,0.0,15.0,300.0,UPI
7771,1652,100,2023-02-20 16:50:55,Cancelled,630.0,0.0,0.0,31.5,630.0,Card
7772,384,84,2023-10-07 12:18:28,Cancelled,650.0,0.0,0.0,32.5,650.0,UPI
7773,41,93,2023-08-01 15:08:32,Delivered,650.0,0.0,100,27.5,550.0,UPI
7774,1638,80,2024-05-15 23:50:04,Delivered,830.0,0.0,0.0,41.5,830.0,Cash on Delivery
7775,1517,68,2023-10-12 12:58:05,Delivered,500.0,0.0,100.0,20.0,400.0,Wallet
7776,143,108,2023-06-13 13:51:39,Delivered,1140.0,0.0,0.0,57.0,1140.0,UPI
7777,346,38,2024-05-14 13:11:31,Delivered,870.0,0.0,0.0,43.5,870.0,Cash on Delivery
7778,253,149,2024-01-01 18:43:01,Delivered,50.0,40,12.5,3.88,77.5,Wallet
7779,1445,21,2024-04-23 14:28:54,Delivered,300.0,20,45.0,13.75,275.0,UPI
7780,1600,23,2024-04-26 00:42:58,Delivered,920.0,0.0,100,41.0,820.0,Wallet
7781,507,6,2024-07-25 13:41:59,Cancelled,180.0,35,0.0,10.75,215.0,Card
7782,1902,76,2024-10-05 22:16:36,Delivered,610.0,0.0,91.5,25.93,518.5,Cash on Delivery
7783,1906,132,2024-12-03 19:57:17,Cancelled,620.0,0.0,0.0,31.0,620.0,UPI
7784,468,61,2023-08-05 13:05:38,Delivered,660.0,0.0,66.0,29.7,594.0,Card
7785,838,100,2024-02-16 07:28:20,Delivered,360.0,15,54.0,16.05,321.0,Net Banking
7786,654,33,2023-10-06 18:08:16,Cancelled,540.0,0.0,81.0,22.95,459.0,Card
7787,718,17,2023-04-21 19:44:53,Delivered,1410.0,0.0,0.0,70.5,1410.0,UPI
7788,1698,146,2024-10-27 19:13:43,Delivered,40.0,40,0.0,4.0,80.0,UPI
7789,1215,51,2024-03-18 10:30:43,Delivered,780.0,0.0,0.0,39.0,780.0,UPI
7790,252,133,2024-02-28 12:15:56,Delivered,180.0,30,0.0,10.5,210.0,UPI
7791,1659,96,2024-03-21 11:01:07,Delivered,880.0,0.0,0.0,44.0,880.0,Net Banking
7792,1175,45,2023-01-28 22:30:28,Delivered,210.0,30,0.0,12.0,240.0,Wallet
7793,697,84,2023-02-23 12:13:50,Delivered,220.0,35,0.0,12.75,255.0,UPI
7794,1517,117,2024-09-04 14:43:26,Delivered,660.0,0.0,0.0,33.0,660.0,UPI
7795,856,37,2023-07-03 22:18:17,Refunded,120.0,40,24.0,6.8,136.0,UPI
7796,322,112,2023-06-18 20:49:49,Delivered,1870.0,0.0,100,88.5,1770.0,Cash on Delivery
7797,126,13,2024-02-26 19:38:06,Cancelled,1100.0,0.0,0.0,55.0,1100.0,Cash on Delivery
7798,838,62,2023-03-08 13:00:06,Refunded,300.0,25,75.0,12.5,250.0,UPI
7799,347,128,2024-01-03 14:15:11,Refunded,890.0,0.0,0.0,44.5,890.0,UPI
7800,1299,29,2024-06-11 13:06:20,Pending,250.0,25,62.5,10.62,212.5,UPI
7801,410,48,2024-10-16 12:14:04,Pending,1530.0,0.0,100,71.5,1430.0,Wallet
7802,531,50,2023-08-30 14:48:34,Delivered,280.0,30,0.0,15.5,310.0,UPI
7803,676,81,2023-06-21 19:35:26,Refunded,340.0,15,0.0,17.75,355.0,UPI
7804,7,137,2024-09-07 23:01:13,Pending,920.0,0.0,0.0,46.0,920.0,UPI
7805,1191,57,2023-06-15 19:50:29,Delivered,300.0,15,0.0,15.75,315.0,Card
7806,1158,133,2023-04-08 08:56:50,Delivered,60.0,40,0.0,5.0,100.0,UPI
7807,881,60,2023-07-27 17:49:43,Delivered,980.0,0.0,0.0,49.0,980.0,UPI
7808,395,85,2023-08-12 15:09:22,Cancelled,200.0,35,30.0,10.25,205.0,Card
7809,1187,79,2023-12-17 12:34:37,Delivered,180.0,35,18.0,9.85,197.0,Card
7810,1985,33,2024-04-07 22:39:55,Delivered,2010.0,0.0,100,95.5,1910.0,UPI
7811,445,16,2023-07-10 23:01:04,Delivered,280.0,30,28.0,14.1,282.0,Cash on Delivery
7812,1080,129,2023-02-06 21:06:02,Cancelled,330.0,25,0.0,17.75,355.0,UPI
7813,331,120,2023-10-02 21:28:47,Delivered,280.0,35,0.0,15.75,315.0,Wallet
7814,631,78,2023-03-07 16:57:55,Cancelled,290.0,25,0.0,15.75,315.0,UPI
7815,1251,14,2024-06-11 18:51:33,Delivered,390.0,15,0.0,20.25,405.0,UPI
7816,873,133,2024-07-24 19:31:39,Delivered,120.0,40,0.0,8.0,160.0,UPI
7817,1661,84,2023-12-18 07:50:25,Refunded,330.0,25,66.0,14.45,289.0,Cash on Delivery
7818,989,142,2023-08-27 14:10:32,Delivered,600.0,0.0,0.0,30.0,600.0,UPI
7819,762,52,2024-04-26 20:29:50,Pending,580.0,0.0,0.0,29.0,580.0,UPI
7820,1854,50,2023-09-12 11:55:27,Delivered,480.0,15,0.0,24.75,495.0,UPI
7821,1160,21,2023-12-05 08:16:48,Refunded,300.0,15,30.0,14.25,285.0,Net Banking
7822,1385,136,2024-09-26 11:31:35,Delivered,1160.0,0.0,100,53.0,1060.0,Card
7823,866,112,2024-01-15 20:21:10,Pending,930.0,0.0,100,41.5,830.0,Cash on Delivery
7824,370,112,2023-05-07 13:14:43,Delivered,1350.0,0.0,0.0,67.5,1350.0,Wallet
7825,1286,39,2023-10-03 20:37:45,Delivered,2030.0,0.0,0.0,101.5,2030.0,Cash on Delivery
7826,800,96,2024-12-28 12:54:23,Delivered,2990.0,0.0,0.0,149.5,2990.0,UPI
7827,941,63,2024-02-04 15:52:54,Delivered,230.0,25,0.0,12.75,255.0,Cash on Delivery
7828,739,78,2024-09-16 09:21:06,Delivered,70.0,40,0.0,5.5,110.0,Card
7829,892,39,2023-02-05 20:56:19,Delivered,290.0,40,29.0,15.05,301.0,Cash on Delivery
7830,1021,64,2023-11-01 09:28:55,Delivered,1020.0,0.0,100,46.0,920.0,UPI
7831,265,32,2023-07-05 06:45:54,Delivered,260.0,30,0.0,14.5,290.0,Card
7832,1177,140,2024-10-03 19:36:57,Delivered,1010.0,0.0,0.0,50.5,1010.0,Wallet
7833,82,21,2024-11-12 09:10:17,Delivered,630.0,0.0,0.0,31.5,630.0,Card
7834,1346,100,2024-01-25 19:53:23,Refunded,700.0,0.0,0.0,35.0,700.0,UPI
7835,844,130,2023-10-16 20:56:13,Pending,1600.0,0.0,0.0,80.0,1600.0,Wallet
7836,392,91,2024-02-26 18:47:45,Delivered,720.0,0.0,0.0,36.0,720.0,UPI
7837,1648,24,2024-06-13 10:36:46,Cancelled,850.0,0.0,85.0,38.25,765.0,Wallet
7838,625,64,2023-07-09 12:18:52,Pending,100.0,40,25.0,5.75,115.0,Wallet
7839,602,95,2024-09-05 12:25:49,Cancelled,520.0,0.0,0.0,26.0,520.0,Card
7840,366,78,2024-09-01 11:54:27,Delivered,330.0,15,0.0,17.25,345.0,UPI
7841,794,146,2023-09-18 04:42:12,Pending,1620.0,0.0,100,76.0,1520.0,Card
7842,1594,64,2023-06-27 12:40:41,Delivered,280.0,35,70.0,12.25,245.0,UPI
7843,952,114,2024-06-24 14:06:37,Delivered,230.0,25,23.0,11.6,232.0,UPI
7844,286,42,2023-05-07 12:18:58,Delivered,320.0,15,0.0,16.75,335.0,UPI
7845,358,69,2024-09-01 16:45:31,Pending,3010.0,0.0,100,145.5,2910.0,Wallet
7846,712,138,2023-05-07 17:29:22,Delivered,160.0,35,0.0,9.75,195.0,Cash on Delivery
7847,1743,115,2024-07-25 12:15:36,Delivered,860.0,0.0,0.0,43.0,860.0,UPI
7848,1615,86,2024-07-12 22:40:02,Delivered,180.0,40,0.0,11.0,220.0,Cash on Delivery
7849,759,57,2023-09-09 02:12:19,Refunded,230.0,35,57.5,10.38,207.5,Wallet
7850,358,81,2023-10-17 20:36:31,Cancelled,340.0,15,0.0,17.75,355.0,Cash on Delivery
7851,1344,127,2023-06-20 16:16:55,Cancelled,260.0,25,0.0,14.25,285.0,Wallet
7852,1629,51,2024-07-08 17:36:22,Delivered,1160.0,0.0,0.0,58.0,1160.0,UPI
7853,1469,140,2023-10-20 14:43:12,Delivered,1060.0,0.0,100,48.0,960.0,UPI
7854,1327,14,2023-08-21 12:15:50,Cancelled,310.0,20,0.0,16.5,330.0,UPI
7855,553,125,2024-04-29 10:39:28,Delivered,940.0,0.0,94.0,42.3,846.0,Cash on Delivery
7856,154,86,2024-10-12 15:26:51,Cancelled,1130.0,0.0,0.0,56.5,1130.0,Cash on Delivery
7857,1025,91,2023-11-11 19:59:18,Refunded,720.0,0.0,0.0,36.0,720.0,UPI
7858,1793,21,2023-04-10 10:42:15,Delivered,1820.0,0.0,100,86.0,1720.0,Wallet
7859,501,12,2023-11-02 17:43:48,Cancelled,1440.0,0.0,0.0,72.0,1440.0,UPI
7860,122,99,2024-09-11 12:33:10,Delivered,1570.0,0.0,0.0,78.5,1570.0,UPI
7861,1085,51,2024-05-17 14:00:47,Refunded,680.0,0.0,0.0,34.0,680.0,Cash on Delivery
7862,543,20,2024-05-18 12:01:50,Cancelled,470.0,15,0.0,24.25,485.0,Cash on Delivery
7863,1546,32,2023-06-12 21:54:54,Delivered,540.0,0.0,0.0,27.0,540.0,Card
7864,286,57,2023-05-03 00:19:33,Delivered,1160.0,0.0,100,53.0,1060.0,Net Banking
7865,1231,60,2023-01-21 13:23:51,Pending,580.0,0.0,0.0,29.0,580.0,Card
7866,277,88,2024-10-20 20:05:02,Delivered,1710.0,0.0,100,80.5,1610.0,Net Banking
7867,1773,57,2023-10-04 13:18:18,Delivered,1370.0,0.0,100,63.5,1270.0,UPI
7868,1994,114,2023-10-25 19:26:47,Cancelled,620.0,0.0,62.0,27.9,558.0,UPI
7869,465,69,2023-08-17 20:07:52,Cancelled,540.0,0.0,0.0,27.0,540.0,UPI
7870,6,54,2024-05-14 19:52:36,Pending,160.0,35,32.0,8.15,163.0,Net Banking
7871,1487,39,2024-08-30 19:25:16,Refunded,100.0,35,25.0,5.5,110.0,UPI
7872,196,79,2024-03-22 21:28:31,Pending,1420.0,0.0,100,66.0,1320.0,Cash on Delivery
7873,741,78,2024-09-04 18:10:18,Cancelled,160.0,30,0.0,9.5,190.0,Wallet
7874,1574,135,2024-04-29 13:22:45,Delivered,480.0,25,0.0,25.25,505.0,Cash on Delivery
7875,1119,121,2024-08-17 11:58:24,Refunded,1420.0,0.0,0.0,71.0,1420.0,UPI
7876,1377,73,2024-12-22 20:59:08,Pending,1940.0,0.0,100,92.0,1840.0,UPI
7877,1718,92,2023-08-07 08:22:59,Cancelled,220.0,25,0.0,12.25,245.0,Card
7878,77,79,2024-06-13 14:14:57,Delivered,50.0,35,10.0,3.75,75.0,UPI
7879,298,137,2024-07-17 17:57:38,Delivered,950.0,0.0,0.0,47.5,950.0,UPI
7880,1888,131,2024-04-14 19:21:57,Refunded,100.0,40,0.0,7.0,140.0,Cash on Delivery
7881,1802,78,2024-01-26 18:47:24,Delivered,50.0,35,0.0,4.25,85.0,UPI
7882,1078,72,2023-02-07 16:54:41,Delivered,700.0,0.0,0.0,35.0,700.0,Cash on Delivery
7883,561,5,2023-02-23 02:45:47,Refunded,390.0,15,0.0,20.25,405.0,UPI
7884,1435,72,2023-11-19 15:39:13,Pending,270.0,40,0.0,15.5,310.0,Card
7885,258,26,2023-04-06 09:43:07,Delivered,120.0,40,0.0,8.0,160.0,UPI
7886,34,131,2023-11-28 13:00:50,Cancelled,1170.0,0.0,100,53.5,1070.0,UPI
7887,993,38,2023-04-12 17:39:28,Pending,660.0,0.0,99.0,28.05,561.0,UPI
7888,1063,129,2024-08-31 17:36:08,Delivered,1060.0,0.0,0.0,53.0,1060.0,Net Banking
7889,1236,51,2024-03-10 21:02:46,Pending,1500.0,0.0,0.0,75.0,1500.0,UPI
7890,1550,62,2023-05-01 20:47:22,Delivered,300.0,20,75.0,12.25,245.0,Card
7891,415,24,2024-08-09 13:01:31,Delivered,1440.0,0.0,100,67.0,1340.0,Wallet
7892,1539,12,2024-09-21 09:29:21,Delivered,920.0,0.0,100,41.0,820.0,UPI
7893,1029,103,2024-05-24 17:48:30,Delivered,270.0,35,0.0,15.25,305.0,Cash on Delivery
7894,832,105,2023-08-23 16:29:13,Delivered,2670.0,0.0,0.0,133.5,2670.0,UPI
7895,1530,68,2023-11-03 21:00:10,Delivered,520.0,0.0,0.0,26.0,520.0,UPI
7896,689,40,2024-05-07 18:10:22,Delivered,350.0,25,0.0,18.75,375.0,UPI
7897,61,39,2023-02-17 23:06:19,Refunded,750.0,0.0,0.0,37.5,750.0,Wallet
7898,612,51,2023-08-11 14:59:20,Pending,700.0,0.0,0.0,35.0,700.0,Card
7899,982,79,2023-10-31 17:02:01,Delivered,50.0,35,7.5,3.88,77.5,Net Banking
7900,31,101,2023-04-25 16:14:11,Delivered,790.0,0.0,0.0,39.5,790.0,UPI
7901,885,98,2024-09-06 18:55:58,Delivered,380.0,15,0.0,19.75,395.0,UPI
7902,443,6,2023-11-05 16:53:00,Delivered,500.0,0.0,0.0,25.0,500.0,UPI
7903,834,75,2023-12-24 14:43:45,Delivered,810.0,0.0,100,35.5,710.0,Card
7904,1039,51,2024-08-03 20:02:19,Pending,760.0,0.0,100,33.0,660.0,Cash on Delivery
7905,77,55,2023-08-18 10:46:46,Delivered,270.0,35,67.5,11.88,237.5,UPI
7906,37,23,2024-07-01 13:01:00,Delivered,610.0,0.0,100,25.5,510.0,Cash on Delivery
7907,1427,1,2024-02-04 13:04:03,Delivered,400.0,20,0.0,21.0,420.0,UPI
7908,673,32,2024-07-04 19:26:19,Delivered,300.0,25,0.0,16.25,325.0,UPI
7909,471,114,2024-08-01 22:09:11,Delivered,510.0,0.0,0.0,25.5,510.0,Wallet
7910,470,1,2023-12-12 19:38:30,Delivered,1400.0,0.0,0.0,70.0,1400.0,Card
7911,935,91,2024-10-19 21:09:53,Delivered,720.0,0.0,0.0,36.0,720.0,Card
7912,495,24,2023-10-27 21:31:34,Refunded,1930.0,0.0,0.0,96.5,1930.0,Cash on Delivery
7913,1135,11,2023-08-01 20:15:36,Delivered,710.0,0.0,100,30.5,610.0,Card
7914,1018,57,2023-12-20 10:31:25,Cancelled,390.0,15,58.5,17.32,346.5,UPI
7915,1702,123,2023-08-04 13:07:01,Pending,640.0,0.0,0.0,32.0,640.0,UPI
7916,1192,110,2024-03-03 18:57:34,Delivered,860.0,0.0,0.0,43.0,860.0,UPI
7917,74,132,2023-11-12 13:20:17,Refunded,670.0,0.0,100,28.5,570.0,Cash on Delivery
7918,166,32,2024-03-04 17:05:35,Cancelled,560.0,0.0,84.0,23.8,476.0,Cash on Delivery
7919,872,19,2024-10-12 20:03:10,Refunded,200.0,40,20.0,11.0,220.0,Cash on Delivery
7920,1527,84,2024-10-21 16:53:22,Delivered,90.0,40,18.0,5.6,112.0,Cash on Delivery
7921,1428,68,2024-02-07 17:48:39,Cancelled,50.0,35,0.0,4.25,85.0,UPI
7922,1675,68,2024-11-15 19:37:45,Delivered,630.0,0.0,0.0,31.5,630.0,Cash on Delivery
7923,167,32,2023-07-29 18:24:25,Cancelled,570.0,0.0,0.0,28.5,570.0,UPI
7924,787,33,2023-07-21 15:27:00,Pending,3610.0,0.0,100,175.5,3510.0,UPI
7925,1775,144,2023-04-25 21:33:45,Delivered,1530.0,0.0,0.0,76.5,1530.0,Card
7926,1102,75,2023-09-20 17:48:50,Delivered,160.0,30,0.0,9.5,190.0,UPI
7927,449,25,2023-11-25 21:03:29,Delivered,810.0,0.0,0.0,40.5,810.0,Card
7928,703,148,2024-03-04 14:01:22,Delivered,1150.0,0.0,100,52.5,1050.0,Card
7929,1470,76,2023-01-06 13:47:40,Delivered,480.0,25,0.0,25.25,505.0,Net Banking
7930,1815,64,2023-11-10 19:13:56,Delivered,60.0,25,0.0,4.25,85.0,Card
7931,1006,130,2023-03-24 10:25:07,Delivered,200.0,40,0.0,12.0,240.0,Card
7932,122,45,2023-07-19 12:03:28,Delivered,80.0,35,8.0,5.35,107.0,Wallet
7933,711,11,2024-08-11 13:23:59,Delivered,440.0,25,0.0,23.25,465.0,UPI
7934,1177,34,2024-08-24 17:41:20,Cancelled,740.0,0.0,100,32.0,640.0,UPI
7935,1890,140,2023-12-02 13:41:05,Delivered,200.0,25,20.0,10.25,205.0,Wallet
7936,675,13,2023-04-23 22:27:59,Pending,960.0,0.0,0.0,48.0,960.0,UPI
7937,1900,61,2023-12-31 11:22:08,Delivered,240.0,30,0.0,13.5,270.0,Cash on Delivery
7938,1671,149,2024-06-25 18:55:28,Delivered,100.0,30,0.0,6.5,130.0,Net Banking
7939,1164,62,2023-03-04 01:44:10,Refunded,300.0,25,60.0,13.25,265.0,UPI
7940,1073,88,2024-10-21 12:33:10,Delivered,1150.0,0.0,0.0,57.5,1150.0,UPI
7941,1060,1,2024-10-15 20:33:36,Cancelled,670.0,0.0,0.0,33.5,670.0,Net Banking
7942,710,86,2023-01-30 18:41:59,Delivered,290.0,40,43.5,14.33,286.5,Wallet
7943,652,140,2024-02-28 12:25:36,Pending,280.0,30,0.0,15.5,310.0,UPI
7944,406,67,2024-09-11 01:19:07,Cancelled,230.0,25,0.0,12.75,255.0,UPI
7945,1218,131,2024-01-13 06:51:53,Delivered,1730.0,0.0,0.0,86.5,1730.0,UPI
7946,1833,63,2023-07-05 01:05:28,Cancelled,1080.0,0.0,100,49.0,980.0,Card
7947,1642,17,2024-04-19 21:01:02,Delivered,940.0,0.0,0.0,47.0,940.0,Card
7948,1871,117,2023-06-07 10:16:47,Refunded,310.0,20,31.0,14.95,299.0,UPI
7949,1714,67,2024-03-14 10:43:56,Cancelled,580.0,0.0,0.0,29.0,580.0,UPI
7950,4,91,2024-05-28 10:18:31,Cancelled,720.0,0.0,0.0,36.0,720.0,Cash on Delivery
7951,1171,126,2024-07-29 12:58:31,Delivered,1520.0,0.0,100,71.0,1420.0,Card
7952,1462,46,2024-12-05 20:29:12,Refunded,1480.0,0.0,0.0,74.0,1480.0,Wallet
7953,111,111,2024-02-24 19:04:59,Pending,610.0,0.0,0.0,30.5,610.0,UPI
7954,1116,14,2024-08-22 18:51:11,Cancelled,520.0,0.0,0.0,26.0,520.0,UPI
7955,154,48,2024-08-01 12:40:13,Delivered,230.0,25,0.0,12.75,255.0,Cash on Delivery
7956,1216,126,2023-09-10 20:08:03,Delivered,730.0,0.0,0.0,36.5,730.0,Cash on Delivery
7957,1743,82,2024-10-06 07:56:14,Cancelled,570.0,0.0,85.5,24.23,484.5,Cash on Delivery
7958,1470,64,2024-06-22 13:25:23,Delivered,1010.0,0.0,0.0,50.5,1010.0,UPI
7959,1349,91,2024-11-13 19:17:28,Cancelled,600.0,0.0,0.0,30.0,600.0,Cash on Delivery
7960,1546,122,2024-09-16 02:28:50,Pending,440.0,20,66.0,19.7,394.0,UPI
7961,162,95,2024-10-12 17:51:53,Cancelled,290.0,35,0.0,16.25,325.0,Card
7962,297,50,2023-09-04 18:31:29,Cancelled,220.0,30,0.0,12.5,250.0,Wallet
7963,96,131,2023-07-13 19:11:11,Delivered,330.0,20,82.5,13.38,267.5,Cash on Delivery
7964,164,62,2023-10-31 16:20:27,Delivered,600.0,0.0,0.0,30.0,600.0,Wallet
7965,763,13,2023-09-23 13:15:27,Refunded,2630.0,0.0,100,126.5,2530.0,Cash on Delivery
7966,1,27,2024-07-17 20:40:48,Pending,710.0,0.0,100,30.5,610.0,Wallet
7967,1724,108,2024-09-28 06:37:52,Delivered,1430.0,0.0,0.0,71.5,1430.0,Wallet
7968,1818,6,2023-07-29 15:00:34,Delivered,1840.0,0.0,0.0,92.0,1840.0,UPI
7969,891,32,2023-03-06 20:00:19,Delivered,270.0,35,0.0,15.25,305.0,Cash on Delivery
7970,1993,136,2023-06-20 08:07:31,Pending,450.0,20,90.0,19.0,380.0,UPI
7971,1036,11,2024-05-07 20:19:15,Cancelled,810.0,0.0,0.0,40.5,810.0,Card
7972,474,66,2024-01-31 13:51:16,Cancelled,710.0,0.0,100,30.5,610.0,Cash on Delivery
7973,1552,129,2024-01-22 10:33:59,Pending,760.0,0.0,0.0,38.0,760.0,UPI
7974,1236,51,2024-08-27 04:41:22,Cancelled,670.0,0.0,0.0,33.5,670.0,UPI
7975,529,127,2024-05-12 19:12:34,Delivered,1280.0,0.0,0.0,64.0,1280.0,UPI
7976,1872,110,2024-09-13 10:34:33,Delivered,340.0,20,85.0,13.75,275.0,Cash on Delivery
7977,1245,140,2023-10-02 15:54:49,Cancelled,1770.0,0.0,0.0,88.5,1770.0,Net Banking
7978,220,138,2023-08-28 13:18:09,Refunded,1140.0,0.0,100,52.0,1040.0,Card
7979,1975,57,2023-09-11 23:57:14,Delivered,600.0,0.0,100,25.0,500.0,UPI
7980,894,124,2024-07-06 19:52:29,Cancelled,640.0,0.0,0.0,32.0,640.0,UPI
7981,1777,62,2024-04-13 13:29:58,Cancelled,300.0,15,45.0,13.5,270.0,Card
7982,845,17,2023-12-06 15:35:55,Cancelled,2070.0,0.0,0.0,103.5,2070.0,UPI
7983,1350,125,2024-10-02 08:29:17,Delivered,420.0,15,0.0,21.75,435.0,Card
7984,575,111,2024-10-09 20:02:16,Delivered,690.0,0.0,0.0,34.5,690.0,Card
7985,156,78,2023-07-25 19:36:34,Cancelled,480.0,20,0.0,25.0,500.0,Card
7986,327,119,2024-02-21 19:26:22,Cancelled,650.0,0.0,0.0,32.5,650.0,Card
7987,364,119,2023-09-10 10:21:27,Delivered,740.0,0.0,74.0,33.3,666.0,Cash on Delivery
7988,1318,63,2024-03-17 13:10:42,Delivered,880.0,0.0,100,39.0,780.0,Wallet
7989,357,105,2024-01-02 15:21:28,Refunded,1060.0,0.0,0.0,53.0,1060.0,UPI
7990,1702,46,2023-07-29 12:37:41,Delivered,850.0,0.0,100,37.5,750.0,UPI
7991,187,6,2023-08-11 14:23:01,Delivered,600.0,0.0,0.0,30.0,600.0,Cash on Delivery
7992,410,72,2024-10-08 06:51:49,Cancelled,230.0,40,57.5,10.62,212.5,Wallet
7993,1599,39,2024-02-03 03:54:26,Delivered,390.0,15,39.0,18.3,366.0,UPI
7994,1492,117,2024-05-27 12:07:29,Delivered,2270.0,0.0,0.0,113.5,2270.0,UPI
7995,1363,40,2024-02-02 16:49:47,Delivered,440.0,15,66.0,19.45,389.0,Card
7996,964,122,2023-03-29 20:04:53,Delivered,290.0,40,0.0,16.5,330.0,Card
7997,597,146,2024-04-28 21:11:10,Delivered,490.0,20,0.0,25.5,510.0,UPI
7998,169,96,2023-06-26 12:38:11,Delivered,480.0,25,100,20.25,405.0,Cash on Delivery
7999,792,63,2023-03-25 10:28:41,Pending,240.0,25,24.0,12.05,241.0,UPI
8000,1771,76,2023-09-02 11:20:55,Delivered,120.0,25,30.0,5.75,115.0,UPI
8001,13,8,2024-03-20 22:06:56,Delivered,480.0,20,48.0,22.6,452.0,Card
8002,1872,75,2024-07-01 10:18:41,Delivered,480.0,15,0.0,24.75,495.0,UPI
8003,1049,100,2024-01-22 21:05:58,Delivered,460.0,25,0.0,24.25,485.0,Cash on Delivery
8004,1300,34,2024-02-28 17:07:38,Delivered,660.0,0.0,100,28.0,560.0,UPI
8005,1783,58,2024-12-23 06:20:57,Delivered,1200.0,0.0,0.0,60.0,1200.0,Wallet
8006,989,136,2024-04-11 13:52:39,Delivered,680.0,0.0,0.0,34.0,680.0,Cash on Delivery
8007,1492,138,2023-06-11 21:37:24,Delivered,120.0,35,0.0,7.75,155.0,Wallet
8008,806,48,2024-08-27 11:11:32,Cancelled,750.0,0.0,0.0,37.5,750.0,UPI
8009,1686,108,2024-01-24 07:14:56,Delivered,90.0,40,0.0,6.5,130.0,Cash on Delivery
8010,1035,75,2023-06-26 22:40:16,Refunded,450.0,20,0.0,23.5,470.0,UPI
8011,191,109,2023-08-21 19:16:43,Pending,570.0,0.0,0.0,28.5,570.0,Cash on Delivery
8012,1067,96,2023-06-17 07:31:41,Delivered,780.0,0.0,100,34.0,680.0,Card
8013,1659,14,2023-10-25 06:31:36,Cancelled,460.0,20,0.0,24.0,480.0,Card
8014,751,21,2023-06-30 12:29:30,Pending,680.0,0.0,0.0,34.0,680.0,Card
8015,1932,84,2023-08-06 13:00:24,Delivered,150.0,30,22.5,7.88,157.5,UPI
8016,918,52,2023-05-03 19:59:09,Delivered,130.0,40,0.0,8.5,170.0,Cash on Delivery
8017,1056,13,2024-09-20 14:58:07,Cancelled,260.0,40,0.0,15.0,300.0,UPI
8018,838,27,2024-12-04 14:21:01,Delivered,520.0,0.0,0.0,26.0,520.0,Card
8019,1514,119,2023-09-19 13:48:37,Pending,1170.0,0.0,0.0,58.5,1170.0,Card
8020,1060,15,2023-12-09 16:51:36,Refunded,60.0,30,0.0,4.5,90.0,Cash on Delivery
8021,666,46,2024-10-14 20:13:11,Delivered,270.0,35,0.0,15.25,305.0,Wallet
8022,706,98,2023-08-11 19:10:49,Refunded,1900.0,0.0,0.0,95.0,1900.0,Wallet
8023,1400,132,2023-10-02 13:06:21,Delivered,940.0,0.0,0.0,47.0,940.0,Card
8024,934,130,2023-06-03 19:32:46,Refunded,470.0,25,0.0,24.75,495.0,UPI
8025,78,146,2023-10-22 02:14:37,Delivered,40.0,35,10.0,3.25,65.0,Cash on Delivery
8026,1702,40,2023-09-10 20:37:51,Delivered,450.0,20,0.0,23.5,470.0,UPI
8027,1242,109,2023-11-15 04:55:49,Cancelled,450.0,15,90.0,18.75,375.0,Cash on Delivery
8028,1818,85,2023-01-27 19:40:21,Delivered,410.0,25,41.0,19.7,394.0,Cash on Delivery
8029,1431,16,2024-08-12 12:33:24,Cancelled,1610.0,0.0,0.0,80.5,1610.0,Cash on Delivery
8030,1281,108,2023-02-26 08:11:11,Delivered,1540.0,0.0,100,72.0,1440.0,Card
8031,406,12,2023-10-13 13:05:25,Delivered,400.0,15,0.0,20.75,415.0,UPI
8032,398,133,2024-12-01 16:53:41,Delivered,440.0,20,0.0,23.0,460.0,Card
8033,1289,10,2024-09-13 03:51:03,Delivered,470.0,20,94.0,19.8,396.0,Wallet
8034,798,51,2023-09-26 19:36:01,Delivered,1080.0,0.0,100,49.0,980.0,Card
8035,122,135,2023-07-30 14:56:17,Delivered,280.0,25,0.0,15.25,305.0,UPI
8036,1604,129,2023-08-29 10:49:33,Pending,400.0,25,0.0,21.25,425.0,Card
8037,136,100,2023-02-08 22:10:18,Cancelled,290.0,30,0.0,16.0,320.0,Card
8038,1561,102,2023-08-22 18:16:31,Delivered,1110.0,0.0,0.0,55.5,1110.0,Cash on Delivery
8039,1531,68,2024-11-24 19:16:21,Delivered,310.0,25,0.0,16.75,335.0,Net Banking
8040,1173,146,2024-01-12 13:31:44,Delivered,2940.0,0.0,0.0,147.0,2940.0,UPI
8041,1224,95,2023-05-16 19:16:08,Delivered,280.0,35,56.0,12.95,259.0,Cash on Delivery
8042,1061,104,2024-09-20 18:08:26,Delivered,180.0,40,0.0,11.0,220.0,UPI
8043,1257,144,2023-07-27 16:59:15,Delivered,730.0,0.0,100,31.5,630.0,UPI
8044,322,137,2023-11-16 09:09:26,Cancelled,1420.0,0.0,0.0,71.0,1420.0,Card
8045,125,46,2023-06-02 20:31:07,Pending,1080.0,0.0,0.0,54.0,1080.0,Card
8046,1338,117,2023-03-10 19:59:54,Cancelled,1130.0,0.0,0.0,56.5,1130.0,UPI
8047,1177,80,2024-03-23 10:41:10,Refunded,210.0,40,0.0,12.5,250.0,Cash on Delivery
8048,287,32,2023-11-08 19:43:25,Delivered,150.0,25,0.0,8.75,175.0,Card
8049,234,103,2023-05-23 18:34:03,Delivered,900.0,0.0,100,40.0,800.0,UPI
8050,1068,11,2023-08-21 18:07:28,Pending,590.0,0.0,88.5,25.08,501.5,Wallet
8051,712,10,2024-10-29 12:37:54,Pending,900.0,0.0,0.0,45.0,900.0,UPI
8052,1349,123,2024-12-18 12:22:51,Cancelled,900.0,0.0,0.0,45.0,900.0,UPI
8053,1940,129,2023-12-20 03:53:03,Delivered,2040.0,0.0,0.0,102.0,2040.0,Cash on Delivery
8054,1132,14,2023-09-10 17:30:18,Pending,290.0,35,29.0,14.8,296.0,Cash on Delivery
8055,1522,32,2023-08-03 19:47:58,Delivered,50.0,40,0.0,4.5,90.0,Cash on Delivery
8056,1246,114,2024-05-28 21:53:33,Delivered,970.0,0.0,0.0,48.5,970.0,Card
8057,471,17,2024-04-05 21:58:01,Cancelled,930.0,0.0,0.0,46.5,930.0,UPI
8058,134,52,2024-11-20 20:35:19,Cancelled,620.0,0.0,100,26.0,520.0,Card
8059,391,133,2024-10-08 18:38:09,Delivered,500.0,0.0,50.0,22.5,450.0,UPI
8060,1255,46,2023-01-31 15:02:29,Refunded,2360.0,0.0,0.0,118.0,2360.0,UPI
8061,1456,66,2024-08-12 17:14:48,Delivered,420.0,15,0.0,21.75,435.0,UPI
8062,1104,34,2023-08-07 18:43:41,Pending,840.0,0.0,100,37.0,740.0,Wallet
8063,1882,55,2023-11-21 08:32:12,Cancelled,1200.0,0.0,0.0,60.0,1200.0,Card
8064,1760,120,2024-12-10 10:11:03,Delivered,840.0,0.0,100,37.0,740.0,Wallet
8065,881,126,2024-06-12 13:27:37,Delivered,1500.0,0.0,100,70.0,1400.0,Card
8066,849,19,2024-06-24 15:45:38,Delivered,930.0,0.0,0.0,46.5,930.0,Net Banking
8067,1892,5,2023-05-16 00:07:32,Delivered,1270.0,0.0,0.0,63.5,1270.0,Card
8068,782,63,2023-03-02 15:51:11,Cancelled,800.0,0.0,0.0,40.0,800.0,Wallet
8069,255,86,2023-03-02 21:25:41,Delivered,580.0,0.0,100,24.0,480.0,Card
8070,596,72,2023-10-24 12:59:03,Delivered,570.0,0.0,85.5,24.23,484.5,UPI
8071,1850,25,2024-04-10 08:35:40,Delivered,1120.0,0.0,0.0,56.0,1120.0,UPI
8072,1156,148,2023-12-16 21:26:43,Delivered,2480.0,0.0,0.0,124.0,2480.0,Card
8073,753,33,2023-09-13 14:17:18,Delivered,140.0,30,0.0,8.5,170.0,Card
8074,1512,17,2024-02-24 14:50:05,Cancelled,2070.0,0.0,0.0,103.5,2070.0,Card
8075,1903,76,2023-09-15 14:26:09,Delivered,150.0,30,22.5,7.88,157.5,Cash on Delivery
8076,1462,72,2023-06-15 15:29:39,Cancelled,1110.0,0.0,100,50.5,1010.0,Card
8077,1485,97,2024-05-20 14:56:42,Delivered,970.0,0.0,0.0,48.5,970.0,Card
8078,1398,61,2023-11-01 09:57:40,Delivered,120.0,35,24.0,6.55,131.0,Cash on Delivery
8079,1966,58,2023-06-22 16:53:55,Cancelled,1260.0,0.0,100,58.0,1160.0,Card
8080,1923,133,2023-10-22 20:58:43,Delivered,160.0,35,0.0,9.75,195.0,Cash on Delivery
8081,1902,130,2024-11-04 17:12:28,Delivered,1050.0,0.0,100,47.5,950.0,Net Banking
8082,1300,97,2023-06-12 00:21:57,Delivered,280.0,40,0.0,16.0,320.0,UPI
8083,603,14,2024-02-28 13:58:12,Delivered,60.0,35,0.0,4.75,95.0,UPI
8084,1887,91,2024-12-17 20:47:16,Cancelled,920.0,0.0,0.0,46.0,920.0,Card
8085,353,25,2024-01-22 20:20:44,Delivered,2890.0,0.0,0.0,144.5,2890.0,Card
8086,461,69,2024-03-03 17:53:02,Delivered,600.0,0.0,60.0,27.0,540.0,UPI
8087,1832,81,2023-10-24 12:17:07,Delivered,430.0,15,0.0,22.25,445.0,UPI
8088,1765,39,2023-02-09 12:26:08,Delivered,60.0,35,6.0,4.45,89.0,Card
8089,669,20,2023-06-26 16:10:58,Cancelled,320.0,20,48.0,14.6,292.0,Cash on Delivery
8090,1024,67,2024-06-12 12:33:34,Delivered,240.0,35,0.0,13.75,275.0,Card
8091,1124,101,2023-06-04 00:39:44,Cancelled,70.0,30,10.5,4.48,89.5,Card
8092,1602,85,2024-08-03 15:41:13,Delivered,740.0,0.0,100,32.0,640.0,Card
8093,1119,45,2024-02-14 19:03:48,Refunded,170.0,25,0.0,9.75,195.0,Wallet
8094,117,149,2024-04-15 20:09:17,Cancelled,360.0,15,0.0,18.75,375.0,Cash on Delivery
8095,1215,33,2024-11-14 20:03:50,Cancelled,2140.0,0.0,0.0,107.0,2140.0,Card
8096,1492,117,2023-11-30 11:52:36,Cancelled,750.0,0.0,0.0,37.5,750.0,Card
8097,1866,144,2024-08-21 12:28:23,Cancelled,750.0,0.0,0.0,37.5,750.0,Net Banking
8098,922,77,2024-10-03 23:01:56,Delivered,90.0,30,0.0,6.0,120.0,Wallet
8099,1736,120,2023-04-25 11:46:37,Delivered,840.0,0.0,0.0,42.0,840.0,UPI
8100,849,109,2023-09-25 06:02:58,Pending,1380.0,0.0,0.0,69.0,1380.0,Net Banking
8101,844,143,2023-04-22 06:26:27,Delivered,880.0,0.0,88.0,39.6,792.0,Wallet
8102,1903,13,2023-07-02 16:17:20,Refunded,130.0,35,0.0,8.25,165.0,Cash on Delivery
8103,296,51,2023-09-21 20:41:53,Cancelled,740.0,0.0,100,32.0,640.0,Card
8104,409,1,2024-09-19 14:20:24,Delivered,690.0,0.0,0.0,34.5,690.0,Card
8105,1721,100,2023-02-02 10:09:57,Delivered,490.0,25,98.0,20.85,417.0,Cash on Delivery
8106,412,114,2024-10-22 10:12:38,Delivered,1020.0,0.0,0.0,51.0,1020.0,Wallet
8107,679,134,2024-01-05 21:29:23,Cancelled,120.0,40,0.0,8.0,160.0,Cash on Delivery
8108,284,63,2024-04-19 20:48:26,Delivered,70.0,30,0.0,5.0,100.0,UPI
8109,348,50,2024-06-24 13:50:59,Delivered,220.0,40,0.0,13.0,260.0,UPI
8110,4,40,2024-08-02 20:24:00,Cancelled,270.0,25,0.0,14.75,295.0,UPI
8111,356,45,2024-06-10 11:22:54,Delivered,190.0,25,0.0,10.75,215.0,Card
8112,693,100,2023-12-03 19:47:19,Delivered,1140.0,0.0,0.0,57.0,1140.0,Cash on Delivery
8113,1778,104,2023-08-17 13:07:19,Pending,410.0,25,41.0,19.7,394.0,UPI
8114,1001,111,2024-06-03 21:16:23,Refunded,100.0,30,20.0,5.5,110.0,Card
8115,1149,13,2023-12-10 10:16:08,Delivered,1120.0,0.0,100,51.0,1020.0,Cash on Delivery
8116,1119,15,2024-09-19 18:04:52,Pending,1020.0,0.0,0.0,51.0,1020.0,UPI
8117,75,142,2024-11-06 21:48:30,Delivered,300.0,15,60.0,12.75,255.0,Cash on Delivery
8118,1364,79,2024-09-19 20:02:53,Delivered,1560.0,0.0,0.0,78.0,1560.0,Cash on Delivery
8119,968,68,2023-10-14 22:52:38,Delivered,290.0,25,0.0,15.75,315.0,Card
8120,686,20,2023-05-04 13:45:59,Delivered,530.0,0.0,0.0,26.5,530.0,Cash on Delivery
8121,875,127,2023-08-03 12:58:42,Delivered,660.0,0.0,0.0,33.0,660.0,Cash on Delivery
8122,168,60,2023-04-25 13:13:27,Delivered,2820.0,0.0,100,136.0,2720.0,UPI
8123,719,6,2024-06-27 18:47:15,Cancelled,100.0,25,20.0,5.25,105.0,Net Banking
8124,1741,45,2024-07-28 16:44:35,Delivered,390.0,15,0.0,20.25,405.0,UPI
8125,1940,52,2023-06-11 03:24:18,Delivered,210.0,40,0.0,12.5,250.0,Card
8126,1232,142,2023-12-30 13:39:51,Delivered,300.0,25,0.0,16.25,325.0,UPI
8127,1309,136,2023-10-12 20:19:29,Delivered,900.0,0.0,0.0,45.0,900.0,Card
8128,1771,104,2024-02-29 21:49:48,Delivered,220.0,30,0.0,12.5,250.0,UPI
8129,865,126,2024-03-19 19:55:00,Cancelled,1960.0,0.0,0.0,98.0,1960.0,Cash on Delivery
8130,1662,73,2023-08-20 22:55:38,Delivered,330.0,20,0.0,17.5,350.0,UPI
8131,287,50,2023-07-25 14:10:18,Refunded,170.0,40,0.0,10.5,210.0,UPI
8132,292,132,2023-04-27 09:08:02,Refunded,2000.0,0.0,100,95.0,1900.0,Card
8133,1684,1,2023-07-16 01:09:31,Cancelled,490.0,15,0.0,25.25,505.0,UPI
8134,320,104,2024-07-14 19:41:35,Cancelled,250.0,30,0.0,14.0,280.0,UPI
8135,793,23,2023-09-02 12:08:22,Delivered,670.0,0.0,100,28.5,570.0,UPI
8136,281,14,2023-11-25 19:10:26,Pending,1310.0,0.0,100,60.5,1210.0,Net Banking
8137,1959,20,2023-09-19 12:21:57,Delivered,530.0,0.0,0.0,26.5,530.0,Card
8138,1630,119,2023-07-09 13:04:03,Pending,420.0,15,0.0,21.75,435.0,UPI
8139,911,112,2023-11-28 12:55:10,Delivered,310.0,15,46.5,13.93,278.5,Cash on Delivery
8140,1966,18,2023-09-18 10:16:17,Delivered,660.0,0.0,0.0,33.0,660.0,Wallet
8141,1688,95,2023-11-27 19:49:46,Delivered,360.0,25,0.0,19.25,385.0,Card
8142,1066,33,2023-08-12 10:09:28,Delivered,2420.0,0.0,100,116.0,2320.0,UPI
8143,1231,127,2023-05-22 09:06:29,Cancelled,40.0,25,0.0,3.25,65.0,UPI
8144,892,82,2024-03-07 14:52:33,Delivered,60.0,35,0.0,4.75,95.0,UPI
8145,987,78,2024-11-14 17:36:00,Cancelled,180.0,40,0.0,11.0,220.0,Card
8146,935,93,2023-10-17 12:54:55,Delivered,460.0,25,0.0,24.25,485.0,UPI
8147,302,40,2024-10-29 08:48:00,Refunded,500.0,0.0,0.0,25.0,500.0,Wallet
8148,1517,56,2024-04-09 17:18:23,Refunded,2090.0,0.0,0.0,104.5,2090.0,UPI
8149,1303,13,2023-07-17 11:36:47,Delivered,1400.0,0.0,0.0,70.0,1400.0,Wallet
8150,322,109,2024-05-06 11:48:33,Cancelled,460.0,25,92.0,19.65,393.0,UPI
8151,85,24,2024-11-02 09:33:59,Delivered,850.0,0.0,85.0,38.25,765.0,UPI
8152,1142,122,2023-11-04 13:11:38,Delivered,1290.0,0.0,100,59.5,1190.0,UPI
8153,1688,82,2024-02-12 19:37:28,Delivered,60.0,25,6.0,3.95,79.0,Net Banking
8154,1653,18,2024-11-07 20:55:16,Delivered,130.0,30,0.0,8.0,160.0,UPI
8155,895,131,2024-02-10 02:47:58,Delivered,1170.0,0.0,0.0,58.5,1170.0,Wallet
8156,1662,6,2023-04-05 19:50:44,Delivered,230.0,30,0.0,13.0,260.0,UPI
8157,928,85,2023-06-20 15:45:35,Delivered,570.0,0.0,0.0,28.5,570.0,UPI
8158,1455,108,2023-11-11 15:56:54,Delivered,670.0,0.0,0.0,33.5,670.0,Cash on Delivery
8159,197,105,2023-04-20 12:19:50,Delivered,710.0,0.0,0.0,35.5,710.0,Card
8160,1463,43,2024-04-10 23:01:05,Delivered,420.0,20,84.0,17.8,356.0,Card
8161,1104,115,2023-09-12 10:46:48,Delivered,220.0,35,44.0,10.55,211.0,Card
8162,843,132,2024-05-20 21:09:31,Cancelled,330.0,15,0.0,17.25,345.0,Cash on Delivery
8163,1891,39,2024-11-19 22:38:07,Cancelled,1100.0,0.0,100,50.0,1000.0,Cash on Delivery
8164,1834,40,2023-08-05 16:24:13,Pending,330.0,25,33.0,16.1,322.0,Card
8165,1315,78,2024-11-17 18:11:13,Pending,630.0,0.0,0.0,31.5,630.0,UPI
8166,1133,52,2024-04-08 11:34:52,Cancelled,1060.0,0.0,0.0,53.0,1060.0,UPI
8167,1642,15,2024-03-10 11:16:31,Pending,1160.0,0.0,100,53.0,1060.0,UPI
8168,397,14,2024-11-08 17:16:50,Delivered,210.0,40,0.0,12.5,250.0,Wallet
8169,975,101,2024-10-21 17:08:40,Delivered,170.0,30,0.0,10.0,200.0,UPI
8170,904,88,2024-07-20 19:47:15,Delivered,70.0,30,10.5,4.48,89.5,Card
8171,725,127,2024-10-31 19:28:17,Delivered,300.0,20,0.0,16.0,320.0,UPI
8172,44,127,2023-08-03 03:00:59,Delivered,930.0,0.0,100,41.5,830.0,UPI
8173,397,126,2024-11-25 13:18:07,Refunded,1640.0,0.0,100,77.0,1540.0,UPI
8174,1172,117,2023-06-25 14:25:26,Refunded,2070.0,0.0,0.0,103.5,2070.0,Card
8175,739,60,2024-12-07 18:20:22,Delivered,280.0,30,0.0,15.5,310.0,UPI
8176,1446,86,2023-11-30 19:04:52,Delivered,1130.0,0.0,0.0,56.5,1130.0,Card
8177,210,125,2023-06-27 23:59:20,Refunded,770.0,0.0,0.0,38.5,770.0,UPI
8178,1959,56,2024-06-25 18:06:57,Delivered,710.0,0.0,0.0,35.5,710.0,UPI
8179,1817,85,2023-05-02 16:32:44,Cancelled,540.0,0.0,0.0,27.0,540.0,Card
8180,1741,13,2024-10-18 03:45:36,Delivered,1040.0,0.0,0.0,52.0,1040.0,UPI
8181,305,14,2023-06-28 20:12:22,Delivered,940.0,0.0,0.0,47.0,940.0,UPI
8182,612,37,2023-07-05 15:11:45,Delivered,580.0,0.0,0.0,29.0,580.0,UPI
8183,62,78,2024-02-02 12:13:18,Cancelled,360.0,25,0.0,19.25,385.0,Card
8184,21,20,2024-08-10 13:59:16,Cancelled,1600.0,0.0,100,75.0,1500.0,Cash on Delivery
8185,1969,93,2023-06-29 19:00:52,Cancelled,1040.0,0.0,0.0,52.0,1040.0,Card
8186,1763,67,2023-04-03 22:38:39,Delivered,1050.0,0.0,100,47.5,950.0,UPI
8187,565,64,2024-06-19 19:54:41,Delivered,2780.0,0.0,0.0,139.0,2780.0,Wallet
8188,209,114,2024-08-03 12:01:47,Cancelled,2220.0,0.0,0.0,111.0,2220.0,UPI
8189,1527,81,2023-09-21 13:34:13,Delivered,680.0,0.0,0.0,34.0,680.0,UPI
8190,1574,37,2023-08-21 22:52:34,Cancelled,150.0,35,0.0,9.25,185.0,Cash on Delivery
8191,1482,121,2024-01-02 05:09:28,Delivered,440.0,15,0.0,22.75,455.0,Cash on Delivery
8192,1888,52,2024-11-04 10:50:06,Cancelled,270.0,35,0.0,15.25,305.0,Card
8193,1390,130,2024-01-14 19:03:06,Delivered,300.0,20,0.0,16.0,320.0,Card
8194,1166,37,2024-09-28 13:27:05,Cancelled,950.0,0.0,100,42.5,850.0,Card
8195,1896,143,2023-07-16 07:28:11,Delivered,1400.0,0.0,0.0,70.0,1400.0,Cash on Delivery
8196,445,68,2023-01-28 22:59:19,Delivered,130.0,40,26.0,7.2,144.0,Cash on Delivery
8197,498,120,2023-08-19 22:20:45,Pending,1820.0,0.0,100,86.0,1720.0,Net Banking
8198,1544,93,2024-08-06 06:42:21,Delivered,180.0,35,0.0,10.75,215.0,UPI
8199,1288,125,2024-07-04 02:08:51,Delivered,1190.0,0.0,0.0,59.5,1190.0,Cash on Delivery
8200,1373,31,2023-03-30 12:45:17,Delivered,1460.0,0.0,100,68.0,1360.0,Cash on Delivery
8201,1684,11,2024-07-01 19:15:52,Delivered,950.0,0.0,0.0,47.5,950.0,Wallet
8202,1482,23,2024-04-30 21:12:34,Delivered,1060.0,0.0,0.0,53.0,1060.0,UPI
8203,356,81,2024-07-24 19:51:48,Refunded,180.0,40,0.0,11.0,220.0,Net Banking
8204,274,33,2024-02-15 06:14:15,Delivered,960.0,0.0,96.0,43.2,864.0,UPI
8205,15,130,2023-10-02 15:58:52,Delivered,1060.0,0.0,100,48.0,960.0,Cash on Delivery
8206,474,70,2024-09-07 12:23:00,Delivered,210.0,35,52.5,9.62,192.5,Card
8207,1602,142,2024-08-15 22:56:35,Cancelled,600.0,0.0,0.0,30.0,600.0,UPI
8208,717,61,2024-06-07 18:02:14,Delivered,270.0,40,54.0,12.8,256.0,Wallet
8209,47,121,2023-08-07 17:57:42,Delivered,420.0,25,0.0,22.25,445.0,UPI
8210,1352,11,2024-10-25 19:39:58,Delivered,1300.0,0.0,100,60.0,1200.0,UPI
8211,900,40,2023-10-12 08:47:56,Delivered,350.0,25,0.0,18.75,375.0,UPI
8212,1390,81,2024-12-24 03:15:47,Delivered,500.0,0.0,0.0,25.0,500.0,UPI
8213,1075,115,2024-03-05 19:47:39,Delivered,1620.0,0.0,100,76.0,1520.0,Wallet
8214,1268,127,2023-01-15 21:12:41,Pending,510.0,0.0,100,20.5,410.0,Wallet
8215,364,99,2024-02-22 08:38:55,Delivered,300.0,15,45.0,13.5,270.0,UPI
8216,9,52,2023-08-09 11:16:37,Delivered,450.0,15,0.0,23.25,465.0,Wallet
8217,1187,76,2024-10-17 05:59:46,Refunded,130.0,25,0.0,7.75,155.0,UPI
8218,816,95,2024-07-01 21:01:05,Delivered,530.0,0.0,0.0,26.5,530.0,Card
8219,1905,140,2023-08-10 18:15:20,Delivered,70.0,35,0.0,5.25,105.0,UPI
8220,1183,85,2023-12-08 02:11:25,Delivered,650.0,0.0,0.0,32.5,650.0,UPI
8221,1377,119,2023-07-30 11:00:50,Cancelled,1140.0,0.0,100,52.0,1040.0,UPI
8222,1317,137,2023-09-21 20:14:29,Pending,810.0,0.0,100,35.5,710.0,UPI
8223,679,92,2024-01-21 02:04:33,Delivered,660.0,0.0,100,28.0,560.0,UPI
8224,1215,123,2024-10-25 20:14:40,Delivered,3700.0,0.0,0.0,185.0,3700.0,Wallet
8225,21,5,2024-07-11 14:54:56,Cancelled,120.0,40,24.0,6.8,136.0,UPI
8226,763,1,2024-10-20 12:53:04,Delivered,260.0,25,0.0,14.25,285.0,Cash on Delivery
8227,1230,144,2023-08-11 20:24:59,Delivered,420.0,20,100,17.0,340.0,UPI
8228,1677,112,2023-10-04 20:53:36,Cancelled,100.0,40,0.0,7.0,140.0,Cash on Delivery
8229,405,46,2024-12-03 14:20:46,Cancelled,1350.0,0.0,0.0,67.5,1350.0,UPI
8230,1610,108,2024-12-25 22:58:02,Delivered,380.0,20,0.0,20.0,400.0,UPI
8231,1965,79,2023-08-04 06:24:02,Cancelled,310.0,15,0.0,16.25,325.0,Net Banking
8232,1805,18,2024-07-19 18:41:53,Delivered,280.0,35,0.0,15.75,315.0,Card
8233,1220,58,2024-07-03 21:57:09,Delivered,1080.0,0.0,100,49.0,980.0,UPI
8234,273,31,2023-10-20 11:31:08,Cancelled,410.0,20,100,16.5,330.0,Wallet
8235,266,76,2024-08-05 20:28:18,Delivered,270.0,25,67.5,11.38,227.5,Cash on Delivery
8236,1709,34,2023-02-27 12:46:52,Delivered,980.0,0.0,0.0,49.0,980.0,UPI
8237,1282,82,2024-09-28 18:35:38,Delivered,1020.0,0.0,0.0,51.0,1020.0,UPI
8238,702,23,2024-03-19 18:04:11,Pending,3540.0,0.0,0.0,177.0,3540.0,UPI
8239,1746,75,2024-12-02 14:17:52,Delivered,150.0,30,0.0,9.0,180.0,UPI
8240,1530,6,2023-10-20 23:00:44,Cancelled,230.0,40,0.0,13.5,270.0,UPI
8241,898,10,2024-11-23 07:40:06,Cancelled,260.0,25,0.0,14.25,285.0,UPI
8242,598,122,2023-01-15 18:04:27,Delivered,80.0,40,8.0,5.6,112.0,Card
8243,1064,91,2024-07-29 11:23:51,Refunded,1560.0,0.0,0.0,78.0,1560.0,Net Banking
8244,1920,67,2024-10-06 22:29:30,Delivered,910.0,0.0,0.0,45.5,910.0,Wallet
8245,1339,112,2023-08-05 11:53:38,Cancelled,490.0,25,0.0,25.75,515.0,Cash on Delivery
8246,1662,142,2024-07-11 17:39:26,Pending,600.0,0.0,60.0,27.0,540.0,Card
8247,638,96,2024-12-18 08:32:10,Cancelled,790.0,0.0,0.0,39.5,790.0,Wallet
8248,1875,125,2023-08-18 20:44:10,Delivered,800.0,0.0,100,35.0,700.0,Wallet
8249,256,56,2023-08-22 21:45:01,Refunded,720.0,0.0,100,31.0,620.0,Card
8250,1533,130,2024-05-22 17:13:43,Cancelled,940.0,0.0,100,42.0,840.0,UPI
8251,1668,35,2024-05-24 19:15:37,Delivered,1080.0,0.0,100,49.0,980.0,Card
8252,1612,97,2024-12-14 07:49:28,Cancelled,1070.0,0.0,0.0,53.5,1070.0,Card
8253,823,142,2023-04-17 09:44:58,Pending,600.0,0.0,90.0,25.5,510.0,Wallet
8254,811,72,2023-04-29 17:20:47,Delivered,1060.0,0.0,0.0,53.0,1060.0,UPI
8255,1019,130,2023-10-02 22:07:33,Delivered,1280.0,0.0,0.0,64.0,1280.0,Card
8256,1003,12,2024-08-03 20:03:26,Delivered,900.0,0.0,100,40.0,800.0,Net Banking
8257,832,82,2023-12-14 17:21:45,Pending,1500.0,0.0,100,70.0,1400.0,Cash on Delivery
8258,955,98,2023-12-07 10:10:05,Delivered,520.0,0.0,0.0,26.0,520.0,UPI
8259,247,26,2023-12-09 18:42:46,Delivered,320.0,20,0.0,17.0,340.0,Wallet
8260,1390,15,2024-11-13 18:26:12,Cancelled,400.0,15,80.0,16.75,335.0,Card
8261,1853,25,2023-03-30 07:50:48,Delivered,800.0,0.0,0.0,40.0,800.0,Cash on Delivery
8262,443,79,2024-03-25 15:37:45,Refunded,500.0,0.0,100,20.0,400.0,UPI
8263,1164,97,2023-12-03 04:01:53,Delivered,590.0,0.0,0.0,29.5,590.0,Card
8264,1416,6,2023-04-20 23:58:03,Pending,550.0,0.0,82.5,23.38,467.5,Card
8265,332,64,2024-03-02 19:26:27,Cancelled,570.0,0.0,85.5,24.23,484.5,UPI
8266,837,17,2024-03-29 07:54:46,Delivered,2700.0,0.0,0.0,135.0,2700.0,UPI
8267,1546,109,2024-03-08 21:04:37,Delivered,720.0,0.0,72.0,32.4,648.0,UPI
8268,1148,19,2023-11-09 16:56:56,Delivered,300.0,20,0.0,16.0,320.0,UPI
8269,582,48,2024-09-13 14:32:58,Delivered,340.0,15,85.0,13.5,270.0,UPI
8270,1904,73,2024-06-13 09:48:07,Delivered,630.0,0.0,94.5,26.78,535.5,UPI
8271,1758,8,2024-03-26 13:27:24,Delivered,200.0,35,0.0,11.75,235.0,Card
8272,1499,110,2024-12-12 18:12:56,Delivered,1080.0,0.0,0.0,54.0,1080.0,UPI
8273,1057,138,2023-03-25 01:27:43,Delivered,160.0,40,16.0,9.2,184.0,Wallet
8274,1660,40,2023-04-15 07:29:57,Delivered,50.0,35,10.0,3.75,75.0,UPI
8275,869,10,2023-06-27 04:46:33,Refunded,600.0,0.0,0.0,30.0,600.0,UPI
8276,943,21,2023-03-11 08:14:58,Cancelled,680.0,0.0,0.0,34.0,680.0,UPI
8277,196,33,2024-03-01 19:20:36,Delivered,1710.0,0.0,100,80.5,1610.0,Cash on Delivery
8278,1520,126,2024-04-04 07:36:11,Refunded,140.0,30,21.0,7.45,149.0,UPI
8279,1731,143,2023-12-04 17:48:54,Cancelled,690.0,0.0,0.0,34.5,690.0,Cash on Delivery
8280,1457,134,2024-12-28 02:59:45,Delivered,270.0,25,0.0,14.75,295.0,UPI
8281,28,6,2024-04-05 20:04:17,Delivered,1180.0,0.0,0.0,59.0,1180.0,Cash on Delivery
8282,303,141,2023-01-16 22:37:40,Cancelled,380.0,25,0.0,20.25,405.0,Net Banking
8283,1771,126,2024-09-22 09:34:27,Delivered,1400.0,0.0,100,65.0,1300.0,Card
8284,1702,46,2024-01-12 22:19:19,Delivered,1110.0,0.0,100,50.5,1010.0,Card
8285,1658,95,2024-02-26 20:52:31,Delivered,1370.0,0.0,0.0,68.5,1370.0,Cash on Delivery
8286,89,144,2023-10-25 15:13:20,Pending,1330.0,0.0,100,61.5,1230.0,UPI
8287,33,27,2023-12-25 05:44:15,Cancelled,590.0,0.0,59.0,26.55,531.0,UPI
8288,1767,35,2023-10-05 19:52:18,Delivered,1390.0,0.0,0.0,69.5,1390.0,Wallet
8289,1502,52,2023-02-04 14:22:15,Cancelled,2820.0,0.0,100,136.0,2720.0,Card
8290,208,109,2023-11-14 21:20:22,Delivered,550.0,0.0,100,22.5,450.0,Wallet
8291,389,20,2023-08-16 20:53:45,Refunded,850.0,0.0,0.0,42.5,850.0,UPI
8292,82,110,2024-10-21 19:00:19,Refunded,860.0,0.0,0.0,43.0,860.0,Wallet
8293,147,129,2023-10-14 18:45:28,Delivered,250.0,30,0.0,14.0,280.0,Cash on Delivery
8294,1668,80,2023-12-09 19:19:36,Delivered,100.0,25,20.0,5.25,105.0,Net Banking
8295,570,50,2023-06-14 20:15:12,Delivered,560.0,0.0,100,23.0,460.0,UPI
8296,1769,14,2023-08-08 03:37:54,Cancelled,110.0,35,16.5,6.43,128.5,UPI
8297,24,81,2024-02-15 12:13:23,Delivered,340.0,15,0.0,17.75,355.0,UPI
8298,419,91,2024-10-30 15:04:33,Pending,400.0,15,0.0,20.75,415.0,Wallet
8299,953,27,2024-07-12 13:06:54,Pending,1070.0,0.0,100,48.5,970.0,UPI
8300,407,103,2023-10-01 17:13:03,Delivered,890.0,0.0,0.0,44.5,890.0,Card
8301,1629,24,2023-07-22 12:41:40,Refunded,960.0,0.0,0.0,48.0,960.0,Net Banking
8302,270,92,2023-09-09 13:10:01,Refunded,660.0,0.0,0.0,33.0,660.0,Wallet
8303,78,46,2024-05-04 13:56:44,Delivered,2090.0,0.0,0.0,104.5,2090.0,Cash on Delivery
8304,923,108,2023-08-26 14:19:25,Delivered,670.0,0.0,0.0,33.5,670.0,UPI
8305,448,85,2023-06-10 09:40:21,Cancelled,320.0,25,80.0,13.25,265.0,Cash on Delivery
8306,1324,57,2023-10-07 22:55:06,Delivered,600.0,0.0,0.0,30.0,600.0,UPI
8307,992,45,2023-08-27 02:50:06,Delivered,250.0,30,0.0,14.0,280.0,Card
8308,1682,64,2023-07-05 14:59:49,Delivered,710.0,0.0,0.0,35.5,710.0,Card
8309,1846,50,2023-07-30 10:44:35,Delivered,1480.0,0.0,0.0,74.0,1480.0,UPI
8310,1253,23,2023-07-30 19:32:37,Delivered,490.0,15,0.0,25.25,505.0,UPI
8311,1203,21,2023-06-29 20:41:18,Delivered,1320.0,0.0,0.0,66.0,1320.0,UPI
8312,1224,64,2023-01-20 10:30:37,Refunded,640.0,0.0,64.0,28.8,576.0,Card
8313,341,84,2024-06-12 16:35:54,Pending,530.0,0.0,0.0,26.5,530.0,Wallet
8314,950,105,2024-12-15 17:31:04,Delivered,90.0,40,0.0,6.5,130.0,UPI
8315,1624,104,2024-01-23 00:39:11,Delivered,800.0,0.0,80.0,36.0,720.0,Card
8316,1804,108,2023-02-18 19:36:48,Delivered,1430.0,0.0,100,66.5,1330.0,Card
8317,845,94,2024-02-06 14:11:47,Delivered,1160.0,0.0,0.0,58.0,1160.0,UPI
8318,266,111,2024-11-27 22:10:42,Pending,260.0,35,0.0,14.75,295.0,UPI
8319,203,63,2023-08-22 12:13:42,Delivered,70.0,30,0.0,5.0,100.0,Card
8320,69,50,2023-06-13 15:40:06,Delivered,300.0,25,0.0,16.25,325.0,Card
8321,433,62,2024-07-13 13:47:14,Refunded,900.0,0.0,100,40.0,800.0,Card
8322,1435,51,2024-01-04 21:45:10,Delivered,200.0,35,0.0,11.75,235.0,UPI
8323,681,144,2023-12-08 21:26:52,Delivered,270.0,30,0.0,15.0,300.0,Wallet
8324,1154,102,2024-04-18 15:02:09,Delivered,260.0,40,0.0,15.0,300.0,UPI
8325,778,134,2023-01-13 21:29:59,Delivered,1140.0,0.0,100,52.0,1040.0,Card
8326,1611,27,2024-08-12 10:25:59,Delivered,560.0,0.0,0.0,28.0,560.0,UPI
8327,1310,122,2024-07-18 18:45:14,Refunded,1070.0,0.0,100,48.5,970.0,Card
8328,1823,39,2023-08-13 10:50:42,Pending,980.0,0.0,98.0,44.1,882.0,Cash on Delivery
8329,580,18,2023-05-07 09:19:55,Delivered,750.0,0.0,0.0,37.5,750.0,Card
8330,1952,40,2023-04-14 21:51:40,Delivered,40.0,40,6.0,3.7,74.0,Wallet
8331,1688,72,2023-12-13 13:34:28,Refunded,1420.0,0.0,100,66.0,1320.0,UPI
8332,1816,91,2024-11-27 18:43:14,Delivered,1560.0,0.0,0.0,78.0,1560.0,Net Banking
8333,1489,124,2024-11-17 03:38:22,Delivered,100.0,30,0.0,6.5,130.0,Card
8334,227,117,2024-10-15 19:33:28,Delivered,1340.0,0.0,100,62.0,1240.0,Card
8335,652,105,2024-04-24 18:45:03,Cancelled,1600.0,0.0,100,75.0,1500.0,Cash on Delivery
8336,344,81,2024-07-02 08:13:12,Delivered,270.0,25,0.0,14.75,295.0,Card
8337,619,57,2024-08-29 04:53:59,Cancelled,600.0,0.0,60.0,27.0,540.0,UPI
8338,449,46,2023-07-15 14:56:17,Delivered,760.0,0.0,0.0,38.0,760.0,Card
8339,323,15,2023-09-28 17:47:14,Delivered,600.0,0.0,100,25.0,500.0,UPI
8340,1462,10,2023-06-22 15:57:11,Refunded,1880.0,0.0,100,89.0,1780.0,UPI
8341,466,109,2024-12-26 19:50:42,Pending,1570.0,0.0,0.0,78.5,1570.0,UPI
8342,405,14,2024-09-30 19:16:06,Delivered,510.0,0.0,0.0,25.5,510.0,UPI
8343,1983,60,2023-06-24 13:37:25,Delivered,320.0,20,32.0,15.4,308.0,Wallet
8344,233,131,2023-01-29 11:52:19,Cancelled,780.0,0.0,0.0,39.0,780.0,Net Banking
8345,543,121,2024-09-25 19:29:24,Delivered,760.0,0.0,0.0,38.0,760.0,Card
8346,410,149,2024-09-12 00:18:28,Delivered,100.0,30,0.0,6.5,130.0,Card
8347,1332,85,2024-01-23 14:56:37,Delivered,200.0,35,0.0,11.75,235.0,Net Banking
8348,1372,120,2023-07-07 22:39:35,Cancelled,1380.0,0.0,100,64.0,1280.0,UPI
8349,1475,122,2023-08-23 08:01:07,Pending,70.0,30,0.0,5.0,100.0,Net Banking
8350,1445,115,2023-12-27 07:21:41,Refunded,270.0,30,0.0,15.0,300.0,UPI
8351,463,27,2024-03-20 00:51:03,Delivered,640.0,0.0,0.0,32.0,640.0,Card
8352,1601,68,2023-08-09 13:04:50,Delivered,290.0,30,0.0,16.0,320.0,Cash on Delivery
8353,657,143,2023-07-08 23:09:22,Delivered,280.0,30,0.0,15.5,310.0,Cash on Delivery
8354,1409,58,2023-11-27 14:27:01,Pending,1200.0,0.0,0.0,60.0,1200.0,Wallet
8355,1506,73,2023-08-18 15:51:19,Pending,320.0,25,0.0,17.25,345.0,UPI
8356,525,138,2024-12-06 16:49:48,Refunded,520.0,0.0,0.0,26.0,520.0,Net Banking
8357,752,115,2023-09-28 22:37:19,Cancelled,160.0,30,0.0,9.5,190.0,Wallet
8358,1147,98,2024-10-30 10:23:04,Delivered,500.0,0.0,100.0,20.0,400.0,Card
8359,1385,108,2024-01-20 01:02:20,Cancelled,670.0,0.0,0.0,33.5,670.0,Card
8360,876,94,2023-07-01 18:05:17,Delivered,220.0,30,22.0,11.4,228.0,Card
8361,1884,50,2024-08-27 10:31:56,Cancelled,530.0,0.0,0.0,26.5,530.0,Cash on Delivery
8362,572,61,2023-01-01 13:50:31,Delivered,60.0,30,15.0,3.75,75.0,Card
8363,1300,62,2024-04-19 10:22:49,Cancelled,900.0,0.0,100,40.0,800.0,UPI
8364,723,51,2024-06-14 16:21:42,Cancelled,1120.0,0.0,0.0,56.0,1120.0,UPI
8365,616,26,2024-06-14 04:07:30,Refunded,760.0,0.0,0.0,38.0,760.0,Card
8366,1498,25,2024-01-09 12:11:14,Cancelled,90.0,25,0.0,5.75,115.0,Cash on Delivery
8367,772,135,2023-09-05 13:49:51,Delivered,680.0,0.0,0.0,34.0,680.0,Card
8368,716,123,2023-09-12 09:05:12,Pending,1280.0,0.0,0.0,64.0,1280.0,Cash on Delivery
8369,21,75,2024-02-25 11:37:58,Delivered,100.0,30,0.0,6.5,130.0,Card
8370,624,38,2023-10-06 16:00:48,Delivered,870.0,0.0,0.0,43.5,870.0,Card
8371,1714,142,2024-08-29 08:44:44,Delivered,300.0,15,30.0,14.25,285.0,Net Banking
8372,1580,123,2023-09-12 23:44:00,Delivered,980.0,0.0,0.0,49.0,980.0,UPI
8373,1113,10,2023-07-01 21:41:54,Cancelled,570.0,0.0,0.0,28.5,570.0,Cash on Delivery
8374,1191,54,2024-01-29 21:15:14,Delivered,1070.0,0.0,0.0,53.5,1070.0,Cash on Delivery
8375,528,18,2024-07-24 20:30:24,Pending,60.0,25,0.0,4.25,85.0,Cash on Delivery
8376,273,31,2024-09-23 08:04:13,Pending,920.0,0.0,0.0,46.0,920.0,Card
8377,1699,32,2024-12-16 23:41:43,Delivered,240.0,40,24.0,12.8,256.0,Card
8378,180,109,2024-09-13 21:26:49,Delivered,1190.0,0.0,0.0,59.5,1190.0,Cash on Delivery
8379,1090,91,2023-10-05 21:41:32,Pending,500.0,0.0,0.0,25.0,500.0,Net Banking
8380,1888,131,2023-10-16 18:31:24,Delivered,990.0,0.0,99.0,44.55,891.0,UPI
8381,516,56,2024-05-18 07:20:18,Delivered,140.0,30,0.0,8.5,170.0,UPI
8382,1072,112,2023-02-01 19:25:50,Delivered,80.0,35,0.0,5.75,115.0,Cash on Delivery
8383,1953,140,2024-11-03 20:25:43,Delivered,910.0,0.0,100,40.5,810.0,UPI
8384,1105,85,2023-09-15 13:15:44,Delivered,100.0,40,0.0,7.0,140.0,UPI
8385,1010,60,2023-06-18 09:09:31,Cancelled,2450.0,0.0,100,117.5,2350.0,UPI
8386,697,70,2024-02-16 21:21:19,Delivered,280.0,25,42.0,13.15,263.0,UPI
8387,1723,126,2024-09-04 12:24:51,Refunded,1060.0,0.0,0.0,53.0,1060.0,Card
8388,523,75,2023-10-26 12:06:56,Delivered,700.0,0.0,100,30.0,600.0,Cash on Delivery
8389,1276,80,2023-11-19 23:20:35,Delivered,950.0,0.0,100,42.5,850.0,UPI
8390,622,133,2023-11-12 11:22:48,Refunded,480.0,25,0.0,25.25,505.0,Cash on Delivery
8391,391,121,2023-06-28 10:49:29,Delivered,460.0,20,0.0,24.0,480.0,UPI
8392,1408,149,2024-07-03 21:53:49,Delivered,720.0,0.0,72.0,32.4,648.0,UPI
8393,325,64,2024-07-15 22:44:32,Pending,1080.0,0.0,0.0,54.0,1080.0,Card
8394,1576,110,2023-03-28 12:40:21,Cancelled,490.0,20,0.0,25.5,510.0,Net Banking
8395,1154,68,2023-09-04 10:27:06,Delivered,260.0,35,39.0,12.8,256.0,UPI
8396,652,54,2024-01-26 12:43:02,Delivered,100.0,25,0.0,6.25,125.0,UPI
8397,1525,117,2024-09-13 06:41:44,Delivered,520.0,0.0,100,21.0,420.0,UPI
8398,989,149,2023-10-14 18:39:33,Delivered,200.0,25,0.0,11.25,225.0,Card
8399,442,133,2024-09-11 19:42:40,Delivered,60.0,35,0.0,4.75,95.0,Wallet
8400,1403,68,2023-11-24 21:25:01,Refunded,1120.0,0.0,0.0,56.0,1120.0,UPI
8401,344,15,2023-11-16 20:56:30,Delivered,170.0,40,0.0,10.5,210.0,Net Banking
8402,786,50,2024-05-15 23:30:32,Pending,630.0,0.0,0.0,31.5,630.0,Net Banking
8403,369,69,2023-03-04 20:48:30,Delivered,930.0,0.0,0.0,46.5,930.0,Card
8404,1522,123,2023-09-27 11:10:08,Pending,260.0,35,65.0,11.5,230.0,UPI
8405,505,115,2023-03-11 10:01:46,Cancelled,850.0,0.0,0.0,42.5,850.0,UPI
8406,1358,137,2023-02-24 13:08:41,Refunded,240.0,25,24.0,12.05,241.0,UPI
8407,647,79,2023-10-10 20:25:29,Delivered,1050.0,0.0,100,47.5,950.0,Cash on Delivery
8408,974,81,2023-08-02 08:55:58,Delivered,450.0,25,0.0,23.75,475.0,UPI
8409,394,144,2024-06-02 15:03:18,Delivered,780.0,0.0,0.0,39.0,780.0,Net Banking
8410,204,42,2023-12-24 16:52:57,Cancelled,330.0,15,0.0,17.25,345.0,Card
8411,894,31,2023-06-24 09:08:32,Cancelled,640.0,0.0,0.0,32.0,640.0,Cash on Delivery
8412,1533,96,2024-11-01 19:46:10,Delivered,400.0,20,0.0,21.0,420.0,Card
8413,141,104,2023-08-23 15:46:31,Delivered,100.0,25,10.0,5.75,115.0,UPI
8414,1187,114,2023-12-09 13:08:40,Delivered,710.0,0.0,100,30.5,610.0,Wallet
8415,1885,94,2024-08-27 05:02:48,Delivered,1920.0,0.0,100,91.0,1820.0,UPI
8416,555,40,2023-05-20 16:21:06,Delivered,410.0,20,0.0,21.5,430.0,UPI
8417,1429,124,2024-11-26 22:39:59,Pending,530.0,0.0,0.0,26.5,530.0,UPI
8418,1728,62,2024-09-13 19:10:03,Delivered,900.0,0.0,90.0,40.5,810.0,Card
8419,469,17,2024-06-20 20:16:47,Pending,190.0,40,0.0,11.5,230.0,UPI
8420,603,37,2023-12-14 19:19:44,Delivered,890.0,0.0,0.0,44.5,890.0,UPI
8421,773,21,2024-02-14 21:58:27,Delivered,1860.0,0.0,0.0,93.0,1860.0,UPI
8422,1692,43,2024-04-23 20:04:51,Delivered,70.0,35,0.0,5.25,105.0,Net Banking
8423,532,111,2023-11-23 11:19:39,Delivered,300.0,15,0.0,15.75,315.0,Wallet
8424,1687,78,2023-12-26 15:51:34,Delivered,320.0,15,0.0,16.75,335.0,Cash on Delivery
8425,561,12,2023-07-04 03:37:17,Delivered,860.0,0.0,86.0,38.7,774.0,Card
8426,1950,17,2023-09-10 07:24:44,Delivered,690.0,0.0,0.0,34.5,690.0,Card
8427,504,35,2023-10-23 01:07:44,Delivered,190.0,40,0.0,11.5,230.0,Card
8428,948,40,2024-09-14 15:28:48,Cancelled,320.0,25,0.0,17.25,345.0,UPI
8429,106,45,2024-09-18 21:53:50,Cancelled,240.0,25,48.0,10.85,217.0,Card
8430,603,104,2024-12-29 22:03:26,Cancelled,340.0,15,34.0,16.05,321.0,UPI
8431,1940,64,2024-09-22 21:20:48,Refunded,1620.0,0.0,0.0,81.0,1620.0,Cash on Delivery
8432,483,124,2024-07-15 21:46:04,Pending,1540.0,0.0,0.0,77.0,1540.0,UPI
8433,1171,127,2023-07-26 04:22:04,Cancelled,250.0,35,0.0,14.25,285.0,Wallet
8434,1815,60,2023-12-27 08:52:46,Delivered,1170.0,0.0,100,53.5,1070.0,Card
8435,1943,11,2024-12-01 14:02:29,Cancelled,260.0,40,0.0,15.0,300.0,UPI
8436,1079,11,2024-01-16 19:51:31,Delivered,600.0,0.0,100,25.0,500.0,UPI
8437,1346,91,2023-01-10 20:55:48,Delivered,620.0,0.0,93.0,26.35,527.0,UPI
8438,1186,39,2023-07-15 14:30:57,Cancelled,420.0,20,63.0,18.85,377.0,Cash on Delivery
8439,480,134,2023-12-04 17:46:48,Delivered,1000.0,0.0,0.0,50.0,1000.0,Cash on Delivery
8440,1966,88,2024-12-19 13:50:13,Delivered,120.0,35,30.0,6.25,125.0,Cash on Delivery
8441,439,113,2024-11-16 22:00:29,Delivered,280.0,30,0.0,15.5,310.0,Wallet
8442,1140,122,2024-02-23 06:01:32,Refunded,480.0,15,0.0,24.75,495.0,Wallet
8443,51,52,2024-01-05 08:24:17,Delivered,310.0,15,0.0,16.25,325.0,Card
8444,1385,19,2024-10-13 13:44:31,Delivered,2110.0,0.0,100,100.5,2010.0,Cash on Delivery
8445,79,108,2023-08-27 14:59:53,Cancelled,1250.0,0.0,0.0,62.5,1250.0,Cash on Delivery
8446,1194,142,2023-02-12 10:50:09,Delivered,300.0,15,0.0,15.75,315.0,UPI
8447,555,67,2023-11-01 18:52:01,Pending,1100.0,0.0,0.0,55.0,1100.0,Card
8448,1659,126,2023-07-18 09:48:05,Cancelled,480.0,25,0.0,25.25,505.0,Wallet
8449,1663,123,2024-12-29 14:15:00,Delivered,920.0,0.0,92.0,41.4,828.0,Cash on Delivery
8450,1129,110,2023-10-08 19:50:43,Delivered,440.0,20,0.0,23.0,460.0,UPI
8451,1246,10,2023-02-18 16:18:54,Cancelled,140.0,30,0.0,8.5,170.0,Cash on Delivery
8452,268,10,2024-07-14 16:16:50,Delivered,2010.0,0.0,0.0,100.5,2010.0,UPI
8453,916,43,2024-07-29 07:44:41,Cancelled,570.0,0.0,0.0,28.5,570.0,Card
8454,890,112,2024-07-01 17:38:34,Refunded,940.0,0.0,100,42.0,840.0,UPI
8455,1710,12,2024-03-26 14:04:39,Cancelled,940.0,0.0,0.0,47.0,940.0,Wallet
8456,1301,108,2024-07-02 21:55:11,Cancelled,870.0,0.0,0.0,43.5,870.0,UPI
8457,220,10,2024-12-17 09:34:23,Delivered,400.0,15,100.0,15.75,315.0,UPI
8458,1609,88,2023-11-13 14:31:43,Delivered,910.0,0.0,0.0,45.5,910.0,Cash on Delivery
8459,1354,98,2024-04-16 21:23:08,Delivered,80.0,40,0.0,6.0,120.0,Cash on Delivery
8460,1306,93,2024-12-30 20:20:06,Cancelled,390.0,25,0.0,20.75,415.0,Wallet
8461,1075,98,2023-07-24 17:22:30,Pending,500.0,0.0,0.0,25.0,500.0,UPI
8462,157,132,2023-11-13 08:40:49,Delivered,330.0,15,82.5,13.12,262.5,UPI
8463,1546,109,2023-08-09 23:42:44,Delivered,1450.0,0.0,100,67.5,1350.0,UPI
8464,1880,102,2024-11-13 20:37:10,Cancelled,1880.0,0.0,100,89.0,1780.0,Wallet
8465,1568,64,2023-08-27 09:43:08,Refunded,100.0,40,0.0,7.0,140.0,Wallet
8466,42,8,2024-12-18 16:58:13,Delivered,210.0,25,0.0,11.75,235.0,Card
8467,587,73,2024-04-13 21:55:22,Pending,870.0,0.0,0.0,43.5,870.0,Cash on Delivery
8468,897,120,2023-11-17 15:51:59,Delivered,500.0,0.0,0.0,25.0,500.0,Card
8469,1059,124,2024-07-01 10:55:39,Delivered,1150.0,0.0,100,52.5,1050.0,Card
8470,323,45,2023-02-03 15:29:21,Refunded,380.0,15,0.0,19.75,395.0,Wallet
8471,1702,40,2024-11-25 18:52:57,Cancelled,270.0,30,0.0,15.0,300.0,UPI
8472,891,137,2024-08-31 19:52:41,Delivered,680.0,0.0,0.0,34.0,680.0,UPI
8473,683,24,2024-09-06 11:54:46,Delivered,1550.0,0.0,0.0,77.5,1550.0,UPI
8474,1153,93,2023-06-08 11:51:33,Delivered,840.0,0.0,0.0,42.0,840.0,UPI
8475,1473,15,2023-11-16 22:11:12,Cancelled,1730.0,0.0,100,81.5,1630.0,UPI
8476,1021,115,2023-02-17 12:43:15,Cancelled,200.0,40,20.0,11.0,220.0,Card
8477,832,14,2024-04-26 00:00:26,Refunded,360.0,25,0.0,19.25,385.0,UPI
8478,1940,33,2024-07-01 05:53:45,Delivered,990.0,0.0,0.0,49.5,990.0,UPI
8479,1141,55,2023-10-17 12:14:54,Delivered,510.0,0.0,51.0,22.95,459.0,UPI
8480,904,60,2023-12-27 17:40:44,Pending,520.0,0.0,0.0,26.0,520.0,UPI
8481,1901,103,2023-05-11 19:11:54,Delivered,100.0,30,0.0,6.5,130.0,UPI
8482,336,103,2024-02-29 16:57:34,Cancelled,520.0,0.0,0.0,26.0,520.0,Card
8483,289,81,2024-05-11 15:54:31,Cancelled,680.0,0.0,0.0,34.0,680.0,Wallet
8484,1166,37,2023-12-21 14:20:44,Delivered,700.0,0.0,0.0,35.0,700.0,Cash on Delivery
8485,1445,108,2024-06-27 21:10:06,Delivered,290.0,30,0.0,16.0,320.0,UPI
8486,1232,131,2023-07-17 13:36:51,Cancelled,560.0,0.0,0.0,28.0,560.0,Net Banking
8487,775,80,2024-10-08 18:42:18,Refunded,1010.0,0.0,0.0,50.5,1010.0,UPI
8488,458,6,2024-05-08 21:45:11,Delivered,260.0,25,0.0,14.25,285.0,UPI
8489,372,31,2024-10-26 13:09:30,Cancelled,360.0,20,36.0,17.2,344.0,UPI
8490,1759,34,2023-07-25 10:06:02,Pending,1250.0,0.0,100,57.5,1150.0,UPI
8491,137,63,2023-10-05 19:39:21,Pending,260.0,35,0.0,14.75,295.0,Cash on Delivery
8492,1746,142,2024-04-27 12:20:03,Delivered,600.0,0.0,90.0,25.5,510.0,Card
8493,784,52,2023-06-11 20:17:55,Delivered,830.0,0.0,0.0,41.5,830.0,UPI
8494,127,57,2023-03-17 10:04:22,Pending,300.0,15,45.0,13.5,270.0,Card
8495,1567,54,2024-08-07 18:44:30,Cancelled,500.0,0.0,0.0,25.0,500.0,Net Banking
8496,1999,132,2023-01-24 12:22:42,Cancelled,220.0,30,22.0,11.4,228.0,UPI
8497,1391,92,2024-04-13 16:59:25,Pending,260.0,35,0.0,14.75,295.0,UPI
8498,1734,94,2023-05-14 22:32:15,Delivered,1580.0,0.0,100,74.0,1480.0,Card
8499,1990,20,2023-06-16 21:33:59,Delivered,550.0,0.0,0.0,27.5,550.0,Card
8500,189,25,2023-10-08 07:58:04,Delivered,90.0,40,0.0,6.5,130.0,Cash on Delivery
