order_item_id,order_id,item_id,quantity,unit_price,line_total
1,1,479,1,80.0,80.0
2,1,452,1,270.0,270.0
3,1,479,1,80.0,80.0
4,2,250,1,320.0,320.0
5,2,735,3,40.0,120.0
6,2,667,2,310.0,620.0
7,3,658,1,60.0,60.0
8,4,577,2,70.0,140.0
9,5,168,2,60.0,120.0
10,5,454,2,160.0,320.0
11,6,307,2,270.0,540.0
12,7,477,1,290.0,290.0
13,8,330,1,110.0,110.0
14,8,135,2,610.0,1220.0
15,8,135,1,610.0,610.0
16,9,366,1,130.0,130.0
17,9,205,3,50.0,150.0
18,10,405,2,220.0,440.0
19,10,706,1,280.0,280.0
20,10,233,1,160.0,160.0
21,10,233,2,160.0,320.0
22,11,281,1,160.0,160.0
23,11,281,2,160.0,320.0
24,11,673,3,230.0,690.0
25,12,603,1,220.0,220.0
26,12,564,2,200.0,400.0
27,13,434,1,670.0,670.0
28,13,721,3,140.0,420.0
29,14,130,2,300.0,600.0
30,15,184,3,500.0,1500.0
31,17,722,1,140.0,140.0
32,17,184,1,500.0,500.0
33,17,722,1,140.0,140.0
34,17,722,2,140.0,280.0
35,18,460,1,70.0,70.0
36,18,76,1,90.0,90.0
37,18,578,3,190.0,570.0
38,19,320,1,100.0,100.0
39,19,592,1,340.0,340.0
40,19,563,1,130.0,130.0
41,20,714,1,40.0,40.0
42,20,714,2,40.0,80.0
43,20,610,1,220.0,220.0
44,21,662,1,590.0,590.0
45,22,445,2,530.0,1060.0
46,22,680,2,240.0,480.0
47,22,680,1,240.0,240.0
48,23,255,1,70.0,70.0
49,24,670,2,340.0,680.0
50,24,277,3,210.0,630.0
51,25,385,1,90.0,90.0
52,27,25,3,420.0,1260.0
53,27,123,2,60.0,120.0
54,27,56,1,260.0,260.0
55,28,71,2,250.0,500.0
56,28,286,2,340.0,680.0
57,29,295,1,50.0,50.0
58,29,68,1,410.0,410.0
59,29,295,1,50.0,50.0
60,29,709,1,190.0,190.0
61,30,246,1,190.0,190.0
62,31,126,1,510.0,510.0
63,31,126,1,510.0,510.0
64,31,673,1,230.0,230.0
65,32,118,1,170.0,170.0
66,32,118,3,170.0,510.0
67,32,208,3,60.0,180.0
68,33,456,1,320.0,320.0
69,33,248,1,280.0,280.0
70,33,456,1,320.0,320.0
71,34,217,1,50.0,50.0
72,34,289,1,160.0,160.0
73,35,244,1,150.0,150.0
74,35,687,2,90.0,180.0
75,35,171,2,180.0,360.0
76,36,643,2,280.0,560.0
77,37,308,1,340.0,340.0
78,37,144,1,130.0,130.0
79,37,43,1,50.0,50.0
80,37,561,1,290.0,290.0
81,38,563,1,130.0,130.0
82,38,70,1,50.0,50.0
83,38,592,2,340.0,680.0
84,41,545,1,290.0,290.0
85,41,503,2,270.0,540.0
86,41,118,1,170.0,170.0
87,42,723,2,50.0,100.0
88,42,723,2,50.0,100.0
89,43,109,1,230.0,230.0
90,44,500,2,100.0,200.0
91,44,91,1,270.0,270.0
92,44,361,3,60.0,180.0
93,46,34,1,310.0,310.0
94,47,642,3,260.0,780.0
95,48,67,1,120.0,120.0
96,48,522,1,180.0,180.0
97,48,522,1,180.0,180.0
98,48,466,1,290.0,290.0
99,49,234,1,130.0,130.0
100,49,234,1,130.0,130.0
101,49,352,1,40.0,40.0
102,50,353,1,300.0,300.0
103,50,367,2,270.0,540.0
104,52,571,1,520.0,520.0
105,53,384,1,350.0,350.0
106,53,111,1,190.0,190.0
107,53,111,1,190.0,190.0
108,53,514,2,150.0,300.0
109,53,262,1,80.0,80.0
110,54,318,2,90.0,180.0
111,55,599,2,100.0,200.0
112,55,44,1,290.0,290.0
113,55,340,1,60.0,60.0
114,55,340,1,60.0,60.0
115,56,695,1,280.0,280.0
116,56,436,2,110.0,220.0
117,56,745,3,90.0,270.0
118,57,461,1,300.0,300.0
119,57,609,2,60.0,120.0
120,57,461,2,300.0,600.0
121,58,299,1,70.0,70.0
122,58,700,2,50.0,100.0
123,58,11,1,80.0,80.0
124,59,127,1,250.0,250.0
125,59,164,2,90.0,180.0
126,60,92,2,120.0,240.0
127,61,120,3,60.0,180.0
128,61,120,2,60.0,120.0
129,62,692,2,230.0,460.0
130,62,93,1,710.0,710.0
131,63,229,1,340.0,340.0
132,64,655,1,250.0,250.0
133,64,714,1,40.0,40.0
134,64,328,1,230.0,230.0
135,64,655,2,250.0,500.0
136,65,492,1,350.0,350.0
137,66,310,1,540.0,540.0
138,66,554,1,240.0,240.0
139,68,733,1,320.0,320.0
140,69,473,1,80.0,80.0
141,69,114,1,130.0,130.0
142,69,114,1,130.0,130.0
143,69,83,1,170.0,170.0
144,70,625,1,210.0,210.0
145,70,625,1,210.0,210.0
146,70,269,1,620.0,620.0
147,71,497,2,250.0,500.0
148,72,623,1,170.0,170.0
149,73,706,2,280.0,560.0
150,74,382,1,40.0,40.0
151,75,549,2,240.0,480.0
152,76,35,2,310.0,620.0
153,76,718,1,150.0,150.0
154,76,718,1,150.0,150.0
155,77,315,1,60.0,60.0
156,78,233,1,160.0,160.0
157,79,216,1,320.0,320.0
158,79,718,1,150.0,150.0
159,79,35,3,310.0,930.0
160,80,275,1,170.0,170.0
161,80,275,2,170.0,340.0
162,81,561,1,290.0,290.0
163,81,62,1,210.0,210.0
164,82,613,1,190.0,190.0
165,82,151,1,120.0,120.0
166,82,151,3,120.0,360.0
167,82,217,1,50.0,50.0
168,82,85,1,270.0,270.0
169,83,359,2,580.0,1160.0
170,84,109,3,230.0,690.0
171,84,9,2,280.0,560.0
172,85,582,2,200.0,400.0
173,85,582,1,200.0,200.0
174,85,52,1,330.0,330.0
175,85,310,1,540.0,540.0
176,86,355,1,100.0,100.0
177,86,242,1,70.0,70.0
178,87,181,2,190.0,380.0
179,87,39,2,70.0,140.0
180,88,373,2,260.0,520.0
181,88,21,1,640.0,640.0
182,88,373,1,260.0,260.0
183,88,373,2,260.0,520.0
184,89,337,1,290.0,290.0
185,90,278,1,310.0,310.0
186,91,739,2,290.0,580.0
187,92,551,1,120.0,120.0
188,92,275,1,170.0,170.0
189,93,638,2,300.0,600.0
190,93,638,1,300.0,300.0
191,94,748,1,390.0,390.0
192,94,748,2,390.0,780.0
193,94,391,2,70.0,140.0
194,94,358,1,160.0,160.0
195,94,172,1,190.0,190.0
196,95,732,1,120.0,120.0
197,95,625,1,210.0,210.0
198,95,732,1,120.0,120.0
199,95,732,1,120.0,120.0
200,96,720,1,360.0,360.0
201,96,345,1,330.0,330.0
202,96,345,1,330.0,330.0
203,96,510,1,110.0,110.0
204,97,703,1,90.0,90.0
205,98,561,2,290.0,580.0
206,98,144,1,130.0,130.0
207,99,723,1,50.0,50.0
208,99,723,3,50.0,150.0
209,99,723,3,50.0,150.0
210,100,351,1,60.0,60.0
211,100,528,1,160.0,160.0
212,100,528,2,160.0,320.0
213,101,542,2,240.0,480.0
214,101,522,1,180.0,180.0
215,102,717,1,60.0,60.0
216,102,169,3,310.0,930.0
217,103,638,1,300.0,300.0
218,103,605,3,320.0,960.0
219,104,230,1,120.0,120.0
220,104,230,1,120.0,120.0
221,104,230,2,120.0,240.0
222,104,230,2,120.0,240.0
223,105,131,1,310.0,310.0
224,105,483,1,130.0,130.0
225,106,629,1,290.0,290.0
226,106,424,2,90.0,180.0
227,106,363,1,670.0,670.0
228,107,308,2,340.0,680.0
229,107,144,2,130.0,260.0
230,108,44,2,290.0,580.0
231,109,130,3,300.0,900.0
232,110,393,1,80.0,80.0
233,110,567,2,140.0,280.0
234,110,750,1,220.0,220.0
235,111,701,1,260.0,260.0
236,112,522,1,180.0,180.0
237,112,466,2,290.0,580.0
238,112,542,1,240.0,240.0
239,112,426,1,140.0,140.0
240,112,153,2,590.0,1180.0
241,113,651,3,50.0,150.0
242,113,339,1,550.0,550.0
243,113,651,1,50.0,50.0
244,114,53,1,200.0,200.0
245,114,516,1,100.0,100.0
246,115,56,1,260.0,260.0
247,115,411,3,240.0,720.0
248,115,395,1,60.0,60.0
249,115,401,1,230.0,230.0
250,116,628,3,450.0,1350.0
251,116,505,2,70.0,140.0
252,116,628,2,450.0,900.0
253,117,211,1,350.0,350.0
254,117,615,1,110.0,110.0
255,118,624,1,70.0,70.0
256,118,354,1,320.0,320.0
257,118,472,1,210.0,210.0
258,118,364,3,190.0,570.0
259,119,563,1,130.0,130.0
260,119,592,3,340.0,1020.0
261,119,320,2,100.0,200.0
262,120,325,1,190.0,190.0
263,121,658,1,60.0,60.0
264,121,727,1,250.0,250.0
265,121,309,1,60.0,60.0
266,121,5,2,80.0,160.0
267,122,220,1,190.0,190.0
268,122,429,2,220.0,440.0
269,123,453,2,170.0,340.0
270,123,190,1,550.0,550.0
271,125,736,2,60.0,120.0
272,126,428,1,240.0,240.0
273,126,288,1,180.0,180.0
274,126,702,1,90.0,90.0
275,127,35,1,310.0,310.0
276,127,718,2,150.0,300.0
277,128,134,3,200.0,600.0
278,128,284,2,70.0,140.0
279,128,134,1,200.0,200.0
280,128,555,2,250.0,500.0
281,130,17,1,330.0,330.0
282,130,602,1,580.0,580.0
283,131,681,1,300.0,300.0
284,131,189,2,170.0,340.0
285,131,5,1,80.0,80.0
286,131,189,1,170.0,170.0
287,132,352,1,40.0,40.0
288,132,234,2,130.0,260.0
289,133,183,3,260.0,780.0
290,133,475,1,100.0,100.0
291,135,622,3,100.0,300.0
292,135,450,2,240.0,480.0
293,135,450,1,240.0,240.0
294,136,516,1,100.0,100.0
295,136,552,2,170.0,340.0
296,136,516,2,100.0,200.0
297,136,606,1,40.0,40.0
298,137,129,2,50.0,100.0
299,137,129,1,50.0,50.0
300,137,413,3,170.0,510.0
301,138,566,1,70.0,70.0
302,139,144,1,130.0,130.0
303,140,332,1,180.0,180.0
304,140,143,1,280.0,280.0
305,140,45,1,280.0,280.0
306,140,671,1,220.0,220.0
307,140,143,1,280.0,280.0
308,141,562,1,150.0,150.0
309,141,173,3,220.0,660.0
310,142,179,2,160.0,320.0
311,142,474,1,150.0,150.0
312,143,469,1,100.0,100.0
313,143,497,1,250.0,250.0
314,143,236,1,250.0,250.0
315,143,425,1,200.0,200.0
316,144,319,1,180.0,180.0
317,145,657,1,210.0,210.0
318,145,158,3,270.0,810.0
319,146,717,1,60.0,60.0
320,146,221,1,110.0,110.0
321,146,221,1,110.0,110.0
322,147,310,2,540.0,1080.0
323,147,191,2,140.0,280.0
324,147,191,1,140.0,140.0
325,147,387,2,650.0,1300.0
326,148,609,1,60.0,60.0
327,148,733,2,320.0,640.0
328,149,296,3,40.0,120.0
329,150,444,2,110.0,220.0
330,150,382,1,40.0,40.0
331,151,131,2,310.0,620.0
332,151,97,1,70.0,70.0
333,151,483,1,130.0,130.0
334,152,284,1,70.0,70.0
335,152,284,1,70.0,70.0
336,152,526,2,100.0,200.0
337,153,675,2,650.0,1300.0
338,153,612,1,290.0,290.0
339,154,402,1,230.0,230.0
340,154,358,1,160.0,160.0
341,155,413,2,170.0,340.0
342,155,293,1,40.0,40.0
343,155,413,1,170.0,170.0
344,156,405,1,220.0,220.0
345,156,405,2,220.0,440.0
346,157,231,1,100.0,100.0
347,157,306,1,190.0,190.0
348,158,229,2,340.0,680.0
349,158,286,2,340.0,680.0
350,158,620,3,60.0,180.0
351,158,620,1,60.0,60.0
352,159,474,1,150.0,150.0
353,159,167,1,50.0,50.0
354,160,43,2,50.0,100.0
355,160,596,2,300.0,600.0
356,161,388,2,60.0,120.0
357,162,7,1,320.0,320.0
358,162,513,1,190.0,190.0
359,162,622,1,100.0,100.0
360,163,435,3,70.0,210.0
361,163,435,1,70.0,70.0
362,164,98,1,270.0,270.0
363,164,98,1,270.0,270.0
364,166,717,2,60.0,120.0
365,166,717,1,60.0,60.0
366,166,169,1,310.0,310.0
367,167,585,2,50.0,100.0
368,167,249,3,140.0,420.0
369,168,269,1,620.0,620.0
370,169,381,1,560.0,560.0
371,170,121,1,690.0,690.0
372,170,283,2,110.0,220.0
373,170,121,2,690.0,1380.0
374,171,659,2,170.0,340.0
375,174,104,2,240.0,480.0
376,174,21,1,640.0,640.0
377,174,534,1,80.0,80.0
378,174,534,2,80.0,160.0
379,175,293,1,40.0,40.0
380,175,413,1,170.0,170.0
381,176,683,1,50.0,50.0
382,176,113,3,430.0,1290.0
383,176,244,1,150.0,150.0
384,177,141,3,190.0,570.0
385,177,324,1,30.0,30.0
386,177,749,3,70.0,210.0
387,177,324,1,30.0,30.0
388,178,396,2,90.0,180.0
389,178,661,3,50.0,150.0
390,178,661,2,50.0,100.0
391,179,530,1,90.0,90.0
392,179,341,2,150.0,300.0
393,179,530,1,90.0,90.0
394,179,341,1,150.0,150.0
395,180,726,1,310.0,310.0
396,180,720,2,360.0,720.0
397,183,432,1,540.0,540.0
398,183,702,1,90.0,90.0
399,184,436,1,110.0,110.0
400,185,157,2,240.0,480.0
401,185,312,1,180.0,180.0
402,185,665,1,120.0,120.0
403,185,312,2,180.0,360.0
404,186,659,2,170.0,340.0
405,186,659,1,170.0,170.0
406,187,443,1,180.0,180.0
407,188,470,2,320.0,640.0
408,189,633,2,170.0,340.0
409,189,495,1,180.0,180.0
410,189,633,1,170.0,170.0
411,190,439,1,580.0,580.0
412,190,439,1,580.0,580.0
413,191,642,1,260.0,260.0
414,191,642,1,260.0,260.0
415,191,616,1,190.0,190.0
416,192,470,2,320.0,640.0
417,192,691,1,540.0,540.0
418,193,79,3,660.0,1980.0
419,193,20,2,90.0,180.0
420,194,563,1,130.0,130.0
421,194,70,1,50.0,50.0
422,194,386,1,70.0,70.0
423,195,305,2,160.0,320.0
424,195,305,1,160.0,160.0
425,197,668,2,110.0,220.0
426,197,634,1,120.0,120.0
427,197,257,1,270.0,270.0
428,198,740,3,350.0,1050.0
429,200,120,3,60.0,180.0
430,201,668,2,110.0,220.0
431,201,257,1,270.0,270.0
432,201,634,1,120.0,120.0
433,202,700,1,50.0,50.0
434,202,700,1,50.0,50.0
435,203,161,2,180.0,360.0
436,203,161,2,180.0,360.0
437,203,161,1,180.0,180.0
438,203,340,1,60.0,60.0
439,204,488,1,180.0,180.0
440,204,488,1,180.0,180.0
441,204,488,1,180.0,180.0
442,205,229,2,340.0,680.0
443,205,71,1,250.0,250.0
444,206,132,1,300.0,300.0
445,207,695,1,280.0,280.0
446,207,583,3,140.0,420.0
447,207,583,1,140.0,140.0
448,207,695,1,280.0,280.0
449,208,337,1,290.0,290.0
450,208,97,1,70.0,70.0
451,209,346,1,650.0,650.0
452,209,12,1,60.0,60.0
453,210,193,2,150.0,300.0
454,210,46,1,200.0,200.0
455,211,351,2,60.0,120.0
456,212,297,1,300.0,300.0
457,212,638,1,300.0,300.0
458,213,380,3,310.0,930.0
459,214,158,1,270.0,270.0
460,214,657,2,210.0,420.0
461,216,155,1,50.0,50.0
462,218,469,3,100.0,300.0
463,219,718,3,150.0,450.0
464,219,35,2,310.0,620.0
465,220,565,3,460.0,1380.0
466,221,205,2,50.0,100.0
467,221,259,1,280.0,280.0
468,222,250,1,320.0,320.0
469,222,250,2,320.0,640.0
470,223,126,3,510.0,1530.0
471,223,281,1,160.0,160.0
472,223,281,1,160.0,160.0
473,224,24,1,50.0,50.0
474,224,24,1,50.0,50.0
475,225,653,2,140.0,280.0
476,226,131,1,310.0,310.0
477,226,97,1,70.0,70.0
478,226,483,2,130.0,260.0
479,228,42,1,110.0,110.0
480,229,194,2,670.0,1340.0
481,229,678,2,180.0,360.0
482,229,449,3,210.0,630.0
483,229,449,1,210.0,210.0
484,230,627,1,300.0,300.0
485,230,69,1,630.0,630.0
486,231,63,1,680.0,680.0
487,231,551,1,120.0,120.0
488,232,502,2,350.0,700.0
489,233,399,3,190.0,570.0
490,233,399,3,190.0,570.0
491,233,148,1,270.0,270.0
492,233,652,1,100.0,100.0
493,234,221,2,110.0,220.0
494,234,221,3,110.0,330.0
495,234,717,2,60.0,120.0
496,235,340,3,60.0,180.0
497,236,723,1,50.0,50.0
498,238,699,1,320.0,320.0
499,238,541,2,300.0,600.0
500,238,112,1,580.0,580.0
501,239,328,1,230.0,230.0
502,239,598,2,440.0,880.0
503,239,328,2,230.0,460.0
504,240,499,1,310.0,310.0
505,241,686,1,70.0,70.0
506,242,83,1,170.0,170.0
507,242,114,3,130.0,390.0
508,242,83,1,170.0,170.0
509,243,504,1,390.0,390.0
510,243,298,2,40.0,80.0
511,243,504,1,390.0,390.0
512,244,542,2,240.0,480.0
513,244,67,1,120.0,120.0
514,244,542,2,240.0,480.0
515,246,334,1,120.0,120.0
516,246,316,1,190.0,190.0
517,247,672,2,260.0,520.0
518,247,54,1,510.0,510.0
519,248,323,2,50.0,100.0
520,248,698,1,210.0,210.0
521,248,90,1,100.0,100.0
522,249,567,2,140.0,280.0
523,250,462,1,110.0,110.0
524,250,418,1,50.0,50.0
525,251,156,2,660.0,1320.0
526,251,185,1,150.0,150.0
527,252,741,1,290.0,290.0
528,252,442,1,290.0,290.0
529,253,347,2,180.0,360.0
530,253,347,1,180.0,180.0
531,254,702,1,90.0,90.0
532,254,54,1,510.0,510.0
533,254,54,2,510.0,1020.0
534,255,496,1,220.0,220.0
535,255,496,2,220.0,440.0
536,256,668,3,110.0,330.0
537,256,634,1,120.0,120.0
538,257,575,3,110.0,330.0
539,257,366,1,130.0,130.0
540,257,259,1,280.0,280.0
541,258,474,3,150.0,450.0
542,258,115,2,110.0,220.0
543,259,508,1,340.0,340.0
544,259,409,1,200.0,200.0
545,259,409,2,200.0,400.0
546,260,242,1,70.0,70.0
547,260,419,1,270.0,270.0
548,261,164,1,90.0,90.0
549,261,164,1,90.0,90.0
550,262,191,1,140.0,140.0
551,262,656,2,120.0,240.0
552,262,191,1,140.0,140.0
553,262,191,1,140.0,140.0
554,262,310,3,540.0,1620.0
555,263,117,1,40.0,40.0
556,263,9,1,280.0,280.0
557,263,117,1,40.0,40.0
558,263,9,1,280.0,280.0
559,264,152,2,70.0,140.0
560,264,421,2,160.0,320.0
561,265,243,1,250.0,250.0
562,265,464,1,80.0,80.0
563,266,378,1,320.0,320.0
564,267,465,1,90.0,90.0
565,267,350,1,170.0,170.0
566,268,9,1,280.0,280.0
567,268,643,1,280.0,280.0
568,268,9,3,280.0,840.0
569,269,118,1,170.0,170.0
570,269,258,1,270.0,270.0
571,272,614,2,190.0,380.0
572,273,502,1,350.0,350.0
573,274,423,1,40.0,40.0
574,274,335,1,40.0,40.0
575,275,445,2,530.0,1060.0
576,275,314,3,320.0,960.0
577,275,680,1,240.0,240.0
578,275,680,1,240.0,240.0
579,275,74,1,70.0,70.0
580,276,521,1,330.0,330.0
581,276,16,1,90.0,90.0
582,276,597,1,100.0,100.0
583,277,213,1,280.0,280.0
584,277,135,1,610.0,610.0
585,277,330,1,110.0,110.0
586,278,208,1,60.0,60.0
587,278,118,3,170.0,510.0
588,278,545,1,290.0,290.0
589,279,695,1,280.0,280.0
590,279,583,2,140.0,280.0
591,280,627,1,300.0,300.0
592,280,627,2,300.0,600.0
593,280,26,2,300.0,600.0
594,280,669,1,700.0,700.0
595,280,69,1,630.0,630.0
596,281,232,1,280.0,280.0
597,281,232,1,280.0,280.0
598,281,34,2,310.0,620.0
599,282,296,2,40.0,80.0
600,282,636,1,50.0,50.0
601,283,127,2,250.0,500.0
602,284,418,1,50.0,50.0
603,285,561,1,290.0,290.0
604,286,536,1,310.0,310.0
605,286,735,1,40.0,40.0
606,286,742,2,90.0,180.0
607,286,735,1,40.0,40.0
608,287,124,2,220.0,440.0
609,287,294,1,180.0,180.0
610,288,341,1,150.0,150.0
611,288,594,1,330.0,330.0
612,288,371,1,80.0,80.0
613,288,371,1,80.0,80.0
614,288,371,1,80.0,80.0
615,290,50,1,300.0,300.0
616,290,514,2,150.0,300.0
617,290,514,1,150.0,150.0
618,291,286,1,340.0,340.0
619,291,229,1,340.0,340.0
620,291,71,1,250.0,250.0
621,292,336,1,110.0,110.0
622,292,3,2,100.0,200.0
623,294,164,1,90.0,90.0
624,295,104,2,240.0,480.0
625,295,373,3,260.0,780.0
626,296,430,1,130.0,130.0
627,296,334,2,120.0,240.0
628,296,580,2,40.0,80.0
629,297,474,2,150.0,300.0
630,298,629,1,290.0,290.0
631,299,444,1,110.0,110.0
632,299,382,1,40.0,40.0
633,299,444,1,110.0,110.0
634,300,74,2,70.0,140.0
635,300,445,1,530.0,530.0
636,300,680,1,240.0,240.0
637,300,74,1,70.0,70.0
638,301,102,2,300.0,600.0
639,301,232,1,280.0,280.0
640,301,302,1,210.0,210.0
641,301,414,2,100.0,200.0
642,301,102,2,300.0,600.0
643,302,222,3,60.0,180.0
644,302,495,1,180.0,180.0
645,303,418,2,50.0,100.0
646,304,365,2,450.0,900.0
647,304,501,1,70.0,70.0
648,304,260,2,60.0,120.0
649,304,365,2,450.0,900.0
650,305,581,3,130.0,390.0
651,305,581,3,130.0,390.0
652,307,700,1,50.0,50.0
653,307,285,1,270.0,270.0
654,307,11,1,80.0,80.0
655,307,285,2,270.0,540.0
656,308,449,1,210.0,210.0
657,308,119,1,210.0,210.0
658,308,678,1,180.0,180.0
659,309,342,2,190.0,380.0
660,309,84,1,180.0,180.0
661,310,443,1,180.0,180.0
662,311,639,1,200.0,200.0
663,311,322,1,170.0,170.0
664,312,605,2,320.0,640.0
665,312,605,2,320.0,640.0
666,312,150,1,240.0,240.0
667,313,535,1,250.0,250.0
668,313,659,3,170.0,510.0
669,313,535,1,250.0,250.0
670,314,500,1,100.0,100.0
671,315,686,1,70.0,70.0
672,315,293,1,40.0,40.0
673,316,196,1,340.0,340.0
674,317,378,2,320.0,640.0
675,317,179,1,160.0,160.0
676,318,535,2,250.0,500.0
677,318,659,3,170.0,510.0
678,318,520,3,60.0,180.0
679,318,659,3,170.0,510.0
680,319,367,1,270.0,270.0
681,319,353,2,300.0,600.0
682,320,232,2,280.0,560.0
683,320,414,1,100.0,100.0
684,320,34,1,310.0,310.0
685,321,387,1,650.0,650.0
686,321,554,1,240.0,240.0
687,322,528,3,160.0,480.0
688,323,601,1,230.0,230.0
689,323,239,2,240.0,480.0
690,323,487,1,450.0,450.0
691,323,487,2,450.0,900.0
692,324,130,1,300.0,300.0
693,325,8,1,460.0,460.0
694,325,537,1,90.0,90.0
695,326,17,3,330.0,990.0
696,326,409,2,200.0,400.0
697,328,230,1,120.0,120.0
698,328,527,1,100.0,100.0
699,328,527,1,100.0,100.0
700,330,302,1,210.0,210.0
701,331,590,3,290.0,870.0
702,331,698,1,210.0,210.0
703,331,590,2,290.0,580.0
704,332,164,1,90.0,90.0
705,332,127,3,250.0,750.0
706,333,213,1,280.0,280.0
707,333,213,1,280.0,280.0
708,333,213,1,280.0,280.0
709,334,140,2,260.0,520.0
710,334,218,2,160.0,320.0
711,335,7,1,320.0,320.0
712,335,7,3,320.0,960.0
713,335,7,1,320.0,320.0
714,336,458,2,570.0,1140.0
715,336,539,2,90.0,180.0
716,336,162,1,290.0,290.0
717,336,162,2,290.0,580.0
718,337,332,1,180.0,180.0
719,337,332,1,180.0,180.0
720,338,408,3,120.0,360.0
721,339,104,2,240.0,480.0
722,339,104,1,240.0,240.0
723,340,526,1,100.0,100.0
724,340,526,2,100.0,200.0
725,341,533,2,530.0,1060.0
726,342,186,2,250.0,500.0
727,342,186,2,250.0,500.0
728,343,269,1,620.0,620.0
729,343,269,3,620.0,1860.0
730,343,269,2,620.0,1240.0
731,343,732,1,120.0,120.0
732,344,472,1,210.0,210.0
733,344,354,1,320.0,320.0
734,344,624,2,70.0,140.0
735,344,471,2,650.0,1300.0
736,345,276,2,200.0,400.0
737,345,450,1,240.0,240.0
738,346,117,1,40.0,40.0
739,346,109,1,230.0,230.0
740,347,219,1,100.0,100.0
741,347,219,1,100.0,100.0
742,347,580,3,40.0,120.0
743,347,316,3,190.0,570.0
744,347,580,1,40.0,40.0
745,348,284,1,70.0,70.0
746,348,134,1,200.0,200.0
747,349,403,1,120.0,120.0
748,349,403,3,120.0,360.0
749,350,265,1,170.0,170.0
750,350,517,1,180.0,180.0
751,351,709,2,190.0,380.0
752,352,130,1,300.0,300.0
753,353,641,3,300.0,900.0
754,354,127,1,250.0,250.0
755,354,127,2,250.0,500.0
756,355,252,3,350.0,1050.0
757,355,343,1,680.0,680.0
758,356,569,2,210.0,420.0
759,356,646,3,80.0,240.0
760,357,299,1,70.0,70.0
761,357,700,1,50.0,50.0
762,358,13,1,40.0,40.0
763,358,13,2,40.0,80.0
764,359,533,1,530.0,530.0
765,359,77,1,180.0,180.0
766,360,417,2,60.0,120.0
767,361,231,1,100.0,100.0
768,361,654,2,180.0,360.0
769,361,306,1,190.0,190.0
770,361,335,1,40.0,40.0
771,361,335,1,40.0,40.0
772,363,642,3,260.0,780.0
773,363,616,1,190.0,190.0
774,363,616,3,190.0,570.0
775,364,216,3,320.0,960.0
776,364,35,1,310.0,310.0
777,366,179,1,160.0,160.0
778,366,167,1,50.0,50.0
779,366,167,1,50.0,50.0
780,367,169,1,310.0,310.0
781,367,169,1,310.0,310.0
782,367,184,1,500.0,500.0
783,367,169,1,310.0,310.0
784,367,184,2,500.0,1000.0
785,368,491,1,510.0,510.0
786,368,557,1,310.0,310.0
787,369,234,1,130.0,130.0
788,369,352,1,40.0,40.0
789,370,131,2,310.0,620.0
790,371,275,1,170.0,170.0
791,371,551,1,120.0,120.0
792,372,90,2,100.0,200.0
793,372,90,2,100.0,200.0
794,373,704,2,130.0,260.0
795,374,211,1,350.0,350.0
796,374,669,2,700.0,1400.0
797,375,254,1,110.0,110.0
798,375,355,1,100.0,100.0
799,375,242,1,70.0,70.0
800,375,175,1,310.0,310.0
801,377,655,2,250.0,500.0
802,378,188,1,320.0,320.0
803,378,137,2,490.0,980.0
804,379,328,1,230.0,230.0
805,379,328,2,230.0,460.0
806,380,45,1,280.0,280.0
807,380,404,2,60.0,120.0
808,381,745,1,90.0,90.0
809,381,436,1,110.0,110.0
810,381,745,1,90.0,90.0
811,382,520,2,60.0,120.0
812,382,535,1,250.0,250.0
813,383,477,2,290.0,580.0
814,383,512,2,50.0,100.0
815,384,240,2,200.0,400.0
816,384,631,1,300.0,300.0
817,385,307,1,270.0,270.0
818,385,398,1,120.0,120.0
819,386,547,2,100.0,200.0
820,386,475,1,100.0,100.0
821,387,280,1,330.0,330.0
822,387,10,2,90.0,180.0
823,387,344,2,60.0,120.0
824,387,410,2,570.0,1140.0
825,388,267,3,270.0,810.0
826,389,114,2,130.0,260.0
827,389,623,2,170.0,340.0
828,390,677,2,40.0,80.0
829,390,396,1,90.0,90.0
830,391,331,1,450.0,450.0
831,392,718,2,150.0,300.0
832,392,744,3,270.0,810.0
833,392,35,2,310.0,620.0
834,393,245,1,290.0,290.0
835,395,281,1,160.0,160.0
836,395,281,2,160.0,320.0
837,395,126,1,510.0,510.0
838,396,734,1,90.0,90.0
839,397,643,1,280.0,280.0
840,398,230,1,120.0,120.0
841,399,444,1,110.0,110.0
842,400,746,1,60.0,60.0
843,401,308,2,340.0,680.0
844,401,596,2,300.0,600.0
845,402,638,1,300.0,300.0
846,402,638,1,300.0,300.0
847,403,641,1,300.0,300.0
848,404,619,2,60.0,120.0
849,404,528,3,160.0,480.0
850,404,351,1,60.0,60.0
851,405,459,2,120.0,240.0
852,405,206,1,60.0,60.0
853,406,343,2,680.0,1360.0
854,406,445,1,530.0,530.0
855,406,343,2,680.0,1360.0
856,408,17,1,330.0,330.0
857,408,409,1,200.0,200.0
858,409,344,2,60.0,120.0
859,409,446,1,300.0,300.0
860,409,348,2,70.0,140.0
861,410,278,1,310.0,310.0
862,410,36,2,80.0,160.0
863,411,465,1,90.0,90.0
864,411,506,2,110.0,220.0
865,412,119,1,210.0,210.0
866,412,368,2,320.0,640.0
867,412,716,1,290.0,290.0
868,413,290,3,200.0,600.0
869,413,290,2,200.0,400.0
870,414,258,2,270.0,540.0
871,415,634,2,120.0,240.0
872,415,668,1,110.0,110.0
873,415,93,2,710.0,1420.0
874,416,83,1,170.0,170.0
875,416,473,1,80.0,80.0
876,417,168,2,60.0,120.0
877,417,454,2,160.0,320.0
878,418,720,1,360.0,360.0
879,418,720,1,360.0,360.0
880,418,600,2,170.0,340.0
881,419,533,3,530.0,1590.0
882,420,128,1,140.0,140.0
883,421,155,1,50.0,50.0
884,422,668,2,110.0,220.0
885,422,692,3,230.0,690.0
886,422,692,3,230.0,690.0
887,422,668,1,110.0,110.0
888,422,257,2,270.0,540.0
889,423,520,2,60.0,120.0
890,423,520,1,60.0,60.0
891,423,535,1,250.0,250.0
892,424,648,1,200.0,200.0
893,424,661,1,50.0,50.0
894,424,517,1,180.0,180.0
895,424,746,3,60.0,180.0
896,425,581,3,130.0,390.0
897,425,590,1,290.0,290.0
898,426,519,3,170.0,510.0
899,426,519,3,170.0,510.0
900,427,97,2,70.0,140.0
901,428,508,1,340.0,340.0
902,428,17,2,330.0,660.0
903,428,17,1,330.0,330.0
904,429,529,2,60.0,120.0
905,429,433,2,90.0,180.0
906,430,744,3,270.0,810.0
907,430,718,1,150.0,150.0
908,430,35,2,310.0,620.0
909,430,744,1,270.0,270.0
910,431,633,2,170.0,340.0
911,431,495,1,180.0,180.0
912,431,495,1,180.0,180.0
913,432,110,2,310.0,620.0
914,432,342,2,190.0,380.0
915,432,507,2,190.0,380.0
916,433,607,2,130.0,260.0
917,433,607,1,130.0,130.0
918,435,655,1,250.0,250.0
919,435,598,2,440.0,880.0
920,435,610,1,220.0,220.0
921,436,650,2,170.0,340.0
922,436,650,1,170.0,170.0
923,436,650,3,170.0,510.0
924,437,606,1,40.0,40.0
925,438,10,1,90.0,90.0
926,438,446,1,300.0,300.0
927,438,280,2,330.0,660.0
928,438,446,2,300.0,600.0
929,439,474,1,150.0,150.0
930,439,167,1,50.0,50.0
931,439,374,2,130.0,260.0
932,440,731,2,280.0,560.0
933,440,324,1,30.0,30.0
934,440,749,1,70.0,70.0
935,440,731,2,280.0,560.0
936,441,77,1,180.0,180.0
937,441,195,1,270.0,270.0
938,442,298,2,40.0,80.0
939,442,16,1,90.0,90.0
940,443,216,1,320.0,320.0
941,443,35,3,310.0,930.0
942,444,475,1,100.0,100.0
943,444,242,1,70.0,70.0
944,444,547,1,100.0,100.0
945,445,334,2,120.0,240.0
946,446,455,2,120.0,240.0
947,447,608,1,70.0,70.0
948,447,79,3,660.0,1980.0
949,447,79,2,660.0,1320.0
950,448,482,2,660.0,1320.0
951,448,248,1,280.0,280.0
952,449,176,1,230.0,230.0
953,449,336,1,110.0,110.0
954,450,109,2,230.0,460.0
955,450,643,1,280.0,280.0
956,450,109,1,230.0,230.0
957,451,516,2,100.0,200.0
958,451,53,1,200.0,200.0
959,453,193,1,150.0,150.0
960,453,64,3,140.0,420.0
961,453,349,2,420.0,840.0
962,453,519,1,170.0,170.0
963,454,609,3,60.0,180.0
964,454,461,3,300.0,900.0
965,454,461,2,300.0,600.0
966,454,733,1,320.0,320.0
967,455,474,3,150.0,450.0
968,455,167,1,50.0,50.0
969,455,474,1,150.0,150.0
970,456,564,1,200.0,200.0
971,456,431,1,210.0,210.0
972,457,26,1,300.0,300.0
973,458,127,1,250.0,250.0
974,458,164,1,90.0,90.0
975,459,622,1,100.0,100.0
976,459,433,1,90.0,90.0
977,459,513,1,190.0,190.0
978,460,705,1,160.0,160.0
979,461,324,1,30.0,30.0
980,462,624,1,70.0,70.0
981,462,121,1,690.0,690.0
982,463,223,1,270.0,270.0
983,463,255,1,70.0,70.0
984,464,405,1,220.0,220.0
985,464,405,1,220.0,220.0
986,464,405,1,220.0,220.0
987,465,652,2,100.0,200.0
988,466,692,2,230.0,460.0
989,466,634,2,120.0,240.0
990,466,93,1,710.0,710.0
991,467,660,3,250.0,750.0
992,469,543,1,260.0,260.0
993,470,671,1,220.0,220.0
994,470,404,2,60.0,120.0
995,471,536,3,310.0,930.0
996,471,536,1,310.0,310.0
997,471,78,2,50.0,100.0
998,472,373,1,260.0,260.0
999,473,623,1,170.0,170.0
1000,473,623,3,170.0,510.0
1001,474,99,1,560.0,560.0
1002,476,104,1,240.0,240.0
1003,477,351,2,60.0,120.0
1004,477,619,1,60.0,60.0
1005,477,528,2,160.0,320.0
1006,478,502,1,350.0,350.0
1007,478,55,1,140.0,140.0
1008,478,502,2,350.0,700.0
1009,479,306,1,190.0,190.0
1010,479,170,2,60.0,120.0
1011,479,306,2,190.0,380.0
1012,480,307,1,270.0,270.0
1013,480,701,1,260.0,260.0
1014,481,134,1,200.0,200.0
1015,482,210,1,50.0,50.0
1016,482,197,1,60.0,60.0
1017,482,511,1,120.0,120.0
1018,483,622,1,100.0,100.0
1019,483,215,1,210.0,210.0
1020,483,433,1,90.0,90.0
1021,484,655,1,250.0,250.0
1022,485,712,1,70.0,70.0
1023,485,481,3,50.0,150.0
1024,485,481,2,50.0,100.0
1025,486,66,1,220.0,220.0
1026,486,633,2,170.0,340.0
1027,486,66,1,220.0,220.0
1028,486,495,1,180.0,180.0
1029,487,141,1,190.0,190.0
1030,487,731,1,280.0,280.0
1031,488,281,1,160.0,160.0
1032,488,126,1,510.0,510.0
1033,488,126,1,510.0,510.0
1034,489,182,2,90.0,180.0
1035,490,1,1,120.0,120.0
1036,490,296,2,40.0,80.0
1037,490,560,2,250.0,500.0
1038,492,741,1,290.0,290.0
1039,492,270,2,140.0,280.0
1040,493,316,2,190.0,380.0
1041,493,14,2,120.0,240.0
1042,494,378,3,320.0,960.0
1043,494,374,1,130.0,130.0
1044,495,371,2,80.0,160.0
1045,495,341,1,150.0,150.0
1046,495,371,1,80.0,80.0
1047,495,530,2,90.0,180.0
1048,496,721,1,140.0,140.0
1049,496,434,1,670.0,670.0
1050,497,664,2,110.0,220.0
1051,497,664,1,110.0,110.0
1052,497,15,2,670.0,1340.0
1053,497,388,1,60.0,60.0
1054,498,181,2,190.0,380.0
1055,499,606,1,40.0,40.0
1056,499,53,1,200.0,200.0
1057,499,53,1,200.0,200.0
1058,500,155,2,50.0,100.0
1059,500,28,2,210.0,420.0
1060,500,189,3,170.0,510.0
1061,501,344,1,60.0,60.0
1062,502,524,1,180.0,180.0
1063,502,653,2,140.0,280.0
1064,502,77,2,180.0,360.0
1065,502,524,1,180.0,180.0
1066,503,729,1,90.0,90.0
1067,503,729,2,90.0,180.0
1068,504,393,1,80.0,80.0
1069,504,567,1,140.0,140.0
1070,504,567,1,140.0,140.0
1071,504,567,1,140.0,140.0
1072,504,393,1,80.0,80.0
1073,505,613,1,190.0,190.0
1074,505,22,3,80.0,240.0
1075,505,31,2,100.0,200.0
1076,505,663,1,170.0,170.0
1077,506,505,1,70.0,70.0
1078,506,112,1,580.0,580.0
1079,507,388,1,60.0,60.0
1080,507,664,2,110.0,220.0
1081,507,388,1,60.0,60.0
1082,508,21,1,640.0,640.0
1083,508,104,2,240.0,480.0
1084,508,104,2,240.0,480.0
1085,509,7,1,320.0,320.0
1086,509,276,2,200.0,400.0
1087,509,225,3,110.0,330.0
1088,509,147,1,160.0,160.0
1089,510,192,1,270.0,270.0
1090,510,223,1,270.0,270.0
1091,510,192,2,270.0,540.0
1092,510,649,2,320.0,640.0
1093,511,213,3,280.0,840.0
1094,511,213,1,280.0,280.0
1095,511,135,1,610.0,610.0
1096,512,436,1,110.0,110.0
1097,512,380,3,310.0,930.0
1098,512,695,2,280.0,560.0
1099,512,745,3,90.0,270.0
1100,513,570,1,530.0,530.0
1101,514,48,1,180.0,180.0
1102,514,48,3,180.0,540.0
1103,514,48,1,180.0,180.0
1104,516,42,1,110.0,110.0
1105,517,317,1,310.0,310.0
1106,517,612,2,290.0,580.0
1107,517,411,2,240.0,480.0
1108,517,81,2,280.0,560.0
1109,517,56,1,260.0,260.0
1110,518,151,2,120.0,240.0
1111,519,135,1,610.0,610.0
1112,519,135,1,610.0,610.0
1113,520,302,2,210.0,420.0
1114,520,34,1,310.0,310.0
1115,520,302,1,210.0,210.0
1116,521,181,1,190.0,190.0
1117,522,50,1,300.0,300.0
1118,522,570,1,530.0,530.0
1119,522,384,1,350.0,350.0
1120,522,570,2,530.0,1060.0
1121,523,744,1,270.0,270.0
1122,523,718,2,150.0,300.0
1123,523,718,1,150.0,150.0
1124,524,632,1,340.0,340.0
1125,524,132,2,300.0,600.0
1126,524,440,1,150.0,150.0
1127,525,199,1,300.0,300.0
1128,525,209,1,50.0,50.0
1129,525,262,1,80.0,80.0
1130,526,188,1,320.0,320.0
1131,526,188,1,320.0,320.0
1132,526,313,1,260.0,260.0
1133,527,605,2,320.0,640.0
1134,527,489,1,140.0,140.0
1135,527,12,3,60.0,180.0
1136,528,443,1,180.0,180.0
1137,529,290,1,200.0,200.0
1138,530,397,3,310.0,930.0
1139,530,148,2,270.0,540.0
1140,530,652,1,100.0,100.0
1141,531,10,1,90.0,90.0
1142,531,10,1,90.0,90.0
1143,531,280,1,330.0,330.0
1144,531,344,1,60.0,60.0
1145,532,593,1,180.0,180.0
1146,532,285,1,270.0,270.0
1147,533,561,1,290.0,290.0
1148,533,596,1,300.0,300.0
1149,534,273,1,200.0,200.0
1150,534,196,1,340.0,340.0
1151,535,335,2,40.0,80.0
1152,535,306,1,190.0,190.0
1153,535,231,1,100.0,100.0
1154,535,231,1,100.0,100.0
1155,536,158,1,270.0,270.0
1156,538,25,2,420.0,840.0
1157,538,416,2,660.0,1320.0
1158,538,25,3,420.0,1260.0
1159,539,37,1,100.0,100.0
1160,539,37,1,100.0,100.0
1161,539,154,1,310.0,310.0
1162,540,443,1,180.0,180.0
1163,540,443,1,180.0,180.0
1164,541,695,1,280.0,280.0
1165,541,436,1,110.0,110.0
1166,541,583,1,140.0,140.0
1167,541,583,1,140.0,140.0
1168,542,740,3,350.0,1050.0
1169,542,532,1,130.0,130.0
1170,542,431,2,210.0,420.0
1171,542,532,1,130.0,130.0
1172,543,256,3,250.0,750.0
1173,543,689,1,60.0,60.0
1174,544,496,3,220.0,660.0
1175,544,496,1,220.0,220.0
1176,545,148,2,270.0,540.0
1177,545,397,2,310.0,620.0
1178,545,697,1,210.0,210.0
1179,546,344,3,60.0,180.0
1180,546,446,1,300.0,300.0
1181,546,344,2,60.0,120.0
1182,546,410,1,570.0,570.0
1183,546,446,3,300.0,900.0
1184,547,13,2,40.0,80.0
1185,547,496,1,220.0,220.0
1186,548,632,2,340.0,680.0
1187,548,319,2,180.0,360.0
1188,549,431,1,210.0,210.0
1189,549,431,2,210.0,420.0
1190,549,708,3,480.0,1440.0
1191,551,670,3,340.0,1020.0
1192,551,313,2,260.0,520.0
1193,551,137,1,490.0,490.0
1194,553,89,1,270.0,270.0
1195,554,169,1,310.0,310.0
1196,554,722,1,140.0,140.0
1197,556,424,2,90.0,180.0
1198,556,629,2,290.0,580.0
1199,556,629,1,290.0,290.0
1200,557,634,3,120.0,360.0
1201,558,280,1,330.0,330.0
1202,558,348,2,70.0,140.0
1203,558,344,3,60.0,180.0
1204,559,409,3,200.0,600.0
1205,559,508,2,340.0,680.0
1206,560,665,1,120.0,120.0
1207,560,157,1,240.0,240.0
1208,560,190,1,550.0,550.0
1209,560,157,2,240.0,480.0
1210,560,453,1,170.0,170.0
1211,562,437,3,130.0,390.0
1212,562,445,1,530.0,530.0
1213,563,414,1,100.0,100.0
1214,563,302,1,210.0,210.0
1215,564,339,1,550.0,550.0
1216,564,651,1,50.0,50.0
1217,564,394,1,250.0,250.0
1218,564,311,1,60.0,60.0
1219,565,219,1,100.0,100.0
1220,566,733,2,320.0,640.0
1221,567,538,3,240.0,720.0
1222,569,306,2,190.0,380.0
1223,569,423,2,40.0,80.0
1224,569,654,1,180.0,180.0
1225,571,58,1,260.0,260.0
1226,572,735,1,40.0,40.0
1227,572,78,1,50.0,50.0
1228,573,94,2,180.0,360.0
1229,573,395,1,60.0,60.0
1230,574,53,1,200.0,200.0
1231,574,516,1,100.0,100.0
1232,575,47,1,40.0,40.0
1233,576,397,3,310.0,930.0
1234,576,399,1,190.0,190.0
1235,576,148,2,270.0,540.0
1236,576,399,3,190.0,570.0
1237,578,710,1,210.0,210.0
1238,578,203,2,190.0,380.0
1239,578,710,3,210.0,630.0
1240,579,424,1,90.0,90.0
1241,579,363,1,670.0,670.0
1242,579,363,2,670.0,1340.0
1243,580,443,1,180.0,180.0
1244,580,338,2,210.0,420.0
1245,580,338,1,210.0,210.0
1246,581,229,2,340.0,680.0
1247,581,614,1,190.0,190.0
1248,583,602,2,580.0,1160.0
1249,583,17,2,330.0,660.0
1250,584,744,1,270.0,270.0
1251,584,216,3,320.0,960.0
1252,585,64,3,140.0,420.0
1253,585,589,1,310.0,310.0
1254,585,690,3,70.0,210.0
1255,586,31,1,100.0,100.0
1256,586,85,1,270.0,270.0
1257,587,82,1,70.0,70.0
1258,587,341,2,150.0,300.0
1259,587,371,1,80.0,80.0
1260,588,330,1,110.0,110.0
1261,588,135,1,610.0,610.0
1262,588,135,1,610.0,610.0
1263,589,420,2,270.0,540.0
1264,589,162,3,290.0,870.0
1265,589,160,1,50.0,50.0
1266,590,331,1,450.0,450.0
1267,593,166,1,590.0,590.0
1268,593,128,1,140.0,140.0
1269,594,271,1,510.0,510.0
1270,594,199,1,300.0,300.0
1271,595,380,1,310.0,310.0
1272,596,59,2,100.0,200.0
1273,596,59,1,100.0,100.0
1274,597,478,1,270.0,270.0
1275,598,53,1,200.0,200.0
1276,598,606,1,40.0,40.0
1277,599,50,1,300.0,300.0
1278,599,570,1,530.0,530.0
1279,599,271,1,510.0,510.0
1280,600,512,3,50.0,150.0
1281,600,208,1,60.0,60.0
1282,601,3,1,100.0,100.0
1283,601,336,2,110.0,220.0
1284,602,216,1,320.0,320.0
1285,603,593,3,180.0,540.0
1286,603,593,2,180.0,360.0
1287,603,383,1,200.0,200.0
1288,603,11,2,80.0,160.0
1289,604,350,2,170.0,340.0
1290,605,2,1,40.0,40.0
1291,605,2,1,40.0,40.0
1292,605,2,1,40.0,40.0
1293,606,580,1,40.0,40.0
1294,606,316,1,190.0,190.0
1295,607,337,3,290.0,870.0
1296,608,538,3,240.0,720.0
1297,608,237,1,350.0,350.0
1298,609,560,1,250.0,250.0
1299,610,658,1,60.0,60.0
1300,610,658,1,60.0,60.0
1301,611,602,1,580.0,580.0
1302,612,689,2,60.0,120.0
1303,612,105,1,50.0,50.0
1304,614,243,3,250.0,750.0
1305,615,23,1,310.0,310.0
1306,615,162,1,290.0,290.0
1307,615,177,1,70.0,70.0
1308,616,263,3,180.0,540.0
1309,616,63,1,680.0,680.0
1310,617,740,1,350.0,350.0
1311,617,431,1,210.0,210.0
1312,617,564,2,200.0,400.0
1313,618,336,1,110.0,110.0
1314,618,674,1,630.0,630.0
1315,618,674,1,630.0,630.0
1316,619,417,2,60.0,120.0
1317,619,359,1,580.0,580.0
1318,619,488,1,180.0,180.0
1319,620,423,1,40.0,40.0
1320,620,306,3,190.0,570.0
1321,621,749,1,70.0,70.0
1322,621,324,1,30.0,30.0
1323,621,749,1,70.0,70.0
1324,621,141,2,190.0,380.0
1325,622,438,1,300.0,300.0
1326,622,300,1,330.0,330.0
1327,623,602,2,580.0,1160.0
1328,623,17,1,330.0,330.0
1329,623,705,1,160.0,160.0
1330,623,17,2,330.0,660.0
1331,624,678,1,180.0,180.0
1332,624,678,2,180.0,360.0
1333,625,264,1,120.0,120.0
1334,626,293,3,40.0,120.0
1335,626,544,1,40.0,40.0
1336,626,293,1,40.0,40.0
1337,628,52,1,330.0,330.0
1338,628,387,2,650.0,1300.0
1339,628,554,1,240.0,240.0
1340,629,134,1,200.0,200.0
1341,629,526,1,100.0,100.0
1342,630,540,3,50.0,150.0
1343,631,65,2,330.0,660.0
1344,631,65,1,330.0,330.0
1345,633,627,1,300.0,300.0
1346,633,627,3,300.0,900.0
1347,633,291,2,280.0,560.0
1348,634,297,1,300.0,300.0
1349,636,109,3,230.0,690.0
1350,636,643,2,280.0,560.0
1351,636,9,1,280.0,280.0
1352,637,211,3,350.0,1050.0
1353,637,211,1,350.0,350.0
1354,637,291,1,280.0,280.0
1355,638,166,2,590.0,1180.0
1356,638,331,1,450.0,450.0
1357,639,15,1,670.0,670.0
1358,640,467,1,200.0,200.0
1359,640,467,1,200.0,200.0
1360,640,550,2,400.0,800.0
1361,641,564,1,200.0,200.0
1362,641,740,1,350.0,350.0
1363,641,532,2,130.0,260.0
1364,642,257,2,270.0,540.0
1365,642,668,3,110.0,330.0
1366,643,340,3,60.0,180.0
1367,643,161,3,180.0,540.0
1368,643,44,2,290.0,580.0
1369,644,107,1,150.0,150.0
1370,645,641,2,300.0,600.0
1371,647,641,1,300.0,300.0
1372,648,206,1,60.0,60.0
1373,648,96,1,210.0,210.0
1374,649,46,1,200.0,200.0
1375,649,46,2,200.0,400.0
1376,649,690,2,70.0,140.0
1377,649,224,1,120.0,120.0
1378,649,696,1,300.0,300.0
1379,652,440,1,150.0,150.0
1380,652,319,2,180.0,360.0
1381,653,493,2,190.0,380.0
1382,654,103,1,500.0,500.0
1383,654,103,2,500.0,1000.0
1384,654,95,1,90.0,90.0
1385,655,59,2,100.0,200.0
1386,655,571,1,520.0,520.0
1387,656,605,2,320.0,640.0
1388,657,556,3,270.0,810.0
1389,657,688,1,180.0,180.0
1390,657,556,2,270.0,540.0
1391,657,688,3,180.0,540.0
1392,657,559,1,200.0,200.0
1393,658,15,2,670.0,1340.0
1394,658,240,3,200.0,600.0
1395,658,736,2,60.0,120.0
1396,658,196,2,340.0,680.0
1397,659,423,1,40.0,40.0
1398,660,349,1,420.0,420.0
1399,661,36,2,80.0,160.0
1400,661,278,2,310.0,620.0
1401,661,476,1,60.0,60.0
1402,662,686,1,70.0,70.0
1403,662,293,1,40.0,40.0
1404,663,358,2,160.0,320.0
1405,663,358,1,160.0,160.0
1406,664,269,1,620.0,620.0
1407,664,61,2,100.0,200.0
1408,665,75,2,230.0,460.0
1409,665,75,3,230.0,690.0
1410,666,276,1,200.0,200.0
1411,667,461,1,300.0,300.0
1412,668,587,1,240.0,240.0
1413,668,66,2,220.0,440.0
1414,669,625,2,210.0,420.0
1415,669,61,1,100.0,100.0
1416,670,496,2,220.0,440.0
1417,670,13,1,40.0,40.0
1418,671,573,3,320.0,960.0
1419,671,478,2,270.0,540.0
1420,671,294,1,180.0,180.0
1421,671,693,1,60.0,60.0
1422,672,87,1,510.0,510.0
1423,673,463,2,60.0,120.0
1424,674,647,2,180.0,360.0
1425,674,365,1,450.0,450.0
1426,675,319,1,180.0,180.0
1427,675,319,1,180.0,180.0
1428,675,440,1,150.0,150.0
1429,676,225,1,110.0,110.0
1430,676,215,1,210.0,210.0
1431,676,276,1,200.0,200.0
1432,677,207,1,70.0,70.0
1433,678,89,2,270.0,540.0
1434,678,611,1,110.0,110.0
1435,678,579,1,330.0,330.0
1436,680,563,1,130.0,130.0
1437,680,178,1,60.0,60.0
1438,680,178,2,60.0,120.0
1439,680,386,2,70.0,140.0
1440,681,186,1,250.0,250.0
1441,681,562,2,150.0,300.0
1442,682,267,1,270.0,270.0
1443,682,267,2,270.0,540.0
1444,683,516,1,100.0,100.0
1445,686,368,1,320.0,320.0
1446,686,678,1,180.0,180.0
1447,686,119,1,210.0,210.0
1448,687,337,1,290.0,290.0
1449,688,219,3,100.0,300.0
1450,689,476,1,60.0,60.0
1451,689,212,1,100.0,100.0
1452,689,476,1,60.0,60.0
1453,691,588,1,640.0,640.0
1454,691,435,1,70.0,70.0
1455,691,240,1,200.0,200.0
1456,691,617,1,210.0,210.0
1457,691,617,2,210.0,420.0
1458,692,363,1,670.0,670.0
1459,693,428,1,240.0,240.0
1460,694,378,2,320.0,640.0
1461,694,167,1,50.0,50.0
1462,695,643,3,280.0,840.0
1463,695,9,1,280.0,280.0
1464,696,96,1,210.0,210.0
1465,696,459,3,120.0,360.0
1466,696,459,1,120.0,120.0
1467,697,585,2,50.0,100.0
1468,698,310,2,540.0,1080.0
1469,699,298,2,40.0,80.0
1470,699,16,1,90.0,90.0
1471,701,9,1,280.0,280.0
1472,703,310,1,540.0,540.0
1473,703,52,1,330.0,330.0
1474,703,656,2,120.0,240.0
1475,704,459,2,120.0,240.0
1476,704,206,1,60.0,60.0
1477,704,206,2,60.0,120.0
1478,705,211,1,350.0,350.0
1479,706,241,1,90.0,90.0
1480,706,144,2,130.0,260.0
1481,706,47,2,40.0,80.0
1482,707,656,1,120.0,120.0
1483,707,187,1,130.0,130.0
1484,707,52,1,330.0,330.0
1485,707,187,2,130.0,260.0
1486,708,59,2,100.0,200.0
1487,708,59,3,100.0,300.0
1488,708,290,1,200.0,200.0
1489,709,233,2,160.0,320.0
1490,709,706,2,280.0,560.0
1491,709,408,1,120.0,120.0
1492,710,501,3,70.0,210.0
1493,710,260,3,60.0,180.0
1494,710,501,1,70.0,70.0
1495,711,328,1,230.0,230.0
1496,711,598,1,440.0,440.0
1497,711,328,1,230.0,230.0
1498,712,290,1,200.0,200.0
1499,713,390,2,270.0,540.0
1500,713,567,1,140.0,140.0
1501,714,74,1,70.0,70.0
1502,714,314,1,320.0,320.0
1503,714,739,1,290.0,290.0
1504,715,463,1,60.0,60.0
1505,715,256,2,250.0,500.0
1506,716,347,1,180.0,180.0
1507,716,203,1,190.0,190.0
1508,716,347,3,180.0,540.0
1509,717,130,3,300.0,900.0
1510,718,49,3,330.0,990.0
1511,719,109,1,230.0,230.0
1512,719,117,3,40.0,120.0
1513,720,739,2,290.0,580.0
1514,721,127,1,250.0,250.0
1515,721,164,1,90.0,90.0
1516,722,332,1,180.0,180.0
1517,722,143,1,280.0,280.0
1518,722,143,1,280.0,280.0
1519,723,646,1,80.0,80.0
1520,723,646,2,80.0,160.0
1521,724,553,2,110.0,220.0
1522,724,333,1,100.0,100.0
1523,725,117,1,40.0,40.0
1524,725,9,1,280.0,280.0
1525,726,717,3,60.0,180.0
1526,727,373,2,260.0,520.0
1527,727,21,1,640.0,640.0
1528,729,443,2,180.0,360.0
1529,729,65,1,330.0,330.0
1530,729,65,2,330.0,660.0
1531,730,392,2,60.0,120.0
1532,730,186,2,250.0,500.0
1533,730,392,1,60.0,60.0
1534,731,594,1,330.0,330.0
1535,731,594,3,330.0,990.0
1536,732,373,3,260.0,780.0
1537,732,534,1,80.0,80.0
1538,732,373,1,260.0,260.0
1539,733,250,1,320.0,320.0
1540,733,735,2,40.0,80.0
1541,733,78,1,50.0,50.0
1542,733,735,1,40.0,40.0
1543,734,601,1,230.0,230.0
1544,734,239,2,240.0,480.0
1545,734,282,1,100.0,100.0
1546,735,406,1,180.0,180.0
1547,735,447,2,110.0,220.0
1548,735,406,2,180.0,360.0
1549,735,110,1,310.0,310.0
1550,735,507,1,190.0,190.0
1551,736,284,3,70.0,210.0
1552,736,284,1,70.0,70.0
1553,736,526,1,100.0,100.0
1554,736,284,3,70.0,210.0
1555,737,708,1,480.0,480.0
1556,737,564,1,200.0,200.0
1557,738,140,2,260.0,520.0
1558,738,122,2,120.0,240.0
1559,739,297,1,300.0,300.0
1560,739,605,3,320.0,960.0
1561,740,508,2,340.0,680.0
1562,740,409,1,200.0,200.0
1563,740,705,2,160.0,320.0
1564,740,17,1,330.0,330.0
1565,741,397,1,310.0,310.0
1566,741,697,2,210.0,420.0
1567,742,178,2,60.0,120.0
1568,743,196,3,340.0,1020.0
1569,744,337,1,290.0,290.0
1570,744,483,3,130.0,390.0
1571,744,131,1,310.0,310.0
1572,744,577,1,70.0,70.0
1573,745,45,3,280.0,840.0
1574,745,45,1,280.0,280.0
1575,745,45,1,280.0,280.0
1576,745,332,1,180.0,180.0
1577,746,130,2,300.0,600.0
1578,747,468,1,160.0,160.0
1579,748,313,1,260.0,260.0
1580,748,188,1,320.0,320.0
1581,748,546,1,190.0,190.0
1582,748,277,3,210.0,630.0
1583,748,546,1,190.0,190.0
1584,749,506,1,110.0,110.0
1585,750,506,2,110.0,220.0
1586,750,467,2,200.0,400.0
1587,751,432,2,540.0,1080.0
1588,751,432,1,540.0,540.0
1589,752,673,3,230.0,690.0
1590,752,673,2,230.0,460.0
1591,752,281,1,160.0,160.0
1592,753,96,2,210.0,420.0
1593,753,96,1,210.0,210.0
1594,754,502,2,350.0,700.0
1595,754,55,2,140.0,280.0
1596,754,502,2,350.0,700.0
1597,755,272,1,200.0,200.0
1598,755,572,3,300.0,900.0
1599,756,319,1,180.0,180.0
1600,756,132,1,300.0,300.0
1601,756,319,2,180.0,360.0
1602,758,526,1,100.0,100.0
1603,758,555,2,250.0,500.0
1604,758,134,1,200.0,200.0
1605,759,225,1,110.0,110.0
1606,759,147,3,160.0,480.0
1607,762,537,1,90.0,90.0
1608,762,688,1,180.0,180.0
1609,763,677,3,40.0,120.0
1610,763,396,2,90.0,180.0
1611,763,648,2,200.0,400.0
1612,763,703,2,90.0,180.0
1613,763,677,1,40.0,40.0
1614,764,42,2,110.0,220.0
1615,765,602,1,580.0,580.0
1616,766,102,3,300.0,900.0
1617,766,34,1,310.0,310.0
1618,767,671,2,220.0,440.0
1619,768,496,2,220.0,440.0
1620,768,496,1,220.0,220.0
1621,769,305,1,160.0,160.0
1622,769,586,2,340.0,680.0
1623,769,491,1,510.0,510.0
1624,769,385,1,90.0,90.0
1625,769,557,2,310.0,620.0
1626,770,218,3,160.0,480.0
1627,770,140,1,260.0,260.0
1628,771,246,1,190.0,190.0
1629,771,653,1,140.0,140.0
1630,771,533,1,530.0,530.0
1631,771,533,1,530.0,530.0
1632,772,230,1,120.0,120.0
1633,772,107,1,150.0,150.0
1634,773,102,1,300.0,300.0
1635,773,302,2,210.0,420.0
1636,773,414,1,100.0,100.0
1637,774,218,3,160.0,480.0
1638,774,140,1,260.0,260.0
1639,774,122,1,120.0,120.0
1640,775,406,3,180.0,540.0
1641,775,485,2,170.0,340.0
1642,775,485,1,170.0,170.0
1643,775,406,2,180.0,360.0
1644,775,136,2,530.0,1060.0
1645,778,424,1,90.0,90.0
1646,779,710,1,210.0,210.0
1647,779,710,1,210.0,210.0
1648,780,578,2,190.0,380.0
1649,780,644,1,120.0,120.0
1650,780,39,2,70.0,140.0
1651,781,407,1,250.0,250.0
1652,782,248,2,280.0,560.0
1653,783,479,3,80.0,240.0
1654,783,417,1,60.0,60.0
1655,783,422,2,130.0,260.0
1656,784,443,3,180.0,540.0
1657,784,443,1,180.0,180.0
1658,785,733,2,320.0,640.0
1659,786,82,2,70.0,140.0
1660,786,82,1,70.0,70.0
1661,787,320,1,100.0,100.0
1662,787,70,2,50.0,100.0
1663,787,386,2,70.0,140.0
1664,788,445,1,530.0,530.0
1665,789,317,1,310.0,310.0
1666,789,401,1,230.0,230.0
1667,790,464,3,80.0,240.0
1668,790,464,2,80.0,160.0
1669,791,62,1,210.0,210.0
1670,791,144,1,130.0,130.0
1671,791,43,2,50.0,100.0
1672,792,417,3,60.0,180.0
1673,792,452,1,270.0,270.0
1674,792,618,2,100.0,200.0
1675,792,417,1,60.0,60.0
1676,792,488,2,180.0,360.0
1677,793,171,1,180.0,180.0
1678,793,439,1,580.0,580.0
1679,794,720,1,360.0,360.0
1680,794,726,2,310.0,620.0
1681,795,198,3,570.0,1710.0
1682,795,318,2,90.0,180.0
1683,796,88,1,310.0,310.0
1684,796,88,1,310.0,310.0
1685,797,169,1,310.0,310.0
1686,797,221,1,110.0,110.0
1687,797,221,2,110.0,220.0
1688,797,221,1,110.0,110.0
1689,798,658,1,60.0,60.0
1690,798,189,1,170.0,170.0
1691,799,555,1,250.0,250.0
1692,801,524,1,180.0,180.0
1693,801,195,1,270.0,270.0
1694,801,653,3,140.0,420.0
1695,803,462,1,110.0,110.0
1696,803,99,1,560.0,560.0
1697,803,418,1,50.0,50.0
1698,804,290,2,200.0,400.0
1699,805,313,2,260.0,520.0
1700,805,493,2,190.0,380.0
1701,806,157,1,240.0,240.0
1702,806,287,1,40.0,40.0
1703,806,453,2,170.0,340.0
1704,806,157,1,240.0,240.0
1705,806,157,1,240.0,240.0
1706,807,621,1,140.0,140.0
1707,807,326,1,110.0,110.0
1708,807,454,1,160.0,160.0
1709,807,707,1,180.0,180.0
1710,809,590,2,290.0,580.0
1711,809,590,1,290.0,290.0
1712,810,609,3,60.0,180.0
1713,810,19,2,110.0,220.0
1714,810,609,1,60.0,60.0
1715,811,207,3,70.0,210.0
1716,812,24,1,50.0,50.0
1717,812,398,1,120.0,120.0
1718,812,24,2,50.0,100.0
1719,812,139,1,150.0,150.0
1720,812,398,1,120.0,120.0
1721,813,514,1,150.0,150.0
1722,813,271,2,510.0,1020.0
1723,814,95,1,90.0,90.0
1724,815,650,2,170.0,340.0
1725,815,650,2,170.0,340.0
1726,816,641,2,300.0,600.0
1727,817,244,1,150.0,150.0
1728,818,139,1,150.0,150.0
1729,818,24,1,50.0,50.0
1730,819,334,1,120.0,120.0
1731,819,316,2,190.0,380.0
1732,820,255,1,70.0,70.0
1733,820,255,2,70.0,140.0
1734,820,223,2,270.0,540.0
1735,821,316,1,190.0,190.0
1736,822,696,2,300.0,600.0
1737,822,193,2,150.0,300.0
1738,823,311,1,60.0,60.0
1739,823,548,1,230.0,230.0
1740,823,651,3,50.0,150.0
1741,823,651,2,50.0,100.0
1742,824,280,1,330.0,330.0
1743,825,348,2,70.0,140.0
1744,825,280,2,330.0,660.0
1745,825,446,2,300.0,600.0
1746,825,446,1,300.0,300.0
1747,826,135,1,610.0,610.0
1748,827,187,1,130.0,130.0
1749,827,310,2,540.0,1080.0
1750,827,554,3,240.0,720.0
1751,827,310,2,540.0,1080.0
1752,828,91,1,270.0,270.0
1753,828,91,2,270.0,540.0
1754,828,361,1,60.0,60.0
1755,829,324,2,30.0,60.0
1756,829,731,1,280.0,280.0
1757,830,91,2,270.0,540.0
1758,831,95,1,90.0,90.0
1759,832,517,1,180.0,180.0
1760,832,265,2,170.0,340.0
1761,835,499,2,310.0,620.0
1762,836,732,1,120.0,120.0
1763,836,732,1,120.0,120.0
1764,837,14,2,120.0,240.0
1765,838,633,1,170.0,170.0
1766,838,490,1,50.0,50.0
1767,838,495,1,180.0,180.0
1768,838,495,1,180.0,180.0
1769,839,537,2,90.0,180.0
1770,840,213,2,280.0,560.0
1771,840,135,2,610.0,1220.0
1772,840,213,1,280.0,280.0
1773,841,510,1,110.0,110.0
1774,841,726,1,310.0,310.0
1775,841,600,1,170.0,170.0
1776,842,727,2,250.0,500.0
1777,843,470,1,320.0,320.0
1778,843,434,1,670.0,670.0
1779,843,142,1,260.0,260.0
1780,844,701,1,260.0,260.0
1781,846,609,2,60.0,120.0
1782,846,609,1,60.0,60.0
1783,847,680,1,240.0,240.0
1784,848,109,1,230.0,230.0
1785,848,9,3,280.0,840.0
1786,849,449,2,210.0,420.0
1787,849,716,1,290.0,290.0
1788,850,407,1,250.0,250.0
1789,850,75,3,230.0,690.0
1790,850,407,1,250.0,250.0
1791,851,646,2,80.0,160.0
1792,851,729,1,90.0,90.0
1793,851,650,1,170.0,170.0
1794,851,381,1,560.0,560.0
1795,852,700,1,50.0,50.0
1796,852,11,1,80.0,80.0
1797,854,743,1,90.0,90.0
1798,856,564,2,200.0,400.0
1799,856,532,3,130.0,390.0
1800,857,252,1,350.0,350.0
1801,857,739,1,290.0,290.0
1802,858,441,2,190.0,380.0
1803,858,685,1,40.0,40.0
1804,858,441,1,190.0,190.0
1805,858,253,2,50.0,100.0
1806,858,321,3,310.0,930.0
1807,859,654,2,180.0,360.0
1808,859,231,1,100.0,100.0
1809,860,516,2,100.0,200.0
1810,860,53,1,200.0,200.0
1811,860,516,3,100.0,300.0
1812,861,479,2,80.0,160.0
1813,861,452,1,270.0,270.0
1814,863,551,1,120.0,120.0
1815,864,513,1,190.0,190.0
1816,864,7,3,320.0,960.0
1817,865,43,1,50.0,50.0
1818,866,260,1,60.0,60.0
1819,866,260,1,60.0,60.0
1820,866,509,2,250.0,500.0
1821,866,365,1,450.0,450.0
1822,866,509,1,250.0,250.0
1823,867,114,2,130.0,260.0
1824,867,473,1,80.0,80.0
1825,867,492,1,350.0,350.0
1826,867,83,3,170.0,510.0
1827,868,427,2,280.0,560.0
1828,868,255,1,70.0,70.0
1829,868,427,2,280.0,560.0
1830,868,649,1,320.0,320.0
1831,869,467,1,200.0,200.0
1832,869,403,1,120.0,120.0
1833,869,403,1,120.0,120.0
1834,870,208,2,60.0,120.0
1835,870,512,2,50.0,100.0
1836,871,651,1,50.0,50.0
1837,872,444,1,110.0,110.0
1838,872,182,1,90.0,90.0
1839,873,280,1,330.0,330.0
1840,873,344,3,60.0,180.0
1841,874,375,1,310.0,310.0
1842,874,367,2,270.0,540.0
1843,875,96,3,210.0,630.0
1844,875,459,1,120.0,120.0
1845,877,708,1,480.0,480.0
1846,877,532,2,130.0,260.0
1847,878,671,2,220.0,440.0
1848,878,332,1,180.0,180.0
1849,879,712,2,70.0,140.0
1850,879,415,1,70.0,70.0
1851,880,36,3,80.0,240.0
1852,880,212,1,100.0,100.0
1853,880,476,2,60.0,120.0
1854,880,476,2,60.0,120.0
1855,880,36,3,80.0,240.0
1856,881,306,1,190.0,190.0
1857,881,231,3,100.0,300.0
1858,881,231,2,100.0,200.0
1859,881,654,3,180.0,540.0
1860,882,182,2,90.0,180.0
1861,882,444,2,110.0,220.0
1862,882,382,1,40.0,40.0
1863,883,464,1,80.0,80.0
1864,883,95,3,90.0,270.0
1865,883,202,1,300.0,300.0
1866,883,103,2,500.0,1000.0
1867,884,216,1,320.0,320.0
1868,885,142,2,260.0,520.0
1869,885,470,2,320.0,640.0
1870,885,142,1,260.0,260.0
1871,886,421,2,160.0,320.0
1872,886,635,2,560.0,1120.0
1873,886,635,1,560.0,560.0
1874,886,635,2,560.0,1120.0
1875,886,389,2,70.0,140.0
1876,887,72,3,270.0,810.0
1877,887,242,1,70.0,70.0
1878,888,730,1,220.0,220.0
1879,888,404,2,60.0,120.0
1880,889,641,1,300.0,300.0
1881,891,323,1,50.0,50.0
1882,891,590,1,290.0,290.0
1883,891,698,3,210.0,630.0
1884,892,138,1,120.0,120.0
1885,892,295,2,50.0,100.0
1886,892,709,1,190.0,190.0
1887,892,204,1,280.0,280.0
1888,893,691,1,540.0,540.0
1889,893,691,1,540.0,540.0
1890,894,463,1,60.0,60.0
1891,894,105,2,50.0,100.0
1892,894,689,3,60.0,180.0
1893,895,130,1,300.0,300.0
1894,896,663,1,170.0,170.0
1895,896,87,1,510.0,510.0
1896,896,663,2,170.0,340.0
1897,897,216,1,320.0,320.0
1898,897,744,1,270.0,270.0
1899,897,744,1,270.0,270.0
1900,898,552,2,170.0,340.0
1901,898,53,2,200.0,400.0
1902,899,207,1,70.0,70.0
1903,901,233,3,160.0,480.0
1904,901,58,1,260.0,260.0
1905,902,256,1,250.0,250.0
1906,903,660,2,250.0,500.0
1907,904,373,1,260.0,260.0
1908,904,21,1,640.0,640.0
1909,905,738,1,110.0,110.0
1910,905,738,3,110.0,330.0
1911,906,184,1,500.0,500.0
1912,906,184,1,500.0,500.0
1913,906,722,2,140.0,280.0
1914,907,361,1,60.0,60.0
1915,907,361,2,60.0,120.0
1916,908,651,1,50.0,50.0
1917,908,339,1,550.0,550.0
1918,909,337,1,290.0,290.0
1919,909,577,1,70.0,70.0
1920,909,577,1,70.0,70.0
1921,909,97,1,70.0,70.0
1922,910,534,2,80.0,160.0
1923,910,21,2,640.0,1280.0
1924,910,104,1,240.0,240.0
1925,911,464,1,80.0,80.0
1926,912,518,1,340.0,340.0
1927,912,55,2,140.0,280.0
1928,913,699,2,320.0,640.0
1929,914,169,1,310.0,310.0
1930,915,535,3,250.0,750.0
1931,916,280,1,330.0,330.0
1932,916,410,3,570.0,1710.0
1933,917,548,3,230.0,690.0
1934,918,577,1,70.0,70.0
1935,918,577,1,70.0,70.0
1936,918,337,2,290.0,580.0
1937,918,577,2,70.0,140.0
1938,919,526,1,100.0,100.0
1939,919,555,1,250.0,250.0
1940,920,718,1,150.0,150.0
1941,921,470,2,320.0,640.0
1942,922,632,2,340.0,680.0
1943,922,375,3,310.0,930.0
1944,923,316,1,190.0,190.0
1945,923,430,1,130.0,130.0
1946,925,151,1,120.0,120.0
1947,925,151,1,120.0,120.0
1948,925,31,2,100.0,200.0
1949,926,721,1,140.0,140.0
1950,926,470,1,320.0,320.0
1951,926,142,1,260.0,260.0
1952,926,434,2,670.0,1340.0
1953,927,545,1,290.0,290.0
1954,927,208,2,60.0,120.0
1955,929,674,1,630.0,630.0
1956,929,674,1,630.0,630.0
1957,930,425,2,200.0,400.0
1958,930,236,2,250.0,500.0
1959,930,425,2,200.0,400.0
1960,930,469,1,100.0,100.0
1961,931,389,2,70.0,140.0
1962,931,421,1,160.0,160.0
1963,931,684,1,140.0,140.0
1964,932,740,2,350.0,700.0
1965,932,708,1,480.0,480.0
1966,933,629,1,290.0,290.0
1967,933,629,1,290.0,290.0
1968,934,649,2,320.0,640.0
1969,934,649,2,320.0,640.0
1970,935,487,1,450.0,450.0
1971,935,33,2,60.0,120.0
1972,935,239,1,240.0,240.0
1973,935,630,1,40.0,40.0
1974,935,523,2,200.0,400.0
1975,936,206,1,60.0,60.0
1976,936,96,1,210.0,210.0
1977,936,206,1,60.0,60.0
1978,938,581,1,130.0,130.0
1979,939,351,2,60.0,120.0
1980,939,619,2,60.0,120.0
1981,939,528,2,160.0,320.0
1982,940,414,1,100.0,100.0
1983,940,34,2,310.0,620.0
1984,941,467,1,200.0,200.0
1985,941,550,1,400.0,400.0
1986,942,137,1,490.0,490.0
1987,942,313,1,260.0,260.0
1988,942,369,2,170.0,340.0
1989,943,479,3,80.0,240.0
1990,944,282,1,100.0,100.0
1991,944,33,2,60.0,120.0
1992,945,95,1,90.0,90.0
1993,945,95,2,90.0,180.0
1994,945,202,1,300.0,300.0
1995,945,243,2,250.0,500.0
1996,946,523,1,200.0,200.0
1997,946,282,1,100.0,100.0
1998,946,601,1,230.0,230.0
1999,947,431,1,210.0,210.0
2000,947,564,1,200.0,200.0
2001,947,431,1,210.0,210.0
2002,947,708,1,480.0,480.0
2003,948,535,1,250.0,250.0
2004,948,535,1,250.0,250.0
2005,948,535,1,250.0,250.0
2006,948,659,1,170.0,170.0
2007,949,330,2,110.0,220.0
2008,949,213,2,280.0,560.0
2009,950,595,1,470.0,470.0
2010,951,659,1,170.0,170.0
2011,951,520,2,60.0,120.0
2012,952,290,1,200.0,200.0
2013,952,571,1,520.0,520.0
2014,952,59,1,100.0,100.0
2015,953,164,2,90.0,180.0
2016,954,363,3,670.0,2010.0
2017,954,424,1,90.0,90.0
2018,954,424,1,90.0,90.0
2019,955,188,2,320.0,640.0
2020,955,369,3,170.0,510.0
2021,956,228,2,280.0,560.0
2022,956,92,1,120.0,120.0
2023,957,187,2,130.0,260.0
2024,958,136,1,530.0,530.0
2025,958,400,1,190.0,190.0
2026,958,406,1,180.0,180.0
2027,958,136,1,530.0,530.0
2028,959,182,1,90.0,90.0
2029,960,505,1,70.0,70.0
2030,961,367,1,270.0,270.0
2031,961,440,1,150.0,150.0
2032,961,132,1,300.0,300.0
2033,962,548,1,230.0,230.0
2034,963,591,1,360.0,360.0
2035,963,635,1,560.0,560.0
2036,963,152,3,70.0,210.0
2037,963,635,1,560.0,560.0
2038,964,86,1,70.0,70.0
2039,964,237,1,350.0,350.0
2040,964,86,1,70.0,70.0
2041,964,86,1,70.0,70.0
2042,965,164,1,90.0,90.0
2043,965,127,1,250.0,250.0
2044,966,98,2,270.0,540.0
2045,966,535,1,250.0,250.0
2046,966,535,2,250.0,500.0
2047,967,719,2,50.0,100.0
2048,967,447,1,110.0,110.0
2049,967,406,2,180.0,360.0
2050,968,143,2,280.0,560.0
2051,968,671,1,220.0,220.0
2052,968,143,1,280.0,280.0
2053,969,204,2,280.0,560.0
2054,970,118,1,170.0,170.0
2055,970,477,1,290.0,290.0
2056,971,592,2,340.0,680.0
2057,971,592,1,340.0,340.0
2058,971,178,1,60.0,60.0
2059,972,483,2,130.0,260.0
2060,972,97,1,70.0,70.0
2061,973,718,1,150.0,150.0
2062,973,35,1,310.0,310.0
2063,973,718,1,150.0,150.0
2064,973,35,2,310.0,620.0
2065,974,600,2,170.0,340.0
2066,974,726,2,310.0,620.0
2067,975,648,2,200.0,400.0
2068,975,648,2,200.0,400.0
2069,975,517,2,180.0,360.0
2070,975,648,1,200.0,200.0
2071,975,648,2,200.0,400.0
2072,976,138,2,120.0,240.0
2073,976,68,1,410.0,410.0
2074,977,277,1,210.0,210.0
2075,977,277,1,210.0,210.0
2076,977,493,1,190.0,190.0
2077,978,23,2,310.0,620.0
2078,978,429,1,220.0,220.0
2079,978,429,1,220.0,220.0
2080,979,103,1,500.0,500.0
2081,979,243,2,250.0,500.0
2082,980,61,3,100.0,300.0
2083,980,625,2,210.0,420.0
2084,980,61,2,100.0,200.0
2085,981,213,1,280.0,280.0
2086,981,135,2,610.0,1220.0
2087,981,213,1,280.0,280.0
2088,982,379,1,70.0,70.0
2089,982,541,2,300.0,600.0
2090,982,379,1,70.0,70.0
2091,982,628,1,450.0,450.0
2092,983,232,1,280.0,280.0
2093,983,302,3,210.0,630.0
2094,983,414,2,100.0,200.0
2095,985,290,1,200.0,200.0
2096,985,59,1,100.0,100.0
2097,986,629,2,290.0,580.0
2098,986,629,2,290.0,580.0
2099,986,424,2,90.0,180.0
2100,987,749,1,70.0,70.0
2101,987,324,2,30.0,60.0
2102,987,731,2,280.0,560.0
2103,988,99,2,560.0,1120.0
2104,988,418,1,50.0,50.0
2105,988,462,2,110.0,220.0
2106,989,20,1,90.0,90.0
2107,989,79,1,660.0,660.0
2108,989,79,2,660.0,1320.0
2109,990,473,2,80.0,160.0
2110,990,492,2,350.0,700.0
2111,991,327,1,110.0,110.0
2112,991,704,3,130.0,390.0
2113,992,599,1,100.0,100.0
2114,992,340,2,60.0,120.0
2115,992,161,1,180.0,180.0
2116,992,599,1,100.0,100.0
2117,993,99,1,560.0,560.0
2118,993,418,1,50.0,50.0
2119,993,462,2,110.0,220.0
2120,994,463,1,60.0,60.0
2121,994,256,2,250.0,500.0
2122,994,146,1,190.0,190.0
2123,995,154,1,310.0,310.0
2124,995,154,1,310.0,310.0
2125,995,37,1,100.0,100.0
2126,996,174,1,110.0,110.0
2127,996,174,2,110.0,220.0
2128,996,69,3,630.0,1890.0
2129,998,593,2,180.0,360.0
2130,999,221,2,110.0,220.0
2131,999,717,2,60.0,120.0
2132,999,221,1,110.0,110.0
2133,1000,62,1,210.0,210.0
2134,1000,596,2,300.0,600.0
2135,1001,200,2,660.0,1320.0
2136,1002,418,1,50.0,50.0
2137,1002,418,1,50.0,50.0
2138,1002,99,1,560.0,560.0
2139,1003,389,1,70.0,70.0
2140,1003,389,3,70.0,210.0
2141,1003,684,1,140.0,140.0
2142,1004,113,1,430.0,430.0
2143,1004,171,2,180.0,360.0
2144,1004,171,1,180.0,180.0
2145,1004,113,1,430.0,430.0
2146,1004,683,1,50.0,50.0
2147,1005,55,1,140.0,140.0
2148,1005,518,2,340.0,680.0
2149,1005,518,1,340.0,340.0
2150,1006,521,1,330.0,330.0
2151,1007,670,3,340.0,1020.0
2152,1007,493,1,190.0,190.0
2153,1007,670,1,340.0,340.0
2154,1010,418,2,50.0,100.0
2155,1010,99,1,560.0,560.0
2156,1010,418,2,50.0,100.0
2157,1011,488,2,180.0,360.0
2158,1011,359,1,580.0,580.0
2159,1011,452,1,270.0,270.0
2160,1012,399,1,190.0,190.0
2161,1012,397,3,310.0,930.0
2162,1012,397,1,310.0,310.0
2163,1012,251,2,320.0,640.0
2164,1012,148,1,270.0,270.0
2165,1013,228,2,280.0,560.0
2166,1013,92,1,120.0,120.0
2167,1013,499,1,310.0,310.0
2168,1014,641,1,300.0,300.0
2169,1015,68,3,410.0,1230.0
2170,1015,356,2,310.0,620.0
2171,1016,482,1,660.0,660.0
2172,1016,456,3,320.0,960.0
2173,1016,200,2,660.0,1320.0
2174,1017,746,3,60.0,180.0
2175,1017,661,1,50.0,50.0
2176,1017,648,2,200.0,400.0
2177,1019,120,1,60.0,60.0
2178,1019,327,1,110.0,110.0
2179,1020,627,1,300.0,300.0
2180,1021,256,1,250.0,250.0
2181,1022,448,1,110.0,110.0
2182,1022,185,1,150.0,150.0
2183,1022,185,3,150.0,450.0
2184,1022,448,1,110.0,110.0
2185,1023,465,3,90.0,270.0
2186,1023,403,2,120.0,240.0
2187,1023,403,1,120.0,120.0
2188,1023,350,1,170.0,170.0
2189,1024,701,1,260.0,260.0
2190,1024,701,1,260.0,260.0
2191,1024,24,1,50.0,50.0
2192,1025,180,1,190.0,190.0
2193,1025,162,1,290.0,290.0
2194,1025,420,2,270.0,540.0
2195,1026,332,1,180.0,180.0
2196,1026,671,1,220.0,220.0
2197,1027,649,1,320.0,320.0
2198,1027,226,2,190.0,380.0
2199,1027,626,2,260.0,520.0
2200,1027,626,1,260.0,260.0
2201,1027,649,1,320.0,320.0
2202,1028,734,2,90.0,180.0
2203,1028,57,2,230.0,460.0
2204,1029,3,2,100.0,200.0
2205,1029,207,2,70.0,140.0
2206,1030,277,2,210.0,420.0
2207,1030,670,2,340.0,680.0
2208,1030,369,1,170.0,170.0
2209,1030,313,2,260.0,520.0
2210,1032,70,1,50.0,50.0
2211,1032,386,1,70.0,70.0
2212,1032,70,3,50.0,150.0
2213,1032,178,2,60.0,120.0
2214,1033,12,1,60.0,60.0
2215,1033,12,1,60.0,60.0
2216,1034,461,3,300.0,900.0
2217,1034,461,1,300.0,300.0
2218,1034,19,1,110.0,110.0
2219,1034,461,2,300.0,600.0
2220,1035,498,2,90.0,180.0
2221,1035,575,3,110.0,330.0
2222,1035,205,1,50.0,50.0
2223,1035,370,1,130.0,130.0
2224,1036,246,1,190.0,190.0
2225,1036,77,1,180.0,180.0
2226,1037,481,1,50.0,50.0
2227,1039,627,1,300.0,300.0
2228,1039,627,1,300.0,300.0
2229,1039,211,1,350.0,350.0
2230,1040,58,1,260.0,260.0
2231,1040,706,1,280.0,280.0
2232,1040,58,1,260.0,260.0
2233,1042,311,1,60.0,60.0
2234,1042,394,1,250.0,250.0
2235,1043,307,1,270.0,270.0
2236,1044,438,1,300.0,300.0
2237,1045,681,1,300.0,300.0
2238,1046,500,2,100.0,200.0
2239,1046,500,1,100.0,100.0
2240,1047,516,2,100.0,200.0
2241,1047,53,1,200.0,200.0
2242,1048,581,3,130.0,390.0
2243,1048,581,2,130.0,260.0
2244,1049,208,3,60.0,180.0
2245,1049,258,2,270.0,540.0
2246,1050,135,1,610.0,610.0
2247,1050,330,1,110.0,110.0
2248,1051,275,1,170.0,170.0
2249,1051,263,1,180.0,180.0
2250,1052,477,2,290.0,580.0
2251,1054,284,1,70.0,70.0
2252,1054,555,1,250.0,250.0
2253,1055,399,1,190.0,190.0
2254,1056,363,2,670.0,1340.0
2255,1056,363,1,670.0,670.0
2256,1057,623,1,170.0,170.0
2257,1057,623,1,170.0,170.0
2258,1057,623,2,170.0,340.0
2259,1058,727,1,250.0,250.0
2260,1058,727,3,250.0,750.0
2261,1059,444,2,110.0,220.0
2262,1060,281,2,160.0,320.0
2263,1060,281,1,160.0,160.0
2264,1061,665,1,120.0,120.0
2265,1063,101,1,300.0,300.0
2266,1063,734,1,90.0,90.0
2267,1063,704,3,130.0,390.0
2268,1064,688,1,180.0,180.0
2269,1064,688,1,180.0,180.0
2270,1065,584,1,50.0,50.0
2271,1065,715,2,230.0,460.0
2272,1065,6,1,200.0,200.0
2273,1066,77,1,180.0,180.0
2274,1066,682,1,80.0,80.0
2275,1067,654,1,180.0,180.0
2276,1067,306,1,190.0,190.0
2277,1068,90,2,100.0,200.0
2278,1068,698,2,210.0,420.0
2279,1069,508,1,340.0,340.0
2280,1069,409,2,200.0,400.0
2281,1070,109,1,230.0,230.0
2282,1070,109,2,230.0,460.0
2283,1070,9,2,280.0,560.0
2284,1070,117,1,40.0,40.0
2285,1071,641,1,300.0,300.0
2286,1072,373,2,260.0,520.0
2287,1073,180,1,190.0,190.0
2288,1073,420,1,270.0,270.0
2289,1074,564,2,200.0,400.0
2290,1074,740,1,350.0,350.0
2291,1074,740,2,350.0,700.0
2292,1074,564,1,200.0,200.0
2293,1074,431,1,210.0,210.0
2294,1075,662,1,590.0,590.0
2295,1076,203,1,190.0,190.0
2296,1076,203,2,190.0,380.0
2297,1077,20,2,90.0,180.0
2298,1077,79,1,660.0,660.0
2299,1077,79,2,660.0,1320.0
2300,1078,641,1,300.0,300.0
2301,1079,502,1,350.0,350.0
2302,1080,326,3,110.0,330.0
2303,1080,621,1,140.0,140.0
2304,1080,707,1,180.0,180.0
2305,1081,424,2,90.0,180.0
2306,1082,85,1,270.0,270.0
2307,1082,613,1,190.0,190.0
2308,1083,560,1,250.0,250.0
2309,1084,255,1,70.0,70.0
2310,1084,255,3,70.0,210.0
2311,1084,626,2,260.0,520.0
2312,1084,223,2,270.0,540.0
2313,1085,346,1,650.0,650.0
2314,1086,35,2,310.0,620.0
2315,1086,744,2,270.0,540.0
2316,1087,394,1,250.0,250.0
2317,1088,274,3,80.0,240.0
2318,1089,616,2,190.0,380.0
2319,1090,696,1,300.0,300.0
2320,1090,690,1,70.0,70.0
2321,1090,589,1,310.0,310.0
2322,1090,519,3,170.0,510.0
2323,1091,646,2,80.0,160.0
2324,1091,650,1,170.0,170.0
2325,1091,646,1,80.0,80.0
2326,1092,668,1,110.0,110.0
2327,1092,692,3,230.0,690.0
2328,1093,672,2,260.0,520.0
2329,1093,702,2,90.0,180.0
2330,1093,288,1,180.0,180.0
2331,1095,106,1,550.0,550.0
2332,1096,743,2,90.0,180.0
2333,1097,544,3,40.0,120.0
2334,1097,544,2,40.0,80.0
2335,1098,608,1,70.0,70.0
2336,1098,608,2,70.0,140.0
2337,1100,3,1,100.0,100.0
2338,1100,336,2,110.0,220.0
2339,1101,720,2,360.0,720.0
2340,1101,558,3,330.0,990.0
2341,1101,558,1,330.0,330.0
2342,1102,550,1,400.0,400.0
2343,1102,467,1,200.0,200.0
2344,1103,35,2,310.0,620.0
2345,1104,534,2,80.0,160.0
2346,1104,104,2,240.0,480.0
2347,1104,21,2,640.0,1280.0
2348,1106,4,1,50.0,50.0
2349,1106,4,2,50.0,100.0
2350,1106,573,1,320.0,320.0
2351,1108,59,1,100.0,100.0
2352,1109,132,2,300.0,600.0
2353,1109,375,2,310.0,620.0
2354,1109,353,2,300.0,600.0
2355,1110,418,2,50.0,100.0
2356,1110,418,2,50.0,100.0
2357,1111,348,2,70.0,140.0
2358,1112,173,2,220.0,440.0
2359,1112,173,1,220.0,220.0
2360,1113,599,1,100.0,100.0
2361,1113,599,1,100.0,100.0
2362,1113,44,1,290.0,290.0
2363,1114,440,1,150.0,150.0
2364,1115,107,1,150.0,150.0
2365,1115,107,2,150.0,300.0
2366,1115,230,1,120.0,120.0
2367,1115,107,3,150.0,450.0
2368,1116,731,2,280.0,560.0
2369,1117,19,3,110.0,330.0
2370,1117,19,1,110.0,110.0
2371,1117,733,1,320.0,320.0
2372,1118,598,1,440.0,440.0
2373,1118,328,3,230.0,690.0
2374,1118,328,1,230.0,230.0
2375,1119,566,2,70.0,140.0
2376,1119,566,2,70.0,140.0
2377,1119,636,1,50.0,50.0
2378,1119,1,2,120.0,240.0
2379,1119,296,1,40.0,40.0
2380,1120,108,1,230.0,230.0
2381,1120,108,1,230.0,230.0
2382,1120,660,1,250.0,250.0
2383,1121,534,1,80.0,80.0
2384,1122,279,2,70.0,140.0
2385,1123,698,1,210.0,210.0
2386,1124,216,1,320.0,320.0
2387,1125,310,1,540.0,540.0
2388,1126,106,2,550.0,1100.0
2389,1126,274,1,80.0,80.0
2390,1126,274,1,80.0,80.0
2391,1127,671,2,220.0,440.0
2392,1128,516,2,100.0,200.0
2393,1128,53,1,200.0,200.0
2394,1130,732,2,120.0,240.0
2395,1131,52,1,330.0,330.0
2396,1131,191,2,140.0,280.0
2397,1132,462,2,110.0,220.0
2398,1132,99,1,560.0,560.0
2399,1134,410,2,570.0,1140.0
2400,1135,466,1,290.0,290.0
2401,1135,333,1,100.0,100.0
2402,1136,241,1,90.0,90.0
2403,1137,75,3,230.0,690.0
2404,1138,724,1,270.0,270.0
2405,1139,701,1,260.0,260.0
2406,1139,701,2,260.0,520.0
2407,1139,24,2,50.0,100.0
2408,1140,124,1,220.0,220.0
2409,1140,478,1,270.0,270.0
2410,1140,573,2,320.0,640.0
2411,1142,238,3,210.0,630.0
2412,1143,656,3,120.0,360.0
2413,1143,656,1,120.0,120.0
2414,1143,582,1,200.0,200.0
2415,1144,245,1,290.0,290.0
2416,1144,415,2,70.0,140.0
2417,1144,415,1,70.0,70.0
2418,1145,389,1,70.0,70.0
2419,1145,635,1,560.0,560.0
2420,1146,408,2,120.0,240.0
2421,1146,233,1,160.0,160.0
2422,1148,535,2,250.0,500.0
2423,1148,98,1,270.0,270.0
2424,1148,98,1,270.0,270.0
2425,1151,650,1,170.0,170.0
2426,1152,62,2,210.0,420.0
2427,1152,144,1,130.0,130.0
2428,1153,166,1,590.0,590.0
2429,1153,75,1,230.0,230.0
2430,1153,75,2,230.0,460.0
2431,1153,75,1,230.0,230.0
2432,1154,191,1,140.0,140.0
2433,1154,52,2,330.0,660.0
2434,1154,554,1,240.0,240.0
2435,1155,691,1,540.0,540.0
2436,1155,434,1,670.0,670.0
2437,1156,345,1,330.0,330.0
2438,1157,705,1,160.0,160.0
2439,1157,508,1,340.0,340.0
2440,1157,602,2,580.0,1160.0
2441,1157,508,1,340.0,340.0
2442,1157,705,3,160.0,480.0
2443,1158,128,1,140.0,140.0
2444,1158,331,1,450.0,450.0
2445,1158,166,2,590.0,1180.0
2446,1158,75,3,230.0,690.0
2447,1158,331,1,450.0,450.0
2448,1159,734,3,90.0,270.0
2449,1160,505,2,70.0,140.0
2450,1160,379,2,70.0,140.0
2451,1161,635,1,560.0,560.0
2452,1161,152,1,70.0,70.0
2453,1162,72,1,270.0,270.0
2454,1163,408,1,120.0,120.0
2455,1164,227,1,120.0,120.0
2456,1165,257,2,270.0,540.0
2457,1165,257,2,270.0,540.0
2458,1166,740,1,350.0,350.0
2459,1166,708,1,480.0,480.0
2460,1166,740,1,350.0,350.0
2461,1166,431,1,210.0,210.0
2462,1167,744,2,270.0,540.0
2463,1167,744,1,270.0,270.0
2464,1168,567,1,140.0,140.0
2465,1168,567,1,140.0,140.0
2466,1168,390,2,270.0,540.0
2467,1168,567,2,140.0,280.0
2468,1169,560,1,250.0,250.0
2469,1169,711,1,110.0,110.0
2470,1171,382,2,40.0,80.0
2471,1171,182,2,90.0,180.0
2472,1171,382,1,40.0,40.0
2473,1173,147,1,160.0,160.0
2474,1174,434,1,670.0,670.0
2475,1175,467,1,200.0,200.0
2476,1175,550,3,400.0,1200.0
2477,1175,550,1,400.0,400.0
2478,1175,550,1,400.0,400.0
2479,1177,313,2,260.0,520.0
2480,1177,369,2,170.0,340.0
2481,1178,662,1,590.0,590.0
2482,1179,729,2,90.0,180.0
2483,1179,729,1,90.0,90.0
2484,1179,381,1,560.0,560.0
2485,1180,600,2,170.0,340.0
2486,1180,510,2,110.0,220.0
2487,1181,660,2,250.0,500.0
2488,1181,715,1,230.0,230.0
2489,1181,108,2,230.0,460.0
2490,1182,718,1,150.0,150.0
2491,1183,316,1,190.0,190.0
2492,1183,316,2,190.0,380.0
2493,1183,316,1,190.0,190.0
2494,1183,334,1,120.0,120.0
2495,1185,744,1,270.0,270.0
2496,1186,600,1,170.0,170.0
2497,1186,510,1,110.0,110.0
2498,1186,345,1,330.0,330.0
2499,1187,146,1,190.0,190.0
2500,1188,417,1,60.0,60.0
2501,1188,359,2,580.0,1160.0
2502,1188,479,1,80.0,80.0
2503,1189,208,1,60.0,60.0
2504,1189,477,1,290.0,290.0
2505,1189,477,2,290.0,580.0
2506,1190,96,1,210.0,210.0
2507,1190,96,1,210.0,210.0
2508,1191,588,1,640.0,640.0
2509,1191,15,1,670.0,670.0
2510,1192,600,1,170.0,170.0
2511,1193,148,2,270.0,540.0
2512,1194,722,1,140.0,140.0
2513,1195,67,1,120.0,120.0
2514,1195,553,2,110.0,220.0
2515,1197,480,1,510.0,510.0
2516,1197,361,1,60.0,60.0
2517,1197,500,1,100.0,100.0
2518,1197,480,3,510.0,1530.0
2519,1199,349,2,420.0,840.0
2520,1199,696,1,300.0,300.0
2521,1200,216,1,320.0,320.0
2522,1201,507,1,190.0,190.0
2523,1202,276,1,200.0,200.0
2524,1204,135,2,610.0,1220.0
2525,1204,135,2,610.0,1220.0
2526,1204,135,1,610.0,610.0
2527,1205,718,3,150.0,450.0
2528,1205,718,1,150.0,150.0
2529,1206,373,2,260.0,520.0
2530,1206,104,1,240.0,240.0
2531,1206,21,1,640.0,640.0
2532,1207,257,1,270.0,270.0
2533,1207,692,2,230.0,460.0
2534,1207,257,1,270.0,270.0
2535,1207,634,2,120.0,240.0
2536,1208,352,1,40.0,40.0
2537,1208,234,1,130.0,130.0
2538,1208,2,2,40.0,80.0
2539,1209,119,3,210.0,630.0
2540,1209,119,3,210.0,630.0
2541,1209,368,2,320.0,640.0
2542,1209,368,1,320.0,320.0
2543,1209,201,2,100.0,200.0
2544,1210,537,1,90.0,90.0
2545,1210,688,1,180.0,180.0
2546,1210,688,1,180.0,180.0
2547,1210,8,2,460.0,920.0
2548,1211,60,1,80.0,80.0
2549,1211,38,1,620.0,620.0
2550,1212,124,3,220.0,660.0
2551,1213,692,1,230.0,230.0
2552,1214,113,2,430.0,860.0
2553,1214,29,3,110.0,330.0
2554,1214,244,1,150.0,150.0
2555,1214,687,1,90.0,90.0
2556,1215,355,1,100.0,100.0
2557,1216,434,1,670.0,670.0
2558,1217,283,2,110.0,220.0
2559,1217,472,1,210.0,210.0
2560,1218,127,3,250.0,750.0
2561,1219,324,2,30.0,60.0
2562,1220,308,2,340.0,680.0
2563,1220,596,1,300.0,300.0
2564,1221,59,1,100.0,100.0
2565,1221,290,2,200.0,400.0
2566,1221,571,2,520.0,1040.0
2567,1223,552,1,170.0,170.0
2568,1223,516,1,100.0,100.0
2569,1223,606,1,40.0,40.0
2570,1223,552,1,170.0,170.0
2571,1224,351,1,60.0,60.0
2572,1224,619,1,60.0,60.0
2573,1224,351,2,60.0,120.0
2574,1225,403,1,120.0,120.0
2575,1225,465,3,90.0,270.0
2576,1226,160,1,50.0,50.0
2577,1226,451,1,60.0,60.0
2578,1226,429,1,220.0,220.0
2579,1228,183,1,260.0,260.0
2580,1228,547,2,100.0,200.0
2581,1229,54,1,510.0,510.0
2582,1229,288,2,180.0,360.0
2583,1230,391,1,70.0,70.0
2584,1230,748,1,390.0,390.0
2585,1231,528,1,160.0,160.0
2586,1231,351,1,60.0,60.0
2587,1232,352,1,40.0,40.0
2588,1232,234,1,130.0,130.0
2589,1232,352,2,40.0,80.0
2590,1234,130,2,300.0,600.0
2591,1235,735,2,40.0,80.0
2592,1235,667,1,310.0,310.0
2593,1236,307,2,270.0,540.0
2594,1236,139,1,150.0,150.0
2595,1236,307,1,270.0,270.0
2596,1238,750,2,220.0,440.0
2597,1238,268,1,60.0,60.0
2598,1240,461,1,300.0,300.0
2599,1241,288,2,180.0,360.0
2600,1242,692,1,230.0,230.0
2601,1243,139,1,150.0,150.0
2602,1243,307,1,270.0,270.0
2603,1243,24,1,50.0,50.0
2604,1243,701,1,260.0,260.0
2605,1244,370,2,130.0,260.0
2606,1244,370,2,130.0,260.0
2607,1245,579,3,330.0,990.0
2608,1245,89,1,270.0,270.0
2609,1245,124,1,220.0,220.0
2610,1245,272,1,200.0,200.0
2611,1246,91,3,270.0,810.0
2612,1246,480,1,510.0,510.0
2613,1247,183,2,260.0,520.0
2614,1247,419,1,270.0,270.0
2615,1247,547,1,100.0,100.0
2616,1247,475,1,100.0,100.0
2617,1247,72,2,270.0,540.0
2618,1248,129,1,50.0,50.0
2619,1249,641,3,300.0,900.0
2620,1250,112,1,580.0,580.0
2621,1250,628,2,450.0,900.0
2622,1251,422,2,130.0,260.0
2623,1251,479,1,80.0,80.0
2624,1251,479,1,80.0,80.0
2625,1251,488,2,180.0,360.0
2626,1252,615,3,110.0,330.0
2627,1252,69,2,630.0,1260.0
2628,1253,214,2,190.0,380.0
2629,1253,327,1,110.0,110.0
2630,1253,57,2,230.0,460.0
2631,1253,57,1,230.0,230.0
2632,1253,734,1,90.0,90.0
2633,1255,445,2,530.0,1060.0
2634,1255,445,3,530.0,1590.0
2635,1255,739,1,290.0,290.0
2636,1255,74,1,70.0,70.0
2637,1256,720,3,360.0,1080.0
2638,1256,720,1,360.0,360.0
2639,1256,345,1,330.0,330.0
2640,1257,22,2,80.0,160.0
2641,1257,217,2,50.0,100.0
2642,1258,530,1,90.0,90.0
2643,1258,371,3,80.0,240.0
2644,1258,594,1,330.0,330.0
2645,1259,148,3,270.0,810.0
2646,1260,137,2,490.0,980.0
2647,1260,369,1,170.0,170.0
2648,1261,642,2,260.0,520.0
2649,1261,42,2,110.0,220.0
2650,1262,387,1,650.0,650.0
2651,1263,577,1,70.0,70.0
2652,1264,58,2,260.0,520.0
2653,1264,405,3,220.0,660.0
2654,1264,233,1,160.0,160.0
2655,1265,107,3,150.0,450.0
2656,1265,230,2,120.0,240.0
2657,1265,279,1,70.0,70.0
2658,1265,230,1,120.0,120.0
2659,1266,207,2,70.0,140.0
2660,1268,107,3,150.0,450.0
2661,1268,107,3,150.0,450.0
2662,1268,527,2,100.0,200.0
2663,1268,279,3,70.0,210.0
2664,1269,178,1,60.0,60.0
2665,1269,320,1,100.0,100.0
2666,1271,20,2,90.0,180.0
2667,1272,693,2,60.0,120.0
2668,1272,264,2,120.0,240.0
2669,1272,572,2,300.0,600.0
2670,1274,678,1,180.0,180.0
2671,1274,449,1,210.0,210.0
2672,1274,201,1,100.0,100.0
2673,1276,176,3,230.0,690.0
2674,1276,336,1,110.0,110.0
2675,1277,323,1,50.0,50.0
2676,1277,698,1,210.0,210.0
2677,1278,229,1,340.0,340.0
2678,1279,675,2,650.0,1300.0
2679,1279,411,2,240.0,480.0
2680,1280,386,2,70.0,140.0
2681,1280,70,1,50.0,50.0
2682,1280,662,1,590.0,590.0
2683,1281,321,1,310.0,310.0
2684,1281,86,2,70.0,140.0
2685,1282,127,3,250.0,750.0
2686,1282,127,2,250.0,500.0
2687,1283,529,1,60.0,60.0
2688,1283,513,2,190.0,380.0
2689,1284,469,1,100.0,100.0
2690,1284,249,3,140.0,420.0
2691,1285,509,1,250.0,250.0
2692,1285,260,1,60.0,60.0
2693,1286,124,2,220.0,440.0
2694,1286,272,1,200.0,200.0
2695,1286,89,1,270.0,270.0
2696,1286,573,1,320.0,320.0
2697,1287,418,3,50.0,150.0
2698,1288,17,2,330.0,660.0
2699,1288,705,2,160.0,320.0
2700,1288,409,2,200.0,400.0
2701,1289,34,1,310.0,310.0
2702,1289,232,1,280.0,280.0
2703,1289,102,2,300.0,600.0
2704,1289,232,1,280.0,280.0
2705,1290,208,2,60.0,120.0
2706,1290,545,1,290.0,290.0
2707,1291,503,1,270.0,270.0
2708,1291,258,3,270.0,810.0
2709,1291,477,1,290.0,290.0
2710,1291,208,2,60.0,120.0
2711,1292,128,2,140.0,280.0
2712,1293,283,1,110.0,110.0
2713,1293,121,2,690.0,1380.0
2714,1294,350,1,170.0,170.0
2715,1294,467,1,200.0,200.0
2716,1294,403,1,120.0,120.0
2717,1295,20,1,90.0,90.0
2718,1295,79,2,660.0,1320.0
2719,1296,605,1,320.0,320.0
2720,1296,150,2,240.0,480.0
2721,1296,346,1,650.0,650.0
2722,1298,276,2,200.0,400.0
2723,1299,528,2,160.0,320.0
2724,1299,351,3,60.0,180.0
2725,1300,127,1,250.0,250.0
2726,1300,127,1,250.0,250.0
2727,1301,320,1,100.0,100.0
2728,1301,563,3,130.0,390.0
2729,1302,12,1,60.0,60.0
2730,1302,346,1,650.0,650.0
2731,1302,12,2,60.0,120.0
2732,1303,2,2,40.0,80.0
2733,1303,2,1,40.0,40.0
2734,1303,2,1,40.0,40.0
2735,1303,88,1,310.0,310.0
2736,1304,636,2,50.0,100.0
2737,1304,560,2,250.0,500.0
2738,1305,223,1,270.0,270.0
2739,1306,718,1,150.0,150.0
2740,1306,216,2,320.0,640.0
2741,1306,35,3,310.0,930.0
2742,1307,140,2,260.0,520.0
2743,1307,122,3,120.0,360.0
2744,1307,218,2,160.0,320.0
2745,1307,158,1,270.0,270.0
2746,1308,427,1,280.0,280.0
2747,1308,226,3,190.0,570.0
2748,1308,626,1,260.0,260.0
2749,1308,649,1,320.0,320.0
2750,1309,163,1,90.0,90.0
2751,1309,247,1,190.0,190.0
2752,1310,119,1,210.0,210.0
2753,1310,194,1,670.0,670.0
2754,1311,268,1,60.0,60.0
2755,1311,268,3,60.0,180.0
2756,1311,393,1,80.0,80.0
2757,1311,393,1,80.0,80.0
2758,1312,639,1,200.0,200.0
2759,1312,322,1,170.0,170.0
2760,1312,713,1,330.0,330.0
2761,1313,249,1,140.0,140.0
2762,1313,585,1,50.0,50.0
2763,1313,249,2,140.0,280.0
2764,1314,480,2,510.0,1020.0
2765,1314,480,2,510.0,1020.0
2766,1315,549,1,240.0,240.0
2767,1316,311,3,60.0,180.0
2768,1316,394,1,250.0,250.0
2769,1316,548,1,230.0,230.0
2770,1317,452,1,270.0,270.0
2771,1318,170,1,60.0,60.0
2772,1318,423,1,40.0,40.0
2773,1319,731,1,280.0,280.0
2774,1320,295,3,50.0,150.0
2775,1320,747,1,180.0,180.0
2776,1320,204,1,280.0,280.0
2777,1320,356,3,310.0,930.0
2778,1321,540,1,50.0,50.0
2779,1322,480,1,510.0,510.0
2780,1322,480,3,510.0,1530.0
2781,1322,91,2,270.0,540.0
2782,1324,221,2,110.0,220.0
2783,1324,184,2,500.0,1000.0
2784,1324,184,1,500.0,500.0
2785,1324,722,1,140.0,140.0
2786,1325,709,3,190.0,570.0
2787,1326,375,1,310.0,310.0
2788,1326,367,1,270.0,270.0
2789,1327,296,2,40.0,80.0
2790,1327,636,3,50.0,150.0
2791,1328,315,1,60.0,60.0
2792,1328,713,2,330.0,660.0
2793,1328,315,1,60.0,60.0
2794,1328,106,2,550.0,1100.0
2795,1330,351,2,60.0,120.0
2796,1330,619,1,60.0,60.0
2797,1330,351,2,60.0,120.0
2798,1331,439,1,580.0,580.0
2799,1332,55,2,140.0,280.0
2800,1332,55,1,140.0,140.0
2801,1332,502,2,350.0,700.0
2802,1333,91,1,270.0,270.0
2803,1333,500,2,100.0,200.0
2804,1334,409,2,200.0,400.0
2805,1334,17,1,330.0,330.0
2806,1335,705,3,160.0,480.0
2807,1335,409,2,200.0,400.0
2808,1335,602,1,580.0,580.0
2809,1335,602,2,580.0,1160.0
2810,1336,741,3,290.0,870.0
2811,1336,41,1,310.0,310.0
2812,1337,120,1,60.0,60.0
2813,1337,327,1,110.0,110.0
2814,1337,120,1,60.0,60.0
2815,1337,214,2,190.0,380.0
2816,1338,65,2,330.0,660.0
2817,1338,65,1,330.0,330.0
2818,1338,443,1,180.0,180.0
2819,1339,328,2,230.0,460.0
2820,1339,598,2,440.0,880.0
2821,1340,65,1,330.0,330.0
2822,1340,338,1,210.0,210.0
2823,1340,443,1,180.0,180.0
2824,1341,371,2,80.0,160.0
2825,1341,341,1,150.0,150.0
2826,1341,371,1,80.0,80.0
2827,1343,97,1,70.0,70.0
2828,1345,430,3,130.0,390.0
2829,1345,316,2,190.0,380.0
2830,1346,508,2,340.0,680.0
2831,1346,508,2,340.0,680.0
2832,1348,705,3,160.0,480.0
2833,1348,705,3,160.0,480.0
2834,1348,17,2,330.0,660.0
2835,1349,444,1,110.0,110.0
2836,1349,182,2,90.0,180.0
2837,1350,32,1,290.0,290.0
2838,1350,689,1,60.0,60.0
2839,1351,37,1,100.0,100.0
2840,1351,154,1,310.0,310.0
2841,1351,723,1,50.0,50.0
2842,1352,252,2,350.0,700.0
2843,1352,74,1,70.0,70.0
2844,1352,437,2,130.0,260.0
2845,1353,97,1,70.0,70.0
2846,1353,483,1,130.0,130.0
2847,1354,370,1,130.0,130.0
2848,1354,498,1,90.0,90.0
2849,1354,18,2,110.0,220.0
2850,1354,370,2,130.0,260.0
2851,1355,552,1,170.0,170.0
2852,1356,746,1,60.0,60.0
2853,1356,265,3,170.0,510.0
2854,1356,677,1,40.0,40.0
2855,1357,246,1,190.0,190.0
2856,1357,533,2,530.0,1060.0
2857,1357,246,1,190.0,190.0
2858,1358,203,1,190.0,190.0
2859,1358,347,3,180.0,540.0
2860,1361,421,1,160.0,160.0
2861,1361,152,1,70.0,70.0
2862,1363,138,1,120.0,120.0
2863,1363,356,1,310.0,310.0
2864,1363,133,2,210.0,420.0
2865,1365,569,2,210.0,420.0
2866,1365,646,2,80.0,160.0
2867,1366,584,2,50.0,100.0
2868,1366,660,2,250.0,500.0
2869,1367,526,2,100.0,200.0
2870,1367,284,2,70.0,140.0
2871,1367,526,1,100.0,100.0
2872,1367,134,1,200.0,200.0
2873,1368,676,2,220.0,440.0
2874,1368,620,2,60.0,120.0
2875,1368,620,1,60.0,60.0
2876,1368,457,1,170.0,170.0
2877,1368,229,3,340.0,1020.0
2878,1369,564,1,200.0,200.0
2879,1369,532,1,130.0,130.0
2880,1370,2,1,40.0,40.0
2881,1370,2,2,40.0,80.0
2882,1370,234,2,130.0,260.0
2883,1371,117,1,40.0,40.0
2884,1371,643,2,280.0,560.0
2885,1372,629,1,290.0,290.0
2886,1372,363,1,670.0,670.0
2887,1373,434,1,670.0,670.0
2888,1373,434,1,670.0,670.0
2889,1373,142,1,260.0,260.0
2890,1374,594,1,330.0,330.0
2891,1375,164,1,90.0,90.0
2892,1375,164,1,90.0,90.0
2893,1376,220,1,190.0,190.0
2894,1377,652,3,100.0,300.0
2895,1377,251,2,320.0,640.0
2896,1377,251,2,320.0,640.0
2897,1379,623,2,170.0,340.0
2898,1379,492,1,350.0,350.0
2899,1379,473,3,80.0,240.0
2900,1379,492,2,350.0,700.0
2901,1380,130,1,300.0,300.0
2902,1381,452,2,270.0,540.0
2903,1381,479,2,80.0,160.0
2904,1381,417,2,60.0,120.0
2905,1382,232,1,280.0,280.0
2906,1382,34,1,310.0,310.0
2907,1382,34,2,310.0,620.0
2908,1382,34,1,310.0,310.0
2909,1382,302,3,210.0,630.0
2910,1384,398,3,120.0,360.0
2911,1385,685,1,40.0,40.0
2912,1386,61,1,100.0,100.0
2913,1387,255,1,70.0,70.0
2914,1387,226,3,190.0,570.0
2915,1388,225,2,110.0,220.0
2916,1389,475,1,100.0,100.0
2917,1389,183,1,260.0,260.0
2918,1389,475,1,100.0,100.0
2919,1389,72,1,270.0,270.0
2920,1391,580,3,40.0,120.0
2921,1391,14,3,120.0,360.0
2922,1391,316,2,190.0,380.0
2923,1391,219,1,100.0,100.0
2924,1392,401,1,230.0,230.0
2925,1392,395,1,60.0,60.0
2926,1393,569,2,210.0,420.0
2927,1393,381,3,560.0,1680.0
2928,1394,428,1,240.0,240.0
2929,1394,702,1,90.0,90.0
2930,1395,652,2,100.0,200.0
2931,1395,148,1,270.0,270.0
2932,1396,581,3,130.0,390.0
2933,1396,90,2,100.0,200.0
2934,1396,590,2,290.0,580.0
2935,1397,641,2,300.0,600.0
2936,1398,686,3,70.0,210.0
2937,1399,710,1,210.0,210.0
2938,1400,217,1,50.0,50.0
2939,1401,135,1,610.0,610.0
2940,1401,213,1,280.0,280.0
2941,1401,213,2,280.0,560.0
2942,1402,405,1,220.0,220.0
2943,1402,58,2,260.0,520.0
2944,1403,287,2,40.0,80.0
2945,1404,2,2,40.0,80.0
2946,1404,352,2,40.0,80.0
2947,1405,78,1,50.0,50.0
2948,1405,78,3,50.0,150.0
2949,1405,735,1,40.0,40.0
2950,1405,78,1,50.0,50.0
2951,1405,742,1,90.0,90.0
2952,1406,450,1,240.0,240.0
2953,1407,343,1,680.0,680.0
2954,1408,379,2,70.0,140.0
2955,1408,699,3,320.0,960.0
2956,1410,38,1,620.0,620.0
2957,1410,318,1,90.0,90.0
2958,1411,575,2,110.0,220.0
2959,1411,205,1,50.0,50.0
2960,1412,117,1,40.0,40.0
2961,1412,9,2,280.0,560.0
2962,1413,201,2,100.0,200.0
2963,1414,130,1,300.0,300.0
2964,1415,512,1,50.0,50.0
2965,1416,735,1,40.0,40.0
2966,1416,250,2,320.0,640.0
2967,1416,536,2,310.0,620.0
2968,1417,736,3,60.0,180.0
2969,1417,196,1,340.0,340.0
2970,1418,166,2,590.0,1180.0
2971,1418,128,2,140.0,280.0
2972,1420,148,2,270.0,540.0
2973,1420,397,3,310.0,930.0
2974,1421,519,2,170.0,340.0
2975,1421,690,2,70.0,140.0
2976,1421,46,1,200.0,200.0
2977,1422,519,1,170.0,170.0
2978,1423,377,2,30.0,60.0
2979,1424,5,1,80.0,80.0
2980,1424,727,1,250.0,250.0
2981,1425,516,1,100.0,100.0
2982,1425,552,1,170.0,170.0
2983,1425,552,2,170.0,340.0
2984,1426,710,2,210.0,420.0
2985,1426,203,1,190.0,190.0
2986,1427,456,1,320.0,320.0
2987,1427,247,2,190.0,380.0
2988,1428,330,2,110.0,220.0
2989,1428,330,2,110.0,220.0
2990,1428,135,1,610.0,610.0
2991,1429,298,2,40.0,80.0
2992,1429,504,2,390.0,780.0
2993,1430,164,1,90.0,90.0
2994,1430,127,1,250.0,250.0
2995,1431,154,3,310.0,930.0
2996,1431,154,2,310.0,620.0
2997,1431,723,1,50.0,50.0
2998,1432,400,1,190.0,190.0
2999,1432,507,1,190.0,190.0
3000,1432,84,2,180.0,360.0
3001,1432,447,2,110.0,220.0
3002,1433,31,1,100.0,100.0
3003,1433,289,3,160.0,480.0
3004,1434,546,1,190.0,190.0
3005,1434,277,2,210.0,420.0
3006,1435,15,2,670.0,1340.0
3007,1436,584,2,50.0,100.0
3008,1436,108,1,230.0,230.0
3009,1436,6,1,200.0,200.0
3010,1437,443,3,180.0,540.0
3011,1437,443,2,180.0,360.0
3012,1437,443,1,180.0,180.0
3013,1438,587,1,240.0,240.0
3014,1438,222,1,60.0,60.0
3015,1438,222,1,60.0,60.0
3016,1438,587,2,240.0,480.0
3017,1439,102,2,300.0,600.0
3018,1440,623,1,170.0,170.0
3019,1441,718,1,150.0,150.0
3020,1441,718,1,150.0,150.0
3021,1442,408,1,120.0,120.0
3022,1442,405,1,220.0,220.0
3023,1443,43,1,50.0,50.0
3024,1443,241,2,90.0,180.0
3025,1444,275,1,170.0,170.0
3026,1444,438,1,300.0,300.0
3027,1444,300,2,330.0,660.0
3028,1446,127,1,250.0,250.0
3029,1446,164,1,90.0,90.0
3030,1447,733,1,320.0,320.0
3031,1447,733,1,320.0,320.0
3032,1448,623,1,170.0,170.0
3033,1448,473,2,80.0,160.0
3034,1449,636,1,50.0,50.0
3035,1450,473,1,80.0,80.0
3036,1451,671,1,220.0,220.0
3037,1451,143,2,280.0,560.0
3038,1451,730,2,220.0,440.0
3039,1451,45,1,280.0,280.0
3040,1452,19,2,110.0,220.0
3041,1452,19,1,110.0,110.0
3042,1453,462,1,110.0,110.0
3043,1454,188,1,320.0,320.0
3044,1454,493,1,190.0,190.0
3045,1454,188,1,320.0,320.0
3046,1454,670,1,340.0,340.0
3047,1455,700,2,50.0,100.0
3048,1455,383,2,200.0,400.0
3049,1456,341,2,150.0,300.0
3050,1457,648,3,200.0,600.0
3051,1457,540,3,50.0,150.0
3052,1458,95,1,90.0,90.0
3053,1458,48,1,180.0,180.0
3054,1458,464,2,80.0,160.0
3055,1458,48,3,180.0,540.0
3056,1459,296,3,40.0,120.0
3057,1460,465,2,90.0,180.0
3058,1460,350,2,170.0,340.0
3059,1461,641,1,300.0,300.0
3060,1463,127,2,250.0,500.0
3061,1463,127,1,250.0,250.0
3062,1464,231,2,100.0,200.0
3063,1464,170,1,60.0,60.0
3064,1464,654,2,180.0,360.0
3065,1466,516,1,100.0,100.0
3066,1467,394,3,250.0,750.0
3067,1468,638,2,300.0,600.0
3068,1468,605,1,320.0,320.0
3069,1469,440,1,150.0,150.0
3070,1469,319,2,180.0,360.0
3071,1469,367,2,270.0,540.0
3072,1469,375,1,310.0,310.0
3073,1469,440,2,150.0,300.0
3074,1470,480,1,510.0,510.0
3075,1471,571,1,520.0,520.0
3076,1471,59,1,100.0,100.0
3077,1472,361,3,60.0,180.0
3078,1473,373,1,260.0,260.0
3079,1474,171,1,180.0,180.0
3080,1474,439,2,580.0,1160.0
3081,1474,439,1,580.0,580.0
3082,1475,370,1,130.0,130.0
3083,1475,366,1,130.0,130.0
3084,1476,722,2,140.0,280.0
3085,1476,717,2,60.0,120.0
3086,1477,111,1,190.0,190.0
3087,1478,487,2,450.0,900.0
3088,1478,630,1,40.0,40.0
3089,1479,492,1,350.0,350.0
3090,1479,623,1,170.0,170.0
3091,1479,640,1,40.0,40.0
3092,1479,114,1,130.0,130.0
3093,1480,496,2,220.0,440.0
3094,1481,396,1,90.0,90.0
3095,1481,648,1,200.0,200.0
3096,1482,672,1,260.0,260.0
3097,1482,54,1,510.0,510.0
3098,1482,432,1,540.0,540.0
3099,1483,216,1,320.0,320.0
3100,1483,718,1,150.0,150.0
3101,1483,216,2,320.0,640.0
3102,1484,364,1,190.0,190.0
3103,1484,121,2,690.0,1380.0
3104,1484,121,1,690.0,690.0
3105,1485,612,2,290.0,580.0
3106,1485,416,2,660.0,1320.0
3107,1485,675,2,650.0,1300.0
3108,1485,395,1,60.0,60.0
3109,1486,626,2,260.0,520.0
3110,1487,341,1,150.0,150.0
3111,1487,371,1,80.0,80.0
3112,1487,594,1,330.0,330.0
3113,1487,594,1,330.0,330.0
3114,1488,645,1,210.0,210.0
3115,1488,454,1,160.0,160.0
3116,1488,168,1,60.0,60.0
3117,1489,444,1,110.0,110.0
3118,1489,382,2,40.0,80.0
3119,1490,361,1,60.0,60.0
3120,1491,129,1,50.0,50.0
3121,1493,575,2,110.0,220.0
3122,1493,370,1,130.0,130.0
3123,1493,575,1,110.0,110.0
3124,1494,212,2,100.0,200.0
3125,1494,261,3,60.0,180.0
3126,1494,36,2,80.0,160.0
3127,1494,36,2,80.0,160.0
3128,1494,36,3,80.0,240.0
3129,1495,615,2,110.0,220.0
3130,1495,211,1,350.0,350.0
3131,1495,291,2,280.0,560.0
3132,1496,415,2,70.0,140.0
3133,1496,245,1,290.0,290.0
3134,1496,712,3,70.0,210.0
3135,1497,565,1,460.0,460.0
3136,1498,596,1,300.0,300.0
3137,1499,107,2,150.0,300.0
3138,1499,230,1,120.0,120.0
3139,1499,279,1,70.0,70.0
3140,1503,624,1,70.0,70.0
3141,1503,694,1,310.0,310.0
3142,1504,563,1,130.0,130.0
3143,1505,280,2,330.0,660.0
3144,1505,280,1,330.0,330.0
3145,1506,325,2,190.0,380.0
3146,1507,674,1,630.0,630.0
3147,1507,207,1,70.0,70.0
3148,1508,674,2,630.0,1260.0
3149,1508,674,1,630.0,630.0
3150,1509,388,2,60.0,120.0
3151,1510,266,1,320.0,320.0
3152,1510,132,1,300.0,300.0
3153,1511,571,2,520.0,1040.0
3154,1511,59,2,100.0,200.0
3155,1511,290,1,200.0,200.0
3156,1512,317,2,310.0,620.0
3157,1513,450,1,240.0,240.0
3158,1513,433,1,90.0,90.0
3159,1514,465,1,90.0,90.0
3160,1515,561,1,290.0,290.0
3161,1516,86,1,70.0,70.0
3162,1517,715,2,230.0,460.0
3163,1518,418,1,50.0,50.0
3164,1519,705,2,160.0,320.0
3165,1519,508,1,340.0,340.0
3166,1519,705,2,160.0,320.0
3167,1519,602,1,580.0,580.0
3168,1520,91,1,270.0,270.0
3169,1520,361,1,60.0,60.0
3170,1520,91,2,270.0,540.0
3171,1521,520,1,60.0,60.0
3172,1521,98,1,270.0,270.0
3173,1521,98,1,270.0,270.0
3174,1521,659,1,170.0,170.0
3175,1522,712,1,70.0,70.0
3176,1522,415,1,70.0,70.0
3177,1523,198,1,570.0,570.0
3178,1523,185,1,150.0,150.0
3179,1524,530,2,90.0,180.0
3180,1525,287,1,40.0,40.0
3181,1527,553,1,110.0,110.0
3182,1527,553,1,110.0,110.0
3183,1527,333,2,100.0,200.0
3184,1528,58,1,260.0,260.0
3185,1528,58,1,260.0,260.0
3186,1528,706,3,280.0,840.0
3187,1528,405,1,220.0,220.0
3188,1528,233,3,160.0,480.0
3189,1529,293,1,40.0,40.0
3190,1529,129,2,50.0,100.0
3191,1529,544,1,40.0,40.0
3192,1531,427,1,280.0,280.0
3193,1532,537,1,90.0,90.0
3194,1532,559,1,200.0,200.0
3195,1532,559,3,200.0,600.0
3196,1534,508,1,340.0,340.0
3197,1534,409,1,200.0,200.0
3198,1534,409,1,200.0,200.0
3199,1534,705,2,160.0,320.0
3200,1536,59,1,100.0,100.0
3201,1537,331,3,450.0,1350.0
3202,1537,331,2,450.0,900.0
3203,1538,647,1,180.0,180.0
3204,1538,647,1,180.0,180.0
3205,1539,168,2,60.0,120.0
3206,1539,168,1,60.0,60.0
3207,1540,410,1,570.0,570.0
3208,1540,49,1,330.0,330.0
3209,1540,446,1,300.0,300.0
3210,1540,49,1,330.0,330.0
3211,1541,9,2,280.0,560.0
3212,1541,109,1,230.0,230.0
3213,1542,221,1,110.0,110.0
3214,1543,373,2,260.0,520.0
3215,1544,245,1,290.0,290.0
3216,1545,363,2,670.0,1340.0
3217,1545,363,1,670.0,670.0
3218,1545,363,1,670.0,670.0
3219,1546,82,1,70.0,70.0
3220,1546,82,1,70.0,70.0
3221,1546,82,1,70.0,70.0
3222,1546,341,2,150.0,300.0
3223,1547,263,1,180.0,180.0
3224,1547,300,1,330.0,330.0
3225,1547,263,1,180.0,180.0
3226,1548,590,1,290.0,290.0
3227,1548,323,1,50.0,50.0
3228,1549,513,2,190.0,380.0
3229,1549,433,1,90.0,90.0
3230,1550,473,1,80.0,80.0
3231,1552,299,1,70.0,70.0
3232,1552,11,3,80.0,240.0
3233,1553,335,1,40.0,40.0
3234,1553,654,1,180.0,180.0
3235,1554,20,1,90.0,90.0
3236,1555,623,1,170.0,170.0
3237,1556,81,1,280.0,280.0
3238,1557,62,3,210.0,630.0
3239,1558,740,3,350.0,1050.0
3240,1558,708,2,480.0,960.0
3241,1558,708,1,480.0,480.0
3242,1559,668,3,110.0,330.0
3243,1560,591,2,360.0,720.0
3244,1560,152,3,70.0,210.0
3245,1562,415,1,70.0,70.0
3246,1562,415,1,70.0,70.0
3247,1563,600,1,170.0,170.0
3248,1563,510,3,110.0,330.0
3249,1563,600,2,170.0,340.0
3250,1567,516,1,100.0,100.0
3251,1568,397,1,310.0,310.0
3252,1568,697,1,210.0,210.0
3253,1569,514,2,150.0,300.0
3254,1569,271,2,510.0,1020.0
3255,1569,570,2,530.0,1060.0
3256,1569,262,2,80.0,160.0
3257,1570,319,1,180.0,180.0
3258,1570,632,1,340.0,340.0
3259,1570,375,1,310.0,310.0
3260,1571,84,1,180.0,180.0
3261,1571,400,1,190.0,190.0
3262,1572,219,1,100.0,100.0
3263,1572,316,2,190.0,380.0
3264,1572,580,2,40.0,80.0
3265,1572,430,2,130.0,260.0
3266,1572,316,1,190.0,190.0
3267,1573,292,2,530.0,1060.0
3268,1574,271,2,510.0,1020.0
3269,1574,111,1,190.0,190.0
3270,1574,271,1,510.0,510.0
3271,1575,130,1,300.0,300.0
3272,1576,79,3,660.0,1980.0
3273,1576,608,3,70.0,210.0
3274,1576,608,1,70.0,70.0
3275,1577,153,1,590.0,590.0
3276,1577,553,1,110.0,110.0
3277,1578,737,1,480.0,480.0
3278,1578,254,2,110.0,220.0
3279,1578,475,1,100.0,100.0
3280,1578,547,1,100.0,100.0
3281,1579,717,1,60.0,60.0
3282,1579,722,2,140.0,280.0
3283,1579,717,1,60.0,60.0
3284,1579,722,1,140.0,140.0
3285,1579,184,2,500.0,1000.0
3286,1580,393,2,80.0,160.0
3287,1581,127,2,250.0,500.0
3288,1581,164,2,90.0,180.0
3289,1582,673,1,230.0,230.0
3290,1582,673,1,230.0,230.0
3291,1583,537,1,90.0,90.0
3292,1583,688,2,180.0,360.0
3293,1584,108,2,230.0,460.0
3294,1584,660,1,250.0,250.0
3295,1585,612,2,290.0,580.0
3296,1585,395,1,60.0,60.0
3297,1585,395,3,60.0,180.0
3298,1586,534,1,80.0,80.0
3299,1586,373,1,260.0,260.0
3300,1587,650,2,170.0,340.0
3301,1587,650,3,170.0,510.0
3302,1588,345,1,330.0,330.0
3303,1588,345,1,330.0,330.0
3304,1588,510,2,110.0,220.0
3305,1589,507,1,190.0,190.0
3306,1589,507,2,190.0,380.0
3307,1589,485,3,170.0,510.0
3308,1590,402,1,230.0,230.0
3309,1590,172,1,190.0,190.0
3310,1591,321,1,310.0,310.0
3311,1592,108,1,230.0,230.0
3312,1592,108,2,230.0,460.0
3313,1593,524,1,180.0,180.0
3314,1593,682,2,80.0,160.0
3315,1593,533,1,530.0,530.0
3316,1594,172,1,190.0,190.0
3317,1594,402,1,230.0,230.0
3318,1594,165,1,180.0,180.0
3319,1595,104,1,240.0,240.0
3320,1596,19,1,110.0,110.0
3321,1596,19,3,110.0,330.0
3322,1596,461,1,300.0,300.0
3323,1596,609,2,60.0,120.0
3324,1597,570,1,530.0,530.0
3325,1598,415,1,70.0,70.0
3326,1598,415,2,70.0,140.0
3327,1598,743,1,90.0,90.0
3328,1599,385,1,90.0,90.0
3329,1599,305,2,160.0,320.0
3330,1599,301,1,40.0,40.0
3331,1600,174,1,110.0,110.0
3332,1600,26,3,300.0,900.0
3333,1600,291,1,280.0,280.0
3334,1600,291,1,280.0,280.0
3335,1601,641,2,300.0,600.0
3336,1602,462,3,110.0,330.0
3337,1602,99,3,560.0,1680.0
3338,1603,500,1,100.0,100.0
3339,1604,562,1,150.0,150.0
3340,1604,392,2,60.0,120.0
3341,1605,310,1,540.0,540.0
3342,1605,582,2,200.0,400.0
3343,1605,554,1,240.0,240.0
3344,1606,362,3,100.0,300.0
3345,1606,372,1,190.0,190.0
3346,1606,362,1,100.0,100.0
3347,1606,741,1,290.0,290.0
3348,1607,170,1,60.0,60.0
3349,1607,170,1,60.0,60.0
3350,1608,127,1,250.0,250.0
3351,1608,164,1,90.0,90.0
3352,1609,128,2,140.0,280.0
3353,1609,166,1,590.0,590.0
3354,1611,168,2,60.0,120.0
3355,1611,454,1,160.0,160.0
3356,1611,621,2,140.0,280.0
3357,1611,707,1,180.0,180.0
3358,1612,459,1,120.0,120.0
3359,1612,96,1,210.0,210.0
3360,1612,459,2,120.0,240.0
3361,1613,716,1,290.0,290.0
3362,1613,449,1,210.0,210.0
3363,1613,368,1,320.0,320.0
3364,1614,61,1,100.0,100.0
3365,1615,732,3,120.0,360.0
3366,1615,732,1,120.0,120.0
3367,1615,61,2,100.0,200.0
3368,1616,156,1,660.0,660.0
3369,1616,549,1,240.0,240.0
3370,1617,296,1,40.0,40.0
3371,1618,571,2,520.0,1040.0
3372,1618,571,2,520.0,1040.0
3373,1618,290,1,200.0,200.0
3374,1619,512,1,50.0,50.0
3375,1619,512,2,50.0,100.0
3376,1619,208,1,60.0,60.0
3377,1619,503,2,270.0,540.0
3378,1619,118,1,170.0,170.0
3379,1620,709,1,190.0,190.0
3380,1621,261,1,60.0,60.0
3381,1622,181,2,190.0,380.0
3382,1622,460,2,70.0,140.0
3383,1622,39,1,70.0,70.0
3384,1623,527,1,100.0,100.0
3385,1623,230,2,120.0,240.0
3386,1623,279,1,70.0,70.0
3387,1623,527,3,100.0,300.0
3388,1624,184,2,500.0,1000.0
3389,1624,184,1,500.0,500.0
3390,1625,271,1,510.0,510.0
3391,1625,514,1,150.0,150.0
3392,1626,154,2,310.0,620.0
3393,1626,37,1,100.0,100.0
3394,1626,37,2,100.0,200.0
3395,1627,641,2,300.0,600.0
3396,1628,641,2,300.0,600.0
3397,1629,250,1,320.0,320.0
3398,1629,735,1,40.0,40.0
3399,1630,672,2,260.0,520.0
3400,1631,482,2,660.0,1320.0
3401,1631,248,1,280.0,280.0
3402,1631,163,2,90.0,180.0
3403,1631,292,1,530.0,530.0
3404,1631,163,2,90.0,180.0
3405,1632,531,2,50.0,100.0
3406,1632,713,1,330.0,330.0
3407,1633,548,1,230.0,230.0
3408,1633,548,3,230.0,690.0
3409,1634,650,1,170.0,170.0
3410,1634,729,1,90.0,90.0
3411,1635,363,1,670.0,670.0
3412,1636,255,2,70.0,140.0
3413,1636,226,2,190.0,380.0
3414,1636,626,2,260.0,520.0
3415,1637,467,1,200.0,200.0
3416,1637,467,1,200.0,200.0
3417,1637,350,1,170.0,170.0
3418,1638,350,1,170.0,170.0
3419,1638,467,2,200.0,400.0
3420,1638,465,1,90.0,90.0
3421,1638,467,1,200.0,200.0
3422,1638,467,1,200.0,200.0
3423,1639,373,2,260.0,520.0
3424,1639,21,1,640.0,640.0
3425,1639,21,1,640.0,640.0
3426,1640,409,3,200.0,600.0
3427,1640,409,3,200.0,600.0
3428,1641,444,1,110.0,110.0
3429,1641,382,3,40.0,120.0
3430,1642,248,3,280.0,840.0
3431,1642,200,1,660.0,660.0
3432,1642,163,2,90.0,180.0
3433,1642,247,1,190.0,190.0
3434,1642,248,1,280.0,280.0
3435,1643,418,3,50.0,150.0
3436,1643,99,1,560.0,560.0
3437,1644,639,1,200.0,200.0
3438,1644,322,1,170.0,170.0
3439,1644,315,2,60.0,120.0
3440,1644,315,2,60.0,120.0
3441,1645,718,3,150.0,450.0
3442,1645,718,2,150.0,300.0
3443,1645,35,1,310.0,310.0
3444,1645,744,1,270.0,270.0
3445,1646,128,2,140.0,280.0
3446,1646,166,1,590.0,590.0
3447,1646,166,1,590.0,590.0
3448,1646,166,1,590.0,590.0
3449,1648,695,2,280.0,560.0
3450,1648,695,1,280.0,280.0
3451,1649,459,1,120.0,120.0
3452,1649,459,1,120.0,120.0
3453,1649,206,1,60.0,60.0
3454,1650,44,2,290.0,580.0
3455,1650,161,1,180.0,180.0
3456,1651,99,2,560.0,1120.0
3457,1651,99,2,560.0,1120.0
3458,1652,79,1,660.0,660.0
3459,1652,608,2,70.0,140.0
3460,1653,164,2,90.0,180.0
3461,1653,127,1,250.0,250.0
3462,1654,135,1,610.0,610.0
3463,1654,135,2,610.0,1220.0
3464,1655,290,1,200.0,200.0
3465,1655,290,2,200.0,400.0
3466,1656,201,2,100.0,200.0
3467,1656,449,1,210.0,210.0
3468,1657,598,1,440.0,440.0
3469,1657,714,3,40.0,120.0
3470,1657,655,1,250.0,250.0
3471,1657,610,2,220.0,440.0
3472,1658,579,2,330.0,660.0
3473,1659,26,1,300.0,300.0
3474,1659,669,1,700.0,700.0
3475,1660,88,2,310.0,620.0
3476,1660,352,1,40.0,40.0
3477,1661,392,1,60.0,60.0
3478,1661,173,1,220.0,220.0
3479,1662,409,3,200.0,600.0
3480,1662,602,1,580.0,580.0
3481,1662,409,1,200.0,200.0
3482,1663,170,1,60.0,60.0
3483,1663,170,2,60.0,120.0
3484,1664,577,2,70.0,140.0
3485,1665,21,1,640.0,640.0
3486,1666,151,1,120.0,120.0
3487,1666,663,1,170.0,170.0
3488,1667,451,2,60.0,120.0
3489,1668,578,1,190.0,190.0
3490,1669,128,2,140.0,280.0
3491,1669,166,2,590.0,1180.0
3492,1670,716,1,290.0,290.0
3493,1670,678,2,180.0,360.0
3494,1671,134,1,200.0,200.0
3495,1671,284,1,70.0,70.0
3496,1672,573,1,320.0,320.0
3497,1672,124,1,220.0,220.0
3498,1672,264,1,120.0,120.0
3499,1674,260,3,60.0,180.0
3500,1674,260,1,60.0,60.0
3501,1675,495,2,180.0,360.0
3502,1676,412,2,180.0,360.0
3503,1676,76,1,90.0,90.0
3504,1677,117,1,40.0,40.0
3505,1677,643,2,280.0,560.0
3506,1677,643,2,280.0,560.0
3507,1677,643,2,280.0,560.0
3508,1678,59,2,100.0,200.0
3509,1679,134,1,200.0,200.0
3510,1679,526,2,100.0,200.0
3511,1679,526,1,100.0,100.0
3512,1679,134,2,200.0,400.0
3513,1680,361,1,60.0,60.0
3514,1680,480,1,510.0,510.0
3515,1681,232,2,280.0,560.0
3516,1681,102,2,300.0,600.0
3517,1682,552,1,170.0,170.0
3518,1682,552,2,170.0,340.0
3519,1682,606,2,40.0,80.0
3520,1684,308,1,340.0,340.0
3521,1684,62,2,210.0,420.0
3522,1685,750,1,220.0,220.0
3523,1685,750,2,220.0,440.0
3524,1686,55,1,140.0,140.0
3525,1686,502,1,350.0,350.0
3526,1687,200,1,660.0,660.0
3527,1687,456,1,320.0,320.0
3528,1688,139,1,150.0,150.0
3529,1688,701,1,260.0,260.0
3530,1689,293,2,40.0,80.0
3531,1689,686,1,70.0,70.0
3532,1689,293,3,40.0,120.0
3533,1689,293,1,40.0,40.0
3534,1689,413,1,170.0,170.0
3535,1690,628,1,450.0,450.0
3536,1690,628,1,450.0,450.0
3537,1690,505,1,70.0,70.0
3538,1690,112,3,580.0,1740.0
3539,1691,24,1,50.0,50.0
3540,1691,139,1,150.0,150.0
3541,1691,139,1,150.0,150.0
3542,1691,307,1,270.0,270.0
3543,1692,59,3,100.0,300.0
3544,1692,571,1,520.0,520.0
3545,1693,78,1,50.0,50.0
3546,1694,247,1,190.0,190.0
3547,1694,482,2,660.0,1320.0
3548,1694,248,2,280.0,560.0
3549,1695,230,1,120.0,120.0
3550,1696,617,1,210.0,210.0
3551,1696,664,1,110.0,110.0
3552,1698,672,2,260.0,520.0
3553,1698,288,3,180.0,540.0
3554,1698,432,1,540.0,540.0
3555,1699,176,2,230.0,460.0
3556,1699,207,1,70.0,70.0
3557,1699,207,3,70.0,210.0
3558,1699,207,1,70.0,70.0
3559,1699,674,2,630.0,1260.0
3560,1700,1,2,120.0,240.0
3561,1701,444,1,110.0,110.0
3562,1702,567,1,140.0,140.0
3563,1703,571,3,520.0,1560.0
3564,1704,698,1,210.0,210.0
3565,1704,698,1,210.0,210.0
3566,1705,334,1,120.0,120.0
3567,1705,430,1,130.0,130.0
3568,1706,38,1,620.0,620.0
3569,1706,318,1,90.0,90.0
3570,1706,549,2,240.0,480.0
3571,1706,448,2,110.0,220.0
3572,1707,68,1,410.0,410.0
3573,1707,747,2,180.0,360.0
3574,1708,350,3,170.0,510.0
3575,1708,403,2,120.0,240.0
3576,1708,465,1,90.0,90.0
3577,1709,364,2,190.0,380.0
3578,1709,354,2,320.0,640.0
3579,1709,354,2,320.0,640.0
3580,1709,283,2,110.0,220.0
3581,1709,121,3,690.0,2070.0
3582,1710,371,1,80.0,80.0
3583,1710,530,2,90.0,180.0
3584,1710,238,1,210.0,210.0
3585,1711,729,1,90.0,90.0
3586,1712,133,1,210.0,210.0
3587,1712,204,2,280.0,560.0
3588,1712,356,3,310.0,930.0
3589,1713,214,1,190.0,190.0
3590,1713,327,1,110.0,110.0
3591,1713,704,1,130.0,130.0
3592,1714,617,1,210.0,210.0
3593,1714,725,1,90.0,90.0
3594,1715,416,2,660.0,1320.0
3595,1715,123,1,60.0,60.0
3596,1715,416,1,660.0,660.0
3597,1716,491,1,510.0,510.0
3598,1717,283,1,110.0,110.0
3599,1718,739,1,290.0,290.0
3600,1718,445,1,530.0,530.0
3601,1719,728,1,370.0,370.0
3602,1719,151,1,120.0,120.0
3603,1719,22,1,80.0,80.0
3604,1719,663,1,170.0,170.0
3605,1719,289,1,160.0,160.0
3606,1721,32,1,290.0,290.0
3607,1722,378,3,320.0,960.0
3608,1722,378,1,320.0,320.0
3609,1723,191,1,140.0,140.0
3610,1724,641,1,300.0,300.0
3611,1727,524,2,180.0,360.0
3612,1727,246,1,190.0,190.0
3613,1729,636,3,50.0,150.0
3614,1731,508,2,340.0,680.0
3615,1731,602,2,580.0,1160.0
3616,1731,508,2,340.0,680.0
3617,1731,705,1,160.0,160.0
3618,1731,508,2,340.0,680.0
3619,1733,517,1,180.0,180.0
3620,1733,396,2,90.0,180.0
3621,1734,289,3,160.0,480.0
3622,1734,85,1,270.0,270.0
3623,1735,627,2,300.0,600.0
3624,1735,174,1,110.0,110.0
3625,1736,7,1,320.0,320.0
3626,1736,450,1,240.0,240.0
3627,1736,276,3,200.0,600.0
3628,1736,433,1,90.0,90.0
3629,1737,566,3,70.0,210.0
3630,1737,296,1,40.0,40.0
3631,1737,636,2,50.0,100.0
3632,1737,566,1,70.0,70.0
3633,1738,405,1,220.0,220.0
3634,1738,706,3,280.0,840.0
3635,1738,233,2,160.0,320.0
3636,1738,405,2,220.0,440.0
3637,1738,233,1,160.0,160.0
3638,1739,593,1,180.0,180.0
3639,1739,700,1,50.0,50.0
3640,1740,16,1,90.0,90.0
3641,1740,521,1,330.0,330.0
3642,1740,597,1,100.0,100.0
3643,1740,504,2,390.0,780.0
3644,1742,2,2,40.0,80.0
3645,1742,352,1,40.0,40.0
3646,1743,15,1,670.0,670.0
3647,1743,196,1,340.0,340.0
3648,1743,617,2,210.0,420.0
3649,1744,302,2,210.0,420.0
3650,1746,460,2,70.0,140.0
3651,1747,716,1,290.0,290.0
3652,1748,268,2,60.0,120.0
3653,1748,567,1,140.0,140.0
3654,1749,739,2,290.0,580.0
3655,1750,193,2,150.0,300.0
3656,1750,696,2,300.0,600.0
3657,1751,268,1,60.0,60.0
3658,1751,268,2,60.0,120.0
3659,1751,750,3,220.0,660.0
3660,1752,523,1,200.0,200.0
3661,1752,239,1,240.0,240.0
3662,1752,601,1,230.0,230.0
3663,1753,413,3,170.0,510.0
3664,1753,293,2,40.0,80.0
3665,1753,293,2,40.0,80.0
3666,1754,621,2,140.0,280.0
3667,1754,326,2,110.0,220.0
3668,1754,326,2,110.0,220.0
3669,1755,146,3,190.0,570.0
3670,1755,256,1,250.0,250.0
3671,1755,689,2,60.0,120.0
3672,1755,689,1,60.0,60.0
3673,1755,463,1,60.0,60.0
3674,1757,679,3,240.0,720.0
3675,1758,238,1,210.0,210.0
3676,1758,82,3,70.0,210.0
3677,1758,341,1,150.0,150.0
3678,1759,146,1,190.0,190.0
3679,1759,32,2,290.0,580.0
3680,1760,134,1,200.0,200.0
3681,1760,134,2,200.0,400.0
3682,1760,134,2,200.0,400.0
3683,1761,706,1,280.0,280.0
3684,1761,58,2,260.0,520.0
3685,1761,408,1,120.0,120.0
3686,1762,521,1,330.0,330.0
3687,1762,521,2,330.0,660.0
3688,1763,79,1,660.0,660.0
3689,1763,20,2,90.0,180.0
3690,1763,20,1,90.0,90.0
3691,1764,633,2,170.0,340.0
3692,1764,633,1,170.0,170.0
3693,1765,606,1,40.0,40.0
3694,1765,516,1,100.0,100.0
3695,1765,516,1,100.0,100.0
3696,1765,53,1,200.0,200.0
3697,1766,54,1,510.0,510.0
3698,1766,432,1,540.0,540.0
3699,1767,276,1,200.0,200.0
3700,1767,622,1,100.0,100.0
3701,1767,622,1,100.0,100.0
3702,1767,529,1,60.0,60.0
3703,1767,147,2,160.0,320.0
3704,1768,613,1,190.0,190.0
3705,1768,151,2,120.0,240.0
3706,1769,392,1,60.0,60.0
3707,1769,186,2,250.0,500.0
3708,1770,474,3,150.0,450.0
3709,1770,474,1,150.0,150.0
3710,1771,495,1,180.0,180.0
3711,1772,431,2,210.0,420.0
3712,1772,564,2,200.0,400.0
3713,1772,740,1,350.0,350.0
3714,1773,477,1,290.0,290.0
3715,1773,512,3,50.0,150.0
3716,1773,477,1,290.0,290.0
3717,1774,9,1,280.0,280.0
3718,1774,109,1,230.0,230.0
3719,1775,16,3,90.0,270.0
3720,1775,16,2,90.0,180.0
3721,1775,16,1,90.0,90.0
3722,1775,504,1,390.0,390.0
3723,1775,298,1,40.0,40.0
3724,1776,296,2,40.0,80.0
3725,1776,711,1,110.0,110.0
3726,1776,296,1,40.0,40.0
3727,1777,596,1,300.0,300.0
3728,1777,144,3,130.0,390.0
3729,1778,79,2,660.0,1320.0
3730,1780,276,2,200.0,400.0
3731,1780,215,2,210.0,420.0
3732,1781,221,1,110.0,110.0
3733,1781,169,2,310.0,620.0
3734,1781,722,2,140.0,280.0
3735,1782,213,1,280.0,280.0
3736,1782,213,2,280.0,560.0
3737,1782,135,1,610.0,610.0
3738,1783,190,1,550.0,550.0
3739,1783,157,1,240.0,240.0
3740,1783,190,3,550.0,1650.0
3741,1783,157,1,240.0,240.0
3742,1783,287,2,40.0,80.0
3743,1784,108,1,230.0,230.0
3744,1784,660,1,250.0,250.0
3745,1785,35,1,310.0,310.0
3746,1787,641,2,300.0,600.0
3747,1788,119,2,210.0,420.0
3748,1788,194,1,670.0,670.0
3749,1788,201,1,100.0,100.0
3750,1788,368,2,320.0,640.0
3751,1788,449,1,210.0,210.0
3752,1789,185,1,150.0,150.0
3753,1790,481,1,50.0,50.0
3754,1790,415,1,70.0,70.0
3755,1790,481,2,50.0,100.0
3756,1790,712,2,70.0,140.0
3757,1791,323,1,50.0,50.0
3758,1791,581,1,130.0,130.0
3759,1792,154,1,310.0,310.0
3760,1792,723,1,50.0,50.0
3761,1793,13,1,40.0,40.0
3762,1793,496,1,220.0,220.0
3763,1795,55,1,140.0,140.0
3764,1796,528,2,160.0,320.0
3765,1796,619,1,60.0,60.0
3766,1797,461,2,300.0,600.0
3767,1797,733,1,320.0,320.0
3768,1797,19,1,110.0,110.0
3769,1798,2,2,40.0,80.0
3770,1798,234,2,130.0,260.0
3771,1798,2,1,40.0,40.0
3772,1799,117,2,40.0,80.0
3773,1800,517,1,180.0,180.0
3774,1800,661,1,50.0,50.0
3775,1800,703,1,90.0,90.0
3776,1800,746,1,60.0,60.0
3777,1801,397,2,310.0,620.0
3778,1802,626,2,260.0,520.0
3779,1802,223,1,270.0,270.0
3780,1802,427,1,280.0,280.0
3781,1803,119,1,210.0,210.0
3782,1803,678,1,180.0,180.0
3783,1803,449,2,210.0,420.0
3784,1804,619,2,60.0,120.0
3785,1805,490,1,50.0,50.0
3786,1805,66,1,220.0,220.0
3787,1805,633,1,170.0,170.0
3788,1806,745,1,90.0,90.0
3789,1807,361,2,60.0,120.0
3790,1807,480,2,510.0,1020.0
3791,1807,500,3,100.0,300.0
3792,1808,359,3,580.0,1740.0
3793,1809,443,1,180.0,180.0
3794,1809,443,1,180.0,180.0
3795,1810,740,1,350.0,350.0
3796,1810,532,3,130.0,390.0
3797,1811,330,2,110.0,220.0
3798,1812,129,3,50.0,150.0
3799,1812,544,2,40.0,80.0
3800,1813,398,2,120.0,240.0
3801,1813,701,1,260.0,260.0
3802,1814,571,1,520.0,520.0
3803,1815,530,1,90.0,90.0
3804,1815,530,1,90.0,90.0
3805,1815,371,2,80.0,160.0
3806,1816,408,3,120.0,360.0
3807,1816,706,2,280.0,560.0
3808,1817,692,2,230.0,460.0
3809,1817,634,1,120.0,120.0
3810,1817,93,1,710.0,710.0
3811,1817,668,1,110.0,110.0
3812,1818,569,2,210.0,420.0
3813,1818,729,1,90.0,90.0
3814,1818,729,1,90.0,90.0
3815,1818,646,1,80.0,80.0
3816,1819,281,1,160.0,160.0
3817,1820,164,2,90.0,180.0
3818,1820,164,2,90.0,180.0
3819,1821,712,2,70.0,140.0
3820,1821,481,1,50.0,50.0
3821,1822,642,2,260.0,520.0
3822,1823,520,2,60.0,120.0
3823,1823,659,2,170.0,340.0
3824,1823,98,1,270.0,270.0
3825,1823,98,1,270.0,270.0
3826,1825,101,1,300.0,300.0
3827,1825,57,1,230.0,230.0
3828,1825,120,1,60.0,60.0
3829,1825,734,1,90.0,90.0
3830,1826,459,2,120.0,240.0
3831,1826,206,1,60.0,60.0
3832,1827,602,2,580.0,1160.0
3833,1827,602,2,580.0,1160.0
3834,1828,58,1,260.0,260.0
3835,1828,58,1,260.0,260.0
3836,1829,222,1,60.0,60.0
3837,1829,222,2,60.0,120.0
3838,1829,633,1,170.0,170.0
3839,1830,730,1,220.0,220.0
3840,1830,332,2,180.0,360.0
3841,1832,251,3,320.0,960.0
3842,1832,148,1,270.0,270.0
3843,1832,697,1,210.0,210.0
3844,1832,251,1,320.0,320.0
3845,1833,453,2,170.0,340.0
3846,1834,406,1,180.0,180.0
3847,1834,485,2,170.0,340.0
3848,1834,447,1,110.0,110.0
3849,1835,608,1,70.0,70.0
3850,1836,389,1,70.0,70.0
3851,1836,635,1,560.0,560.0
3852,1836,591,1,360.0,360.0
3853,1838,284,3,70.0,210.0
3854,1839,398,1,120.0,120.0
3855,1839,701,2,260.0,520.0
3856,1839,701,1,260.0,260.0
3857,1840,436,1,110.0,110.0
3858,1840,436,1,110.0,110.0
3859,1841,103,1,500.0,500.0
3860,1841,464,3,80.0,240.0
3861,1841,48,2,180.0,360.0
3862,1842,129,3,50.0,150.0
3863,1842,293,2,40.0,80.0
3864,1842,413,2,170.0,340.0
3865,1842,686,2,70.0,140.0
3866,1843,162,2,290.0,580.0
3867,1843,458,1,570.0,570.0
3868,1844,749,3,70.0,210.0
3869,1844,324,2,30.0,60.0
3870,1844,731,1,280.0,280.0
3871,1845,99,2,560.0,1120.0
3872,1845,99,1,560.0,560.0
3873,1845,462,2,110.0,220.0
3874,1846,35,1,310.0,310.0
3875,1846,35,2,310.0,620.0
3876,1848,573,1,320.0,320.0
3877,1848,693,1,60.0,60.0
3878,1850,516,2,100.0,200.0
3879,1850,552,1,170.0,170.0
3880,1850,606,2,40.0,80.0
3881,1850,516,1,100.0,100.0
3882,1851,583,2,140.0,280.0
3883,1853,77,2,180.0,360.0
3884,1853,524,1,180.0,180.0
3885,1854,276,2,200.0,400.0
3886,1854,450,2,240.0,480.0
3887,1854,215,2,210.0,420.0
3888,1854,147,1,160.0,160.0
3889,1854,450,2,240.0,480.0
3890,1855,608,2,70.0,140.0
3891,1855,608,2,70.0,140.0
3892,1855,608,2,70.0,140.0
3893,1856,78,1,50.0,50.0
3894,1856,742,1,90.0,90.0
3895,1856,536,1,310.0,310.0
3896,1859,495,1,180.0,180.0
3897,1859,633,2,170.0,340.0
3898,1859,222,1,60.0,60.0
3899,1859,490,1,50.0,50.0
3900,1860,219,1,100.0,100.0
3901,1860,316,1,190.0,190.0
3902,1860,219,1,100.0,100.0
3903,1861,187,1,130.0,130.0
3904,1861,310,1,540.0,540.0
3905,1862,709,1,190.0,190.0
3906,1862,133,2,210.0,420.0
3907,1862,356,1,310.0,310.0
3908,1863,83,1,170.0,170.0
3909,1864,613,1,190.0,190.0
3910,1864,217,1,50.0,50.0
3911,1864,217,2,50.0,100.0
3912,1864,289,3,160.0,480.0
3913,1865,638,1,300.0,300.0
3914,1865,489,2,140.0,280.0
3915,1865,605,1,320.0,320.0
3916,1866,260,1,60.0,60.0
3917,1866,235,1,110.0,110.0
3918,1866,260,2,60.0,120.0
3919,1867,314,1,320.0,320.0
3920,1867,739,1,290.0,290.0
3921,1867,437,1,130.0,130.0
3922,1868,89,1,270.0,270.0
3923,1868,4,2,50.0,100.0
3924,1868,264,1,120.0,120.0
3925,1869,194,1,670.0,670.0
3926,1869,716,2,290.0,580.0
3927,1870,107,2,150.0,300.0
3928,1871,720,3,360.0,1080.0
3929,1871,600,3,170.0,510.0
3930,1871,726,2,310.0,620.0
3931,1871,510,1,110.0,110.0
3932,1873,613,2,190.0,380.0
3933,1874,404,1,60.0,60.0
3934,1875,313,1,260.0,260.0
3935,1875,277,1,210.0,210.0
3936,1876,311,1,60.0,60.0
3937,1876,339,3,550.0,1650.0
3938,1876,339,1,550.0,550.0
3939,1879,525,1,60.0,60.0
3940,1879,748,1,390.0,390.0
3941,1879,27,1,60.0,60.0
3942,1880,744,1,270.0,270.0
3943,1880,35,2,310.0,620.0
3944,1881,334,1,120.0,120.0
3945,1881,430,3,130.0,390.0
3946,1881,219,2,100.0,200.0
3947,1882,311,3,60.0,180.0
3948,1882,651,1,50.0,50.0
3949,1882,651,3,50.0,150.0
3950,1882,339,2,550.0,1100.0
3951,1882,548,2,230.0,460.0
3952,1883,223,1,270.0,270.0
3953,1883,649,2,320.0,640.0
3954,1883,255,2,70.0,140.0
3955,1883,255,2,70.0,140.0
3956,1883,649,3,320.0,960.0
3957,1884,670,1,340.0,340.0
3958,1885,703,2,90.0,180.0
3959,1885,703,2,90.0,180.0
3960,1886,268,1,60.0,60.0
3961,1886,390,1,270.0,270.0
3962,1887,293,1,40.0,40.0
3963,1887,129,1,50.0,50.0
3964,1887,129,1,50.0,50.0
3965,1888,618,1,100.0,100.0
3966,1888,422,1,130.0,130.0
3967,1889,540,1,50.0,50.0
3968,1890,164,1,90.0,90.0
3969,1890,127,1,250.0,250.0
3970,1891,288,1,180.0,180.0
3971,1891,702,3,90.0,270.0
3972,1892,322,2,170.0,340.0
3973,1892,531,2,50.0,100.0
3974,1893,50,3,300.0,900.0
3975,1893,514,2,150.0,300.0
3976,1894,388,1,60.0,60.0
3977,1894,240,1,200.0,200.0
3978,1896,446,1,300.0,300.0
3979,1896,348,1,70.0,70.0
3980,1896,344,1,60.0,60.0
3981,1896,280,1,330.0,330.0
3982,1897,444,2,110.0,220.0
3983,1897,382,1,40.0,40.0
3984,1898,170,2,60.0,120.0
3985,1898,170,2,60.0,120.0
3986,1899,278,1,310.0,310.0
3987,1899,278,1,310.0,310.0
3988,1899,476,1,60.0,60.0
3989,1899,476,1,60.0,60.0
3990,1899,261,1,60.0,60.0
3991,1900,130,3,300.0,900.0
3992,1901,409,2,200.0,400.0
3993,1901,705,1,160.0,160.0
3994,1902,503,1,270.0,270.0
3995,1902,258,1,270.0,270.0
3996,1903,251,3,320.0,960.0
3997,1904,4,3,50.0,150.0
3998,1904,272,1,200.0,200.0
3999,1904,4,3,50.0,150.0
4000,1905,221,1,110.0,110.0
4001,1905,722,1,140.0,140.0
4002,1906,108,1,230.0,230.0
4003,1906,108,2,230.0,460.0
4004,1906,715,1,230.0,230.0
4005,1907,601,2,230.0,460.0
4006,1908,634,1,120.0,120.0
4007,1908,668,2,110.0,220.0
4008,1908,634,1,120.0,120.0
4009,1909,10,1,90.0,90.0
4010,1909,10,1,90.0,90.0
4011,1910,179,1,160.0,160.0
4012,1910,167,1,50.0,50.0
4013,1910,474,2,150.0,300.0
4014,1911,473,2,80.0,160.0
4015,1911,640,1,40.0,40.0
4016,1912,195,1,270.0,270.0
4017,1912,524,2,180.0,360.0
4018,1912,533,1,530.0,530.0
4019,1914,257,1,270.0,270.0
4020,1914,634,2,120.0,240.0
4021,1915,102,1,300.0,300.0
4022,1915,302,1,210.0,210.0
4023,1916,171,1,180.0,180.0
4024,1917,104,1,240.0,240.0
4025,1917,104,1,240.0,240.0
4026,1917,104,1,240.0,240.0
4027,1918,643,3,280.0,840.0
4028,1918,109,2,230.0,460.0
4029,1918,643,1,280.0,280.0
4030,1918,9,2,280.0,560.0
4031,1919,634,1,120.0,120.0
4032,1919,692,1,230.0,230.0
4033,1920,526,2,100.0,200.0
4034,1920,526,1,100.0,100.0
4035,1921,508,3,340.0,1020.0
4036,1921,602,1,580.0,580.0
4037,1921,409,1,200.0,200.0
4038,1923,182,1,90.0,90.0
4039,1923,182,1,90.0,90.0
4040,1923,182,1,90.0,90.0
4041,1924,127,2,250.0,500.0
4042,1925,296,1,40.0,40.0
4043,1925,1,1,120.0,120.0
4044,1926,746,1,60.0,60.0
4045,1926,396,1,90.0,90.0
4046,1927,518,1,340.0,340.0
4047,1928,573,1,320.0,320.0
4048,1929,417,1,60.0,60.0
4049,1931,164,3,90.0,270.0
4050,1932,135,2,610.0,1220.0
4051,1932,135,1,610.0,610.0
4052,1933,651,1,50.0,50.0
4053,1933,548,1,230.0,230.0
4054,1933,548,1,230.0,230.0
4055,1933,548,2,230.0,460.0
4056,1933,394,1,250.0,250.0
4057,1934,635,2,560.0,1120.0
4058,1934,684,2,140.0,280.0
4059,1935,599,2,100.0,200.0
4060,1935,44,1,290.0,290.0
4061,1936,195,1,270.0,270.0
4062,1937,525,1,60.0,60.0
4063,1938,667,1,310.0,310.0
4064,1938,742,2,90.0,180.0
4065,1939,516,1,100.0,100.0
4066,1939,53,1,200.0,200.0
4067,1940,526,3,100.0,300.0
4068,1940,134,2,200.0,400.0
4069,1941,42,1,110.0,110.0
4070,1942,138,2,120.0,240.0
4071,1943,720,1,360.0,360.0
4072,1943,600,1,170.0,170.0
4073,1943,720,3,360.0,1080.0
4074,1944,230,3,120.0,360.0
4075,1944,527,2,100.0,200.0
4076,1944,230,2,120.0,240.0
4077,1945,642,1,260.0,260.0
4078,1946,654,1,180.0,180.0
4079,1946,423,1,40.0,40.0
4080,1947,465,3,90.0,270.0
4081,1948,392,3,60.0,180.0
4082,1948,186,1,250.0,250.0
4083,1948,392,2,60.0,120.0
4084,1948,73,1,70.0,70.0
4085,1948,173,1,220.0,220.0
4086,1949,77,1,180.0,180.0
4087,1949,524,1,180.0,180.0
4088,1949,195,1,270.0,270.0
4089,1949,682,1,80.0,80.0
4090,1950,528,1,160.0,160.0
4091,1950,351,2,60.0,120.0
4092,1950,528,1,160.0,160.0
4093,1951,290,1,200.0,200.0
4094,1951,290,2,200.0,400.0
4095,1951,59,2,100.0,200.0
4096,1952,444,1,110.0,110.0
4097,1952,444,1,110.0,110.0
4098,1953,10,1,90.0,90.0
4099,1953,446,1,300.0,300.0
4100,1954,413,2,170.0,340.0
4101,1954,686,1,70.0,70.0
4102,1954,293,1,40.0,40.0
4103,1955,179,1,160.0,160.0
4104,1956,243,2,250.0,500.0
4105,1956,103,1,500.0,500.0
4106,1957,731,1,280.0,280.0
4107,1958,351,1,60.0,60.0
4108,1959,232,1,280.0,280.0
4109,1959,414,1,100.0,100.0
4110,1959,102,1,300.0,300.0
4111,1961,91,1,270.0,270.0
4112,1961,361,1,60.0,60.0
4113,1962,44,1,290.0,290.0
4114,1962,161,1,180.0,180.0
4115,1962,161,1,180.0,180.0
4116,1962,340,3,60.0,180.0
4117,1964,460,1,70.0,70.0
4118,1964,644,1,120.0,120.0
4119,1964,644,1,120.0,120.0
4120,1965,307,1,270.0,270.0
4121,1965,398,1,120.0,120.0
4122,1966,13,1,40.0,40.0
4123,1968,374,3,130.0,390.0
4124,1968,378,2,320.0,640.0
4125,1968,179,1,160.0,160.0
4126,1969,701,1,260.0,260.0
4127,1969,139,1,150.0,150.0
4128,1970,164,1,90.0,90.0
4129,1970,127,1,250.0,250.0
4130,1971,537,1,90.0,90.0
4131,1971,8,1,460.0,460.0
4132,1971,688,1,180.0,180.0
4133,1971,537,1,90.0,90.0
4134,1972,334,1,120.0,120.0
4135,1972,14,3,120.0,360.0
4136,1973,376,1,70.0,70.0
4137,1973,697,1,210.0,210.0
4138,1973,376,1,70.0,70.0
4139,1974,452,1,270.0,270.0
4140,1974,422,1,130.0,130.0
4141,1974,618,1,100.0,100.0
4142,1975,721,1,140.0,140.0
4143,1975,434,1,670.0,670.0
4144,1976,322,2,170.0,340.0
4145,1977,330,3,110.0,330.0
4146,1977,213,1,280.0,280.0
4147,1978,715,3,230.0,690.0
4148,1979,107,1,150.0,150.0
4149,1979,279,1,70.0,70.0
4150,1979,230,1,120.0,120.0
4151,1980,603,1,220.0,220.0
4152,1980,740,1,350.0,350.0
4153,1980,740,1,350.0,350.0
4154,1981,177,1,70.0,70.0
4155,1982,414,1,100.0,100.0
4156,1982,102,1,300.0,300.0
4157,1982,34,1,310.0,310.0
4158,1983,14,1,120.0,120.0
4159,1983,580,3,40.0,120.0
4160,1983,14,1,120.0,120.0
4161,1984,59,1,100.0,100.0
4162,1984,59,1,100.0,100.0
4163,1986,468,2,160.0,320.0
4164,1987,352,2,40.0,80.0
4165,1989,74,1,70.0,70.0
4166,1989,252,2,350.0,700.0
4167,1990,233,1,160.0,160.0
4168,1991,108,1,230.0,230.0
4169,1991,660,1,250.0,250.0
4170,1993,293,1,40.0,40.0
4171,1993,413,1,170.0,170.0
4172,1994,278,1,310.0,310.0
4173,1994,36,3,80.0,240.0
4174,1994,476,2,60.0,120.0
4175,1995,548,1,230.0,230.0
4176,1995,548,1,230.0,230.0
4177,1995,311,1,60.0,60.0
4178,1995,651,1,50.0,50.0
4179,1996,203,1,190.0,190.0
4180,1997,349,1,420.0,420.0
4181,1998,730,1,220.0,220.0
4182,1998,730,3,220.0,660.0
4183,1999,46,2,200.0,400.0
4184,1999,696,1,300.0,300.0
4185,1999,696,3,300.0,900.0
4186,2000,705,1,160.0,160.0
4187,2000,602,2,580.0,1160.0
4188,2000,602,1,580.0,580.0
4189,2000,17,2,330.0,660.0
4190,2000,409,3,200.0,600.0
4191,2001,716,3,290.0,870.0
4192,2001,716,1,290.0,290.0
4193,2001,201,2,100.0,200.0
4194,2002,361,1,60.0,60.0
4195,2002,91,1,270.0,270.0
4196,2002,480,1,510.0,510.0
4197,2002,500,1,100.0,100.0
4198,2003,150,1,240.0,240.0
4199,2003,150,1,240.0,240.0
4200,2003,150,2,240.0,480.0
4201,2003,346,1,650.0,650.0
4202,2004,111,2,190.0,380.0
4203,2004,514,1,150.0,150.0
4204,2004,384,1,350.0,350.0
4205,2005,246,1,190.0,190.0
4206,2005,653,1,140.0,140.0
4207,2006,577,1,70.0,70.0
4208,2006,337,1,290.0,290.0
4209,2006,97,1,70.0,70.0
4210,2007,3,1,100.0,100.0
4211,2007,207,1,70.0,70.0
4212,2008,571,3,520.0,1560.0
4213,2008,59,2,100.0,200.0
4214,2009,517,1,180.0,180.0
4215,2009,648,1,200.0,200.0
4216,2009,517,3,180.0,540.0
4217,2010,329,2,110.0,220.0
4218,2010,395,1,60.0,60.0
4219,2010,81,1,280.0,280.0
4220,2011,213,2,280.0,560.0
4221,2012,372,1,190.0,190.0
4222,2012,270,2,140.0,280.0
4223,2012,741,1,290.0,290.0
4224,2014,53,1,200.0,200.0
4225,2015,435,1,70.0,70.0
4226,2015,631,1,300.0,300.0
4227,2016,223,1,270.0,270.0
4228,2016,649,1,320.0,320.0
4229,2016,427,3,280.0,840.0
4230,2017,361,2,60.0,120.0
4231,2018,698,1,210.0,210.0
4232,2018,323,3,50.0,150.0
4233,2019,436,1,110.0,110.0
4234,2019,695,1,280.0,280.0
4235,2020,667,1,310.0,310.0
4236,2020,536,1,310.0,310.0
4237,2021,527,1,100.0,100.0
4238,2022,629,1,290.0,290.0
4239,2023,710,1,210.0,210.0
4240,2023,203,1,190.0,190.0
4241,2024,736,1,60.0,60.0
4242,2025,404,2,60.0,120.0
4243,2025,143,1,280.0,280.0
4244,2025,332,1,180.0,180.0
4245,2026,35,1,310.0,310.0
4246,2026,744,1,270.0,270.0
4247,2026,216,2,320.0,640.0
4248,2027,36,1,80.0,80.0
4249,2027,278,2,310.0,620.0
4250,2028,27,1,60.0,60.0
4251,2029,714,1,40.0,40.0
4252,2029,598,1,440.0,440.0
4253,2030,747,3,180.0,540.0
4254,2033,625,3,210.0,630.0
4255,2033,61,1,100.0,100.0
4256,2034,631,3,300.0,900.0
4257,2034,15,1,670.0,670.0
4258,2034,664,1,110.0,110.0
4259,2034,273,1,200.0,200.0
4260,2034,240,1,200.0,200.0
4261,2035,608,1,70.0,70.0
4262,2035,79,1,660.0,660.0
4263,2036,443,1,180.0,180.0
4264,2036,338,1,210.0,210.0
4265,2036,443,1,180.0,180.0
4266,2037,284,1,70.0,70.0
4267,2037,284,1,70.0,70.0
4268,2037,284,1,70.0,70.0
4269,2037,526,1,100.0,100.0
4270,2038,10,2,90.0,180.0
4271,2039,324,1,30.0,30.0
4272,2039,749,1,70.0,70.0
4273,2039,731,1,280.0,280.0
4274,2040,580,2,40.0,80.0
4275,2040,316,1,190.0,190.0
4276,2040,430,1,130.0,130.0
4277,2040,580,1,40.0,40.0
4278,2041,188,2,320.0,640.0
4279,2042,722,2,140.0,280.0
4280,2043,444,2,110.0,220.0
4281,2043,444,1,110.0,110.0
4282,2044,164,2,90.0,180.0
4283,2044,127,1,250.0,250.0
4284,2045,206,2,60.0,120.0
4285,2046,448,1,110.0,110.0
4286,2048,191,3,140.0,420.0
4287,2048,387,1,650.0,650.0
4288,2049,167,1,50.0,50.0
4289,2050,65,2,330.0,660.0
4290,2050,338,1,210.0,210.0
4291,2050,443,2,180.0,360.0
4292,2051,637,1,200.0,200.0
4293,2052,720,2,360.0,720.0
4294,2052,510,1,110.0,110.0
4295,2052,345,2,330.0,660.0
4296,2053,418,2,50.0,100.0
4297,2053,99,1,560.0,560.0
4298,2053,418,2,50.0,100.0
4299,2054,90,1,100.0,100.0
4300,2054,698,3,210.0,630.0
4301,2055,456,1,320.0,320.0
4302,2055,248,1,280.0,280.0
4303,2055,456,3,320.0,960.0
4304,2056,723,3,50.0,150.0
4305,2057,590,1,290.0,290.0
4306,2057,323,1,50.0,50.0
4307,2057,90,1,100.0,100.0
4308,2058,670,1,340.0,340.0
4309,2058,493,2,190.0,380.0
4310,2059,153,2,590.0,1180.0
4311,2059,542,1,240.0,240.0
4312,2060,257,1,270.0,270.0
4313,2060,634,1,120.0,120.0
4314,2060,257,2,270.0,540.0
4315,2061,101,2,300.0,600.0
4316,2061,214,1,190.0,190.0
4317,2063,134,2,200.0,400.0
4318,2064,602,1,580.0,580.0
4319,2064,409,1,200.0,200.0
4320,2065,434,1,670.0,670.0
4321,2065,434,1,670.0,670.0
4322,2066,524,1,180.0,180.0
4323,2066,246,1,190.0,190.0
4324,2066,533,1,530.0,530.0
4325,2067,184,1,500.0,500.0
4326,2067,184,3,500.0,1500.0
4327,2068,45,1,280.0,280.0
4328,2069,464,3,80.0,240.0
4329,2069,243,1,250.0,250.0
4330,2070,253,2,50.0,100.0
4331,2070,377,3,30.0,90.0
4332,2071,398,1,120.0,120.0
4333,2071,701,1,260.0,260.0
4334,2071,24,1,50.0,50.0
4335,2072,109,2,230.0,460.0
4336,2072,9,2,280.0,560.0
4337,2073,647,2,180.0,360.0
4338,2073,501,1,70.0,70.0
4339,2073,509,1,250.0,250.0
4340,2073,501,1,70.0,70.0
4341,2074,718,2,150.0,300.0
4342,2074,718,2,150.0,300.0
4343,2074,35,2,310.0,620.0
4344,2074,35,1,310.0,310.0
4345,2075,666,1,100.0,100.0
4346,2075,411,3,240.0,720.0
4347,2075,149,1,160.0,160.0
4348,2076,598,1,440.0,440.0
4349,2076,610,1,220.0,220.0
4350,2076,655,1,250.0,250.0
4351,2076,655,1,250.0,250.0
4352,2076,610,2,220.0,440.0
4353,2078,246,1,190.0,190.0
4354,2080,265,3,170.0,510.0
4355,2080,517,1,180.0,180.0
4356,2082,252,1,350.0,350.0
4357,2082,680,1,240.0,240.0
4358,2082,445,2,530.0,1060.0
4359,2082,437,1,130.0,130.0
4360,2082,437,2,130.0,260.0
4361,2083,258,1,270.0,270.0
4362,2084,311,1,60.0,60.0
4363,2084,339,2,550.0,1100.0
4364,2084,394,1,250.0,250.0
4365,2085,716,2,290.0,580.0
4366,2086,176,1,230.0,230.0
4367,2086,674,3,630.0,1890.0
4368,2086,176,1,230.0,230.0
4369,2086,336,1,110.0,110.0
4370,2087,629,3,290.0,870.0
4371,2087,629,1,290.0,290.0
4372,2087,629,1,290.0,290.0
4373,2088,314,1,320.0,320.0
4374,2088,343,1,680.0,680.0
4375,2089,276,1,200.0,200.0
4376,2090,564,2,200.0,400.0
4377,2091,397,3,310.0,930.0
4378,2091,697,1,210.0,210.0
4379,2091,399,1,190.0,190.0
4380,2091,376,1,70.0,70.0
4381,2092,436,2,110.0,220.0
4382,2093,76,1,90.0,90.0
4383,2093,578,1,190.0,190.0
4384,2093,644,1,120.0,120.0
4385,2094,537,1,90.0,90.0
4386,2095,367,2,270.0,540.0
4387,2095,266,3,320.0,960.0
4388,2096,248,2,280.0,560.0
4389,2096,292,2,530.0,1060.0
4390,2096,200,1,660.0,660.0
4391,2097,333,2,100.0,200.0
4392,2097,466,1,290.0,290.0
4393,2098,587,1,240.0,240.0
4394,2099,5,2,80.0,160.0
4395,2099,28,2,210.0,420.0
4396,2099,28,1,210.0,210.0
4397,2100,510,3,110.0,330.0
4398,2100,726,3,310.0,930.0
4399,2101,405,1,220.0,220.0
4400,2101,233,2,160.0,320.0
4401,2102,287,1,40.0,40.0
4402,2104,413,2,170.0,340.0
4403,2104,293,1,40.0,40.0
4404,2105,374,2,130.0,260.0
4405,2105,179,3,160.0,480.0
4406,2106,503,2,270.0,540.0
4407,2106,258,2,270.0,540.0
4408,2106,208,2,60.0,120.0
4409,2107,330,1,110.0,110.0
4410,2107,213,2,280.0,560.0
4411,2107,213,2,280.0,560.0
4412,2108,13,1,40.0,40.0
4413,2108,13,1,40.0,40.0
4414,2109,214,1,190.0,190.0
4415,2109,327,2,110.0,220.0
4416,2109,101,1,300.0,300.0
4417,2110,421,1,160.0,160.0
4418,2110,635,1,560.0,560.0
4419,2110,389,1,70.0,70.0
4420,2112,210,2,50.0,100.0
4421,2112,557,3,310.0,930.0
4422,2112,491,1,510.0,510.0
4423,2113,107,2,150.0,300.0
4424,2113,527,1,100.0,100.0
4425,2114,112,1,580.0,580.0
4426,2114,628,1,450.0,450.0
4427,2115,577,1,70.0,70.0
4428,2115,483,1,130.0,130.0
4429,2116,216,1,320.0,320.0
4430,2116,216,1,320.0,320.0
4431,2117,216,2,320.0,640.0
4432,2118,139,1,150.0,150.0
4433,2118,307,1,270.0,270.0
4434,2118,139,1,150.0,150.0
4435,2118,701,3,260.0,780.0
4436,2119,621,2,140.0,280.0
4437,2119,707,1,180.0,180.0
4438,2119,679,2,240.0,480.0
4439,2119,707,1,180.0,180.0
4440,2120,454,1,160.0,160.0
4441,2120,621,1,140.0,140.0
4442,2120,679,2,240.0,480.0
4443,2122,638,1,300.0,300.0
4444,2123,120,3,60.0,180.0
4445,2123,704,2,130.0,260.0
4446,2123,120,1,60.0,60.0
4447,2124,381,2,560.0,1120.0
4448,2124,569,1,210.0,210.0
4449,2124,650,1,170.0,170.0
4450,2125,749,1,70.0,70.0
4451,2125,324,2,30.0,60.0
4452,2126,598,1,440.0,440.0
4453,2126,598,2,440.0,880.0
4454,2127,580,1,40.0,40.0
4455,2128,665,1,120.0,120.0
4456,2129,555,1,250.0,250.0
4457,2129,526,3,100.0,300.0
4458,2129,555,1,250.0,250.0
4459,2130,641,2,300.0,600.0
4460,2131,550,2,400.0,800.0
4461,2132,728,2,370.0,740.0
4462,2132,31,2,100.0,200.0
4463,2133,208,2,60.0,120.0
4464,2133,258,1,270.0,270.0
4465,2133,258,2,270.0,540.0
4466,2134,517,1,180.0,180.0
4467,2134,677,1,40.0,40.0
4468,2134,746,2,60.0,120.0
4469,2135,480,3,510.0,1530.0
4470,2135,500,1,100.0,100.0
4471,2135,480,3,510.0,1530.0
4472,2136,145,3,320.0,960.0
4473,2136,145,1,320.0,320.0
4474,2137,57,1,230.0,230.0
4475,2137,704,1,130.0,130.0
4476,2137,327,1,110.0,110.0
4477,2138,234,2,130.0,260.0
4478,2138,352,2,40.0,80.0
4479,2138,88,1,310.0,310.0
4480,2138,2,1,40.0,40.0
4481,2139,167,3,50.0,150.0
4482,2139,115,1,110.0,110.0
4483,2139,179,1,160.0,160.0
4484,2139,378,1,320.0,320.0
4485,2140,32,2,290.0,580.0
4486,2140,105,1,50.0,50.0
4487,2141,500,1,100.0,100.0
4488,2141,480,3,510.0,1530.0
4489,2141,361,2,60.0,120.0
4490,2141,91,2,270.0,540.0
4491,2142,91,1,270.0,270.0
4492,2144,738,3,110.0,330.0
4493,2144,738,2,110.0,220.0
4494,2144,738,1,110.0,110.0
4495,2145,98,1,270.0,270.0
4496,2145,535,1,250.0,250.0
4497,2146,175,2,310.0,620.0
4498,2146,355,1,100.0,100.0
4499,2147,223,1,270.0,270.0
4500,2147,223,2,270.0,540.0
4501,2147,192,3,270.0,810.0
4502,2148,84,1,180.0,180.0
4503,2148,110,1,310.0,310.0
4504,2148,136,1,530.0,530.0
4505,2148,400,2,190.0,380.0
4506,2149,98,3,270.0,810.0
4507,2149,98,2,270.0,540.0
4508,2149,98,1,270.0,270.0
4509,2150,740,2,350.0,700.0
4510,2150,603,1,220.0,220.0
4511,2151,670,3,340.0,1020.0
4512,2151,313,1,260.0,260.0
4513,2152,83,1,170.0,170.0
4514,2154,213,3,280.0,840.0
4515,2154,330,2,110.0,220.0
4516,2154,213,1,280.0,280.0
4517,2155,49,1,330.0,330.0
4518,2155,348,1,70.0,70.0
4519,2155,10,2,90.0,180.0
4520,2155,280,2,330.0,660.0
4521,2156,462,1,110.0,110.0
4522,2156,418,1,50.0,50.0
4523,2156,99,1,560.0,560.0
4524,2158,465,1,90.0,90.0
4525,2158,350,1,170.0,170.0
4526,2158,350,1,170.0,170.0
4527,2159,743,1,90.0,90.0
4528,2159,415,1,70.0,70.0
4529,2160,88,1,310.0,310.0
4530,2160,88,3,310.0,930.0
4531,2161,615,3,110.0,330.0
4532,2161,615,1,110.0,110.0
4533,2161,291,1,280.0,280.0
4534,2161,174,1,110.0,110.0
4535,2161,211,2,350.0,700.0
4536,2162,470,1,320.0,320.0
4537,2162,142,1,260.0,260.0
4538,2162,691,1,540.0,540.0
4539,2162,691,1,540.0,540.0
4540,2162,691,1,540.0,540.0
4541,2163,139,1,150.0,150.0
4542,2163,701,3,260.0,780.0
4543,2163,139,1,150.0,150.0
4544,2163,24,2,50.0,100.0
4545,2164,611,1,110.0,110.0
4546,2164,89,1,270.0,270.0
4547,2165,483,1,130.0,130.0
4548,2165,577,2,70.0,140.0
4549,2165,483,1,130.0,130.0
4550,2165,483,1,130.0,130.0
4551,2165,337,1,290.0,290.0
4552,2166,382,1,40.0,40.0
4553,2166,444,1,110.0,110.0
4554,2167,510,2,110.0,220.0
4555,2167,726,2,310.0,620.0
4556,2168,456,1,320.0,320.0
4557,2168,200,1,660.0,660.0
4558,2169,268,2,60.0,120.0
4559,2169,390,3,270.0,810.0
4560,2170,18,3,110.0,330.0
4561,2172,655,1,250.0,250.0
4562,2172,610,1,220.0,220.0
4563,2173,150,2,240.0,480.0
4564,2173,489,1,140.0,140.0
4565,2174,602,1,580.0,580.0
4566,2174,17,2,330.0,660.0
4567,2174,409,2,200.0,400.0
4568,2175,704,1,130.0,130.0
4569,2176,55,3,140.0,420.0
4570,2177,290,1,200.0,200.0
4571,2177,571,2,520.0,1040.0
4572,2177,59,1,100.0,100.0
4573,2178,334,3,120.0,360.0
4574,2178,334,1,120.0,120.0
4575,2179,716,1,290.0,290.0
4576,2179,119,1,210.0,210.0
4577,2180,722,2,140.0,280.0
4578,2180,169,1,310.0,310.0
4579,2180,717,1,60.0,60.0
4580,2181,526,1,100.0,100.0
4581,2181,284,2,70.0,140.0
4582,2182,363,1,670.0,670.0
4583,2182,363,2,670.0,1340.0
4584,2183,562,1,150.0,150.0
4585,2184,168,1,60.0,60.0
4586,2185,398,2,120.0,240.0
4587,2185,307,2,270.0,540.0
4588,2185,701,1,260.0,260.0
4589,2186,482,3,660.0,1980.0
4590,2186,163,1,90.0,90.0
4591,2187,572,1,300.0,300.0
4592,2187,573,2,320.0,640.0
4593,2188,53,2,200.0,400.0
4594,2188,606,2,40.0,80.0
4595,2188,516,1,100.0,100.0
4596,2190,686,2,70.0,140.0
4597,2190,686,1,70.0,70.0
4598,2191,744,1,270.0,270.0
4599,2191,718,2,150.0,300.0
4600,2191,216,2,320.0,640.0
4601,2191,718,1,150.0,150.0
4602,2192,341,2,150.0,300.0
4603,2192,82,1,70.0,70.0
4604,2195,449,1,210.0,210.0
4605,2196,57,2,230.0,460.0
4606,2196,607,1,130.0,130.0
4607,2196,101,1,300.0,300.0
4608,2196,704,2,130.0,260.0
4609,2196,704,1,130.0,130.0
4610,2198,424,1,90.0,90.0
4611,2199,152,2,70.0,140.0
4612,2200,169,2,310.0,620.0
4613,2201,631,1,300.0,300.0
4614,2201,631,1,300.0,300.0
4615,2201,588,2,640.0,1280.0
4616,2201,725,1,90.0,90.0
4617,2202,37,2,100.0,200.0
4618,2202,37,2,100.0,200.0
4619,2202,154,3,310.0,930.0
4620,2203,117,1,40.0,40.0
4621,2203,9,1,280.0,280.0
4622,2204,535,1,250.0,250.0
4623,2205,496,1,220.0,220.0
4624,2207,455,1,120.0,120.0
4625,2207,711,1,110.0,110.0
4626,2207,566,1,70.0,70.0
4627,2207,455,2,120.0,240.0
4628,2209,473,1,80.0,80.0
4629,2210,87,3,510.0,1530.0
4630,2210,663,1,170.0,170.0
4631,2211,696,1,300.0,300.0
4632,2211,589,2,310.0,620.0
4633,2212,88,1,310.0,310.0
4634,2212,234,1,130.0,130.0
4635,2212,234,2,130.0,260.0
4636,2212,2,1,40.0,40.0
4637,2214,238,3,210.0,630.0
4638,2215,129,1,50.0,50.0
4639,2215,413,1,170.0,170.0
4640,2215,544,1,40.0,40.0
4641,2215,544,1,40.0,40.0
4642,2216,481,3,50.0,150.0
4643,2216,712,2,70.0,140.0
4644,2216,481,2,50.0,100.0
4645,2216,481,1,50.0,50.0
4646,2218,323,1,50.0,50.0
4647,2218,590,1,290.0,290.0
4648,2218,581,1,130.0,130.0
4649,2218,581,1,130.0,130.0
4650,2219,362,2,100.0,200.0
4651,2220,699,1,320.0,320.0
4652,2221,614,2,190.0,380.0
4653,2222,413,1,170.0,170.0
4654,2222,129,2,50.0,100.0
4655,2223,130,2,300.0,600.0
4656,2224,101,2,300.0,600.0
4657,2224,101,1,300.0,300.0
4658,2224,57,1,230.0,230.0
4659,2225,338,1,210.0,210.0
4660,2226,260,2,60.0,120.0
4661,2226,235,2,110.0,220.0
4662,2228,605,1,320.0,320.0
4663,2228,150,2,240.0,480.0
4664,2228,346,1,650.0,650.0
4665,2228,297,1,300.0,300.0
4666,2229,597,2,100.0,200.0
4667,2229,16,2,90.0,180.0
4668,2230,472,1,210.0,210.0
4669,2230,121,2,690.0,1380.0
4670,2231,175,2,310.0,620.0
4671,2231,72,1,270.0,270.0
4672,2231,355,3,100.0,300.0
4673,2232,655,3,250.0,750.0
4674,2232,655,2,250.0,500.0
4675,2233,76,1,90.0,90.0
4676,2233,76,1,90.0,90.0
4677,2234,597,2,100.0,200.0
4678,2234,16,1,90.0,90.0
4679,2234,597,2,100.0,200.0
4680,2235,729,2,90.0,180.0
4681,2236,396,1,90.0,90.0
4682,2236,703,3,90.0,270.0
4683,2237,277,1,210.0,210.0
4684,2237,369,1,170.0,170.0
4685,2238,43,1,50.0,50.0
4686,2239,164,3,90.0,270.0
4687,2239,164,2,90.0,180.0
4688,2240,316,2,190.0,380.0
4689,2240,316,2,190.0,380.0
4690,2240,14,1,120.0,120.0
4691,2240,219,1,100.0,100.0
4692,2241,340,2,60.0,120.0
4693,2242,106,2,550.0,1100.0
4694,2242,713,2,330.0,660.0
4695,2242,531,1,50.0,50.0
4696,2243,79,1,660.0,660.0
4697,2244,747,1,180.0,180.0
4698,2244,356,2,310.0,620.0
4699,2244,709,1,190.0,190.0
4700,2245,608,3,70.0,210.0
4701,2245,79,2,660.0,1320.0
4702,2246,431,1,210.0,210.0
4703,2247,698,3,210.0,630.0
4704,2247,698,1,210.0,210.0
4705,2247,590,3,290.0,870.0
4706,2248,654,2,180.0,360.0
4707,2248,306,1,190.0,190.0
4708,2248,423,3,40.0,120.0
4709,2248,306,2,190.0,380.0
4710,2249,414,2,100.0,200.0
4711,2249,102,2,300.0,600.0
4712,2249,414,2,100.0,200.0
4713,2250,711,2,110.0,220.0
4714,2250,1,1,120.0,120.0
4715,2251,562,2,150.0,300.0
4716,2252,684,2,140.0,280.0
4717,2252,684,3,140.0,420.0
4718,2252,684,1,140.0,140.0
4719,2252,684,2,140.0,280.0
4720,2253,726,3,310.0,930.0
4721,2253,558,1,330.0,330.0
4722,2253,726,1,310.0,310.0
4723,2255,272,1,200.0,200.0
4724,2256,363,2,670.0,1340.0
4725,2256,629,1,290.0,290.0
4726,2256,629,1,290.0,290.0
4727,2257,318,1,90.0,90.0
4728,2258,2,3,40.0,120.0
4729,2258,352,1,40.0,40.0
4730,2259,484,2,130.0,260.0
4731,2259,228,2,280.0,560.0
4732,2260,91,3,270.0,810.0
4733,2262,141,3,190.0,570.0
4734,2262,324,1,30.0,30.0
4735,2264,373,1,260.0,260.0
4736,2264,373,1,260.0,260.0
4737,2264,21,2,640.0,1280.0
4738,2265,222,3,60.0,180.0
4739,2265,222,1,60.0,60.0
4740,2265,495,1,180.0,180.0
4741,2266,673,1,230.0,230.0
4742,2266,126,1,510.0,510.0
4743,2267,695,1,280.0,280.0
4744,2268,535,2,250.0,500.0
4745,2268,535,1,250.0,250.0
4746,2268,659,1,170.0,170.0
4747,2269,333,2,100.0,200.0
4748,2269,426,1,140.0,140.0
4749,2269,466,1,290.0,290.0
4750,2270,213,3,280.0,840.0
4751,2270,135,1,610.0,610.0
4752,2271,3,2,100.0,200.0
4753,2271,176,1,230.0,230.0
4754,2271,207,2,70.0,140.0
4755,2272,411,1,240.0,240.0
4756,2272,329,3,110.0,330.0
4757,2273,83,1,170.0,170.0
4758,2273,114,2,130.0,260.0
4759,2273,473,1,80.0,80.0
4760,2274,45,1,280.0,280.0
4761,2275,681,2,300.0,600.0
4762,2276,370,2,130.0,260.0
4763,2278,540,1,50.0,50.0
4764,2279,229,1,340.0,340.0
4765,2279,676,1,220.0,220.0
4766,2280,744,3,270.0,810.0
4767,2280,718,2,150.0,300.0
4768,2281,334,3,120.0,360.0
4769,2282,560,3,250.0,750.0
4770,2282,1,1,120.0,120.0
4771,2283,646,3,80.0,240.0
4772,2284,289,1,160.0,160.0
4773,2284,217,1,50.0,50.0
4774,2284,663,2,170.0,340.0
4775,2284,728,1,370.0,370.0
4776,2285,277,1,210.0,210.0
4777,2285,313,1,260.0,260.0
4778,2285,369,2,170.0,340.0
4779,2286,407,3,250.0,750.0
4780,2287,635,1,560.0,560.0
4781,2289,453,2,170.0,340.0
4782,2291,166,2,590.0,1180.0
4783,2291,75,1,230.0,230.0
4784,2292,650,1,170.0,170.0
4785,2292,650,2,170.0,340.0
4786,2293,528,1,160.0,160.0
4787,2293,619,1,60.0,60.0
4788,2294,414,1,100.0,100.0
4789,2294,34,2,310.0,620.0
4790,2294,102,1,300.0,300.0
4791,2295,684,2,140.0,280.0
4792,2295,635,1,560.0,560.0
4793,2296,19,2,110.0,220.0
4794,2296,461,1,300.0,300.0
4795,2297,551,1,120.0,120.0
4796,2298,143,1,280.0,280.0
4797,2298,332,1,180.0,180.0
4798,2298,332,2,180.0,360.0
4799,2299,170,1,60.0,60.0
4800,2299,335,3,40.0,120.0
4801,2300,189,2,170.0,340.0
4802,2300,658,2,60.0,120.0
4803,2300,155,1,50.0,50.0
4804,2300,309,1,60.0,60.0
4805,2301,20,1,90.0,90.0
4806,2302,79,1,660.0,660.0
4807,2302,79,1,660.0,660.0
4808,2303,353,1,300.0,300.0
4809,2304,601,1,230.0,230.0
4810,2304,523,1,200.0,200.0
4811,2304,523,1,200.0,200.0
4812,2305,666,1,100.0,100.0
4813,2305,56,2,260.0,520.0
4814,2306,271,2,510.0,1020.0
4815,2307,729,1,90.0,90.0
4816,2307,650,1,170.0,170.0
4817,2308,164,3,90.0,270.0
4818,2309,328,3,230.0,690.0
4819,2310,91,1,270.0,270.0
4820,2311,477,1,290.0,290.0
4821,2311,208,2,60.0,120.0
4822,2312,432,1,540.0,540.0
4823,2312,428,3,240.0,720.0
4824,2314,130,2,300.0,600.0
4825,2315,693,2,60.0,120.0
4826,2315,693,1,60.0,60.0
4827,2315,478,3,270.0,810.0
4828,2316,269,1,620.0,620.0
4829,2317,617,2,210.0,420.0
4830,2318,352,2,40.0,80.0
4831,2319,235,3,110.0,330.0
4832,2321,574,1,130.0,130.0
4833,2321,441,1,190.0,190.0
4834,2321,538,2,240.0,480.0
4835,2322,462,2,110.0,220.0
4836,2322,418,1,50.0,50.0
4837,2323,187,1,130.0,130.0
4838,2323,187,2,130.0,260.0
4839,2323,310,1,540.0,540.0
4840,2324,720,1,360.0,360.0
4841,2325,741,2,290.0,580.0
4842,2325,41,3,310.0,930.0
4843,2326,629,1,290.0,290.0
4844,2326,424,2,90.0,180.0
4845,2327,169,2,310.0,620.0
4846,2327,717,1,60.0,60.0
4847,2328,675,2,650.0,1300.0
4848,2328,612,1,290.0,290.0
4849,2328,401,2,230.0,460.0
4850,2331,93,1,710.0,710.0
4851,2331,668,1,110.0,110.0
4852,2332,111,2,190.0,380.0
4853,2333,650,2,170.0,340.0
4854,2333,729,1,90.0,90.0
4855,2333,729,2,90.0,180.0
4856,2333,650,2,170.0,340.0
4857,2334,3,1,100.0,100.0
4858,2335,92,1,120.0,120.0
4859,2335,515,2,100.0,200.0
4860,2335,499,2,310.0,620.0
4861,2337,353,3,300.0,900.0
4862,2337,132,2,300.0,600.0
4863,2338,293,2,40.0,80.0
4864,2338,413,3,170.0,510.0
4865,2339,438,3,300.0,900.0
4866,2339,263,2,180.0,360.0
4867,2339,438,1,300.0,300.0
4868,2339,63,2,680.0,1360.0
4869,2341,115,1,110.0,110.0
4870,2341,474,1,150.0,150.0
4871,2342,198,3,570.0,1710.0
4872,2342,60,2,80.0,160.0
4873,2342,549,2,240.0,480.0
4874,2342,60,2,80.0,160.0
4875,2343,72,1,270.0,270.0
4876,2343,183,2,260.0,520.0
4877,2345,436,1,110.0,110.0
4878,2345,745,3,90.0,270.0
4879,2346,183,3,260.0,780.0
4880,2347,97,1,70.0,70.0
4881,2347,337,2,290.0,580.0
4882,2348,344,1,60.0,60.0
4883,2348,49,1,330.0,330.0
4884,2348,280,1,330.0,330.0
4885,2349,140,1,260.0,260.0
4886,2349,122,2,120.0,240.0
4887,2350,745,1,90.0,90.0
4888,2350,745,2,90.0,180.0
4889,2350,380,2,310.0,620.0
4890,2350,695,1,280.0,280.0
4891,2350,583,2,140.0,280.0
4892,2351,134,1,200.0,200.0
4893,2351,134,1,200.0,200.0
4894,2351,284,1,70.0,70.0
4895,2352,88,1,310.0,310.0
4896,2353,689,2,60.0,120.0
4897,2354,340,2,60.0,120.0
4898,2355,583,2,140.0,280.0
4899,2355,745,1,90.0,90.0
4900,2357,492,1,350.0,350.0
4901,2357,473,1,80.0,80.0
4902,2357,473,1,80.0,80.0
4903,2357,492,1,350.0,350.0
4904,2358,55,1,140.0,140.0
4905,2358,518,2,340.0,680.0
4906,2359,729,1,90.0,90.0
4907,2359,646,1,80.0,80.0
4908,2359,729,1,90.0,90.0
4909,2360,295,1,50.0,50.0
4910,2360,138,2,120.0,240.0
4911,2360,133,1,210.0,210.0
4912,2361,606,2,40.0,80.0
4913,2362,324,3,30.0,90.0
4914,2362,731,1,280.0,280.0
4915,2362,749,1,70.0,70.0
4916,2363,171,1,180.0,180.0
4917,2363,29,1,110.0,110.0
4918,2364,263,1,180.0,180.0
4919,2364,300,1,330.0,330.0
4920,2364,63,2,680.0,1360.0
4921,2365,149,1,160.0,160.0
4922,2367,535,1,250.0,250.0
4923,2367,98,2,270.0,540.0
4924,2368,307,2,270.0,540.0
4925,2368,24,2,50.0,100.0
4926,2368,701,1,260.0,260.0
4927,2368,701,2,260.0,520.0
4928,2369,42,1,110.0,110.0
4929,2369,642,1,260.0,260.0
4930,2369,616,1,190.0,190.0
4931,2370,644,2,120.0,240.0
4932,2370,39,2,70.0,140.0
4933,2370,644,2,120.0,240.0
4934,2371,679,1,240.0,240.0
4935,2372,140,1,260.0,260.0
4936,2372,122,2,120.0,240.0
4937,2373,632,2,340.0,680.0
4938,2373,353,2,300.0,600.0
4939,2374,555,3,250.0,750.0
4940,2374,284,1,70.0,70.0
4941,2374,555,1,250.0,250.0
4942,2375,655,1,250.0,250.0
4943,2375,610,3,220.0,660.0
4944,2375,714,3,40.0,120.0
4945,2376,537,2,90.0,180.0
4946,2376,688,2,180.0,360.0
4947,2377,347,1,180.0,180.0
4948,2377,203,3,190.0,570.0
4949,2377,347,1,180.0,180.0
4950,2378,297,2,300.0,600.0
4951,2378,12,1,60.0,60.0
4952,2378,605,1,320.0,320.0
4953,2379,615,2,110.0,220.0
4954,2379,627,2,300.0,600.0
4955,2381,20,1,90.0,90.0
4956,2381,608,2,70.0,140.0
4957,2381,20,1,90.0,90.0
4958,2382,114,1,130.0,130.0
4959,2383,96,1,210.0,210.0
4960,2383,206,1,60.0,60.0
4961,2383,96,1,210.0,210.0
4962,2384,543,2,260.0,520.0
4963,2385,223,1,270.0,270.0
4964,2385,226,1,190.0,190.0
4965,2386,316,2,190.0,380.0
4966,2386,334,1,120.0,120.0
4967,2387,635,1,560.0,560.0
4968,2387,635,1,560.0,560.0
4969,2388,700,1,50.0,50.0
4970,2388,593,2,180.0,360.0
4971,2388,299,1,70.0,70.0
4972,2388,11,1,80.0,80.0
4973,2389,599,1,100.0,100.0
4974,2390,362,1,100.0,100.0
4975,2390,41,1,310.0,310.0
4976,2390,362,1,100.0,100.0
4977,2391,351,2,60.0,120.0
4978,2392,13,1,40.0,40.0
4979,2392,496,3,220.0,660.0
4980,2393,64,1,140.0,140.0
4981,2393,519,2,170.0,340.0
4982,2393,589,2,310.0,620.0
4983,2393,696,1,300.0,300.0
4984,2394,338,1,210.0,210.0
4985,2394,443,1,180.0,180.0
4986,2394,338,1,210.0,210.0
4987,2396,185,3,150.0,450.0
4988,2396,448,1,110.0,110.0
4989,2397,232,2,280.0,560.0
4990,2397,302,1,210.0,210.0
4991,2397,232,2,280.0,560.0
4992,2398,135,3,610.0,1830.0
4993,2398,330,1,110.0,110.0
4994,2398,135,1,610.0,610.0
4995,2399,383,2,200.0,400.0
4996,2399,700,2,50.0,100.0
4997,2400,179,1,160.0,160.0
4998,2400,474,1,150.0,150.0
4999,2400,179,1,160.0,160.0
5000,2400,115,1,110.0,110.0
5001,2400,167,1,50.0,50.0
5002,2401,6,2,200.0,400.0
5003,2401,108,3,230.0,690.0
5004,2401,660,2,250.0,500.0
5005,2401,715,1,230.0,230.0
5006,2402,344,1,60.0,60.0
5007,2403,456,1,320.0,320.0
5008,2403,482,1,660.0,660.0
5009,2404,221,2,110.0,220.0
5010,2404,221,2,110.0,220.0
5011,2405,29,2,110.0,220.0
5012,2405,29,1,110.0,110.0
5013,2405,683,1,50.0,50.0
5014,2406,317,3,310.0,930.0
5015,2406,317,2,310.0,620.0
5016,2406,329,1,110.0,110.0
5017,2406,94,1,180.0,180.0
5018,2406,56,2,260.0,520.0
5019,2407,438,1,300.0,300.0
5020,2407,300,1,330.0,330.0
5021,2407,63,3,680.0,2040.0
5022,2408,479,2,80.0,160.0
5023,2408,359,2,580.0,1160.0
5024,2409,160,1,50.0,50.0
5025,2410,649,3,320.0,960.0
5026,2410,223,2,270.0,540.0
5027,2410,192,1,270.0,270.0
5028,2410,649,3,320.0,960.0
5029,2410,255,2,70.0,140.0
5030,2411,180,1,190.0,190.0
5031,2411,539,1,90.0,90.0
5032,2411,80,1,280.0,280.0
5033,2412,184,1,500.0,500.0
5034,2412,184,2,500.0,1000.0
5035,2413,443,2,180.0,360.0
5036,2414,421,1,160.0,160.0
5037,2414,325,2,190.0,380.0
5038,2414,325,2,190.0,380.0
5039,2416,730,2,220.0,440.0
5040,2417,106,1,550.0,550.0
5041,2418,134,1,200.0,200.0
5042,2419,674,1,630.0,630.0
5043,2419,3,1,100.0,100.0
5044,2419,207,2,70.0,140.0
5045,2420,99,2,560.0,1120.0
5046,2421,510,1,110.0,110.0
5047,2421,558,2,330.0,660.0
5048,2421,726,1,310.0,310.0
5049,2421,600,1,170.0,170.0
5050,2422,55,1,140.0,140.0
5051,2422,518,1,340.0,340.0
5052,2423,60,1,80.0,80.0
5053,2423,156,1,660.0,660.0
5054,2424,85,1,270.0,270.0
5055,2424,663,2,170.0,340.0
5056,2425,475,1,100.0,100.0
5057,2425,475,1,100.0,100.0
5058,2426,666,1,100.0,100.0
5059,2426,416,2,660.0,1320.0
5060,2426,25,1,420.0,420.0
5061,2426,411,3,240.0,720.0
5062,2427,276,2,200.0,400.0
5063,2427,622,2,100.0,200.0
5064,2428,141,1,190.0,190.0
5065,2428,324,1,30.0,30.0
5066,2428,731,1,280.0,280.0
5067,2428,749,1,70.0,70.0
5068,2429,215,2,210.0,420.0
5069,2429,433,1,90.0,90.0
5070,2430,78,3,50.0,150.0
5071,2430,667,1,310.0,310.0
5072,2430,742,2,90.0,180.0
5073,2430,667,2,310.0,620.0
5074,2432,597,1,100.0,100.0
5075,2432,521,1,330.0,330.0
5076,2432,298,2,40.0,80.0
5077,2433,609,1,60.0,60.0
5078,2433,733,2,320.0,640.0
5079,2434,585,1,50.0,50.0
5080,2435,561,1,290.0,290.0
5081,2435,596,2,300.0,600.0
5082,2435,47,1,40.0,40.0
5083,2435,43,2,50.0,100.0
5084,2435,561,1,290.0,290.0
5085,2436,511,2,120.0,240.0
5086,2437,326,2,110.0,220.0
5087,2438,363,2,670.0,1340.0
5088,2438,424,1,90.0,90.0
5089,2439,230,1,120.0,120.0
5090,2439,107,2,150.0,300.0
5091,2439,107,1,150.0,150.0
5092,2439,527,1,100.0,100.0
5093,2440,580,2,40.0,80.0
5094,2440,219,1,100.0,100.0
5095,2441,455,2,120.0,240.0
5096,2441,560,3,250.0,750.0
5097,2441,636,1,50.0,50.0
5098,2441,636,2,50.0,100.0
5099,2443,363,3,670.0,2010.0
5100,2444,398,2,120.0,240.0
5101,2444,398,2,120.0,240.0
5102,2445,477,2,290.0,580.0
5103,2447,299,1,70.0,70.0
5104,2447,593,2,180.0,360.0
5105,2447,285,3,270.0,810.0
5106,2447,593,1,180.0,180.0
5107,2448,488,2,180.0,360.0
5108,2449,639,2,200.0,400.0
5109,2450,691,2,540.0,1080.0
5110,2450,691,1,540.0,540.0
5111,2450,470,2,320.0,640.0
5112,2451,658,1,60.0,60.0
5113,2451,155,1,50.0,50.0
5114,2452,750,1,220.0,220.0
5115,2452,268,1,60.0,60.0
5116,2452,390,3,270.0,810.0
5117,2452,393,1,80.0,80.0
5118,2453,354,2,320.0,640.0
5119,2453,121,2,690.0,1380.0
5120,2453,121,1,690.0,690.0
5121,2454,327,1,110.0,110.0
5122,2454,101,1,300.0,300.0
5123,2454,101,2,300.0,600.0
5124,2454,101,2,300.0,600.0
5125,2456,209,1,50.0,50.0
5126,2456,50,3,300.0,900.0
5127,2457,306,2,190.0,380.0
5128,2457,335,1,40.0,40.0
5129,2458,732,1,120.0,120.0
5130,2458,732,2,120.0,240.0
5131,2459,338,3,210.0,630.0
5132,2459,443,2,180.0,360.0
5133,2460,607,1,130.0,130.0
5134,2460,327,2,110.0,220.0
5135,2462,296,2,40.0,80.0
5136,2462,455,2,120.0,240.0
5137,2463,596,1,300.0,300.0
5138,2463,241,1,90.0,90.0
5139,2464,258,3,270.0,810.0
5140,2465,2,1,40.0,40.0
5141,2465,352,1,40.0,40.0
5142,2465,88,2,310.0,620.0
5143,2465,234,1,130.0,130.0
5144,2466,217,2,50.0,100.0
5145,2466,613,1,190.0,190.0
5146,2466,87,3,510.0,1530.0
5147,2467,182,2,90.0,180.0
5148,2467,382,1,40.0,40.0
5149,2468,228,1,280.0,280.0
5150,2469,129,1,50.0,50.0
5151,2469,544,2,40.0,80.0
5152,2469,544,2,40.0,80.0
5153,2470,641,2,300.0,600.0
5154,2471,121,1,690.0,690.0
5155,2472,405,1,220.0,220.0
5156,2472,233,2,160.0,320.0
5157,2472,233,2,160.0,320.0
5158,2472,706,1,280.0,280.0
5159,2473,321,1,310.0,310.0
5160,2473,321,1,310.0,310.0
5161,2474,135,3,610.0,1830.0
5162,2474,135,3,610.0,1830.0
5163,2475,266,2,320.0,640.0
5164,2475,353,1,300.0,300.0
5165,2476,432,2,540.0,1080.0
5166,2477,711,3,110.0,330.0
5167,2477,711,1,110.0,110.0
5168,2478,137,2,490.0,980.0
5169,2478,493,2,190.0,380.0
5170,2478,188,1,320.0,320.0
5171,2479,244,1,150.0,150.0
5172,2479,683,1,50.0,50.0
5173,2480,122,1,120.0,120.0
5174,2480,158,2,270.0,540.0
5175,2480,140,1,260.0,260.0
5176,2480,158,1,270.0,270.0
5177,2481,591,1,360.0,360.0
5178,2481,591,1,360.0,360.0
5179,2481,325,1,190.0,190.0
5180,2482,248,2,280.0,560.0
5181,2483,315,2,60.0,120.0
5182,2483,639,1,200.0,200.0
5183,2484,76,2,90.0,180.0
5184,2485,528,3,160.0,480.0
5185,2485,351,2,60.0,120.0
5186,2486,70,1,50.0,50.0
5187,2486,662,1,590.0,590.0
5188,2486,70,2,50.0,100.0
5189,2487,640,2,40.0,80.0
5190,2487,114,1,130.0,130.0
5191,2487,83,2,170.0,340.0
5192,2487,473,1,80.0,80.0
5193,2487,473,2,80.0,160.0
5194,2488,326,3,110.0,330.0
5195,2488,454,1,160.0,160.0
5196,2488,326,2,110.0,220.0
5197,2489,306,1,190.0,190.0
5198,2489,231,1,100.0,100.0
5199,2489,170,1,60.0,60.0
5200,2490,619,1,60.0,60.0
5201,2491,744,1,270.0,270.0
5202,2491,216,2,320.0,640.0
5203,2493,292,1,530.0,530.0
5204,2493,200,2,660.0,1320.0
5205,2494,646,2,80.0,160.0
5206,2495,274,1,80.0,80.0
5207,2496,602,2,580.0,1160.0
5208,2496,508,2,340.0,680.0
5209,2496,602,1,580.0,580.0
5210,2496,602,1,580.0,580.0
5211,2496,409,1,200.0,200.0
5212,2497,256,1,250.0,250.0
5213,2497,463,1,60.0,60.0
5214,2498,662,1,590.0,590.0
5215,2499,496,2,220.0,440.0
5216,2499,496,2,220.0,440.0
5217,2500,262,1,80.0,80.0
5218,2500,50,1,300.0,300.0
5219,2501,502,2,350.0,700.0
5220,2501,55,1,140.0,140.0
5221,2501,502,1,350.0,350.0
5222,2502,607,1,130.0,130.0
5223,2503,713,2,330.0,660.0
5224,2503,322,3,170.0,510.0
5225,2504,102,1,300.0,300.0
5226,2506,413,2,170.0,340.0
5227,2506,129,2,50.0,100.0
5228,2506,686,3,70.0,210.0
5229,2507,201,1,100.0,100.0
5230,2507,716,1,290.0,290.0
5231,2508,142,1,260.0,260.0
5232,2508,434,2,670.0,1340.0
5233,2508,721,3,140.0,420.0
5234,2508,470,2,320.0,640.0
5235,2508,434,2,670.0,1340.0
5236,2509,19,1,110.0,110.0
5237,2509,461,2,300.0,600.0
5238,2510,27,1,60.0,60.0
5239,2510,402,1,230.0,230.0
5240,2510,525,1,60.0,60.0
5241,2510,27,1,60.0,60.0
5242,2511,749,1,70.0,70.0
5243,2511,141,1,190.0,190.0
5244,2512,641,1,300.0,300.0
5245,2513,64,3,140.0,420.0
5246,2513,224,1,120.0,120.0
5247,2513,64,1,140.0,140.0
5248,2513,589,1,310.0,310.0
5249,2514,136,1,530.0,530.0
5250,2516,243,1,250.0,250.0
5251,2516,202,3,300.0,900.0
5252,2516,48,1,180.0,180.0
5253,2516,103,2,500.0,1000.0
5254,2517,2,1,40.0,40.0
5255,2517,234,1,130.0,130.0
5256,2518,461,2,300.0,600.0
5257,2518,19,1,110.0,110.0
5258,2518,609,1,60.0,60.0
5259,2519,577,1,70.0,70.0
5260,2519,131,3,310.0,930.0
5261,2519,131,2,310.0,620.0
5262,2519,577,1,70.0,70.0
5263,2519,131,1,310.0,310.0
5264,2521,535,2,250.0,500.0
5265,2521,659,3,170.0,510.0
5266,2522,423,1,40.0,40.0
5267,2522,654,2,180.0,360.0
5268,2522,423,1,40.0,40.0
5269,2524,609,1,60.0,60.0
5270,2524,609,1,60.0,60.0
5271,2524,19,1,110.0,110.0
5272,2524,733,3,320.0,960.0
5273,2525,181,1,190.0,190.0
5274,2526,311,3,60.0,180.0
5275,2526,339,1,550.0,550.0
5276,2526,548,1,230.0,230.0
5277,2527,50,1,300.0,300.0
5278,2528,13,3,40.0,120.0
5279,2528,496,2,220.0,440.0
5280,2529,115,2,110.0,220.0
5281,2529,474,2,150.0,300.0
5282,2530,32,1,290.0,290.0
5283,2530,105,1,50.0,50.0
5284,2531,417,3,60.0,180.0
5285,2531,417,1,60.0,60.0
5286,2532,32,1,290.0,290.0
5287,2532,105,2,50.0,100.0
5288,2533,17,1,330.0,330.0
5289,2533,508,1,340.0,340.0
5290,2534,298,1,40.0,40.0
5291,2534,16,3,90.0,270.0
5292,2535,512,2,50.0,100.0
5293,2535,258,1,270.0,270.0
5294,2535,208,2,60.0,120.0
5295,2535,258,1,270.0,270.0
5296,2537,721,2,140.0,280.0
5297,2537,142,1,260.0,260.0
5298,2537,721,1,140.0,140.0
5299,2537,470,1,320.0,320.0
5300,2537,470,2,320.0,640.0
5301,2538,738,1,110.0,110.0
5302,2538,476,1,60.0,60.0
5303,2538,261,1,60.0,60.0
5304,2538,543,3,260.0,780.0
5305,2538,738,1,110.0,110.0
5306,2539,253,2,50.0,100.0
5307,2539,321,3,310.0,930.0
5308,2539,304,3,50.0,150.0
5309,2539,441,1,190.0,190.0
5310,2539,321,1,310.0,310.0
5311,2540,449,2,210.0,420.0
5312,2540,368,1,320.0,320.0
5313,2541,651,1,50.0,50.0
5314,2541,394,1,250.0,250.0
5315,2541,311,1,60.0,60.0
5316,2541,311,1,60.0,60.0
5317,2542,581,1,130.0,130.0
5318,2543,414,1,100.0,100.0
5319,2543,34,2,310.0,620.0
5320,2544,470,1,320.0,320.0
5321,2545,128,2,140.0,280.0
5322,2545,331,1,450.0,450.0
5323,2545,128,1,140.0,140.0
5324,2546,267,1,270.0,270.0
5325,2548,195,2,270.0,540.0
5326,2548,565,2,460.0,920.0
5327,2549,712,2,70.0,140.0
5328,2551,287,3,40.0,120.0
5329,2551,190,1,550.0,550.0
5330,2553,444,1,110.0,110.0
5331,2553,182,2,90.0,180.0
5332,2553,444,1,110.0,110.0
5333,2554,380,1,310.0,310.0
5334,2554,695,1,280.0,280.0
5335,2554,745,1,90.0,90.0
5336,2556,598,1,440.0,440.0
5337,2556,598,2,440.0,880.0
5338,2556,328,1,230.0,230.0
5339,2556,714,1,40.0,40.0
5340,2557,672,3,260.0,780.0
5341,2557,428,2,240.0,480.0
5342,2557,432,2,540.0,1080.0
5343,2558,79,3,660.0,1980.0
5344,2558,20,1,90.0,90.0
5345,2559,428,2,240.0,480.0
5346,2559,702,1,90.0,90.0
5347,2560,598,1,440.0,440.0
5348,2560,714,2,40.0,80.0
5349,2560,655,1,250.0,250.0
5350,2560,655,2,250.0,500.0
5351,2561,222,1,60.0,60.0
5352,2561,490,2,50.0,100.0
5353,2562,322,2,170.0,340.0
5354,2562,106,1,550.0,550.0
5355,2563,217,1,50.0,50.0
5356,2563,613,1,190.0,190.0
5357,2564,335,3,40.0,120.0
5358,2565,620,1,60.0,60.0
5359,2567,243,1,250.0,250.0
5360,2567,494,1,50.0,50.0
5361,2567,494,1,50.0,50.0
5362,2567,464,2,80.0,160.0
5363,2568,611,2,110.0,220.0
5364,2568,264,2,120.0,240.0
5365,2568,124,2,220.0,440.0
5366,2569,743,2,90.0,180.0
5367,2570,2,2,40.0,80.0
5368,2571,196,1,340.0,340.0
5369,2571,631,1,300.0,300.0
5370,2572,121,3,690.0,2070.0
5371,2573,102,2,300.0,600.0
5372,2575,110,2,310.0,620.0
5373,2575,604,3,60.0,180.0
5374,2575,604,1,60.0,60.0
5375,2578,294,2,180.0,360.0
5376,2578,4,1,50.0,50.0
5377,2581,330,1,110.0,110.0
5378,2582,293,1,40.0,40.0
5379,2582,413,1,170.0,170.0
5380,2582,413,1,170.0,170.0
5381,2583,526,1,100.0,100.0
5382,2583,134,1,200.0,200.0
5383,2584,76,1,90.0,90.0
5384,2584,412,1,180.0,180.0
5385,2584,181,1,190.0,190.0
5386,2585,641,2,300.0,600.0
5387,2586,151,1,120.0,120.0
5388,2586,289,1,160.0,160.0
5389,2587,649,2,320.0,640.0
5390,2587,223,1,270.0,270.0
5391,2588,29,1,110.0,110.0
5392,2588,687,1,90.0,90.0
5393,2588,113,2,430.0,860.0
5394,2589,340,2,60.0,120.0
5395,2589,44,1,290.0,290.0
5396,2590,164,3,90.0,270.0
5397,2590,164,2,90.0,180.0
5398,2591,129,1,50.0,50.0
5399,2591,413,1,170.0,170.0
5400,2592,382,1,40.0,40.0
5401,2592,182,1,90.0,90.0
5402,2592,444,2,110.0,220.0
5403,2593,558,1,330.0,330.0
5404,2594,376,2,70.0,140.0
5405,2595,717,2,60.0,120.0
5406,2596,186,3,250.0,750.0
5407,2596,392,1,60.0,60.0
5408,2596,186,1,250.0,250.0
5409,2596,562,2,150.0,300.0
5410,2597,206,1,60.0,60.0
5411,2597,96,1,210.0,210.0
5412,2598,470,1,320.0,320.0
5413,2598,691,2,540.0,1080.0
5414,2598,691,2,540.0,1080.0
5415,2599,75,2,230.0,460.0
5416,2599,166,1,590.0,590.0
5417,2599,407,1,250.0,250.0
5418,2599,407,1,250.0,250.0
5419,2600,202,2,300.0,600.0
5420,2601,629,1,290.0,290.0
5421,2601,424,1,90.0,90.0
5422,2601,363,2,670.0,1340.0
5423,2602,632,2,340.0,680.0
5424,2602,375,2,310.0,620.0
5425,2602,632,1,340.0,340.0
5426,2603,545,1,290.0,290.0
5427,2604,65,1,330.0,330.0
5428,2604,443,1,180.0,180.0
5429,2605,210,1,50.0,50.0
5430,2605,301,2,40.0,80.0
5431,2606,117,1,40.0,40.0
5432,2607,382,1,40.0,40.0
5433,2608,340,2,60.0,120.0
5434,2608,599,1,100.0,100.0
5435,2608,340,1,60.0,60.0
5436,2609,641,1,300.0,300.0
5437,2610,496,1,220.0,220.0
5438,2610,13,1,40.0,40.0
5439,2611,127,1,250.0,250.0
5440,2612,282,1,100.0,100.0
5441,2612,630,2,40.0,80.0
5442,2612,239,1,240.0,240.0
5443,2612,239,1,240.0,240.0
5444,2613,639,2,200.0,400.0
5445,2613,303,1,110.0,110.0
5446,2613,639,1,200.0,200.0
5447,2614,444,2,110.0,220.0
5448,2615,60,1,80.0,80.0
5449,2615,549,1,240.0,240.0
5450,2615,448,2,110.0,220.0
5451,2616,475,1,100.0,100.0
5452,2617,609,2,60.0,120.0
5453,2619,445,2,530.0,1060.0
5454,2620,325,3,190.0,570.0
5455,2620,635,1,560.0,560.0
5456,2620,152,3,70.0,210.0
5457,2620,152,2,70.0,140.0
5458,2621,311,1,60.0,60.0
5459,2621,651,2,50.0,100.0
5460,2621,311,1,60.0,60.0
5461,2621,548,2,230.0,460.0
5462,2622,562,1,150.0,150.0
5463,2622,186,2,250.0,500.0
5464,2623,342,2,190.0,380.0
5465,2623,110,2,310.0,620.0
5466,2624,723,1,50.0,50.0
5467,2624,154,2,310.0,620.0
5468,2625,652,1,100.0,100.0
5469,2625,399,2,190.0,380.0
5470,2625,376,1,70.0,70.0
5471,2626,108,2,230.0,460.0
5472,2626,6,2,200.0,400.0
5473,2627,405,1,220.0,220.0
5474,2628,275,1,170.0,170.0
5475,2628,63,3,680.0,2040.0
5476,2628,551,1,120.0,120.0
5477,2628,263,2,180.0,360.0
5478,2629,438,1,300.0,300.0
5479,2629,438,1,300.0,300.0
5480,2629,551,1,120.0,120.0
5481,2630,486,1,60.0,60.0
5482,2630,23,2,310.0,620.0
5483,2630,429,1,220.0,220.0
5484,2630,177,2,70.0,140.0
5485,2631,410,1,570.0,570.0
5486,2631,348,1,70.0,70.0
5487,2632,418,1,50.0,50.0
5488,2633,280,1,330.0,330.0
5489,2633,446,2,300.0,600.0
5490,2633,446,1,300.0,300.0
5491,2634,35,1,310.0,310.0
5492,2634,35,1,310.0,310.0
5493,2634,718,1,150.0,150.0
5494,2636,608,3,70.0,210.0
5495,2636,608,1,70.0,70.0
5496,2637,706,1,280.0,280.0
5497,2637,408,1,120.0,120.0
5498,2637,58,3,260.0,780.0
5499,2638,83,1,170.0,170.0
5500,2638,640,1,40.0,40.0
5501,2640,81,1,280.0,280.0
5502,2641,35,1,310.0,310.0
5503,2642,437,3,130.0,390.0
5504,2642,74,1,70.0,70.0
5505,2643,211,2,350.0,700.0
5506,2643,26,3,300.0,900.0
5507,2643,615,2,110.0,220.0
5508,2643,669,1,700.0,700.0
5509,2643,291,1,280.0,280.0
5510,2646,408,1,120.0,120.0
5511,2646,706,2,280.0,560.0
5512,2647,616,2,190.0,380.0
5513,2647,642,2,260.0,520.0
5514,2647,642,2,260.0,520.0
5515,2648,540,1,50.0,50.0
5516,2649,667,1,310.0,310.0
5517,2650,592,1,340.0,340.0
5518,2650,662,1,590.0,590.0
5519,2651,169,1,310.0,310.0
5520,2651,184,1,500.0,500.0
5521,2652,35,3,310.0,930.0
5522,2652,718,1,150.0,150.0
5523,2653,110,1,310.0,310.0
5524,2653,342,2,190.0,380.0
5525,2653,507,2,190.0,380.0
5526,2654,398,1,120.0,120.0
5527,2654,701,2,260.0,520.0
5528,2655,440,2,150.0,300.0
5529,2655,132,2,300.0,600.0
5530,2656,602,1,580.0,580.0
5531,2656,508,1,340.0,340.0
5532,2658,363,3,670.0,2010.0
5533,2658,363,2,670.0,1340.0
5534,2659,670,1,340.0,340.0
5535,2659,670,2,340.0,680.0
5536,2660,314,1,320.0,320.0
5537,2660,74,2,70.0,140.0
5538,2660,314,1,320.0,320.0
5539,2661,563,1,130.0,130.0
5540,2661,592,2,340.0,680.0
5541,2661,70,1,50.0,50.0
5542,2661,70,1,50.0,50.0
5543,2661,70,2,50.0,100.0
5544,2662,671,3,220.0,660.0
5545,2663,9,2,280.0,560.0
5546,2663,643,1,280.0,280.0
5547,2663,117,1,40.0,40.0
5548,2663,9,1,280.0,280.0
5549,2664,130,1,300.0,300.0
5550,2665,750,1,220.0,220.0
5551,2666,320,1,100.0,100.0
5552,2667,594,1,330.0,330.0
5553,2667,82,2,70.0,140.0
5554,2667,341,2,150.0,300.0
5555,2668,526,1,100.0,100.0
5556,2669,632,1,340.0,340.0
5557,2669,440,2,150.0,300.0
5558,2670,616,1,190.0,190.0
5559,2670,642,2,260.0,520.0
5560,2670,616,1,190.0,190.0
5561,2671,131,1,310.0,310.0
5562,2671,97,1,70.0,70.0
5563,2671,131,3,310.0,930.0
5564,2672,188,2,320.0,640.0
5565,2673,729,1,90.0,90.0
5566,2674,178,1,60.0,60.0
5567,2675,307,1,270.0,270.0
5568,2675,24,2,50.0,100.0
5569,2675,398,1,120.0,120.0
5570,2676,57,1,230.0,230.0
5571,2676,734,2,90.0,180.0
5572,2676,327,1,110.0,110.0
5573,2677,526,1,100.0,100.0
5574,2678,651,1,50.0,50.0
5575,2678,394,2,250.0,500.0
5576,2679,71,1,250.0,250.0
5577,2679,286,1,340.0,340.0
5578,2680,45,1,280.0,280.0
5579,2680,143,1,280.0,280.0
5580,2680,45,1,280.0,280.0
5581,2680,671,1,220.0,220.0
5582,2681,223,1,270.0,270.0
5583,2681,427,2,280.0,560.0
5584,2683,37,2,100.0,200.0
5585,2683,723,1,50.0,50.0
5586,2683,154,2,310.0,620.0
5587,2684,642,1,260.0,260.0
5588,2684,616,2,190.0,380.0
5589,2685,396,1,90.0,90.0
5590,2685,396,1,90.0,90.0
5591,2685,540,2,50.0,100.0
5592,2686,536,1,310.0,310.0
5593,2687,720,2,360.0,720.0
5594,2687,600,1,170.0,170.0
5595,2687,345,2,330.0,660.0
5596,2687,720,2,360.0,720.0
5597,2688,81,1,280.0,280.0
5598,2688,401,2,230.0,460.0
5599,2689,662,3,590.0,1770.0
5600,2690,671,1,220.0,220.0
5601,2691,269,1,620.0,620.0
5602,2691,625,1,210.0,210.0
5603,2691,625,2,210.0,420.0
5604,2691,269,1,620.0,620.0
5605,2692,349,2,420.0,840.0
5606,2692,690,2,70.0,140.0
5607,2692,696,1,300.0,300.0
5608,2692,224,2,120.0,240.0
5609,2692,46,2,200.0,400.0
5610,2693,419,1,270.0,270.0
5611,2693,242,1,70.0,70.0
5612,2694,641,1,300.0,300.0
5613,2695,276,1,200.0,200.0
5614,2695,513,2,190.0,380.0
5615,2695,7,1,320.0,320.0
5616,2695,622,3,100.0,300.0
5617,2695,147,2,160.0,320.0
5618,2696,96,2,210.0,420.0
5619,2696,459,1,120.0,120.0
5620,2697,625,3,210.0,630.0
5621,2697,61,1,100.0,100.0
5622,2698,154,1,310.0,310.0
5623,2698,723,1,50.0,50.0
5624,2699,439,2,580.0,1160.0
5625,2700,601,2,230.0,460.0
5626,2701,359,1,580.0,580.0
5627,2701,359,2,580.0,1160.0
5628,2701,422,1,130.0,130.0
5629,2702,280,2,330.0,660.0
5630,2702,49,1,330.0,330.0
5631,2703,187,2,130.0,260.0
5632,2704,571,2,520.0,1040.0
5633,2704,59,1,100.0,100.0
5634,2704,290,1,200.0,200.0
5635,2705,392,1,60.0,60.0
5636,2705,173,1,220.0,220.0
5637,2705,186,1,250.0,250.0
5638,2705,562,1,150.0,150.0
5639,2706,361,2,60.0,120.0
5640,2706,500,2,100.0,200.0
5641,2706,480,1,510.0,510.0
5642,2707,649,1,320.0,320.0
5643,2707,226,2,190.0,380.0
5644,2708,105,1,50.0,50.0
5645,2709,7,1,320.0,320.0
5646,2710,611,1,110.0,110.0
5647,2711,508,1,340.0,340.0
5648,2711,17,2,330.0,660.0
5649,2712,480,1,510.0,510.0
5650,2712,91,1,270.0,270.0
5651,2713,59,1,100.0,100.0
5652,2714,461,1,300.0,300.0
5653,2714,461,2,300.0,600.0
5654,2714,461,1,300.0,300.0
5655,2715,678,1,180.0,180.0
5656,2715,368,2,320.0,640.0
5657,2715,119,1,210.0,210.0
5658,2715,368,1,320.0,320.0
5659,2715,119,2,210.0,420.0
5660,2716,608,2,70.0,140.0
5661,2716,20,1,90.0,90.0
5662,2717,682,1,80.0,80.0
5663,2718,253,1,50.0,50.0
5664,2718,321,1,310.0,310.0
5665,2720,381,1,560.0,560.0
5666,2720,650,1,170.0,170.0
5667,2721,716,1,290.0,290.0
5668,2721,368,1,320.0,320.0
5669,2723,340,2,60.0,120.0
5670,2723,161,1,180.0,180.0
5671,2724,122,1,120.0,120.0
5672,2724,122,2,120.0,240.0
5673,2725,21,2,640.0,1280.0
5674,2725,373,1,260.0,260.0
5675,2725,21,1,640.0,640.0
5676,2726,217,1,50.0,50.0
5677,2726,87,2,510.0,1020.0
5678,2727,213,1,280.0,280.0
5679,2727,135,3,610.0,1830.0
5680,2728,698,2,210.0,420.0
5681,2728,698,2,210.0,420.0
5682,2729,216,1,320.0,320.0
5683,2729,718,3,150.0,450.0
5684,2730,459,3,120.0,360.0
5685,2730,459,3,120.0,360.0
5686,2731,378,1,320.0,320.0
5687,2731,179,1,160.0,160.0
5688,2732,173,1,220.0,220.0
5689,2733,352,1,40.0,40.0
5690,2733,2,1,40.0,40.0
5691,2734,443,1,180.0,180.0
5692,2734,338,3,210.0,630.0
5693,2734,338,1,210.0,210.0
5694,2735,453,1,170.0,170.0
5695,2736,629,3,290.0,870.0
5696,2736,424,1,90.0,90.0
5697,2737,15,1,670.0,670.0
5698,2737,196,1,340.0,340.0
5699,2737,664,1,110.0,110.0
5700,2737,273,1,200.0,200.0
5701,2738,657,2,210.0,420.0
5702,2738,140,1,260.0,260.0
5703,2740,83,1,170.0,170.0
5704,2740,640,1,40.0,40.0
5705,2740,83,1,170.0,170.0
5706,2741,689,1,60.0,60.0
5707,2742,555,2,250.0,500.0
5708,2742,555,2,250.0,500.0
5709,2742,134,1,200.0,200.0
5710,2742,284,2,70.0,140.0
5711,2743,104,1,240.0,240.0
5712,2743,21,3,640.0,1920.0
5713,2744,543,1,260.0,260.0
5714,2744,212,1,100.0,100.0
5715,2745,156,2,660.0,1320.0
5716,2745,38,1,620.0,620.0
5717,2746,510,1,110.0,110.0
5718,2746,510,1,110.0,110.0
5719,2746,726,1,310.0,310.0
5720,2746,558,3,330.0,990.0
5721,2746,510,2,110.0,220.0
5722,2747,610,1,220.0,220.0
5723,2747,328,1,230.0,230.0
5724,2747,655,1,250.0,250.0
5725,2748,361,1,60.0,60.0
5726,2749,151,1,120.0,120.0
5727,2750,721,1,140.0,140.0
5728,2751,238,1,210.0,210.0
5729,2751,82,2,70.0,140.0
5730,2752,130,2,300.0,600.0
5731,2753,496,1,220.0,220.0
5732,2753,13,1,40.0,40.0
5733,2754,337,2,290.0,580.0
5734,2754,97,1,70.0,70.0
5735,2754,97,1,70.0,70.0
5736,2756,680,1,240.0,240.0
5737,2757,500,3,100.0,300.0
5738,2758,207,1,70.0,70.0
5739,2758,674,3,630.0,1890.0
5740,2758,674,3,630.0,1890.0
5741,2759,667,1,310.0,310.0
5742,2759,742,1,90.0,90.0
5743,2759,667,2,310.0,620.0
5744,2759,735,1,40.0,40.0
5745,2760,534,1,80.0,80.0
5746,2760,21,1,640.0,640.0
5747,2760,21,1,640.0,640.0
5748,2761,227,3,120.0,360.0
5749,2761,713,1,330.0,330.0
5750,2762,202,3,300.0,900.0
5751,2762,103,1,500.0,500.0
5752,2762,243,1,250.0,250.0
5753,2763,79,1,660.0,660.0
5754,2764,638,3,300.0,900.0
5755,2766,208,1,60.0,60.0
5756,2767,9,2,280.0,560.0
5757,2767,117,1,40.0,40.0
5758,2767,643,1,280.0,280.0
5759,2767,109,2,230.0,460.0
5760,2768,7,2,320.0,640.0
5761,2768,513,2,190.0,380.0
5762,2768,622,2,100.0,200.0
5763,2769,552,1,170.0,170.0
5764,2770,5,1,80.0,80.0
5765,2771,283,1,110.0,110.0
5766,2771,471,3,650.0,1950.0
5767,2771,51,1,50.0,50.0
5768,2771,354,2,320.0,640.0
5769,2772,575,1,110.0,110.0
5770,2772,205,3,50.0,150.0
5771,2772,259,1,280.0,280.0
5772,2773,216,1,320.0,320.0
5773,2773,718,1,150.0,150.0
5774,2773,744,3,270.0,810.0
5775,2773,744,2,270.0,540.0
5776,2774,271,1,510.0,510.0
5777,2774,111,1,190.0,190.0
5778,2774,262,1,80.0,80.0
5779,2775,233,1,160.0,160.0
5780,2775,408,2,120.0,240.0
5781,2775,408,1,120.0,120.0
5782,2776,107,1,150.0,150.0
5783,2776,230,1,120.0,120.0
5784,2777,671,2,220.0,440.0
5785,2777,730,2,220.0,440.0
5786,2777,671,2,220.0,440.0
5787,2777,332,2,180.0,360.0
5788,2777,671,1,220.0,220.0
5789,2778,264,2,120.0,240.0
5790,2778,30,2,60.0,120.0
5791,2779,430,1,130.0,130.0
5792,2779,430,2,130.0,260.0
5793,2779,14,1,120.0,120.0
5794,2780,704,1,130.0,130.0
5795,2780,595,1,470.0,470.0
5796,2780,327,1,110.0,110.0
5797,2781,306,1,190.0,190.0
5798,2781,231,1,100.0,100.0
5799,2781,654,1,180.0,180.0
5800,2781,306,2,190.0,380.0
5801,2781,231,1,100.0,100.0
5802,2782,134,1,200.0,200.0
5803,2782,284,1,70.0,70.0
5804,2784,408,2,120.0,240.0
5805,2785,707,2,180.0,360.0
5806,2785,168,3,60.0,180.0
5807,2785,454,2,160.0,320.0
5808,2786,96,2,210.0,420.0
5809,2786,96,1,210.0,210.0
5810,2786,206,2,60.0,120.0
5811,2787,729,1,90.0,90.0
5812,2787,729,3,90.0,270.0
5813,2788,367,1,270.0,270.0
5814,2788,367,1,270.0,270.0
5815,2788,132,2,300.0,600.0
5816,2789,711,1,110.0,110.0
5817,2790,79,1,660.0,660.0
5818,2790,79,2,660.0,1320.0
5819,2791,606,1,40.0,40.0
5820,2792,382,2,40.0,80.0
5821,2792,182,1,90.0,90.0
5822,2793,135,2,610.0,1220.0
5823,2793,213,1,280.0,280.0
5824,2793,330,1,110.0,110.0
5825,2794,207,1,70.0,70.0
5826,2794,3,1,100.0,100.0
5827,2795,99,1,560.0,560.0
5828,2795,462,2,110.0,220.0
5829,2795,462,2,110.0,220.0
5830,2796,568,2,100.0,200.0
5831,2796,568,1,100.0,100.0
5832,2797,193,2,150.0,300.0
5833,2797,64,1,140.0,140.0
5834,2797,349,3,420.0,1260.0
5835,2798,594,1,330.0,330.0
5836,2798,594,1,330.0,330.0
5837,2798,594,2,330.0,660.0
5838,2799,743,1,90.0,90.0
5839,2799,245,1,290.0,290.0
5840,2800,695,1,280.0,280.0
5841,2801,327,1,110.0,110.0
5842,2802,248,1,280.0,280.0
5843,2803,96,1,210.0,210.0
5844,2803,459,1,120.0,120.0
5845,2803,459,1,120.0,120.0
5846,2804,77,3,180.0,540.0
5847,2804,653,3,140.0,420.0
5848,2804,524,2,180.0,360.0
5849,2804,653,2,140.0,280.0
5850,2804,533,2,530.0,1060.0
5851,2805,721,3,140.0,420.0
5852,2805,434,3,670.0,2010.0
5853,2806,668,1,110.0,110.0
5854,2806,634,1,120.0,120.0
5855,2806,93,1,710.0,710.0
5856,2806,257,2,270.0,540.0
5857,2807,375,1,310.0,310.0
5858,2807,375,1,310.0,310.0
5859,2807,132,2,300.0,600.0
5860,2808,610,1,220.0,220.0
5861,2809,337,1,290.0,290.0
5862,2809,97,1,70.0,70.0
5863,2810,423,1,40.0,40.0
5864,2812,706,2,280.0,560.0
5865,2812,408,1,120.0,120.0
5866,2813,5,1,80.0,80.0
5867,2814,69,1,630.0,630.0
5868,2815,427,1,280.0,280.0
5869,2815,226,1,190.0,190.0
5870,2816,641,1,300.0,300.0
5871,2817,203,2,190.0,380.0
5872,2817,203,2,190.0,380.0
5873,2817,710,1,210.0,210.0
5874,2818,127,1,250.0,250.0
5875,2818,164,1,90.0,90.0
5876,2820,642,1,260.0,260.0
5877,2822,61,1,100.0,100.0
5878,2823,294,1,180.0,180.0
5879,2823,124,1,220.0,220.0
5880,2824,688,1,180.0,180.0
5881,2824,8,2,460.0,920.0
5882,2824,537,1,90.0,90.0
5883,2824,8,3,460.0,1380.0
5884,2825,673,2,230.0,460.0
5885,2825,673,1,230.0,230.0
5886,2826,671,1,220.0,220.0
5887,2827,253,3,50.0,150.0
5888,2827,377,1,30.0,30.0
5889,2828,278,3,310.0,930.0
5890,2828,212,1,100.0,100.0
5891,2829,321,1,310.0,310.0
5892,2829,237,2,350.0,700.0
5893,2829,304,2,50.0,100.0
5894,2829,441,2,190.0,380.0
5895,2830,711,1,110.0,110.0
5896,2830,560,2,250.0,500.0
5897,2831,585,1,50.0,50.0
5898,2831,425,1,200.0,200.0
5899,2832,739,1,290.0,290.0
5900,2832,252,1,350.0,350.0
5901,2833,134,1,200.0,200.0
5902,2833,555,1,250.0,250.0
5903,2834,280,2,330.0,660.0
5904,2835,55,2,140.0,280.0
5905,2835,502,2,350.0,700.0
5906,2835,502,2,350.0,700.0
5907,2836,585,3,50.0,150.0
5908,2836,585,1,50.0,50.0
5909,2836,469,2,100.0,200.0
5910,2838,515,1,100.0,100.0
5911,2838,40,3,160.0,480.0
5912,2838,499,1,310.0,310.0
5913,2838,484,3,130.0,390.0
5914,2839,353,1,300.0,300.0
5915,2839,319,2,180.0,360.0
5916,2840,63,2,680.0,1360.0
5917,2840,275,1,170.0,170.0
5918,2841,633,1,170.0,170.0
5919,2841,222,2,60.0,120.0
5920,2841,495,1,180.0,180.0
5921,2842,461,2,300.0,600.0
5922,2842,19,3,110.0,330.0
5923,2843,476,1,60.0,60.0
5924,2844,622,1,100.0,100.0
5925,2844,433,1,90.0,90.0
5926,2845,528,1,160.0,160.0
5927,2845,528,1,160.0,160.0
5928,2845,528,2,160.0,320.0
5929,2846,128,1,140.0,140.0
5930,2846,75,1,230.0,230.0
5931,2846,407,2,250.0,500.0
5932,2848,78,1,50.0,50.0
5933,2849,308,2,340.0,680.0
5934,2849,308,1,340.0,340.0
5935,2849,43,1,50.0,50.0
5936,2851,235,3,110.0,330.0
5937,2851,501,2,70.0,140.0
5938,2852,586,2,340.0,680.0
5939,2852,210,2,50.0,100.0
5940,2852,557,1,310.0,310.0
5941,2852,511,1,120.0,120.0
5942,2853,70,1,50.0,50.0
5943,2853,563,1,130.0,130.0
5944,2854,380,1,310.0,310.0
5945,2855,563,1,130.0,130.0
5946,2855,386,1,70.0,70.0
5947,2855,320,1,100.0,100.0
5948,2857,363,1,670.0,670.0
5949,2857,424,2,90.0,180.0
5950,2857,424,1,90.0,90.0
5951,2858,497,1,250.0,250.0
5952,2859,637,2,200.0,400.0
5953,2859,499,1,310.0,310.0
5954,2859,484,3,130.0,390.0
5955,2859,637,2,200.0,400.0
5956,2861,622,1,100.0,100.0
5957,2862,560,2,250.0,500.0
5958,2863,142,1,260.0,260.0
5959,2863,721,1,140.0,140.0
5960,2863,470,2,320.0,640.0
5961,2864,320,2,100.0,200.0
5962,2864,70,3,50.0,150.0
5963,2864,70,1,50.0,50.0
5964,2864,386,1,70.0,70.0
5965,2865,227,1,120.0,120.0
5966,2865,315,2,60.0,120.0
5967,2866,455,1,120.0,120.0
5968,2866,636,1,50.0,50.0
5969,2867,199,1,300.0,300.0
5970,2867,262,2,80.0,160.0
5971,2867,262,1,80.0,80.0
5972,2867,384,2,350.0,700.0
5973,2868,555,2,250.0,500.0
5974,2868,555,1,250.0,250.0
5975,2868,134,2,200.0,400.0
5976,2868,284,3,70.0,210.0
5977,2869,126,2,510.0,1020.0
5978,2869,281,1,160.0,160.0
5979,2869,281,2,160.0,320.0
5980,2870,103,2,500.0,1000.0
5981,2870,48,1,180.0,180.0
5982,2871,717,1,60.0,60.0
5983,2871,717,2,60.0,120.0
5984,2871,221,2,110.0,220.0
5985,2872,679,1,240.0,240.0
5986,2873,13,1,40.0,40.0
5987,2873,496,1,220.0,220.0
5988,2874,71,1,250.0,250.0
5989,2874,457,2,170.0,340.0
5990,2874,71,1,250.0,250.0
5991,2874,676,1,220.0,220.0
5992,2874,229,1,340.0,340.0
5993,2875,284,2,70.0,140.0
5994,2875,134,3,200.0,600.0
5995,2875,555,1,250.0,250.0
5996,2875,555,1,250.0,250.0
5997,2876,590,2,290.0,580.0
5998,2876,698,2,210.0,420.0
5999,2876,581,2,130.0,260.0
6000,2877,544,2,40.0,80.0
6001,2878,512,3,50.0,150.0
6002,2879,33,1,60.0,60.0
6003,2879,601,1,230.0,230.0
6004,2879,487,1,450.0,450.0
6005,2879,601,2,230.0,460.0
6006,2880,134,1,200.0,200.0
6007,2880,555,2,250.0,500.0
6008,2881,390,1,270.0,270.0
6009,2881,268,1,60.0,60.0
6010,2881,268,1,60.0,60.0
6011,2881,390,1,270.0,270.0
6012,2881,750,3,220.0,660.0
6013,2882,453,1,170.0,170.0
6014,2883,434,1,670.0,670.0
6015,2883,470,1,320.0,320.0
6016,2883,721,2,140.0,280.0
6017,2884,649,1,320.0,320.0
6018,2884,427,1,280.0,280.0
6019,2885,341,1,150.0,150.0
6020,2886,181,1,190.0,190.0
6021,2886,181,1,190.0,190.0
6022,2886,460,2,70.0,140.0
6023,2887,518,2,340.0,680.0
6024,2887,55,1,140.0,140.0
6025,2888,320,3,100.0,300.0
6026,2889,253,2,50.0,100.0
6027,2889,441,1,190.0,190.0
6028,2889,304,1,50.0,50.0
6029,2890,368,2,320.0,640.0
6030,2890,368,2,320.0,640.0
6031,2891,461,3,300.0,900.0
6032,2891,19,2,110.0,220.0
6033,2892,691,2,540.0,1080.0
6034,2893,471,1,650.0,650.0
6035,2893,472,1,210.0,210.0
6036,2893,121,1,690.0,690.0
6037,2894,380,2,310.0,620.0
6038,2894,695,1,280.0,280.0
6039,2894,695,1,280.0,280.0
6040,2894,436,1,110.0,110.0
6041,2894,380,2,310.0,620.0
6042,2895,368,2,320.0,640.0
6043,2895,368,2,320.0,640.0
6044,2895,194,1,670.0,670.0
6045,2895,368,1,320.0,320.0
6046,2895,194,2,670.0,1340.0
6047,2896,281,2,160.0,320.0
6048,2896,281,2,160.0,320.0
6049,2896,126,1,510.0,510.0
6050,2898,289,1,160.0,160.0
6051,2898,85,2,270.0,540.0
6052,2900,34,1,310.0,310.0
6053,2900,34,1,310.0,310.0
6054,2900,232,3,280.0,840.0
6055,2901,692,3,230.0,690.0
6056,2901,257,2,270.0,540.0
6057,2901,93,2,710.0,1420.0
6058,2902,280,1,330.0,330.0
6059,2902,280,1,330.0,330.0
6060,2902,280,1,330.0,330.0
6061,2903,84,2,180.0,360.0
6062,2903,342,1,190.0,190.0
6063,2903,719,2,50.0,100.0
6064,2905,627,2,300.0,600.0
6065,2905,26,1,300.0,300.0
6066,2906,551,2,120.0,240.0
6067,2907,217,1,50.0,50.0
6068,2908,363,3,670.0,2010.0
6069,2908,629,1,290.0,290.0
6070,2909,543,2,260.0,520.0
6071,2909,212,1,100.0,100.0
6072,2909,476,3,60.0,180.0
6073,2909,738,1,110.0,110.0
6074,2910,99,1,560.0,560.0
6075,2912,634,2,120.0,240.0
6076,2913,629,1,290.0,290.0
6077,2913,363,1,670.0,670.0
6078,2914,150,3,240.0,720.0
6079,2914,150,1,240.0,240.0
6080,2914,489,1,140.0,140.0
6081,2915,237,1,350.0,350.0
6082,2915,86,1,70.0,70.0
6083,2915,441,3,190.0,570.0
6084,2915,304,1,50.0,50.0
6085,2916,705,1,160.0,160.0
6086,2916,409,1,200.0,200.0
6087,2916,508,1,340.0,340.0
6088,2916,705,2,160.0,320.0
6089,2918,453,1,170.0,170.0
6090,2918,453,1,170.0,170.0
6091,2918,287,2,40.0,80.0
6092,2918,157,1,240.0,240.0
6093,2918,453,1,170.0,170.0
6094,2919,424,1,90.0,90.0
6095,2919,424,1,90.0,90.0
6096,2921,448,1,110.0,110.0
6097,2921,318,1,90.0,90.0
6098,2922,555,1,250.0,250.0
6099,2922,526,1,100.0,100.0
6100,2923,420,3,270.0,810.0
6101,2924,493,1,190.0,190.0
6102,2924,369,2,170.0,340.0
6103,2926,434,1,670.0,670.0
6104,2926,434,1,670.0,670.0
6105,2927,330,1,110.0,110.0
6106,2927,135,2,610.0,1220.0
6107,2928,93,1,710.0,710.0
6108,2928,692,1,230.0,230.0
6109,2928,692,2,230.0,460.0
6110,2929,571,1,520.0,520.0
6111,2930,689,1,60.0,60.0
6112,2930,105,1,50.0,50.0
6113,2930,256,1,250.0,250.0
6114,2930,463,1,60.0,60.0
6115,2931,547,2,100.0,200.0
6116,2931,72,1,270.0,270.0
6117,2932,27,2,60.0,120.0
6118,2933,403,1,120.0,120.0
6119,2933,506,1,110.0,110.0
6120,2934,88,2,310.0,620.0
6121,2934,352,1,40.0,40.0
6122,2935,183,2,260.0,520.0
6123,2935,355,2,100.0,200.0
6124,2936,428,1,240.0,240.0
6125,2936,432,3,540.0,1620.0
6126,2936,672,2,260.0,520.0
6127,2938,672,3,260.0,780.0
6128,2938,672,1,260.0,260.0
6129,2938,428,2,240.0,480.0
6130,2940,596,2,300.0,600.0
6131,2940,47,3,40.0,120.0
6132,2940,144,1,130.0,130.0
6133,2941,647,1,180.0,180.0
6134,2941,647,1,180.0,180.0
6135,2942,70,1,50.0,50.0
6136,2942,592,2,340.0,680.0
6137,2942,662,3,590.0,1770.0
6138,2942,178,1,60.0,60.0
6139,2944,34,1,310.0,310.0
6140,2944,102,2,300.0,600.0
6141,2945,75,1,230.0,230.0
6142,2945,407,1,250.0,250.0
6143,2946,213,1,280.0,280.0
6144,2946,330,1,110.0,110.0
6145,2946,213,2,280.0,560.0
6146,2947,552,2,170.0,340.0
6147,2948,221,2,110.0,220.0
6148,2948,717,1,60.0,60.0
6149,2948,221,3,110.0,330.0
6150,2948,722,3,140.0,420.0
6151,2948,722,2,140.0,280.0
6152,2949,105,1,50.0,50.0
6153,2949,32,1,290.0,290.0
6154,2949,256,1,250.0,250.0
6155,2949,689,2,60.0,120.0
6156,2950,552,1,170.0,170.0
6157,2951,636,2,50.0,100.0
6158,2952,368,2,320.0,640.0
6159,2952,716,1,290.0,290.0
6160,2953,423,1,40.0,40.0
6161,2954,13,1,40.0,40.0
6162,2954,496,2,220.0,440.0
6163,2955,245,2,290.0,580.0
6164,2955,245,1,290.0,290.0
6165,2956,534,2,80.0,160.0
6166,2956,21,2,640.0,1280.0
6167,2957,298,1,40.0,40.0
6168,2958,645,1,210.0,210.0
6169,2959,345,3,330.0,990.0
6170,2960,66,1,220.0,220.0
6171,2961,235,2,110.0,220.0
6172,2961,260,1,60.0,60.0
6173,2961,501,2,70.0,140.0
6174,2961,501,2,70.0,140.0
6175,2962,423,1,40.0,40.0
6176,2962,231,1,100.0,100.0
6177,2963,216,1,320.0,320.0
6178,2963,718,1,150.0,150.0
6179,2963,35,1,310.0,310.0
6180,2964,144,1,130.0,130.0
6181,2965,671,1,220.0,220.0
6182,2965,143,1,280.0,280.0
6183,2965,671,2,220.0,440.0
6184,2966,163,1,90.0,90.0
6185,2966,456,1,320.0,320.0
6186,2966,163,1,90.0,90.0
6187,2967,744,1,270.0,270.0
6188,2968,381,2,560.0,1120.0
6189,2968,729,2,90.0,180.0
6190,2969,268,2,60.0,120.0
6191,2969,390,3,270.0,810.0
6192,2970,157,1,240.0,240.0
6193,2970,453,1,170.0,170.0
6194,2970,287,1,40.0,40.0
6195,2970,287,3,40.0,120.0
6196,2971,577,1,70.0,70.0
6197,2971,577,1,70.0,70.0
6198,2971,97,2,70.0,140.0
6199,2972,126,1,510.0,510.0
6200,2972,673,1,230.0,230.0
6201,2972,126,1,510.0,510.0
6202,2973,10,1,90.0,90.0
6203,2975,730,1,220.0,220.0
6204,2975,45,2,280.0,560.0
6205,2975,404,1,60.0,60.0
6206,2976,14,1,120.0,120.0
6207,2976,334,1,120.0,120.0
6208,2976,14,1,120.0,120.0
6209,2977,231,2,100.0,200.0
6210,2977,170,1,60.0,60.0
6211,2979,117,1,40.0,40.0
6212,2979,9,1,280.0,280.0
6213,2979,117,2,40.0,80.0
6214,2982,128,1,140.0,140.0
6215,2983,427,1,280.0,280.0
6216,2983,223,2,270.0,540.0
6217,2984,477,1,290.0,290.0
6218,2984,545,2,290.0,580.0
6219,2984,477,2,290.0,580.0
6220,2985,104,1,240.0,240.0
6221,2985,373,2,260.0,520.0
6222,2985,104,2,240.0,480.0
6223,2985,21,1,640.0,640.0
6224,2986,729,1,90.0,90.0
6225,2986,646,3,80.0,240.0
6226,2986,650,2,170.0,340.0
6227,2986,650,2,170.0,340.0
6228,2986,650,1,170.0,170.0
6229,2987,62,1,210.0,210.0
6230,2987,144,1,130.0,130.0
6231,2988,654,2,180.0,360.0
6232,2989,70,2,50.0,100.0
6233,2989,662,1,590.0,590.0
6234,2989,386,3,70.0,210.0
6235,2990,405,1,220.0,220.0
6236,2990,233,1,160.0,160.0
6237,2991,301,1,40.0,40.0
6238,2991,197,1,60.0,60.0
6239,2992,347,1,180.0,180.0
6240,2992,203,2,190.0,380.0
6241,2993,705,2,160.0,320.0
6242,2993,508,1,340.0,340.0
6243,2995,173,2,220.0,440.0
6244,2995,73,1,70.0,70.0
6245,2995,73,1,70.0,70.0
6246,2995,186,1,250.0,250.0
6247,2996,409,1,200.0,200.0
6248,2996,409,1,200.0,200.0
6249,2997,512,1,50.0,50.0
6250,2997,512,1,50.0,50.0
6251,2997,503,1,270.0,270.0
6252,2998,216,1,320.0,320.0
6253,2998,744,1,270.0,270.0
6254,2999,526,1,100.0,100.0
6255,3000,199,2,300.0,600.0
6256,3000,50,1,300.0,300.0
6257,3000,209,1,50.0,50.0
6258,3000,384,1,350.0,350.0
6259,3000,514,2,150.0,300.0
6260,3001,44,3,290.0,870.0
6261,3001,599,2,100.0,200.0
6262,3002,547,2,100.0,200.0
6263,3002,175,3,310.0,930.0
6264,3002,242,1,70.0,70.0
6265,3003,619,1,60.0,60.0
6266,3003,619,1,60.0,60.0
6267,3003,351,1,60.0,60.0
6268,3004,629,2,290.0,580.0
6269,3004,424,3,90.0,270.0
6270,3004,363,1,670.0,670.0
6271,3005,564,2,200.0,400.0
6272,3006,324,1,30.0,30.0
6273,3006,141,1,190.0,190.0
6274,3007,399,3,190.0,570.0
6275,3007,399,1,190.0,190.0
6276,3007,148,1,270.0,270.0
6277,3008,512,1,50.0,50.0
6278,3009,717,2,60.0,120.0
6279,3009,169,2,310.0,620.0
6280,3009,717,2,60.0,120.0
6281,3010,616,3,190.0,570.0
6282,3010,616,2,190.0,380.0
6283,3010,642,1,260.0,260.0
6284,3011,132,3,300.0,900.0
6285,3011,375,1,310.0,310.0
6286,3011,632,1,340.0,340.0
6287,3012,400,1,190.0,190.0
6288,3013,526,1,100.0,100.0
6289,3013,526,1,100.0,100.0
6290,3014,508,1,340.0,340.0
6291,3014,409,1,200.0,200.0
6292,3014,17,2,330.0,660.0
6293,3014,705,1,160.0,160.0
6294,3014,705,1,160.0,160.0
6295,3015,182,2,90.0,180.0
6296,3015,444,3,110.0,330.0
6297,3015,444,2,110.0,220.0
6298,3017,363,3,670.0,2010.0
6299,3017,629,1,290.0,290.0
6300,3017,629,1,290.0,290.0
6301,3018,337,2,290.0,580.0
6302,3018,337,1,290.0,290.0
6303,3018,577,1,70.0,70.0
6304,3018,97,1,70.0,70.0
6305,3019,606,2,40.0,80.0
6306,3019,606,1,40.0,40.0
6307,3020,750,2,220.0,440.0
6308,3021,1,1,120.0,120.0
6309,3021,636,1,50.0,50.0
6310,3022,349,2,420.0,840.0
6311,3022,64,1,140.0,140.0
6312,3022,349,2,420.0,840.0
6313,3023,575,1,110.0,110.0
6314,3024,304,2,50.0,100.0
6315,3024,86,1,70.0,70.0
6316,3024,538,1,240.0,240.0
6317,3024,86,2,70.0,140.0
6318,3025,408,1,120.0,120.0
6319,3025,233,1,160.0,160.0
6320,3025,408,1,120.0,120.0
6321,3026,664,1,110.0,110.0
6322,3026,631,1,300.0,300.0
6323,3026,273,1,200.0,200.0
6324,3027,261,2,60.0,120.0
6325,3028,416,1,660.0,660.0
6326,3028,411,1,240.0,240.0
6327,3029,710,2,210.0,420.0
6328,3030,414,1,100.0,100.0
6329,3030,102,1,300.0,300.0
6330,3030,102,1,300.0,300.0
6331,3031,362,1,100.0,100.0
6332,3031,270,1,140.0,140.0
6333,3032,593,1,180.0,180.0
6334,3032,700,1,50.0,50.0
6335,3032,11,1,80.0,80.0
6336,3033,400,2,190.0,380.0
6337,3034,310,1,540.0,540.0
6338,3034,52,2,330.0,660.0
6339,3034,52,3,330.0,990.0
6340,3034,582,2,200.0,400.0
6341,3034,191,1,140.0,140.0
6342,3035,700,2,50.0,100.0
6343,3035,299,1,70.0,70.0
6344,3035,299,1,70.0,70.0
6345,3036,118,1,170.0,170.0
6346,3036,258,2,270.0,540.0
6347,3036,118,2,170.0,340.0
6348,3037,650,1,170.0,170.0
6349,3037,381,1,560.0,560.0
6350,3037,650,1,170.0,170.0
6351,3038,1,1,120.0,120.0
6352,3039,232,3,280.0,840.0
6353,3039,414,1,100.0,100.0
6354,3039,414,1,100.0,100.0
6355,3039,102,1,300.0,300.0
6356,3040,252,1,350.0,350.0
6357,3040,437,2,130.0,260.0
6358,3040,314,1,320.0,320.0
6359,3040,739,1,290.0,290.0
6360,3040,445,1,530.0,530.0
6361,3041,461,1,300.0,300.0
6362,3041,609,3,60.0,180.0
6363,3043,21,1,640.0,640.0
6364,3043,534,1,80.0,80.0
6365,3044,530,1,90.0,90.0
6366,3044,238,2,210.0,420.0
6367,3045,661,1,50.0,50.0
6368,3045,648,1,200.0,200.0
6369,3046,328,1,230.0,230.0
6370,3047,404,1,60.0,60.0
6371,3047,45,2,280.0,560.0
6372,3047,45,2,280.0,560.0
6373,3048,480,1,510.0,510.0
6374,3049,592,1,340.0,340.0
6375,3049,563,2,130.0,260.0
6376,3049,592,1,340.0,340.0
6377,3050,521,1,330.0,330.0
6378,3050,597,1,100.0,100.0
6379,3050,16,1,90.0,90.0
6380,3051,179,2,160.0,320.0
6381,3052,385,2,90.0,180.0
6382,3052,557,2,310.0,620.0
6383,3053,552,1,170.0,170.0
6384,3053,606,1,40.0,40.0
6385,3053,552,1,170.0,170.0
6386,3054,520,2,60.0,120.0
6387,3054,659,3,170.0,510.0
6388,3054,520,3,60.0,180.0
6389,3054,535,1,250.0,250.0
6390,3055,64,1,140.0,140.0
6391,3056,503,2,270.0,540.0
6392,3056,258,1,270.0,270.0
6393,3056,512,1,50.0,50.0
6394,3056,512,2,50.0,100.0
6395,3058,152,1,70.0,70.0
6396,3059,193,2,150.0,300.0
6397,3060,345,2,330.0,660.0
6398,3061,375,2,310.0,620.0
6399,3061,440,1,150.0,150.0
6400,3062,384,2,350.0,700.0
6401,3062,271,1,510.0,510.0
6402,3063,232,1,280.0,280.0
6403,3064,625,1,210.0,210.0
6404,3064,269,1,620.0,620.0
6405,3066,548,1,230.0,230.0
6406,3066,311,1,60.0,60.0
6407,3066,548,1,230.0,230.0
6408,3067,127,1,250.0,250.0
6409,3068,520,1,60.0,60.0
6410,3069,521,2,330.0,660.0
6411,3069,521,2,330.0,660.0
6412,3069,298,1,40.0,40.0
6413,3070,580,2,40.0,80.0
6414,3070,580,2,40.0,80.0
6415,3070,334,1,120.0,120.0
6416,3070,580,1,40.0,40.0
6417,3071,38,1,620.0,620.0
6418,3071,318,1,90.0,90.0
6419,3071,60,1,80.0,80.0
6420,3071,60,2,80.0,160.0
6421,3072,425,1,200.0,200.0
6422,3072,425,1,200.0,200.0
6423,3072,425,1,200.0,200.0
6424,3072,236,2,250.0,500.0
6425,3073,571,2,520.0,1040.0
6426,3073,59,1,100.0,100.0
6427,3073,59,1,100.0,100.0
6428,3074,130,2,300.0,600.0
6429,3075,709,2,190.0,380.0
6430,3075,747,2,180.0,360.0
6431,3076,403,1,120.0,120.0
6432,3076,350,1,170.0,170.0
6433,3077,164,1,90.0,90.0
6434,3077,127,2,250.0,500.0
6435,3078,548,1,230.0,230.0
6436,3078,311,1,60.0,60.0
6437,3079,318,1,90.0,90.0
6438,3080,750,3,220.0,660.0
6439,3080,750,1,220.0,220.0
6440,3082,338,1,210.0,210.0
6441,3082,443,2,180.0,360.0
6442,3083,698,1,210.0,210.0
6443,3084,689,2,60.0,120.0
6444,3084,105,1,50.0,50.0
6445,3084,146,1,190.0,190.0
6446,3085,108,2,230.0,460.0
6447,3085,660,1,250.0,250.0
6448,3085,715,1,230.0,230.0
6449,3085,584,1,50.0,50.0
6450,3085,6,1,200.0,200.0
6451,3086,230,1,120.0,120.0
6452,3087,443,1,180.0,180.0
6453,3088,660,1,250.0,250.0
6454,3088,6,1,200.0,200.0
6455,3089,33,1,60.0,60.0
6456,3089,523,1,200.0,200.0
6457,3089,487,1,450.0,450.0
6458,3090,380,1,310.0,310.0
6459,3090,380,1,310.0,310.0
6460,3092,390,2,270.0,540.0
6461,3092,390,1,270.0,270.0
6462,3093,290,2,200.0,400.0
6463,3095,258,1,270.0,270.0
6464,3095,477,1,290.0,290.0
6465,3095,258,1,270.0,270.0
6466,3096,126,3,510.0,1530.0
6467,3096,126,1,510.0,510.0
6468,3096,281,1,160.0,160.0
6469,3098,237,1,350.0,350.0
6470,3098,441,1,190.0,190.0
6471,3099,45,2,280.0,560.0
6472,3101,374,2,130.0,260.0
6473,3102,662,1,590.0,590.0
6474,3102,563,1,130.0,130.0
6475,3103,372,1,190.0,190.0
6476,3103,741,1,290.0,290.0
6477,3103,362,1,100.0,100.0
6478,3103,741,3,290.0,870.0
6479,3104,130,1,300.0,300.0
6480,3105,39,2,70.0,140.0
6481,3106,705,2,160.0,320.0
6482,3106,409,2,200.0,400.0
6483,3106,602,1,580.0,580.0
6484,3107,125,2,210.0,420.0
6485,3108,619,1,60.0,60.0
6486,3109,35,1,310.0,310.0
6487,3110,338,1,210.0,210.0
6488,3110,338,1,210.0,210.0
6489,3110,65,3,330.0,990.0
6490,3111,710,1,210.0,210.0
6491,3112,332,1,180.0,180.0
6492,3113,215,2,210.0,420.0
6493,3113,529,2,60.0,120.0
6494,3114,38,2,620.0,1240.0
6495,3114,549,2,240.0,480.0
6496,3116,57,1,230.0,230.0
6497,3116,214,2,190.0,380.0
6498,3117,641,3,300.0,900.0
6499,3118,312,1,180.0,180.0
6500,3119,684,1,140.0,140.0
6501,3119,325,1,190.0,190.0
6502,3119,152,2,70.0,140.0
6503,3119,684,1,140.0,140.0
6504,3119,152,1,70.0,70.0
6505,3120,315,1,60.0,60.0
6506,3121,37,1,100.0,100.0
6507,3121,37,2,100.0,200.0
6508,3122,19,1,110.0,110.0
6509,3122,609,2,60.0,120.0
6510,3122,19,1,110.0,110.0
6511,3122,19,1,110.0,110.0
6512,3123,512,1,50.0,50.0
6513,3123,118,1,170.0,170.0
6514,3125,451,1,60.0,60.0
6515,3125,220,2,190.0,380.0
6516,3126,643,1,280.0,280.0
6517,3126,9,1,280.0,280.0
6518,3126,109,2,230.0,460.0
6519,3126,643,1,280.0,280.0
6520,3127,621,1,140.0,140.0
6521,3128,642,3,260.0,780.0
6522,3128,42,1,110.0,110.0
6523,3128,642,2,260.0,520.0
6524,3129,45,1,280.0,280.0
6525,3129,332,3,180.0,540.0
6526,3131,73,2,70.0,140.0
6527,3131,186,2,250.0,500.0
6528,3132,102,1,300.0,300.0
6529,3132,414,1,100.0,100.0
6530,3133,463,1,60.0,60.0
6531,3133,105,1,50.0,50.0
6532,3134,692,2,230.0,460.0
6533,3134,634,1,120.0,120.0
6534,3136,218,1,160.0,160.0
6535,3136,657,3,210.0,630.0
6536,3136,158,2,270.0,540.0
6537,3136,159,2,320.0,640.0
6538,3137,328,1,230.0,230.0
6539,3137,610,2,220.0,440.0
6540,3137,328,1,230.0,230.0
6541,3138,311,2,60.0,120.0
6542,3138,394,2,250.0,500.0
6543,3139,597,2,100.0,200.0
6544,3140,501,1,70.0,70.0
6545,3140,647,3,180.0,540.0
6546,3140,647,2,180.0,360.0
6547,3141,469,1,100.0,100.0
6548,3141,469,1,100.0,100.0
6549,3141,469,2,100.0,200.0
6550,3142,335,1,40.0,40.0
6551,3142,231,1,100.0,100.0
6552,3143,712,1,70.0,70.0
6553,3143,415,1,70.0,70.0
6554,3144,516,1,100.0,100.0
6555,3144,552,1,170.0,170.0
6556,3145,580,1,40.0,40.0
6557,3145,316,2,190.0,380.0
6558,3145,334,1,120.0,120.0
6559,3145,580,2,40.0,80.0
6560,3146,532,2,130.0,260.0
6561,3147,414,1,100.0,100.0
6562,3147,302,1,210.0,210.0
6563,3148,373,2,260.0,520.0
6564,3148,373,1,260.0,260.0
6565,3150,127,1,250.0,250.0
6566,3150,164,1,90.0,90.0
6567,3151,88,1,310.0,310.0
6568,3151,234,1,130.0,130.0
6569,3151,88,1,310.0,310.0
6570,3152,642,2,260.0,520.0
6571,3152,616,1,190.0,190.0
6572,3152,42,1,110.0,110.0
6573,3153,107,1,150.0,150.0
6574,3153,279,1,70.0,70.0
6575,3154,500,1,100.0,100.0
6576,3154,91,1,270.0,270.0
6577,3154,91,1,270.0,270.0
6578,3154,91,3,270.0,810.0
6579,3155,392,1,60.0,60.0
6580,3155,562,2,150.0,300.0
6581,3155,562,1,150.0,150.0
6582,3156,92,1,120.0,120.0
6583,3156,100,2,190.0,380.0
6584,3156,637,1,200.0,200.0
6585,3157,300,1,330.0,330.0
6586,3157,300,2,330.0,660.0
6587,3157,263,3,180.0,540.0
6588,3159,260,2,60.0,120.0
6589,3159,647,1,180.0,180.0
6590,3159,647,1,180.0,180.0
6591,3159,501,2,70.0,140.0
6592,3160,23,1,310.0,310.0
6593,3160,451,1,60.0,60.0
6594,3160,539,1,90.0,90.0
6595,3160,458,1,570.0,570.0
6596,3160,177,1,70.0,70.0
6597,3165,549,3,240.0,720.0
6598,3165,549,1,240.0,240.0
6599,3165,318,1,90.0,90.0
6600,3166,559,2,200.0,400.0
6601,3166,8,1,460.0,460.0
6602,3167,448,3,110.0,330.0
6603,3167,198,1,570.0,570.0
6604,3168,191,1,140.0,140.0
6605,3169,582,2,200.0,400.0
6606,3169,52,2,330.0,660.0
6607,3169,387,1,650.0,650.0
6608,3169,582,1,200.0,200.0
6609,3169,554,2,240.0,480.0
6610,3171,367,1,270.0,270.0
6611,3171,367,3,270.0,810.0
6612,3172,241,1,90.0,90.0
6613,3172,308,2,340.0,680.0
6614,3173,131,1,310.0,310.0
6615,3173,337,3,290.0,870.0
6616,3173,337,2,290.0,580.0
6617,3173,337,2,290.0,580.0
6618,3173,483,1,130.0,130.0
6619,3175,109,1,230.0,230.0
6620,3175,643,1,280.0,280.0
6621,3175,117,1,40.0,40.0
6622,3175,117,2,40.0,80.0
6623,3176,504,1,390.0,390.0
6624,3176,521,1,330.0,330.0
6625,3176,16,1,90.0,90.0
6626,3176,597,2,100.0,200.0
6627,3177,625,1,210.0,210.0
6628,3177,732,1,120.0,120.0
6629,3178,219,2,100.0,200.0
6630,3178,334,1,120.0,120.0
6631,3179,156,2,660.0,1320.0
6632,3179,448,1,110.0,110.0
6633,3180,428,1,240.0,240.0
6634,3180,432,2,540.0,1080.0
6635,3180,288,1,180.0,180.0
6636,3181,259,3,280.0,840.0
6637,3181,498,2,90.0,180.0
6638,3182,28,1,210.0,210.0
6639,3182,28,1,210.0,210.0
6640,3182,309,1,60.0,60.0
6641,3183,130,2,300.0,600.0
6642,3184,137,2,490.0,980.0
6643,3184,137,3,490.0,1470.0
6644,3184,137,2,490.0,980.0
6645,3184,369,2,170.0,340.0
6646,3185,405,2,220.0,440.0
6647,3185,233,2,160.0,320.0
6648,3185,408,3,120.0,360.0
6649,3185,405,1,220.0,220.0
6650,3185,405,1,220.0,220.0
6651,3186,606,1,40.0,40.0
6652,3186,516,1,100.0,100.0
6653,3186,552,2,170.0,340.0
6654,3187,215,1,210.0,210.0
6655,3188,232,1,280.0,280.0
6656,3189,633,2,170.0,340.0
6657,3190,727,2,250.0,500.0
6658,3190,28,2,210.0,420.0
6659,3190,727,1,250.0,250.0
6660,3190,28,1,210.0,210.0
6661,3190,189,1,170.0,170.0
6662,3191,691,1,540.0,540.0
6663,3191,721,1,140.0,140.0
6664,3192,514,2,150.0,300.0
6665,3192,514,2,150.0,300.0
6666,3192,199,1,300.0,300.0
6667,3193,290,1,200.0,200.0
6668,3193,290,2,200.0,400.0
6669,3193,571,1,520.0,520.0
6670,3194,580,2,40.0,80.0
6671,3195,452,1,270.0,270.0
6672,3196,558,1,330.0,330.0
6673,3196,600,2,170.0,340.0
6674,3197,521,3,330.0,990.0
6675,3198,75,1,230.0,230.0
6676,3198,128,2,140.0,280.0
6677,3198,166,1,590.0,590.0
6678,3198,75,2,230.0,460.0
6679,3199,484,1,130.0,130.0
6680,3199,637,1,200.0,200.0
6681,3202,628,2,450.0,900.0
6682,3202,699,1,320.0,320.0
6683,3203,700,1,50.0,50.0
6684,3203,299,1,70.0,70.0
6685,3203,700,2,50.0,100.0
6686,3204,730,1,220.0,220.0
6687,3204,730,2,220.0,440.0
6688,3204,730,1,220.0,220.0
6689,3204,730,3,220.0,660.0
6690,3205,311,1,60.0,60.0
6691,3206,141,1,190.0,190.0
6692,3206,141,1,190.0,190.0
6693,3207,49,2,330.0,660.0
6694,3207,10,1,90.0,90.0
6695,3208,42,1,110.0,110.0
6696,3208,616,2,190.0,380.0
6697,3208,642,1,260.0,260.0
6698,3209,556,1,270.0,270.0
6699,3209,688,2,180.0,360.0
6700,3209,556,3,270.0,810.0
6701,3210,234,1,130.0,130.0
6702,3210,2,1,40.0,40.0
6703,3211,508,2,340.0,680.0
6704,3211,409,2,200.0,400.0
6705,3212,69,3,630.0,1890.0
6706,3212,615,2,110.0,220.0
6707,3212,615,3,110.0,330.0
6708,3212,69,1,630.0,630.0
6709,3212,69,1,630.0,630.0
6710,3213,346,1,650.0,650.0
6711,3213,150,2,240.0,480.0
6712,3214,169,1,310.0,310.0
6713,3214,722,2,140.0,280.0
6714,3214,722,1,140.0,140.0
6715,3214,722,1,140.0,140.0
6716,3214,169,3,310.0,930.0
6717,3215,389,1,70.0,70.0
6718,3215,684,2,140.0,280.0
6719,3216,687,1,90.0,90.0
6720,3216,724,2,270.0,540.0
6721,3217,722,2,140.0,280.0
6722,3217,221,2,110.0,220.0
6723,3218,473,3,80.0,240.0
6724,3218,473,1,80.0,80.0
6725,3218,492,1,350.0,350.0
6726,3218,83,1,170.0,170.0
6727,3219,588,1,640.0,640.0
6728,3220,353,3,300.0,900.0
6729,3220,319,1,180.0,180.0
6730,3221,369,1,170.0,170.0
6731,3221,313,3,260.0,780.0
6732,3221,369,2,170.0,340.0
6733,3221,137,1,490.0,490.0
6734,3222,247,1,190.0,190.0
6735,3222,482,1,660.0,660.0
6736,3224,199,3,300.0,900.0
6737,3224,199,1,300.0,300.0
6738,3225,332,1,180.0,180.0
6739,3225,671,1,220.0,220.0
6740,3225,671,1,220.0,220.0
6741,3226,603,1,220.0,220.0
6742,3226,532,1,130.0,130.0
6743,3226,740,1,350.0,350.0
6744,3226,708,3,480.0,1440.0
6745,3227,54,2,510.0,1020.0
6746,3227,432,2,540.0,1080.0
6747,3229,589,2,310.0,620.0
6748,3229,224,1,120.0,120.0
6749,3229,589,1,310.0,310.0
6750,3230,99,1,560.0,560.0
6751,3230,418,1,50.0,50.0
6752,3231,719,2,50.0,100.0
6753,3232,74,1,70.0,70.0
6754,3232,343,3,680.0,2040.0
6755,3233,323,3,50.0,150.0
6756,3233,698,1,210.0,210.0
6757,3234,144,1,130.0,130.0
6758,3234,43,1,50.0,50.0
6759,3234,43,2,50.0,100.0
6760,3234,308,3,340.0,1020.0
6761,3234,43,3,50.0,150.0
6762,3235,500,2,100.0,200.0
6763,3235,480,2,510.0,1020.0
6764,3236,689,2,60.0,120.0
6765,3236,689,1,60.0,60.0
6766,3237,7,2,320.0,640.0
6767,3237,147,1,160.0,160.0
6768,3237,147,1,160.0,160.0
6769,3238,214,1,190.0,190.0
6770,3238,734,2,90.0,180.0
6771,3238,595,1,470.0,470.0
6772,3238,607,1,130.0,130.0
6773,3239,594,1,330.0,330.0
6774,3239,530,1,90.0,90.0
6775,3239,530,1,90.0,90.0
6776,3239,371,1,80.0,80.0
6777,3239,238,1,210.0,210.0
6778,3240,9,1,280.0,280.0
6779,3240,109,2,230.0,460.0
6780,3240,117,2,40.0,80.0
6781,3240,9,1,280.0,280.0
6782,3241,649,2,320.0,640.0
6783,3241,649,3,320.0,960.0
6784,3241,255,1,70.0,70.0
6785,3241,427,1,280.0,280.0
6786,3242,319,1,180.0,180.0
6787,3242,266,1,320.0,320.0
6788,3243,222,2,60.0,120.0
6789,3243,222,2,60.0,120.0
6790,3245,135,2,610.0,1220.0
6791,3245,213,1,280.0,280.0
6792,3245,135,1,610.0,610.0
6793,3246,594,2,330.0,660.0
6794,3246,594,1,330.0,330.0
6795,3248,529,2,60.0,120.0
6796,3248,513,2,190.0,380.0
6797,3250,316,1,190.0,190.0
6798,3250,316,2,190.0,380.0
6799,3251,87,3,510.0,1530.0
6800,3252,389,1,70.0,70.0
6801,3253,721,1,140.0,140.0
6802,3254,110,3,310.0,930.0
6803,3254,400,2,190.0,380.0
6804,3255,581,2,130.0,260.0
6805,3256,628,1,450.0,450.0
6806,3257,516,2,100.0,200.0
6807,3259,419,1,270.0,270.0
6808,3259,72,1,270.0,270.0
6809,3260,426,1,140.0,140.0
6810,3260,522,1,180.0,180.0
6811,3261,135,1,610.0,610.0
6812,3261,330,1,110.0,110.0
6813,3261,213,2,280.0,560.0
6814,3262,269,1,620.0,620.0
6815,3262,269,1,620.0,620.0
6816,3263,703,1,90.0,90.0
6817,3264,589,1,310.0,310.0
6818,3264,224,1,120.0,120.0
6819,3264,193,2,150.0,300.0
6820,3264,64,1,140.0,140.0
6821,3264,519,1,170.0,170.0
6822,3265,602,1,580.0,580.0
6823,3265,17,1,330.0,330.0
6824,3266,213,2,280.0,560.0
6825,3266,135,2,610.0,1220.0
6826,3266,330,1,110.0,110.0
6827,3267,119,1,210.0,210.0
6828,3267,201,1,100.0,100.0
6829,3268,655,2,250.0,500.0
6830,3268,655,2,250.0,500.0
6831,3268,328,1,230.0,230.0
6832,3268,328,1,230.0,230.0
6833,3269,335,1,40.0,40.0
6834,3270,687,1,90.0,90.0
6835,3272,48,1,180.0,180.0
6836,3272,95,2,90.0,180.0
6837,3272,48,2,180.0,360.0
6838,3272,464,1,80.0,80.0
6839,3273,695,1,280.0,280.0
6840,3273,380,3,310.0,930.0
6841,3274,628,3,450.0,1350.0
6842,3274,628,2,450.0,900.0
6843,3274,699,1,320.0,320.0
6844,3275,320,1,100.0,100.0
6845,3275,320,1,100.0,100.0
6846,3275,592,1,340.0,340.0
6847,3275,320,2,100.0,200.0
6848,3276,106,2,550.0,1100.0
6849,3276,274,1,80.0,80.0
6850,3277,744,2,270.0,540.0
6851,3277,35,1,310.0,310.0
6852,3277,35,1,310.0,310.0
6853,3278,520,1,60.0,60.0
6854,3278,520,3,60.0,180.0
6855,3279,681,2,300.0,600.0
6856,3279,681,1,300.0,300.0
6857,3279,309,1,60.0,60.0
6858,3281,69,1,630.0,630.0
6859,3281,291,3,280.0,840.0
6860,3281,627,3,300.0,900.0
6861,3282,67,1,120.0,120.0
6862,3282,466,1,290.0,290.0
6863,3283,498,1,90.0,90.0
6864,3283,205,1,50.0,50.0
6865,3284,108,2,230.0,460.0
6866,3284,715,2,230.0,460.0
6867,3284,715,1,230.0,230.0
6868,3285,720,2,360.0,720.0
6869,3285,720,3,360.0,1080.0
6870,3286,420,3,270.0,810.0
6871,3286,486,1,60.0,60.0
6872,3287,207,3,70.0,210.0
6873,3287,207,1,70.0,70.0
6874,3287,176,1,230.0,230.0
6875,3287,207,2,70.0,140.0
6876,3288,302,3,210.0,630.0
6877,3288,302,1,210.0,210.0
6878,3289,467,2,200.0,400.0
6879,3291,470,3,320.0,960.0
6880,3292,614,2,190.0,380.0
6881,3292,71,2,250.0,500.0
6882,3293,735,1,40.0,40.0
6883,3293,536,2,310.0,620.0
6884,3294,713,2,330.0,660.0
6885,3295,368,1,320.0,320.0
6886,3296,592,1,340.0,340.0
6887,3296,386,1,70.0,70.0
6888,3297,453,1,170.0,170.0
6889,3297,453,2,170.0,340.0
6890,3297,157,3,240.0,720.0
6891,3297,312,2,180.0,360.0
6892,3298,483,1,130.0,130.0
6893,3298,337,2,290.0,580.0
6894,3299,266,1,320.0,320.0
6895,3299,319,1,180.0,180.0
6896,3300,435,2,70.0,140.0
6897,3301,82,1,70.0,70.0
6898,3301,530,1,90.0,90.0
6899,3301,594,1,330.0,330.0
6900,3301,530,1,90.0,90.0
6901,3302,277,1,210.0,210.0
6902,3304,208,2,60.0,120.0
6903,3304,208,1,60.0,60.0
6904,3305,663,3,170.0,510.0
6905,3305,31,3,100.0,300.0
6906,3305,728,2,370.0,740.0
6907,3306,363,2,670.0,1340.0
6908,3306,629,1,290.0,290.0
6909,3307,115,3,110.0,330.0
6910,3309,402,1,230.0,230.0
6911,3309,172,2,190.0,380.0
6912,3311,443,2,180.0,360.0
6913,3312,336,3,110.0,330.0
6914,3312,674,2,630.0,1260.0
6915,3313,415,1,70.0,70.0
6916,3313,712,1,70.0,70.0
6917,3314,336,1,110.0,110.0
6918,3314,674,2,630.0,1260.0
6919,3314,336,1,110.0,110.0
6920,3315,641,1,300.0,300.0
6921,3316,428,1,240.0,240.0
6922,3317,431,1,210.0,210.0
6923,3317,603,1,220.0,220.0
6924,3318,526,2,100.0,200.0
6925,3318,134,1,200.0,200.0
6926,3318,134,3,200.0,600.0
6927,3319,509,1,250.0,250.0
6928,3319,647,2,180.0,360.0
6929,3319,235,2,110.0,220.0
6930,3319,365,2,450.0,900.0
6931,3319,365,1,450.0,450.0
6932,3320,418,1,50.0,50.0
6933,3320,418,1,50.0,50.0
6934,3320,462,1,110.0,110.0
6935,3321,224,2,120.0,240.0
6936,3321,46,1,200.0,200.0
6937,3321,64,2,140.0,280.0
6938,3321,690,1,70.0,70.0
6939,3322,532,1,130.0,130.0
6940,3322,564,1,200.0,200.0
6941,3322,564,2,200.0,400.0
6942,3322,431,3,210.0,630.0
6943,3322,708,3,480.0,1440.0
6944,3323,298,2,40.0,80.0
6945,3323,521,1,330.0,330.0
6946,3324,14,2,120.0,240.0
6947,3324,219,2,100.0,200.0
6948,3325,491,1,510.0,510.0
6949,3326,373,1,260.0,260.0
6950,3326,21,1,640.0,640.0
6951,3326,373,1,260.0,260.0
6952,3328,124,1,220.0,220.0
6953,3328,30,1,60.0,60.0
6954,3328,272,2,200.0,400.0
6955,3328,4,1,50.0,50.0
6956,3328,478,1,270.0,270.0
6957,3329,291,2,280.0,560.0
6958,3329,615,2,110.0,220.0
6959,3330,608,1,70.0,70.0
6960,3330,608,3,70.0,210.0
6961,3330,20,1,90.0,90.0
6962,3331,642,2,260.0,520.0
6963,3332,241,1,90.0,90.0
6964,3332,144,1,130.0,130.0
6965,3333,148,1,270.0,270.0
6966,3333,697,1,210.0,210.0
6967,3333,697,2,210.0,420.0
6968,3334,481,1,50.0,50.0
6969,3334,481,1,50.0,50.0
6970,3334,245,2,290.0,580.0
6971,3335,316,1,190.0,190.0
6972,3335,580,1,40.0,40.0
6973,3336,64,2,140.0,280.0
6974,3336,46,2,200.0,400.0
6975,3337,356,1,310.0,310.0
6976,3337,747,2,180.0,360.0
6977,3338,421,3,160.0,480.0
6978,3339,640,2,40.0,80.0
6979,3339,114,2,130.0,260.0
6980,3340,10,1,90.0,90.0
6981,3340,49,3,330.0,990.0
6982,3340,10,3,90.0,270.0
6983,3340,344,1,60.0,60.0
6984,3341,92,3,120.0,360.0
6985,3341,568,1,100.0,100.0
6986,3342,545,2,290.0,580.0
6987,3342,208,1,60.0,60.0
6988,3343,50,1,300.0,300.0
6989,3343,384,1,350.0,350.0
6990,3343,262,1,80.0,80.0
6991,3344,483,3,130.0,390.0
6992,3344,337,2,290.0,580.0
6993,3344,131,2,310.0,620.0
6994,3345,713,2,330.0,660.0
6995,3345,713,2,330.0,660.0
6996,3346,288,1,180.0,180.0
6997,3346,702,1,90.0,90.0
6998,3347,618,1,100.0,100.0
6999,3347,488,1,180.0,180.0
7000,3347,422,3,130.0,390.0
7001,3347,452,1,270.0,270.0
7002,3348,600,2,170.0,340.0
7003,3348,510,1,110.0,110.0
7004,3348,720,1,360.0,360.0
7005,3348,345,2,330.0,660.0
7006,3349,481,2,50.0,100.0
7007,3351,175,1,310.0,310.0
7008,3351,72,1,270.0,270.0
7009,3352,689,1,60.0,60.0
7010,3352,463,2,60.0,120.0
7011,3352,32,1,290.0,290.0
7012,3352,32,1,290.0,290.0
7013,3352,463,1,60.0,60.0
7014,3353,191,1,140.0,140.0
7015,3353,656,2,120.0,240.0
7016,3354,610,1,220.0,220.0
7017,3354,598,2,440.0,880.0
7018,3354,655,3,250.0,750.0
7019,3355,447,2,110.0,220.0
7020,3355,485,2,170.0,340.0
7021,3355,110,1,310.0,310.0
7022,3355,136,1,530.0,530.0
7023,3356,641,2,300.0,600.0
7024,3357,352,1,40.0,40.0
7025,3357,352,1,40.0,40.0
7026,3358,636,1,50.0,50.0
7027,3358,560,1,250.0,250.0
7028,3359,374,2,130.0,260.0
7029,3359,474,2,150.0,300.0
7030,3360,390,2,270.0,540.0
7031,3361,137,1,490.0,490.0
7032,3361,493,1,190.0,190.0
7033,3361,188,1,320.0,320.0
7034,3362,308,2,340.0,680.0
7035,3362,43,1,50.0,50.0
7036,3363,519,1,170.0,170.0
7037,3363,224,1,120.0,120.0
7038,3364,580,1,40.0,40.0
7039,3364,316,2,190.0,380.0
7040,3365,74,1,70.0,70.0
7041,3365,74,1,70.0,70.0
7042,3365,437,1,130.0,130.0
7043,3366,546,2,190.0,380.0
7044,3366,670,2,340.0,680.0
7045,3366,277,2,210.0,420.0
7046,3367,434,1,670.0,670.0
7047,3367,691,1,540.0,540.0
7048,3367,142,1,260.0,260.0
7049,3367,721,3,140.0,420.0
7050,3368,298,1,40.0,40.0
7051,3368,597,1,100.0,100.0
7052,3369,406,2,180.0,360.0
7053,3370,636,2,50.0,100.0
7054,3371,634,1,120.0,120.0
7055,3371,634,1,120.0,120.0
7056,3371,257,1,270.0,270.0
7057,3371,668,1,110.0,110.0
7058,3372,90,2,100.0,200.0
7059,3372,698,2,210.0,420.0
7060,3372,581,1,130.0,130.0
7061,3373,359,2,580.0,1160.0
7062,3374,201,3,100.0,300.0
7063,3374,368,1,320.0,320.0
7064,3375,650,2,170.0,340.0
7065,3375,650,1,170.0,170.0
7066,3375,650,2,170.0,340.0
7067,3375,729,1,90.0,90.0
7068,3376,293,1,40.0,40.0
7069,3376,129,2,50.0,100.0
7070,3376,413,1,170.0,170.0
7071,3376,544,1,40.0,40.0
7072,3377,460,1,70.0,70.0
7073,3377,39,1,70.0,70.0
7074,3377,412,1,180.0,180.0
7075,3377,412,1,180.0,180.0
7076,3378,134,1,200.0,200.0
7077,3379,170,1,60.0,60.0
7078,3379,170,1,60.0,60.0
7079,3380,619,2,60.0,120.0
7080,3380,619,1,60.0,60.0
7081,3380,351,1,60.0,60.0
7082,3381,602,1,580.0,580.0
7083,3381,602,1,580.0,580.0
7084,3383,363,1,670.0,670.0
7085,3383,363,2,670.0,1340.0
7086,3384,578,1,190.0,190.0
7087,3384,460,1,70.0,70.0
7088,3384,76,3,90.0,270.0
7089,3384,460,1,70.0,70.0
7090,3384,181,2,190.0,380.0
7091,3385,213,1,280.0,280.0
7092,3385,213,1,280.0,280.0
7093,3385,213,1,280.0,280.0
7094,3386,248,2,280.0,560.0
7095,3386,248,1,280.0,280.0
7096,3386,456,2,320.0,640.0
7097,3387,307,2,270.0,540.0
7098,3387,398,1,120.0,120.0
7099,3388,8,2,460.0,920.0
7100,3388,688,2,180.0,360.0
7101,3389,727,2,250.0,500.0
7102,3391,619,1,60.0,60.0
7103,3391,528,1,160.0,160.0
7104,3391,619,1,60.0,60.0
7105,3392,212,2,100.0,200.0
7106,3392,738,2,110.0,220.0
7107,3392,476,1,60.0,60.0
7108,3392,261,2,60.0,120.0
7109,3393,592,2,340.0,680.0
7110,3393,592,2,340.0,680.0
7111,3393,386,2,70.0,140.0
7112,3393,662,1,590.0,590.0
7113,3395,616,1,190.0,190.0
7114,3395,42,1,110.0,110.0
7115,3396,405,3,220.0,660.0
7116,3396,706,1,280.0,280.0
7117,3396,233,2,160.0,320.0
7118,3397,328,1,230.0,230.0
7119,3397,328,2,230.0,460.0
7120,3397,714,1,40.0,40.0
7121,3398,131,3,310.0,930.0
7122,3399,243,3,250.0,750.0
7123,3399,48,2,180.0,360.0
7124,3399,48,2,180.0,360.0
7125,3400,36,1,80.0,80.0
7126,3400,738,1,110.0,110.0
7127,3401,336,3,110.0,330.0
7128,3402,671,2,220.0,440.0
7129,3402,45,3,280.0,840.0
7130,3403,90,1,100.0,100.0
7131,3403,698,1,210.0,210.0
7132,3403,590,1,290.0,290.0
7133,3403,90,3,100.0,300.0
7134,3403,698,2,210.0,420.0
7135,3404,316,1,190.0,190.0
7136,3406,284,1,70.0,70.0
7137,3406,284,2,70.0,140.0
7138,3408,326,1,110.0,110.0
7139,3409,35,1,310.0,310.0
7140,3409,718,2,150.0,300.0
7141,3409,744,1,270.0,270.0
7142,3409,216,3,320.0,960.0
7143,3410,492,1,350.0,350.0
7144,3411,210,1,50.0,50.0
7145,3412,274,2,80.0,160.0
7146,3412,274,2,80.0,160.0
7147,3413,165,1,180.0,180.0
7148,3413,27,2,60.0,120.0
7149,3413,172,3,190.0,570.0
7150,3414,659,1,170.0,170.0
7151,3414,520,1,60.0,60.0
7152,3414,520,2,60.0,120.0
7153,3415,507,1,190.0,190.0
7154,3415,342,1,190.0,190.0
7155,3416,165,1,180.0,180.0
7156,3417,290,2,200.0,400.0
7157,3417,290,1,200.0,200.0
7158,3417,571,3,520.0,1560.0
7159,3418,127,1,250.0,250.0
7160,3418,127,3,250.0,750.0
7161,3419,489,2,140.0,280.0
7162,3420,150,2,240.0,480.0
7163,3420,150,1,240.0,240.0
7164,3420,638,3,300.0,900.0
7165,3421,29,1,110.0,110.0
7166,3421,244,1,150.0,150.0
7167,3422,217,1,50.0,50.0
7168,3422,87,2,510.0,1020.0
7169,3422,728,2,370.0,740.0
7170,3422,151,1,120.0,120.0
7171,3423,79,1,660.0,660.0
7172,3424,661,1,50.0,50.0
7173,3424,661,2,50.0,100.0
7174,3424,677,1,40.0,40.0
7175,3424,265,2,170.0,340.0
7176,3425,154,1,310.0,310.0
7177,3425,154,1,310.0,310.0
7178,3426,25,2,420.0,840.0
7179,3426,675,2,650.0,1300.0
7180,3426,329,1,110.0,110.0
7181,3426,357,1,300.0,300.0
7182,3426,123,2,60.0,120.0
7183,3427,428,1,240.0,240.0
7184,3427,54,3,510.0,1530.0
7185,3428,700,1,50.0,50.0
7186,3428,299,2,70.0,140.0
7187,3429,341,2,150.0,300.0
7188,3429,341,2,150.0,300.0
7189,3429,530,1,90.0,90.0
7190,3430,284,2,70.0,140.0
7191,3430,284,1,70.0,70.0
7192,3431,732,3,120.0,360.0
7193,3432,355,2,100.0,200.0
7194,3432,355,1,100.0,100.0
7195,3432,254,1,110.0,110.0
7196,3432,175,1,310.0,310.0
7197,3432,183,1,260.0,260.0
7198,3433,25,2,420.0,840.0
7199,3433,416,1,660.0,660.0
7200,3433,395,2,60.0,120.0
7201,3433,56,3,260.0,780.0
7202,3435,702,1,90.0,90.0
7203,3436,505,1,70.0,70.0
7204,3436,628,1,450.0,450.0
7205,3437,656,1,120.0,120.0
7206,3438,302,2,210.0,420.0
7207,3438,34,1,310.0,310.0
7208,3439,150,1,240.0,240.0
7209,3439,297,1,300.0,300.0
7210,3439,297,1,300.0,300.0
7211,3439,12,2,60.0,120.0
7212,3440,394,2,250.0,500.0
7213,3440,394,2,250.0,500.0
7214,3440,651,1,50.0,50.0
7215,3440,394,1,250.0,250.0
7216,3440,651,3,50.0,150.0
7217,3441,288,2,180.0,360.0
7218,3441,428,1,240.0,240.0
7219,3442,418,2,50.0,100.0
7220,3442,462,2,110.0,220.0
7221,3443,239,2,240.0,480.0
7222,3444,78,1,50.0,50.0
7223,3444,536,1,310.0,310.0
7224,3444,536,3,310.0,930.0
7225,3446,27,1,60.0,60.0
7226,3446,525,1,60.0,60.0
7227,3446,525,2,60.0,120.0
7228,3446,391,2,70.0,140.0
7229,3447,734,1,90.0,90.0
7230,3447,595,3,470.0,1410.0
7231,3447,595,2,470.0,940.0
7232,3447,101,1,300.0,300.0
7233,3447,327,1,110.0,110.0
7234,3448,90,1,100.0,100.0
7235,3448,90,2,100.0,200.0
7236,3448,323,1,50.0,50.0
7237,3448,90,2,100.0,200.0
7238,3449,477,1,290.0,290.0
7239,3449,258,2,270.0,540.0
7240,3449,545,3,290.0,870.0
7241,3449,503,2,270.0,540.0
7242,3449,258,1,270.0,270.0
7243,3450,104,1,240.0,240.0
7244,3451,740,1,350.0,350.0
7245,3451,740,1,350.0,350.0
7246,3452,35,1,310.0,310.0
7247,3452,35,2,310.0,620.0
7248,3452,35,1,310.0,310.0
7249,3453,364,1,190.0,190.0
7250,3453,51,1,50.0,50.0
7251,3453,472,1,210.0,210.0
7252,3454,231,2,100.0,200.0
7253,3454,423,2,40.0,80.0
7254,3454,423,1,40.0,40.0
7255,3455,526,2,100.0,200.0
7256,3456,409,1,200.0,200.0
7257,3456,602,2,580.0,1160.0
7258,3456,602,1,580.0,580.0
7259,3456,602,1,580.0,580.0
7260,3457,543,1,260.0,260.0
7261,3457,738,2,110.0,220.0
7262,3458,199,2,300.0,600.0
7263,3460,214,2,190.0,380.0
7264,3460,214,1,190.0,190.0
7265,3460,57,3,230.0,690.0
7266,3461,59,2,100.0,200.0
7267,3461,290,2,200.0,400.0
7268,3462,408,3,120.0,360.0
7269,3462,233,2,160.0,320.0
7270,3462,58,1,260.0,260.0
7271,3462,405,2,220.0,440.0
7272,3462,706,1,280.0,280.0
7273,3463,128,1,140.0,140.0
7274,3463,331,1,450.0,450.0
7275,3464,13,3,40.0,120.0
7276,3465,197,2,60.0,120.0
7277,3465,511,3,120.0,360.0
7278,3465,586,1,340.0,340.0
7279,3466,287,1,40.0,40.0
7280,3466,157,1,240.0,240.0
7281,3466,453,1,170.0,170.0
7282,3466,453,2,170.0,340.0
7283,3466,453,1,170.0,170.0
7284,3468,194,3,670.0,2010.0
7285,3469,538,1,240.0,240.0
7286,3469,685,1,40.0,40.0
7287,3469,538,1,240.0,240.0
7288,3469,237,2,350.0,700.0
7289,3469,321,3,310.0,930.0
7290,3471,290,3,200.0,600.0
7291,3472,190,3,550.0,1650.0
7292,3472,665,2,120.0,240.0
7293,3474,463,1,60.0,60.0
7294,3474,105,1,50.0,50.0
7295,3474,689,1,60.0,60.0
7296,3475,689,2,60.0,120.0
7297,3475,689,2,60.0,120.0
7298,3476,566,2,70.0,140.0
7299,3476,711,1,110.0,110.0
7300,3476,711,1,110.0,110.0
7301,3476,1,1,120.0,120.0
7302,3477,235,2,110.0,220.0
7303,3477,509,2,250.0,500.0
7304,3478,131,2,310.0,620.0
7305,3479,117,2,40.0,80.0
7306,3479,643,1,280.0,280.0
7307,3479,643,2,280.0,560.0
7308,3479,117,3,40.0,120.0
7309,3480,531,2,50.0,100.0
7310,3480,274,2,80.0,160.0
7311,3480,639,1,200.0,200.0
7312,3480,531,2,50.0,100.0
7313,3481,520,2,60.0,120.0
7314,3481,659,2,170.0,340.0
7315,3481,98,1,270.0,270.0
7316,3482,10,1,90.0,90.0
7317,3482,410,1,570.0,570.0
7318,3484,559,1,200.0,200.0
7319,3484,559,1,200.0,200.0
7320,3484,537,1,90.0,90.0
7321,3484,556,1,270.0,270.0
7322,3484,556,2,270.0,540.0
7323,3485,208,2,60.0,120.0
7324,3485,258,2,270.0,540.0
7325,3486,408,1,120.0,120.0
7326,3486,408,2,120.0,240.0
7327,3487,427,1,280.0,280.0
7328,3487,427,1,280.0,280.0
7329,3487,223,1,270.0,270.0
7330,3487,626,1,260.0,260.0
7331,3488,24,2,50.0,100.0
7332,3488,307,2,270.0,540.0
7333,3488,24,2,50.0,100.0
7334,3488,307,1,270.0,270.0
7335,3489,134,1,200.0,200.0
7336,3489,555,1,250.0,250.0
7337,3490,542,2,240.0,480.0
7338,3491,727,1,250.0,250.0
7339,3492,307,1,270.0,270.0
7340,3493,34,1,310.0,310.0
7341,3494,409,3,200.0,600.0
7342,3494,409,1,200.0,200.0
7343,3494,508,2,340.0,680.0
7344,3494,705,1,160.0,160.0
7345,3494,602,1,580.0,580.0
7346,3495,213,3,280.0,840.0
7347,3495,135,1,610.0,610.0
7348,3496,63,1,680.0,680.0
7349,3496,263,1,180.0,180.0
7350,3496,551,1,120.0,120.0
7351,3497,2,3,40.0,120.0
7352,3497,234,1,130.0,130.0
7353,3498,393,1,80.0,80.0
7354,3498,390,1,270.0,270.0
7355,3498,268,2,60.0,120.0
7356,3498,268,3,60.0,180.0
7357,3499,550,2,400.0,800.0
7358,3499,467,1,200.0,200.0
7359,3499,550,2,400.0,800.0
7360,3500,749,2,70.0,140.0
7361,3500,749,1,70.0,70.0
7362,3500,324,1,30.0,30.0
7363,3500,141,1,190.0,190.0
7364,3501,493,1,190.0,190.0
7365,3501,188,2,320.0,640.0
7366,3502,2,3,40.0,120.0
7367,3502,234,2,130.0,260.0
7368,3502,352,1,40.0,40.0
7369,3503,334,1,120.0,120.0
7370,3503,316,2,190.0,380.0
7371,3503,219,1,100.0,100.0
7372,3504,323,1,50.0,50.0
7373,3504,581,1,130.0,130.0
7374,3504,90,1,100.0,100.0
7375,3504,698,1,210.0,210.0
7376,3505,527,2,100.0,200.0
7377,3505,527,1,100.0,100.0
7378,3505,230,3,120.0,360.0
7379,3506,147,1,160.0,160.0
7380,3506,433,2,90.0,180.0
7381,3507,154,3,310.0,930.0
7382,3507,723,1,50.0,50.0
7383,3507,154,1,310.0,310.0
7384,3508,351,1,60.0,60.0
7385,3509,319,1,180.0,180.0
7386,3509,440,3,150.0,450.0
7387,3509,367,1,270.0,270.0
7388,3510,190,1,550.0,550.0
7389,3510,190,1,550.0,550.0
7390,3511,81,1,280.0,280.0
7391,3511,401,1,230.0,230.0
7392,3511,395,2,60.0,120.0
7393,3512,728,3,370.0,1110.0
7394,3512,217,1,50.0,50.0
7395,3512,289,2,160.0,320.0
7396,3512,663,1,170.0,170.0
7397,3513,201,1,100.0,100.0
7398,3513,716,2,290.0,580.0
7399,3514,315,1,60.0,60.0
7400,3514,322,1,170.0,170.0
7401,3514,322,1,170.0,170.0
7402,3514,639,2,200.0,400.0
7403,3515,604,2,60.0,120.0
7404,3515,447,1,110.0,110.0
7405,3515,447,1,110.0,110.0
7406,3515,136,1,530.0,530.0
7407,3516,695,1,280.0,280.0
7408,3517,633,3,170.0,510.0
7409,3517,633,2,170.0,340.0
7410,3517,222,3,60.0,180.0
7411,3518,731,1,280.0,280.0
7412,3518,141,1,190.0,190.0
7413,3518,731,2,280.0,560.0
7414,3519,651,1,50.0,50.0
7415,3519,394,2,250.0,500.0
7416,3520,100,1,190.0,190.0
7417,3520,100,1,190.0,190.0
7418,3521,206,1,60.0,60.0
7419,3521,459,1,120.0,120.0
7420,3521,459,2,120.0,240.0
7421,3522,116,1,300.0,300.0
7422,3522,267,2,270.0,540.0
7423,3523,734,1,90.0,90.0
7424,3524,526,1,100.0,100.0
7425,3524,555,1,250.0,250.0
7426,3525,526,1,100.0,100.0
7427,3526,462,1,110.0,110.0
7428,3528,212,1,100.0,100.0
7429,3528,476,2,60.0,120.0
7430,3530,496,1,220.0,220.0
7431,3531,422,1,130.0,130.0
7432,3531,488,2,180.0,360.0
7433,3531,417,1,60.0,60.0
7434,3531,479,2,80.0,160.0
7435,3532,599,1,100.0,100.0
7436,3532,44,1,290.0,290.0
7437,3532,340,1,60.0,60.0
7438,3532,44,1,290.0,290.0
7439,3533,269,1,620.0,620.0
7440,3533,61,1,100.0,100.0
7441,3533,732,1,120.0,120.0
7442,3534,471,2,650.0,1300.0
7443,3534,694,1,310.0,310.0
7444,3535,99,2,560.0,1120.0
7445,3535,462,1,110.0,110.0
7446,3535,418,2,50.0,100.0
7447,3536,387,1,650.0,650.0
7448,3536,187,1,130.0,130.0
7449,3536,52,2,330.0,660.0
7450,3536,52,2,330.0,660.0
7451,3537,13,2,40.0,80.0
7452,3537,496,1,220.0,220.0
7453,3538,453,3,170.0,510.0
7454,3538,312,1,180.0,180.0
7455,3538,157,2,240.0,480.0
7456,3538,190,3,550.0,1650.0
7457,3539,182,2,90.0,180.0
7458,3539,382,2,40.0,80.0
7459,3540,397,1,310.0,310.0
7460,3541,245,1,290.0,290.0
7461,3541,481,2,50.0,100.0
7462,3542,681,1,300.0,300.0
7463,3543,508,3,340.0,1020.0
7464,3543,508,2,340.0,680.0
7465,3543,508,1,340.0,340.0
7466,3543,602,2,580.0,1160.0
7467,3543,508,1,340.0,340.0
7468,3544,496,1,220.0,220.0
7469,3545,649,1,320.0,320.0
7470,3545,626,1,260.0,260.0
7471,3546,708,1,480.0,480.0
7472,3546,708,2,480.0,960.0
7473,3546,564,1,200.0,200.0
7474,3546,431,1,210.0,210.0
7475,3547,253,2,50.0,100.0
7476,3547,377,1,30.0,30.0
7477,3547,253,2,50.0,100.0
7478,3548,281,1,160.0,160.0
7479,3548,126,2,510.0,1020.0
7480,3549,52,3,330.0,990.0
7481,3549,191,1,140.0,140.0
7482,3550,300,1,330.0,330.0
7483,3551,474,2,150.0,300.0
7484,3551,374,2,130.0,260.0
7485,3552,269,1,620.0,620.0
7486,3553,464,3,80.0,240.0
7487,3553,48,1,180.0,180.0
7488,3553,464,1,80.0,80.0
7489,3554,623,1,170.0,170.0
7490,3554,623,2,170.0,340.0
7491,3555,616,1,190.0,190.0
7492,3555,616,1,190.0,190.0
7493,3555,42,2,110.0,220.0
7494,3556,124,1,220.0,220.0
7495,3556,579,1,330.0,330.0
7496,3557,424,1,90.0,90.0
7497,3557,363,1,670.0,670.0
7498,3558,356,1,310.0,310.0
7499,3558,709,1,190.0,190.0
7500,3558,709,1,190.0,190.0
7501,3558,709,1,190.0,190.0
7502,3558,204,2,280.0,560.0
7503,3559,638,1,300.0,300.0
7504,3559,638,1,300.0,300.0
7505,3559,638,2,300.0,600.0
7506,3559,346,3,650.0,1950.0
7507,3559,346,1,650.0,650.0
7508,3560,119,1,210.0,210.0
7509,3560,201,1,100.0,100.0
7510,3560,449,1,210.0,210.0
7511,3561,29,1,110.0,110.0
7512,3561,29,1,110.0,110.0
7513,3562,594,2,330.0,660.0
7514,3562,238,1,210.0,210.0
7515,3563,323,2,50.0,100.0
7516,3564,321,2,310.0,620.0
7517,3564,538,1,240.0,240.0
7518,3564,304,2,50.0,100.0
7519,3565,665,2,120.0,240.0
7520,3565,157,1,240.0,240.0
7521,3565,453,2,170.0,340.0
7522,3565,287,2,40.0,80.0
7523,3566,75,1,230.0,230.0
7524,3566,166,2,590.0,1180.0
7525,3567,195,2,270.0,540.0
7526,3568,73,1,70.0,70.0
7527,3568,73,1,70.0,70.0
7528,3569,206,1,60.0,60.0
7529,3569,459,1,120.0,120.0
7530,3569,206,3,60.0,180.0
7531,3570,290,1,200.0,200.0
7532,3570,59,1,100.0,100.0
7533,3570,59,1,100.0,100.0
7534,3572,327,1,110.0,110.0
7535,3573,1,1,120.0,120.0
7536,3574,677,2,40.0,80.0
7537,3574,396,1,90.0,90.0
7538,3575,363,2,670.0,1340.0
7539,3576,209,1,50.0,50.0
7540,3576,199,2,300.0,600.0
7541,3577,623,1,170.0,170.0
7542,3577,473,1,80.0,80.0
7543,3578,200,1,660.0,660.0
7544,3578,248,2,280.0,560.0
7545,3578,247,3,190.0,570.0
7546,3579,215,1,210.0,210.0
7547,3579,276,2,200.0,400.0
7548,3580,279,1,70.0,70.0
7549,3580,527,1,100.0,100.0
7550,3581,122,1,120.0,120.0
7551,3581,657,1,210.0,210.0
7552,3582,748,1,390.0,390.0
7553,3582,27,1,60.0,60.0
7554,3583,289,2,160.0,320.0
7555,3584,697,1,210.0,210.0
7556,3585,108,1,230.0,230.0
7557,3585,108,2,230.0,460.0
7558,3585,584,2,50.0,100.0
7559,3586,97,3,70.0,210.0
7560,3586,97,1,70.0,70.0
7561,3586,577,1,70.0,70.0
7562,3588,390,3,270.0,810.0
7563,3588,567,2,140.0,280.0
7564,3588,750,1,220.0,220.0
7565,3588,393,1,80.0,80.0
7566,3589,733,1,320.0,320.0
7567,3590,244,2,150.0,300.0
7568,3590,687,2,90.0,180.0
7569,3592,443,1,180.0,180.0
7570,3592,338,1,210.0,210.0
7571,3593,249,1,140.0,140.0
7572,3593,497,2,250.0,500.0
7573,3594,322,2,170.0,340.0
7574,3594,315,1,60.0,60.0
7575,3594,713,1,330.0,330.0
7576,3595,347,1,180.0,180.0
7577,3596,203,3,190.0,570.0
7578,3596,203,1,190.0,190.0
7579,3596,203,1,190.0,190.0
7580,3597,347,1,180.0,180.0
7581,3597,203,1,190.0,190.0
7582,3597,203,1,190.0,190.0
7583,3598,710,3,210.0,630.0
7584,3598,710,3,210.0,630.0
7585,3599,531,1,50.0,50.0
7586,3599,303,2,110.0,220.0
7587,3600,606,2,40.0,80.0
7588,3600,552,1,170.0,170.0
7589,3601,744,1,270.0,270.0
7590,3601,744,2,270.0,540.0
7591,3601,35,1,310.0,310.0
7592,3601,216,1,320.0,320.0
7593,3602,697,1,210.0,210.0
7594,3602,397,2,310.0,620.0
7595,3603,138,3,120.0,360.0
7596,3603,138,1,120.0,120.0
7597,3604,725,2,90.0,180.0
7598,3606,657,1,210.0,210.0
7599,3607,480,1,510.0,510.0
7600,3607,480,1,510.0,510.0
7601,3607,91,1,270.0,270.0
7602,3607,500,1,100.0,100.0
7603,3608,122,1,120.0,120.0
7604,3608,122,1,120.0,120.0
7605,3609,100,2,190.0,380.0
7606,3609,40,3,160.0,480.0
7607,3610,379,1,70.0,70.0
7608,3610,505,1,70.0,70.0
7609,3610,379,1,70.0,70.0
7610,3611,140,2,260.0,520.0
7611,3611,158,1,270.0,270.0
7612,3612,111,1,190.0,190.0
7613,3612,271,1,510.0,510.0
7614,3612,384,2,350.0,700.0
7615,3612,271,1,510.0,510.0
7616,3612,384,2,350.0,700.0
7617,3614,503,1,270.0,270.0
7618,3614,512,1,50.0,50.0
7619,3614,512,1,50.0,50.0
7620,3616,496,1,220.0,220.0
7621,3617,742,2,90.0,180.0
7622,3617,742,1,90.0,90.0
7623,3617,735,2,40.0,80.0
7624,3618,116,1,300.0,300.0
7625,3619,334,2,120.0,240.0
7626,3619,334,2,120.0,240.0
7627,3620,643,2,280.0,560.0
7628,3620,109,1,230.0,230.0
7629,3621,299,1,70.0,70.0
7630,3621,700,1,50.0,50.0
7631,3622,195,1,270.0,270.0
7632,3622,195,1,270.0,270.0
7633,3622,246,2,190.0,380.0
7634,3623,556,2,270.0,540.0
7635,3623,556,1,270.0,270.0
7636,3625,639,1,200.0,200.0
7637,3625,315,1,60.0,60.0
7638,3625,639,1,200.0,200.0
7639,3625,274,1,80.0,80.0
7640,3626,659,1,170.0,170.0
7641,3627,99,2,560.0,1120.0
7642,3627,462,1,110.0,110.0
7643,3627,462,2,110.0,220.0
7644,3628,216,1,320.0,320.0
7645,3629,415,1,70.0,70.0
7646,3629,245,2,290.0,580.0
7647,3629,245,1,290.0,290.0
7648,3629,712,3,70.0,210.0
7649,3629,481,2,50.0,100.0
7650,3630,166,1,590.0,590.0
7651,3631,144,3,130.0,390.0
7652,3631,47,1,40.0,40.0
7653,3631,561,1,290.0,290.0
7654,3631,47,1,40.0,40.0
7655,3631,62,2,210.0,420.0
7656,3632,65,1,330.0,330.0
7657,3632,443,2,180.0,360.0
7658,3632,338,1,210.0,210.0
7659,3633,117,1,40.0,40.0
7660,3633,117,2,40.0,80.0
7661,3633,643,2,280.0,560.0
7662,3633,109,1,230.0,230.0
7663,3634,169,2,310.0,620.0
7664,3634,717,2,60.0,120.0
7665,3634,184,2,500.0,1000.0
7666,3634,717,1,60.0,60.0
7667,3635,749,2,70.0,140.0
7668,3635,731,2,280.0,560.0
7669,3636,108,2,230.0,460.0
7670,3637,297,2,300.0,600.0
7671,3637,346,1,650.0,650.0
7672,3637,605,1,320.0,320.0
7673,3638,739,1,290.0,290.0
7674,3638,252,2,350.0,700.0
7675,3639,475,1,100.0,100.0
7676,3640,749,3,70.0,210.0
7677,3640,731,3,280.0,840.0
7678,3641,518,1,340.0,340.0
7679,3642,204,2,280.0,560.0
7680,3643,558,1,330.0,330.0
7681,3644,688,1,180.0,180.0
7682,3644,688,2,180.0,360.0
7683,3645,309,1,60.0,60.0
7684,3645,727,3,250.0,750.0
7685,3646,80,1,280.0,280.0
7686,3647,222,1,60.0,60.0
7687,3647,490,2,50.0,100.0
7688,3648,486,1,60.0,60.0
7689,3648,486,1,60.0,60.0
7690,3648,162,2,290.0,580.0
7691,3649,680,1,240.0,240.0
7692,3649,680,1,240.0,240.0
7693,3649,680,1,240.0,240.0
7694,3649,314,1,320.0,320.0
7695,3650,467,2,200.0,400.0
7696,3650,465,2,90.0,180.0
7697,3652,269,1,620.0,620.0
7698,3652,61,1,100.0,100.0
7699,3653,330,1,110.0,110.0
7700,3654,237,1,350.0,350.0
7701,3655,103,2,500.0,1000.0
7702,3655,464,2,80.0,160.0
7703,3655,48,1,180.0,180.0
7704,3655,103,1,500.0,500.0
7705,3656,365,1,450.0,450.0
7706,3657,182,1,90.0,90.0
7707,3657,444,1,110.0,110.0
7708,3657,182,1,90.0,90.0
7709,3658,443,1,180.0,180.0
7710,3658,65,1,330.0,330.0
7711,3658,443,1,180.0,180.0
7712,3659,723,2,50.0,100.0
7713,3659,154,1,310.0,310.0
7714,3660,465,3,90.0,270.0
7715,3660,506,2,110.0,220.0
7716,3660,467,2,200.0,400.0
7717,3660,506,2,110.0,220.0
7718,3661,381,2,560.0,1120.0
7719,3662,552,1,170.0,170.0
7720,3662,53,1,200.0,200.0
7721,3662,53,1,200.0,200.0
7722,3663,142,1,260.0,260.0
7723,3664,139,1,150.0,150.0
7724,3664,307,3,270.0,810.0
7725,3664,139,2,150.0,300.0
7726,3665,610,1,220.0,220.0
7727,3665,598,1,440.0,440.0
7728,3666,662,2,590.0,1180.0
7729,3666,662,1,590.0,590.0
7730,3666,592,1,340.0,340.0
7731,3668,110,2,310.0,620.0
7732,3668,447,1,110.0,110.0
7733,3668,485,2,170.0,340.0
7734,3669,632,2,340.0,680.0
7735,3671,164,1,90.0,90.0
7736,3672,537,1,90.0,90.0
7737,3672,556,3,270.0,810.0
7738,3673,455,2,120.0,240.0
7739,3674,485,3,170.0,510.0
7740,3674,447,1,110.0,110.0
7741,3675,590,3,290.0,870.0
7742,3675,590,1,290.0,290.0
7743,3677,529,1,60.0,60.0
7744,3677,513,2,190.0,380.0
7745,3677,450,1,240.0,240.0
7746,3677,433,1,90.0,90.0
7747,3678,440,2,150.0,300.0
7748,3678,375,1,310.0,310.0
7749,3679,281,1,160.0,160.0
7750,3681,641,2,300.0,600.0
7751,3682,67,1,120.0,120.0
7752,3682,466,2,290.0,580.0
7753,3682,542,2,240.0,480.0
7754,3683,700,2,50.0,100.0
7755,3683,11,1,80.0,80.0
7756,3683,11,1,80.0,80.0
7757,3683,593,1,180.0,180.0
7758,3684,285,2,270.0,540.0
7759,3684,383,1,200.0,200.0
7760,3684,593,2,180.0,360.0
7761,3685,171,2,180.0,360.0
7762,3685,29,2,110.0,220.0
7763,3685,687,1,90.0,90.0
7764,3685,683,1,50.0,50.0
7765,3687,276,2,200.0,400.0
7766,3687,529,1,60.0,60.0
7767,3687,529,1,60.0,60.0
7768,3687,147,1,160.0,160.0
7769,3688,385,1,90.0,90.0
7770,3688,210,1,50.0,50.0
7771,3688,557,1,310.0,310.0
7772,3689,251,2,320.0,640.0
7773,3690,526,1,100.0,100.0
7774,3690,526,1,100.0,100.0
7775,3690,526,1,100.0,100.0
7776,3690,134,1,200.0,200.0
7777,3691,10,2,90.0,180.0
7778,3692,351,1,60.0,60.0
7779,3692,351,2,60.0,120.0
7780,3692,528,2,160.0,320.0
7781,3693,348,1,70.0,70.0
7782,3693,49,3,330.0,990.0
7783,3693,348,1,70.0,70.0
7784,3694,299,1,70.0,70.0
7785,3694,299,1,70.0,70.0
7786,3695,61,1,100.0,100.0
7787,3696,41,3,310.0,930.0
7788,3696,372,1,190.0,190.0
7789,3697,623,2,170.0,340.0
7790,3697,623,1,170.0,170.0
7791,3697,623,1,170.0,170.0
7792,3698,154,1,310.0,310.0
7793,3698,154,1,310.0,310.0
7794,3699,34,1,310.0,310.0
7795,3699,302,1,210.0,210.0
7796,3699,34,1,310.0,310.0
7797,3700,13,1,40.0,40.0
7798,3700,13,1,40.0,40.0
7799,3701,304,1,50.0,50.0
7800,3701,377,2,30.0,60.0
7801,3701,441,1,190.0,190.0
7802,3702,235,1,110.0,110.0
7803,3703,397,3,310.0,930.0
7804,3703,251,2,320.0,640.0
7805,3703,148,3,270.0,810.0
7806,3703,399,2,190.0,380.0
7807,3703,148,1,270.0,270.0
7808,3704,45,1,280.0,280.0
7809,3704,404,2,60.0,120.0
7810,3704,45,1,280.0,280.0
7811,3705,270,1,140.0,140.0
7812,3706,332,2,180.0,360.0
7813,3706,671,2,220.0,440.0
7814,3706,404,2,60.0,120.0
7815,3707,21,2,640.0,1280.0
7816,3708,443,1,180.0,180.0
7817,3708,443,2,180.0,360.0
7818,3709,534,2,80.0,160.0
7819,3709,104,1,240.0,240.0
7820,3710,701,2,260.0,520.0
7821,3710,398,1,120.0,120.0
7822,3710,701,2,260.0,520.0
7823,3711,290,2,200.0,400.0
7824,3711,571,1,520.0,520.0
7825,3711,290,3,200.0,600.0
7826,3712,484,2,130.0,260.0
7827,3712,40,3,160.0,480.0
7828,3712,100,1,190.0,190.0
7829,3712,40,1,160.0,160.0
7830,3712,568,1,100.0,100.0
7831,3713,154,2,310.0,620.0
7832,3714,582,1,200.0,200.0
7833,3714,554,2,240.0,480.0
7834,3715,688,2,180.0,360.0
7835,3715,688,1,180.0,180.0
7836,3715,688,1,180.0,180.0
7837,3716,159,2,320.0,640.0
7838,3716,122,2,120.0,240.0
7839,3716,158,2,270.0,540.0
7840,3717,104,1,240.0,240.0
7841,3718,79,1,660.0,660.0
7842,3718,20,2,90.0,180.0
7843,3719,231,3,100.0,300.0
7844,3719,231,2,100.0,200.0
7845,3720,114,1,130.0,130.0
7846,3720,492,2,350.0,700.0
7847,3721,55,1,140.0,140.0
7848,3722,365,1,450.0,450.0
7849,3722,235,1,110.0,110.0
7850,3723,180,1,190.0,190.0
7851,3724,536,1,310.0,310.0
7852,3725,552,1,170.0,170.0
7853,3725,552,1,170.0,170.0
7854,3727,373,2,260.0,520.0
7855,3727,21,1,640.0,640.0
7856,3727,534,3,80.0,240.0
7857,3728,123,1,60.0,60.0
7858,3729,405,1,220.0,220.0
7859,3730,114,1,130.0,130.0
7860,3730,114,1,130.0,130.0
7861,3730,83,1,170.0,170.0
7862,3731,19,1,110.0,110.0
7863,3731,733,2,320.0,640.0
7864,3731,461,1,300.0,300.0
7865,3732,19,1,110.0,110.0
7866,3732,461,1,300.0,300.0
7867,3732,19,1,110.0,110.0
7868,3732,609,1,60.0,60.0
7869,3733,528,1,160.0,160.0
7870,3733,351,2,60.0,120.0
7871,3734,270,1,140.0,140.0
7872,3734,267,2,270.0,540.0
7873,3734,741,1,290.0,290.0
7874,3735,115,1,110.0,110.0
7875,3735,179,2,160.0,320.0
7876,3735,179,1,160.0,160.0
7877,3736,311,2,60.0,120.0
7878,3736,339,2,550.0,1100.0
7879,3737,150,2,240.0,480.0
7880,3737,489,1,140.0,140.0
7881,3738,373,2,260.0,520.0
7882,3738,104,1,240.0,240.0
7883,3739,412,3,180.0,540.0
7884,3739,76,1,90.0,90.0
7885,3739,644,1,120.0,120.0
7886,3739,181,2,190.0,380.0
7887,3741,288,2,180.0,360.0
7888,3741,288,2,180.0,360.0
7889,3741,54,1,510.0,510.0
7890,3742,99,1,560.0,560.0
7891,3742,418,1,50.0,50.0
7892,3743,421,2,160.0,320.0
7893,3743,576,2,120.0,240.0
7894,3744,59,2,100.0,200.0
7895,3744,59,2,100.0,200.0
7896,3745,727,1,250.0,250.0
7897,3746,748,2,390.0,780.0
7898,3747,695,1,280.0,280.0
7899,3748,295,1,50.0,50.0
7900,3748,133,1,210.0,210.0
7901,3748,138,3,120.0,360.0
7902,3749,390,1,270.0,270.0
7903,3749,567,2,140.0,280.0
7904,3749,750,1,220.0,220.0
7905,3749,750,2,220.0,440.0
7906,3750,355,1,100.0,100.0
7907,3750,547,1,100.0,100.0
7908,3750,737,1,480.0,480.0
7909,3751,450,1,240.0,240.0
7910,3752,203,2,190.0,380.0
7911,3752,710,1,210.0,210.0
7912,3752,203,1,190.0,190.0
7913,3753,732,2,120.0,240.0
7914,3753,269,1,620.0,620.0
7915,3753,625,1,210.0,210.0
7916,3753,269,1,620.0,620.0
7917,3754,93,1,710.0,710.0
7918,3754,257,1,270.0,270.0
7919,3755,380,2,310.0,620.0
7920,3755,583,2,140.0,280.0
7921,3756,639,1,200.0,200.0
7922,3757,436,2,110.0,220.0
7923,3757,583,1,140.0,140.0
7924,3758,63,1,680.0,680.0
7925,3759,378,3,320.0,960.0
7926,3759,474,2,150.0,300.0
7927,3760,131,2,310.0,620.0
7928,3760,97,2,70.0,140.0
7929,3760,577,3,70.0,210.0
7930,3760,131,1,310.0,310.0
7931,3760,97,1,70.0,70.0
7932,3761,444,1,110.0,110.0
7933,3762,71,2,250.0,500.0
7934,3762,676,1,220.0,220.0
7935,3762,286,1,340.0,340.0
7936,3763,380,1,310.0,310.0
7937,3763,695,1,280.0,280.0
7938,3763,583,3,140.0,420.0
7939,3763,436,1,110.0,110.0
7940,3763,583,2,140.0,280.0
7941,3764,257,1,270.0,270.0
7942,3764,692,2,230.0,460.0
7943,3765,228,1,280.0,280.0
7944,3766,222,1,60.0,60.0
7945,3766,633,1,170.0,170.0
7946,3767,655,1,250.0,250.0
7947,3767,610,1,220.0,220.0
7948,3767,610,2,220.0,440.0
7949,3768,443,1,180.0,180.0
7950,3769,221,2,110.0,220.0
7951,3769,184,1,500.0,500.0
7952,3771,130,1,300.0,300.0
7953,3772,221,1,110.0,110.0
7954,3772,169,2,310.0,620.0
7955,3773,73,2,70.0,140.0
7956,3773,186,1,250.0,250.0
7957,3774,480,3,510.0,1530.0
7958,3774,480,1,510.0,510.0
7959,3775,359,2,580.0,1160.0
7960,3775,417,3,60.0,180.0
7961,3776,510,1,110.0,110.0
7962,3777,748,2,390.0,780.0
7963,3777,165,2,180.0,360.0
7964,3777,27,1,60.0,60.0
7965,3778,99,1,560.0,560.0
7966,3778,99,1,560.0,560.0
7967,3779,579,2,330.0,660.0
7968,3779,573,1,320.0,320.0
7969,3779,572,1,300.0,300.0
7970,3780,641,1,300.0,300.0
7971,3782,299,1,70.0,70.0
7972,3782,383,1,200.0,200.0
7973,3782,700,2,50.0,100.0
7974,3782,285,2,270.0,540.0
7975,3783,571,2,520.0,1040.0
7976,3783,290,1,200.0,200.0
7977,3784,382,1,40.0,40.0
7978,3784,444,1,110.0,110.0
7979,3784,382,3,40.0,120.0
7980,3785,204,2,280.0,560.0
7981,3785,204,1,280.0,280.0
7982,3786,595,1,470.0,470.0
7983,3787,3,1,100.0,100.0
7984,3787,176,2,230.0,460.0
7985,3788,183,3,260.0,780.0
7986,3788,175,2,310.0,620.0
7987,3789,627,1,300.0,300.0
7988,3789,468,2,160.0,320.0
7989,3790,275,1,170.0,170.0
7990,3790,275,2,170.0,340.0
7991,3790,63,1,680.0,680.0
7992,3790,263,2,180.0,360.0
7993,3790,275,1,170.0,170.0
7994,3791,483,1,130.0,130.0
7995,3791,97,1,70.0,70.0
7996,3791,97,1,70.0,70.0
7997,3792,698,1,210.0,210.0
7998,3792,698,1,210.0,210.0
7999,3793,188,2,320.0,640.0
8000,3794,207,1,70.0,70.0
8001,3795,318,2,90.0,180.0
8002,3795,198,1,570.0,570.0
8003,3796,427,1,280.0,280.0
8004,3797,9,1,280.0,280.0
8005,3797,117,1,40.0,40.0
8006,3797,109,1,230.0,230.0
8007,3798,641,2,300.0,600.0
8008,3799,119,2,210.0,420.0
8009,3800,549,2,240.0,480.0
8010,3800,185,1,150.0,150.0
8011,3800,318,2,90.0,180.0
8012,3801,461,1,300.0,300.0
8013,3801,19,2,110.0,220.0
8014,3801,461,1,300.0,300.0
8015,3802,744,1,270.0,270.0
8016,3803,238,3,210.0,630.0
8017,3803,82,1,70.0,70.0
8018,3803,594,1,330.0,330.0
8019,3803,341,1,150.0,150.0
8020,3804,748,1,390.0,390.0
8021,3804,402,1,230.0,230.0
8022,3804,525,1,60.0,60.0
8023,3805,277,1,210.0,210.0
8024,3805,188,1,320.0,320.0
8025,3806,368,1,320.0,320.0
8026,3807,634,1,120.0,120.0
8027,3808,712,2,70.0,140.0
8028,3808,712,2,70.0,140.0
8029,3810,557,1,310.0,310.0
8030,3810,491,1,510.0,510.0
8031,3810,511,1,120.0,120.0
8032,3810,511,1,120.0,120.0
8033,3811,182,1,90.0,90.0
8034,3812,85,1,270.0,270.0
8035,3812,289,2,160.0,320.0
8036,3812,728,1,370.0,370.0
8037,3812,87,1,510.0,510.0
8038,3812,289,1,160.0,160.0
8039,3813,352,2,40.0,80.0
8040,3813,352,1,40.0,40.0
8041,3813,88,1,310.0,310.0
8042,3814,23,1,310.0,310.0
8043,3814,23,1,310.0,310.0
8044,3814,420,2,270.0,540.0
8045,3814,162,1,290.0,290.0
8046,3815,290,1,200.0,200.0
8047,3816,98,1,270.0,270.0
8048,3816,535,1,250.0,250.0
8049,3817,260,2,60.0,120.0
8050,3817,260,1,60.0,60.0
8051,3818,99,1,560.0,560.0
8052,3819,68,1,410.0,410.0
8053,3820,729,1,90.0,90.0
8054,3820,646,1,80.0,80.0
8055,3820,569,2,210.0,420.0
8056,3820,569,1,210.0,210.0
8057,3820,646,1,80.0,80.0
8058,3821,677,1,40.0,40.0
8059,3821,648,3,200.0,600.0
8060,3821,677,2,40.0,80.0
8061,3822,364,2,190.0,380.0
8062,3822,283,2,110.0,220.0
8063,3823,614,2,190.0,380.0
8064,3823,614,1,190.0,190.0
8065,3823,614,1,190.0,190.0
8066,3824,366,2,130.0,260.0
8067,3824,370,1,130.0,130.0
8068,3824,575,1,110.0,110.0
8069,3824,575,2,110.0,220.0
8070,3825,178,1,60.0,60.0
8071,3825,563,1,130.0,130.0
8072,3826,629,1,290.0,290.0
8073,3826,629,1,290.0,290.0
8074,3826,629,1,290.0,290.0
8075,3827,361,1,60.0,60.0
8076,3828,261,1,60.0,60.0
8077,3828,261,3,60.0,180.0
8078,3829,396,1,90.0,90.0
8079,3829,661,2,50.0,100.0
8080,3829,648,1,200.0,200.0
8081,3830,488,1,180.0,180.0
8082,3831,436,3,110.0,330.0
8083,3831,436,1,110.0,110.0
8084,3831,745,2,90.0,180.0
8085,3831,745,1,90.0,90.0
8086,3831,745,1,90.0,90.0
8087,3832,9,1,280.0,280.0
8088,3832,9,2,280.0,560.0
8089,3833,444,2,110.0,220.0
8090,3833,182,1,90.0,90.0
8091,3834,348,1,70.0,70.0
8092,3835,31,1,100.0,100.0
8093,3836,453,1,170.0,170.0
8094,3836,665,1,120.0,120.0
8095,3836,190,2,550.0,1100.0
8096,3837,528,3,160.0,480.0
8097,3837,351,2,60.0,120.0
8098,3837,619,1,60.0,60.0
8099,3839,694,1,310.0,310.0
8100,3839,354,2,320.0,640.0
8101,3841,106,2,550.0,1100.0
8102,3841,639,2,200.0,400.0
8103,3842,735,1,40.0,40.0
8104,3842,735,2,40.0,80.0
8105,3842,667,1,310.0,310.0
8106,3842,735,1,40.0,40.0
8107,3842,78,1,50.0,50.0
8108,3844,641,2,300.0,600.0
8109,3845,419,1,270.0,270.0
8110,3845,242,2,70.0,140.0
8111,3846,701,3,260.0,780.0
8112,3846,701,1,260.0,260.0
8113,3846,307,1,270.0,270.0
8114,3847,589,1,310.0,310.0
8115,3847,589,1,310.0,310.0
8116,3849,98,2,270.0,540.0
8117,3849,535,2,250.0,500.0
8118,3850,660,2,250.0,500.0
8119,3850,6,1,200.0,200.0
8120,3851,545,1,290.0,290.0
8121,3851,503,1,270.0,270.0
8122,3852,289,1,160.0,160.0
8123,3852,31,3,100.0,300.0
8124,3854,639,2,200.0,400.0
8125,3854,322,1,170.0,170.0
8126,3855,341,2,150.0,300.0
8127,3855,530,2,90.0,180.0
8128,3856,121,2,690.0,1380.0
8129,3856,364,1,190.0,190.0
8130,3857,189,3,170.0,510.0
8131,3857,658,1,60.0,60.0
8132,3858,35,3,310.0,930.0
8133,3858,718,1,150.0,150.0
8134,3858,744,2,270.0,540.0
8135,3859,560,1,250.0,250.0
8136,3859,1,2,120.0,240.0
8137,3860,71,3,250.0,750.0
8138,3861,407,2,250.0,500.0
8139,3861,166,1,590.0,590.0
8140,3861,75,1,230.0,230.0
8141,3862,405,1,220.0,220.0
8142,3863,401,2,230.0,460.0
8143,3863,395,3,60.0,180.0
8144,3864,719,2,50.0,100.0
8145,3864,406,2,180.0,360.0
8146,3865,318,3,90.0,270.0
8147,3865,60,3,80.0,240.0
8148,3866,558,2,330.0,660.0
8149,3867,287,2,40.0,80.0
8150,3867,190,1,550.0,550.0
8151,3867,453,2,170.0,340.0
8152,3867,665,1,120.0,120.0
8153,3868,738,1,110.0,110.0
8154,3868,212,1,100.0,100.0
8155,3868,738,1,110.0,110.0
8156,3868,212,1,100.0,100.0
8157,3870,179,2,160.0,320.0
8158,3870,167,2,50.0,100.0
8159,3871,106,2,550.0,1100.0
8160,3871,713,1,330.0,330.0
8161,3871,322,3,170.0,510.0
8162,3872,166,1,590.0,590.0
8163,3872,407,1,250.0,250.0
8164,3873,332,2,180.0,360.0
8165,3873,730,2,220.0,440.0
8166,3874,10,2,90.0,180.0
8167,3875,559,3,200.0,600.0
8168,3875,537,2,90.0,180.0
8169,3876,380,1,310.0,310.0
8170,3876,695,2,280.0,560.0
8171,3877,521,1,330.0,330.0
8172,3878,417,2,60.0,120.0
8173,3878,417,1,60.0,60.0
8174,3878,488,1,180.0,180.0
8175,3878,359,1,580.0,580.0
8176,3879,535,3,250.0,750.0
8177,3879,535,1,250.0,250.0
8178,3880,634,1,120.0,120.0
8179,3881,222,2,60.0,120.0
8180,3881,490,1,50.0,50.0
8181,3881,587,2,240.0,480.0
8182,3882,90,1,100.0,100.0
8183,3882,323,3,50.0,150.0
8184,3882,323,1,50.0,50.0
8185,3883,550,1,400.0,400.0
8186,3883,403,1,120.0,120.0
8187,3884,718,2,150.0,300.0
8188,3884,744,1,270.0,270.0
8189,3885,359,1,580.0,580.0
8190,3886,287,1,40.0,40.0
8191,3887,468,1,160.0,160.0
8192,3887,291,3,280.0,840.0
8193,3888,424,1,90.0,90.0
8194,3888,629,1,290.0,290.0
8195,3889,429,3,220.0,660.0
8196,3890,275,1,170.0,170.0
8197,3890,63,2,680.0,1360.0
8198,3890,263,1,180.0,180.0
8199,3891,331,2,450.0,900.0
8200,3891,128,1,140.0,140.0
8201,3891,166,1,590.0,590.0
8202,3892,613,1,190.0,190.0
8203,3892,289,2,160.0,320.0
8204,3893,54,1,510.0,510.0
8205,3893,702,2,90.0,180.0
8206,3893,672,2,260.0,520.0
8207,3893,288,1,180.0,180.0
8208,3894,592,3,340.0,1020.0
8209,3894,563,2,130.0,260.0
8210,3896,731,2,280.0,560.0
8211,3896,749,3,70.0,210.0
8212,3896,749,1,70.0,70.0
8213,3896,141,1,190.0,190.0
8214,3897,178,2,60.0,120.0
8215,3897,178,3,60.0,180.0
8216,3898,258,2,270.0,540.0
8217,3898,118,1,170.0,170.0
8218,3899,244,1,150.0,150.0
8219,3899,687,1,90.0,90.0
8220,3899,683,2,50.0,100.0
8221,3900,651,2,50.0,100.0
8222,3900,311,1,60.0,60.0
8223,3901,425,1,200.0,200.0
8224,3901,425,2,200.0,400.0
8225,3902,382,2,40.0,80.0
8226,3903,544,2,40.0,80.0
8227,3904,28,2,210.0,420.0
8228,3904,309,1,60.0,60.0
8229,3904,155,2,50.0,100.0
8230,3905,278,3,310.0,930.0
8231,3905,36,3,80.0,240.0
8232,3906,590,2,290.0,580.0
8233,3906,581,1,130.0,130.0
8234,3906,698,1,210.0,210.0
8235,3906,90,1,100.0,100.0
8236,3907,443,1,180.0,180.0
8237,3907,65,2,330.0,660.0
8238,3907,338,2,210.0,420.0
8239,3908,601,3,230.0,690.0
8240,3908,601,1,230.0,230.0
8241,3908,239,1,240.0,240.0
8242,3909,2,1,40.0,40.0
8243,3909,352,3,40.0,120.0
8244,3909,2,1,40.0,40.0
8245,3910,17,1,330.0,330.0
8246,3910,705,2,160.0,320.0
8247,3911,340,1,60.0,60.0
8248,3912,481,1,50.0,50.0
8249,3912,481,2,50.0,100.0
8250,3912,743,2,90.0,180.0
8251,3913,47,1,40.0,40.0
8252,3913,62,3,210.0,630.0
8253,3913,561,1,290.0,290.0
8254,3914,93,2,710.0,1420.0
8255,3914,93,1,710.0,710.0
8256,3915,49,1,330.0,330.0
8257,3917,9,2,280.0,560.0
8258,3917,643,3,280.0,840.0
8259,3917,9,1,280.0,280.0
8260,3918,545,3,290.0,870.0
8261,3918,208,1,60.0,60.0
8262,3919,721,1,140.0,140.0
8263,3919,434,1,670.0,670.0
8264,3920,35,2,310.0,620.0
8265,3920,744,1,270.0,270.0
8266,3920,744,2,270.0,540.0
8267,3921,661,2,50.0,100.0
8268,3922,561,1,290.0,290.0
8269,3922,43,1,50.0,50.0
8270,3922,62,1,210.0,210.0
8271,3922,596,1,300.0,300.0
8272,3922,308,1,340.0,340.0
8273,3923,128,1,140.0,140.0
8274,3924,533,2,530.0,1060.0
8275,3924,195,2,270.0,540.0
8276,3924,524,2,180.0,360.0
8277,3924,653,1,140.0,140.0
8278,3924,682,1,80.0,80.0
8279,3926,162,2,290.0,580.0
8280,3926,539,1,90.0,90.0
8281,3927,602,1,580.0,580.0
8282,3927,602,1,580.0,580.0
8283,3928,202,1,300.0,300.0
8284,3929,625,1,210.0,210.0
8285,3930,652,3,100.0,300.0
8286,3931,34,1,310.0,310.0
8287,3932,109,1,230.0,230.0
8288,3932,109,1,230.0,230.0
8289,3932,643,2,280.0,560.0
8290,3932,109,2,230.0,460.0
8291,3933,729,2,90.0,180.0
8292,3933,381,1,560.0,560.0
8293,3934,514,1,150.0,150.0
8294,3935,535,1,250.0,250.0
8295,3935,659,1,170.0,170.0
8296,3935,659,1,170.0,170.0
8297,3936,565,2,460.0,920.0
8298,3936,524,1,180.0,180.0
8299,3937,178,1,60.0,60.0
8300,3937,320,2,100.0,200.0
8301,3937,320,2,100.0,200.0
8302,3938,670,1,340.0,340.0
8303,3938,493,1,190.0,190.0
8304,3938,369,1,170.0,170.0
8305,3939,655,1,250.0,250.0
8306,3940,468,3,160.0,480.0
8307,3940,174,1,110.0,110.0
8308,3941,700,3,50.0,150.0
8309,3941,383,2,200.0,400.0
8310,3941,700,1,50.0,50.0
8311,3941,285,1,270.0,270.0
8312,3942,278,2,310.0,620.0
8313,3942,261,1,60.0,60.0
8314,3942,36,1,80.0,80.0
8315,3943,571,1,520.0,520.0
8316,3943,59,1,100.0,100.0
8317,3943,59,1,100.0,100.0
8318,3944,445,2,530.0,1060.0
8319,3945,350,1,170.0,170.0
8320,3945,467,1,200.0,200.0
8321,3946,234,1,130.0,130.0
8322,3946,234,1,130.0,130.0
8323,3946,234,1,130.0,130.0
8324,3946,88,1,310.0,310.0
8325,3947,8,2,460.0,920.0
8326,3948,290,2,200.0,400.0
8327,3948,290,2,200.0,400.0
8328,3948,59,1,100.0,100.0
8329,3949,188,1,320.0,320.0
8330,3949,670,1,340.0,340.0
8331,3949,546,1,190.0,190.0
8332,3950,24,2,50.0,100.0
8333,3951,189,1,170.0,170.0
8334,3951,5,1,80.0,80.0
8335,3952,452,1,270.0,270.0
8336,3952,618,1,100.0,100.0
8337,3952,618,2,100.0,200.0
8338,3952,488,1,180.0,180.0
8339,3953,562,2,150.0,300.0
8340,3953,173,1,220.0,220.0
8341,3953,392,2,60.0,120.0
8342,3954,135,3,610.0,1830.0
8343,3954,213,1,280.0,280.0
8344,3955,75,3,230.0,690.0
8345,3955,166,3,590.0,1770.0
8346,3956,689,1,60.0,60.0
8347,3956,32,1,290.0,290.0
8348,3957,48,1,180.0,180.0
8349,3957,95,2,90.0,180.0
8350,3958,304,1,50.0,50.0
8351,3958,304,2,50.0,100.0
8352,3958,86,1,70.0,70.0
8353,3959,647,1,180.0,180.0
8354,3959,501,2,70.0,140.0
8355,3960,650,1,170.0,170.0
8356,3960,646,2,80.0,160.0
8357,3960,569,2,210.0,420.0
8358,3961,292,2,530.0,1060.0
8359,3961,248,3,280.0,840.0
8360,3962,290,2,200.0,400.0
8361,3962,290,3,200.0,600.0
8362,3962,59,1,100.0,100.0
8363,3963,482,2,660.0,1320.0
8364,3964,583,2,140.0,280.0
8365,3964,380,2,310.0,620.0
8366,3964,695,1,280.0,280.0
8367,3964,380,3,310.0,930.0
8368,3965,329,1,110.0,110.0
8369,3965,81,2,280.0,560.0
8370,3966,119,3,210.0,630.0
8371,3966,716,1,290.0,290.0
8372,3967,165,1,180.0,180.0
8373,3967,391,1,70.0,70.0
8374,3967,172,1,190.0,190.0
8375,3967,358,1,160.0,160.0
8376,3967,165,1,180.0,180.0
8377,3968,641,2,300.0,600.0
8378,3970,212,2,100.0,200.0
8379,3970,543,2,260.0,520.0
8380,3971,735,1,40.0,40.0
8381,3971,742,1,90.0,90.0
8382,3972,569,1,210.0,210.0
8383,3973,350,1,170.0,170.0
8384,3973,465,2,90.0,180.0
8385,3975,184,1,500.0,500.0
8386,3976,292,1,530.0,530.0
8387,3976,163,2,90.0,180.0
8388,3977,221,2,110.0,220.0
8389,3978,692,1,230.0,230.0
8390,3978,692,1,230.0,230.0
8391,3978,692,2,230.0,460.0
8392,3979,354,1,320.0,320.0
8393,3980,718,1,150.0,150.0
8394,3981,608,1,70.0,70.0
8395,3982,730,1,220.0,220.0
8396,3982,45,1,280.0,280.0
8397,3982,730,1,220.0,220.0
8398,3983,36,1,80.0,80.0
8399,3985,247,1,190.0,190.0
8400,3985,482,3,660.0,1980.0
8401,3986,166,2,590.0,1180.0
8402,3986,128,1,140.0,140.0
8403,3987,596,1,300.0,300.0
8404,3987,596,1,300.0,300.0
8405,3987,241,1,90.0,90.0
8406,3987,62,2,210.0,420.0
8407,3988,114,2,130.0,260.0
8408,3988,640,1,40.0,40.0
8409,3989,117,1,40.0,40.0
8410,3990,282,1,100.0,100.0
8411,3990,487,2,450.0,900.0
8412,3991,176,2,230.0,460.0
8413,3991,207,1,70.0,70.0
8414,3992,312,1,180.0,180.0
8415,3992,665,2,120.0,240.0
8416,3993,170,3,60.0,180.0
8417,3993,306,2,190.0,380.0
8418,3993,335,1,40.0,40.0
8419,3994,644,2,120.0,240.0
8420,3994,76,1,90.0,90.0
8421,3995,598,1,440.0,440.0
8422,3995,610,2,220.0,440.0
8423,3996,646,2,80.0,160.0
8424,3996,381,1,560.0,560.0
8425,3998,674,2,630.0,1260.0
8426,3999,578,1,190.0,190.0
8427,3999,39,2,70.0,140.0
8428,3999,578,2,190.0,380.0
8429,4001,49,1,330.0,330.0
8430,4001,49,1,330.0,330.0
8431,4001,344,1,60.0,60.0
8432,4002,660,1,250.0,250.0
8433,4002,660,1,250.0,250.0
8434,4003,187,1,130.0,130.0
8435,4003,387,1,650.0,650.0
8436,4003,52,2,330.0,660.0
8437,4003,387,1,650.0,650.0
8438,4003,52,1,330.0,330.0
8439,4004,512,1,50.0,50.0
8440,4005,732,1,120.0,120.0
8441,4006,641,1,300.0,300.0
8442,4007,374,2,130.0,260.0
8443,4007,179,1,160.0,160.0
8444,4007,167,1,50.0,50.0
8445,4007,474,2,150.0,300.0
8446,4008,363,1,670.0,670.0
8447,4008,363,2,670.0,1340.0
8448,4009,362,2,100.0,200.0
8449,4009,267,1,270.0,270.0
8450,4009,372,1,190.0,190.0
8451,4010,660,1,250.0,250.0
8452,4010,584,1,50.0,50.0
8453,4010,715,1,230.0,230.0
8454,4010,108,1,230.0,230.0
8455,4011,536,1,310.0,310.0
8456,4011,78,2,50.0,100.0
8457,4012,498,1,90.0,90.0
8458,4014,382,3,40.0,120.0
8459,4014,182,2,90.0,180.0
8460,4014,444,1,110.0,110.0
8461,4015,184,1,500.0,500.0
8462,4015,169,1,310.0,310.0
8463,4016,667,1,310.0,310.0
8464,4016,742,1,90.0,90.0
8465,4016,742,1,90.0,90.0
8466,4017,467,2,200.0,400.0
8467,4019,350,2,170.0,340.0
8468,4020,53,1,200.0,200.0
8469,4020,516,1,100.0,100.0
8470,4021,207,1,70.0,70.0
8471,4022,512,2,50.0,100.0
8472,4022,118,2,170.0,340.0
8473,4022,477,2,290.0,580.0
8474,4022,208,1,60.0,60.0
8475,4023,206,3,60.0,180.0
8476,4024,459,1,120.0,120.0
8477,4024,459,1,120.0,120.0
8478,4024,96,3,210.0,630.0
8479,4025,245,1,290.0,290.0
8480,4026,627,1,300.0,300.0
8481,4027,194,1,670.0,670.0
8482,4027,449,1,210.0,210.0
8483,4027,449,1,210.0,210.0
8484,4027,449,1,210.0,210.0
8485,4028,389,2,70.0,140.0
8486,4028,591,2,360.0,720.0
8487,4028,576,1,120.0,120.0
8488,4029,165,3,180.0,540.0
8489,4029,165,3,180.0,540.0
8490,4029,165,1,180.0,180.0
8491,4030,349,2,420.0,840.0
8492,4030,696,1,300.0,300.0
8493,4030,193,2,150.0,300.0
8494,4030,690,1,70.0,70.0
8495,4031,426,1,140.0,140.0
8496,4032,56,1,260.0,260.0
8497,4032,94,1,180.0,180.0
8498,4033,238,3,210.0,630.0
8499,4033,371,1,80.0,80.0
8500,4034,731,1,280.0,280.0
8501,4035,101,2,300.0,600.0
8502,4035,734,1,90.0,90.0
8503,4036,485,1,170.0,170.0
8504,4036,400,1,190.0,190.0
8505,4036,604,1,60.0,60.0
8506,4037,152,1,70.0,70.0
8507,4037,421,2,160.0,320.0
8508,4038,467,1,200.0,200.0
8509,4038,506,1,110.0,110.0
8510,4038,506,1,110.0,110.0
8511,4040,330,1,110.0,110.0
8512,4040,135,1,610.0,610.0
8513,4040,135,2,610.0,1220.0
8514,4041,529,1,60.0,60.0
8515,4041,147,1,160.0,160.0
8516,4041,529,3,60.0,180.0
8517,4042,466,2,290.0,580.0
8518,4042,67,1,120.0,120.0
8519,4042,333,1,100.0,100.0
8520,4042,466,1,290.0,290.0
8521,4043,45,1,280.0,280.0
8522,4043,332,1,180.0,180.0
8523,4044,261,2,60.0,120.0
8524,4044,543,1,260.0,260.0
8525,4045,719,1,50.0,50.0
8526,4046,214,1,190.0,190.0
8527,4048,602,1,580.0,580.0
8528,4049,130,2,300.0,600.0
8529,4050,714,2,40.0,80.0
8530,4050,714,2,40.0,80.0
8531,4051,37,2,100.0,200.0
8532,4051,154,1,310.0,310.0
8533,4052,646,1,80.0,80.0
8534,4052,381,1,560.0,560.0
8535,4052,381,1,560.0,560.0
8536,4052,646,1,80.0,80.0
8537,4053,287,2,40.0,80.0
8538,4053,190,2,550.0,1100.0
8539,4053,190,1,550.0,550.0
8540,4053,312,1,180.0,180.0
8541,4054,431,1,210.0,210.0
8542,4054,708,2,480.0,960.0
8543,4055,697,1,210.0,210.0
8544,4056,642,1,260.0,260.0
8545,4056,42,1,110.0,110.0
8546,4056,616,1,190.0,190.0
8547,4057,244,1,150.0,150.0
8548,4057,360,2,410.0,820.0
8549,4057,724,1,270.0,270.0
8550,4058,320,1,100.0,100.0
8551,4058,592,1,340.0,340.0
8552,4058,662,1,590.0,590.0
8553,4058,592,3,340.0,1020.0
8554,4061,418,2,50.0,100.0
8555,4062,562,2,150.0,300.0
8556,4062,186,1,250.0,250.0
8557,4062,173,1,220.0,220.0
8558,4063,53,1,200.0,200.0
8559,4064,24,2,50.0,100.0
8560,4065,479,2,80.0,160.0
8561,4065,488,2,180.0,360.0
8562,4066,695,1,280.0,280.0
8563,4066,745,2,90.0,180.0
8564,4066,695,2,280.0,560.0
8565,4067,134,1,200.0,200.0
8566,4067,526,2,100.0,200.0
8567,4068,180,1,190.0,190.0
8568,4068,177,1,70.0,70.0
8569,4068,180,1,190.0,190.0
8570,4068,539,3,90.0,270.0
8571,4069,668,1,110.0,110.0
8572,4069,668,2,110.0,220.0
8573,4069,668,1,110.0,110.0
8574,4069,668,3,110.0,330.0
8575,4069,257,2,270.0,540.0
8576,4070,722,3,140.0,420.0
8577,4070,221,1,110.0,110.0
8578,4071,179,2,160.0,320.0
8579,4071,378,1,320.0,320.0
8580,4072,414,2,100.0,200.0
8581,4073,694,1,310.0,310.0
8582,4073,364,1,190.0,190.0
8583,4074,5,1,80.0,80.0
8584,4074,189,1,170.0,170.0
8585,4074,155,1,50.0,50.0
8586,4075,349,3,420.0,1260.0
8587,4075,519,2,170.0,340.0
8588,4076,35,1,310.0,310.0
8589,4077,721,1,140.0,140.0
8590,4077,470,1,320.0,320.0
8591,4077,721,3,140.0,420.0
8592,4078,194,3,670.0,2010.0
8593,4078,716,2,290.0,580.0
8594,4079,238,1,210.0,210.0
8595,4079,594,3,330.0,990.0
8596,4079,238,2,210.0,420.0
8597,4080,138,1,120.0,120.0
8598,4080,295,2,50.0,100.0
8599,4081,218,1,160.0,160.0
8600,4081,140,1,260.0,260.0
8601,4081,159,1,320.0,320.0
8602,4081,122,2,120.0,240.0
8603,4082,14,1,120.0,120.0
8604,4083,487,2,450.0,900.0
8605,4083,601,2,230.0,460.0
8606,4083,282,2,100.0,200.0
8607,4083,601,3,230.0,690.0
8608,4084,234,1,130.0,130.0
8609,4084,2,1,40.0,40.0
8610,4084,352,2,40.0,80.0
8611,4085,616,1,190.0,190.0
8612,4085,642,1,260.0,260.0
8613,4086,680,2,240.0,480.0
8614,4086,343,2,680.0,1360.0
8615,4086,445,1,530.0,530.0
8616,4086,314,2,320.0,640.0
8617,4087,712,1,70.0,70.0
8618,4088,600,1,170.0,170.0
8619,4088,345,2,330.0,660.0
8620,4089,692,1,230.0,230.0
8621,4089,668,1,110.0,110.0
8622,4090,135,1,610.0,610.0
8623,4090,213,1,280.0,280.0
8624,4090,330,1,110.0,110.0
8625,4091,10,1,90.0,90.0
8626,4091,348,2,70.0,140.0
8627,4091,410,1,570.0,570.0
8628,4092,563,1,130.0,130.0
8629,4092,70,1,50.0,50.0
8630,4092,592,1,340.0,340.0
8631,4092,592,2,340.0,680.0
8632,4092,70,1,50.0,50.0
8633,4093,246,2,190.0,380.0
8634,4093,565,1,460.0,460.0
8635,4094,705,1,160.0,160.0
8636,4094,409,1,200.0,200.0
8637,4094,602,2,580.0,1160.0
8638,4095,718,1,150.0,150.0
8639,4095,35,1,310.0,310.0
8640,4095,216,1,320.0,320.0
8641,4096,463,2,60.0,120.0
8642,4098,629,1,290.0,290.0
8643,4098,629,3,290.0,870.0
8644,4099,534,1,80.0,80.0
8645,4100,553,1,110.0,110.0
8646,4100,153,3,590.0,1770.0
8647,4100,542,2,240.0,480.0
8648,4101,130,1,300.0,300.0
8649,4104,59,1,100.0,100.0
8650,4104,290,1,200.0,200.0
8651,4105,330,1,110.0,110.0
8652,4105,135,2,610.0,1220.0
8653,4105,330,1,110.0,110.0
8654,4106,56,3,260.0,780.0
8655,4106,56,1,260.0,260.0
8656,4106,329,2,110.0,220.0
8657,4106,329,1,110.0,110.0
8658,4107,384,1,350.0,350.0
8659,4107,514,1,150.0,150.0
8660,4107,570,2,530.0,1060.0
8661,4108,49,1,330.0,330.0
8662,4108,446,1,300.0,300.0
8663,4108,446,1,300.0,300.0
8664,4109,577,1,70.0,70.0
8665,4110,618,1,100.0,100.0
8666,4110,359,2,580.0,1160.0
8667,4111,17,2,330.0,660.0
8668,4111,508,1,340.0,340.0
8669,4112,134,1,200.0,200.0
8670,4112,555,3,250.0,750.0
8671,4112,555,1,250.0,250.0
8672,4113,401,1,230.0,230.0
8673,4113,357,3,300.0,900.0
8674,4114,48,1,180.0,180.0
8675,4114,48,2,180.0,360.0
8676,4116,367,1,270.0,270.0
8677,4116,132,1,300.0,300.0
8678,4117,447,1,110.0,110.0
8679,4117,485,1,170.0,170.0
8680,4118,365,1,450.0,450.0
8681,4118,365,2,450.0,900.0
8682,4119,626,2,260.0,520.0
8683,4120,65,1,330.0,330.0
8684,4121,635,2,560.0,1120.0
8685,4122,361,2,60.0,120.0
8686,4122,91,3,270.0,810.0
8687,4123,582,3,200.0,600.0
8688,4123,554,1,240.0,240.0
8689,4124,618,3,100.0,300.0
8690,4124,479,2,80.0,160.0
8691,4124,417,1,60.0,60.0
8692,4125,470,1,320.0,320.0
8693,4126,490,1,50.0,50.0
8694,4127,368,1,320.0,320.0
8695,4127,201,1,100.0,100.0
8696,4128,37,1,100.0,100.0
8697,4129,113,2,430.0,860.0
8698,4129,244,1,150.0,150.0
8699,4129,687,1,90.0,90.0
8700,4129,29,1,110.0,110.0
8701,4130,336,1,110.0,110.0
8702,4130,3,1,100.0,100.0
8703,4130,674,2,630.0,1260.0
8704,4131,24,2,50.0,100.0
8705,4131,24,2,50.0,100.0
8706,4132,645,3,210.0,630.0
8707,4133,89,1,270.0,270.0
8708,4133,579,1,330.0,330.0
8709,4134,373,2,260.0,520.0
8710,4134,104,1,240.0,240.0
8711,4134,21,1,640.0,640.0
8712,4135,323,3,50.0,150.0
8713,4135,323,1,50.0,50.0
8714,4135,581,3,130.0,390.0
8715,4136,404,2,60.0,120.0
8716,4136,404,1,60.0,60.0
8717,4137,164,1,90.0,90.0
8718,4138,563,2,130.0,260.0
8719,4138,662,2,590.0,1180.0
8720,4139,721,2,140.0,280.0
8721,4139,721,2,140.0,280.0
8722,4139,142,1,260.0,260.0
8723,4139,470,1,320.0,320.0
8724,4140,499,1,310.0,310.0
8725,4140,228,1,280.0,280.0
8726,4141,736,1,60.0,60.0
8727,4141,196,1,340.0,340.0
8728,4141,273,1,200.0,200.0
8729,4142,709,1,190.0,190.0
8730,4142,204,1,280.0,280.0
8731,4143,4,1,50.0,50.0
8732,4143,264,1,120.0,120.0
8733,4144,367,1,270.0,270.0
8734,4144,375,3,310.0,930.0
8735,4144,367,3,270.0,810.0
8736,4144,367,2,270.0,540.0
8737,4145,235,1,110.0,110.0
8738,4145,509,2,250.0,500.0
8739,4145,235,1,110.0,110.0
8740,4145,235,3,110.0,330.0
8741,4146,550,2,400.0,800.0
8742,4146,403,2,120.0,240.0
8743,4146,465,2,90.0,180.0
8744,4146,467,1,200.0,200.0
8745,4147,405,2,220.0,440.0
8746,4147,408,2,120.0,240.0
8747,4148,749,1,70.0,70.0
8748,4148,749,2,70.0,140.0
8749,4149,381,1,560.0,560.0
8750,4150,36,1,80.0,80.0
8751,4150,36,2,80.0,160.0
8752,4150,476,3,60.0,180.0
8753,4151,31,1,100.0,100.0
8754,4151,31,1,100.0,100.0
8755,4151,289,2,160.0,320.0
8756,4153,361,2,60.0,120.0
8757,4153,91,1,270.0,270.0
8758,4153,500,1,100.0,100.0
8759,4155,571,2,520.0,1040.0
8760,4155,290,1,200.0,200.0
8761,4156,304,1,50.0,50.0
8762,4156,321,1,310.0,310.0
8763,4156,253,1,50.0,50.0
8764,4156,538,1,240.0,240.0
8765,4156,321,1,310.0,310.0
8766,4157,559,2,200.0,400.0
8767,4157,8,1,460.0,460.0
8768,4158,427,1,280.0,280.0
8769,4158,255,1,70.0,70.0
8770,4158,226,2,190.0,380.0
8771,4158,649,1,320.0,320.0
8772,4158,427,2,280.0,560.0
8773,4159,609,1,60.0,60.0
8774,4159,733,3,320.0,960.0
8775,4160,231,1,100.0,100.0
8776,4160,335,2,40.0,80.0
8777,4161,698,1,210.0,210.0
8778,4161,90,3,100.0,300.0
8779,4162,265,2,170.0,340.0
8780,4162,746,1,60.0,60.0
8781,4163,329,1,110.0,110.0
8782,4164,13,1,40.0,40.0
8783,4164,496,2,220.0,440.0
8784,4165,624,1,70.0,70.0
8785,4165,51,1,50.0,50.0
8786,4165,472,2,210.0,420.0
8787,4166,726,2,310.0,620.0
8788,4166,345,1,330.0,330.0
8789,4167,367,1,270.0,270.0
8790,4168,336,2,110.0,220.0
8791,4169,618,2,100.0,200.0
8792,4169,479,1,80.0,80.0
8793,4169,488,1,180.0,180.0
8794,4169,618,1,100.0,100.0
8795,4170,90,1,100.0,100.0
8796,4170,323,1,50.0,50.0
8797,4171,602,1,580.0,580.0
8798,4171,508,1,340.0,340.0
8799,4173,705,2,160.0,320.0
8800,4173,17,1,330.0,330.0
8801,4173,409,1,200.0,200.0
8802,4175,504,2,390.0,780.0
8803,4175,521,2,330.0,660.0
8804,4175,521,3,330.0,990.0
8805,4176,187,1,130.0,130.0
8806,4176,554,1,240.0,240.0
8807,4176,187,1,130.0,130.0
8808,4176,187,2,130.0,260.0
8809,4176,582,2,200.0,400.0
8810,4177,629,1,290.0,290.0
8811,4177,424,2,90.0,180.0
8812,4177,629,3,290.0,870.0
8813,4178,252,2,350.0,700.0
8814,4178,445,2,530.0,1060.0
8815,4178,680,2,240.0,480.0
8816,4178,252,2,350.0,700.0
8817,4178,252,1,350.0,350.0
8818,4179,52,1,330.0,330.0
8819,4179,310,2,540.0,1080.0
8820,4179,187,1,130.0,130.0
8821,4180,346,2,650.0,1300.0
8822,4180,12,2,60.0,120.0
8823,4181,540,1,50.0,50.0
8824,4183,316,1,190.0,190.0
8825,4183,316,1,190.0,190.0
8826,4183,219,3,100.0,300.0
8827,4183,580,1,40.0,40.0
8828,4184,40,2,160.0,320.0
8829,4185,104,1,240.0,240.0
8830,4186,232,1,280.0,280.0
8831,4186,414,1,100.0,100.0
8832,4187,677,3,40.0,120.0
8833,4188,732,1,120.0,120.0
8834,4188,269,2,620.0,1240.0
8835,4188,732,1,120.0,120.0
8836,4189,433,1,90.0,90.0
8837,4189,276,1,200.0,200.0
8838,4189,225,1,110.0,110.0
8839,4189,529,1,60.0,60.0
8840,4190,525,1,60.0,60.0
8841,4191,252,1,350.0,350.0
8842,4191,74,2,70.0,140.0
8843,4192,537,1,90.0,90.0
8844,4192,556,1,270.0,270.0
8845,4194,203,3,190.0,570.0
8846,4194,347,1,180.0,180.0
8847,4195,677,3,40.0,120.0
8848,4195,396,3,90.0,270.0
8849,4195,396,1,90.0,90.0
8850,4196,135,2,610.0,1220.0
8851,4197,225,2,110.0,220.0
8852,4197,529,2,60.0,120.0
8853,4197,450,3,240.0,720.0
8854,4197,147,1,160.0,160.0
8855,4198,564,2,200.0,400.0
8856,4198,603,2,220.0,440.0
8857,4198,532,2,130.0,260.0
8858,4198,564,1,200.0,200.0
8859,4199,55,1,140.0,140.0
8860,4200,376,1,70.0,70.0
8861,4200,652,1,100.0,100.0
8862,4200,397,1,310.0,310.0
8863,4200,397,2,310.0,620.0
8864,4202,96,1,210.0,210.0
8865,4202,206,1,60.0,60.0
8866,4203,655,1,250.0,250.0
8867,4203,328,3,230.0,690.0
8868,4203,598,1,440.0,440.0
8869,4204,610,1,220.0,220.0
8870,4204,714,1,40.0,40.0
8871,4204,655,1,250.0,250.0
8872,4204,328,1,230.0,230.0
8873,4205,288,1,180.0,180.0
8874,4205,702,1,90.0,90.0
8875,4205,702,2,90.0,180.0
8876,4205,432,2,540.0,1080.0
8877,4205,428,1,240.0,240.0
8878,4206,181,1,190.0,190.0
8879,4206,578,1,190.0,190.0
8880,4206,181,2,190.0,380.0
8881,4207,351,1,60.0,60.0
8882,4207,619,1,60.0,60.0
8883,4208,13,2,40.0,80.0
8884,4208,13,1,40.0,40.0
8885,4209,165,2,180.0,360.0
8886,4209,748,1,390.0,390.0
8887,4209,402,1,230.0,230.0
8888,4209,172,2,190.0,380.0
8889,4210,69,1,630.0,630.0
8890,4211,170,2,60.0,120.0
8891,4212,241,2,90.0,180.0
8892,4212,241,1,90.0,90.0
8893,4212,62,1,210.0,210.0
8894,4213,714,1,40.0,40.0
8895,4214,308,1,340.0,340.0
8896,4214,308,3,340.0,1020.0
8897,4214,561,1,290.0,290.0
8898,4215,517,2,180.0,360.0
8899,4215,265,2,170.0,340.0
8900,4215,703,2,90.0,180.0
8901,4216,364,3,190.0,570.0
8902,4216,472,1,210.0,210.0
8903,4216,471,1,650.0,650.0
8904,4217,689,2,60.0,120.0
8905,4217,689,1,60.0,60.0
8906,4218,559,2,200.0,400.0
8907,4218,559,1,200.0,200.0
8908,4218,8,1,460.0,460.0
8909,4219,696,1,300.0,300.0
8910,4220,428,2,240.0,480.0
8911,4220,672,1,260.0,260.0
8912,4220,54,2,510.0,1020.0
8913,4221,527,1,100.0,100.0
8914,4221,230,1,120.0,120.0
8915,4221,527,2,100.0,200.0
8916,4222,674,1,630.0,630.0
8917,4222,336,1,110.0,110.0
8918,4223,106,2,550.0,1100.0
8919,4224,114,1,130.0,130.0
8920,4224,83,1,170.0,170.0
8921,4224,623,2,170.0,340.0
8922,4225,203,1,190.0,190.0
8923,4225,710,1,210.0,210.0
8924,4225,710,1,210.0,210.0
8925,4226,102,1,300.0,300.0
8926,4226,34,1,310.0,310.0
8927,4226,34,1,310.0,310.0
8928,4226,302,2,210.0,420.0
8929,4227,690,2,70.0,140.0
8930,4227,349,2,420.0,840.0
8931,4227,46,1,200.0,200.0
8932,4227,193,2,150.0,300.0
8933,4227,589,1,310.0,310.0
8934,4229,180,1,190.0,190.0
8935,4229,80,2,280.0,560.0
8936,4229,539,2,90.0,180.0
8937,4229,420,1,270.0,270.0
8938,4230,571,3,520.0,1560.0
8939,4231,311,2,60.0,120.0
8940,4231,394,2,250.0,500.0
8941,4232,653,3,140.0,420.0
8942,4233,221,1,110.0,110.0
8943,4233,722,1,140.0,140.0
8944,4233,221,1,110.0,110.0
8945,4233,184,1,500.0,500.0
8946,4234,456,3,320.0,960.0
8947,4234,482,1,660.0,660.0
8948,4234,200,3,660.0,1980.0
8949,4236,529,2,60.0,120.0
8950,4236,225,1,110.0,110.0
8951,4237,662,2,590.0,1180.0
8952,4239,634,2,120.0,240.0
8953,4239,634,1,120.0,120.0
8954,4239,257,2,270.0,540.0
8955,4240,675,2,650.0,1300.0
8956,4240,329,2,110.0,220.0
8957,4240,329,1,110.0,110.0
8958,4240,612,1,290.0,290.0
8959,4241,355,1,100.0,100.0
8960,4241,175,2,310.0,620.0
8961,4242,600,3,170.0,510.0
8962,4242,345,1,330.0,330.0
8963,4244,679,1,240.0,240.0
8964,4244,168,2,60.0,120.0
8965,4244,621,1,140.0,140.0
8966,4245,88,1,310.0,310.0
8967,4245,88,1,310.0,310.0
8968,4247,422,2,130.0,260.0
8969,4247,417,2,60.0,120.0
8970,4248,750,1,220.0,220.0
8971,4249,435,1,70.0,70.0
8972,4250,96,1,210.0,210.0
8973,4250,459,3,120.0,360.0
8974,4251,612,3,290.0,870.0
8975,4251,317,2,310.0,620.0
8976,4251,329,1,110.0,110.0
8977,4251,123,1,60.0,60.0
8978,4252,461,2,300.0,600.0
8979,4252,609,3,60.0,180.0
8980,4253,200,2,660.0,1320.0
8981,4253,200,1,660.0,660.0
8982,4253,248,3,280.0,840.0
8983,4253,482,1,660.0,660.0
8984,4253,200,1,660.0,660.0
8985,4254,673,2,230.0,460.0
8986,4254,281,2,160.0,320.0
8987,4255,233,1,160.0,160.0
8988,4256,483,1,130.0,130.0
8989,4256,577,1,70.0,70.0
8990,4257,430,1,130.0,130.0
8991,4257,334,2,120.0,240.0
8992,4257,14,1,120.0,120.0
8993,4257,316,1,190.0,190.0
8994,4257,14,2,120.0,240.0
8995,4258,350,1,170.0,170.0
8996,4259,725,1,90.0,90.0
8997,4259,588,3,640.0,1920.0
8998,4260,336,2,110.0,220.0
8999,4261,35,1,310.0,310.0
9000,4261,35,1,310.0,310.0
9001,4262,323,3,50.0,150.0
9002,4263,212,1,100.0,100.0
9003,4263,212,1,100.0,100.0
9004,4263,36,1,80.0,80.0
9005,4264,558,1,330.0,330.0
9006,4265,428,1,240.0,240.0
9007,4265,432,1,540.0,540.0
9008,4267,456,2,320.0,640.0
9009,4267,292,3,530.0,1590.0
9010,4268,462,1,110.0,110.0
9011,4269,135,1,610.0,610.0
9012,4269,330,2,110.0,220.0
9013,4269,330,2,110.0,220.0
9014,4270,491,2,510.0,1020.0
9015,4270,557,1,310.0,310.0
9016,4271,279,2,70.0,140.0
9017,4271,107,3,150.0,450.0
9018,4271,107,1,150.0,150.0
9019,4272,454,1,160.0,160.0
9020,4273,129,1,50.0,50.0
9021,4273,544,1,40.0,40.0
9022,4273,544,3,40.0,120.0
9023,4274,102,2,300.0,600.0
9024,4275,546,1,190.0,190.0
9025,4276,731,1,280.0,280.0
9026,4277,690,2,70.0,140.0
9027,4277,193,1,150.0,150.0
9028,4277,349,1,420.0,420.0
9029,4278,593,1,180.0,180.0
9030,4278,593,1,180.0,180.0
9031,4278,299,3,70.0,210.0
9032,4279,330,1,110.0,110.0
9033,4279,330,2,110.0,220.0
9034,4280,443,1,180.0,180.0
9035,4280,338,1,210.0,210.0
9036,4280,338,1,210.0,210.0
9037,4281,21,1,640.0,640.0
9038,4281,104,1,240.0,240.0
9039,4281,21,1,640.0,640.0
9040,4282,450,2,240.0,480.0
9041,4282,529,2,60.0,120.0
9042,4282,622,2,100.0,200.0
9043,4283,338,1,210.0,210.0
9044,4283,65,1,330.0,330.0
9045,4284,30,2,60.0,120.0
9046,4285,639,2,200.0,400.0
9047,4285,315,2,60.0,120.0
9048,4286,96,1,210.0,210.0
9049,4286,459,1,120.0,120.0
9050,4287,101,2,300.0,600.0
9051,4287,704,2,130.0,260.0
9052,4288,107,1,150.0,150.0
9053,4288,230,1,120.0,120.0
9054,4289,392,2,60.0,120.0
9055,4289,562,2,150.0,300.0
9056,4289,186,3,250.0,750.0
9057,4289,392,1,60.0,60.0
9058,4290,495,1,180.0,180.0
9059,4290,490,1,50.0,50.0
9060,4291,265,2,170.0,340.0
9061,4292,530,2,90.0,180.0
9062,4293,117,1,40.0,40.0
9063,4293,643,1,280.0,280.0
9064,4293,643,2,280.0,560.0
9065,4295,480,1,510.0,510.0
9066,4295,91,3,270.0,810.0
9067,4295,480,1,510.0,510.0
9068,4296,742,1,90.0,90.0
9069,4296,536,1,310.0,310.0
9070,4297,161,1,180.0,180.0
9071,4297,599,1,100.0,100.0
9072,4297,340,2,60.0,120.0
9073,4299,732,2,120.0,240.0
9074,4299,61,1,100.0,100.0
9075,4300,680,3,240.0,720.0
9076,4300,437,1,130.0,130.0
9077,4300,680,1,240.0,240.0
9078,4300,680,1,240.0,240.0
9079,4301,200,1,660.0,660.0
9080,4301,200,2,660.0,1320.0
9081,4301,456,1,320.0,320.0
9082,4302,584,1,50.0,50.0
9083,4302,660,2,250.0,500.0
9084,4302,660,2,250.0,500.0
9085,4303,691,2,540.0,1080.0
9086,4303,470,1,320.0,320.0
9087,4303,691,1,540.0,540.0
9088,4304,424,1,90.0,90.0
9089,4305,34,2,310.0,620.0
9090,4305,232,2,280.0,560.0
9091,4305,302,1,210.0,210.0
9092,4306,10,1,90.0,90.0
9093,4306,348,2,70.0,140.0
9094,4307,17,1,330.0,330.0
9095,4307,705,1,160.0,160.0
9096,4307,508,1,340.0,340.0
9097,4308,512,1,50.0,50.0
9098,4309,563,2,130.0,260.0
9099,4309,662,1,590.0,590.0
9100,4309,563,2,130.0,260.0
9101,4309,178,1,60.0,60.0
9102,4312,426,2,140.0,280.0
9103,4312,553,2,110.0,220.0
9104,4313,557,1,310.0,310.0
9105,4313,210,1,50.0,50.0
9106,4313,557,1,310.0,310.0
9107,4313,491,1,510.0,510.0
9108,4314,19,2,110.0,220.0
9109,4314,19,1,110.0,110.0
9110,4314,461,1,300.0,300.0
9111,4315,78,1,50.0,50.0
9112,4315,735,1,40.0,40.0
9113,4315,536,2,310.0,620.0
9114,4315,742,1,90.0,90.0
9115,4316,476,2,60.0,120.0
9116,4317,602,2,580.0,1160.0
9117,4318,671,2,220.0,440.0
9118,4318,730,2,220.0,440.0
9119,4319,556,3,270.0,810.0
9120,4319,537,1,90.0,90.0
9121,4319,8,2,460.0,920.0
9122,4319,556,1,270.0,270.0
9123,4320,351,1,60.0,60.0
9124,4321,478,3,270.0,810.0
9125,4321,611,2,110.0,220.0
9126,4322,247,1,190.0,190.0
9127,4323,97,1,70.0,70.0
9128,4323,97,1,70.0,70.0
9129,4323,483,1,130.0,130.0
9130,4323,97,1,70.0,70.0
9131,4324,184,2,500.0,1000.0
9132,4325,338,1,210.0,210.0
9133,4325,65,1,330.0,330.0
9134,4325,443,2,180.0,360.0
9135,4326,561,1,290.0,290.0
9136,4326,561,1,290.0,290.0
9137,4326,561,2,290.0,580.0
9138,4327,352,1,40.0,40.0
9139,4327,352,1,40.0,40.0
9140,4328,194,3,670.0,2010.0
9141,4328,194,1,670.0,670.0
9142,4329,135,1,610.0,610.0
9143,4331,325,1,190.0,190.0
9144,4331,389,1,70.0,70.0
9145,4331,389,3,70.0,210.0
9146,4332,370,3,130.0,390.0
9147,4332,575,1,110.0,110.0
9148,4332,18,1,110.0,110.0
9149,4333,180,1,190.0,190.0
9150,4333,23,1,310.0,310.0
9151,4333,429,3,220.0,660.0
9152,4335,73,1,70.0,70.0
9153,4336,27,1,60.0,60.0
9154,4337,302,1,210.0,210.0
9155,4337,414,1,100.0,100.0
9156,4338,495,1,180.0,180.0
9157,4338,633,1,170.0,170.0
9158,4338,587,1,240.0,240.0
9159,4338,587,1,240.0,240.0
9160,4339,66,1,220.0,220.0
9161,4339,495,1,180.0,180.0
9162,4339,587,1,240.0,240.0
9163,4339,633,1,170.0,170.0
9164,4339,587,2,240.0,480.0
9165,4340,552,1,170.0,170.0
9166,4340,606,2,40.0,80.0
9167,4340,606,1,40.0,40.0
9168,4340,516,1,100.0,100.0
9169,4341,629,1,290.0,290.0
9170,4341,424,1,90.0,90.0
9171,4341,424,1,90.0,90.0
9172,4342,339,1,550.0,550.0
9173,4342,394,1,250.0,250.0
9174,4342,311,1,60.0,60.0
9175,4342,339,1,550.0,550.0
9176,4342,548,3,230.0,690.0
9177,4343,623,1,170.0,170.0
9178,4343,623,1,170.0,170.0
9179,4343,623,1,170.0,170.0
9180,4344,109,1,230.0,230.0
9181,4344,9,1,280.0,280.0
9182,4345,117,2,40.0,80.0
9183,4345,643,3,280.0,840.0
9184,4345,117,3,40.0,120.0
9185,4345,117,1,40.0,40.0
9186,4346,608,2,70.0,140.0
9187,4346,79,1,660.0,660.0
9188,4347,528,2,160.0,320.0
9189,4348,249,1,140.0,140.0
9190,4348,249,1,140.0,140.0
9191,4348,249,1,140.0,140.0
9192,4349,156,2,660.0,1320.0
9193,4349,156,2,660.0,1320.0
9194,4349,185,1,150.0,150.0
9195,4351,698,1,210.0,210.0
9196,4352,625,1,210.0,210.0
9197,4353,433,2,90.0,180.0
9198,4353,225,1,110.0,110.0
9199,4354,105,1,50.0,50.0
9200,4354,146,1,190.0,190.0
9201,4354,256,2,250.0,500.0
9202,4354,32,2,290.0,580.0
9203,4355,184,2,500.0,1000.0
9204,4355,722,1,140.0,140.0
9205,4355,717,3,60.0,180.0
9206,4355,221,2,110.0,220.0
9207,4355,717,1,60.0,60.0
9208,4356,196,1,340.0,340.0
9209,4356,273,3,200.0,600.0
9210,4356,196,1,340.0,340.0
9211,4357,166,1,590.0,590.0
9212,4357,75,1,230.0,230.0
9213,4358,322,2,170.0,340.0
9214,4359,441,1,190.0,190.0
9215,4359,538,1,240.0,240.0
9216,4360,9,1,280.0,280.0
9217,4360,109,1,230.0,230.0
9218,4360,9,1,280.0,280.0
9219,4361,461,1,300.0,300.0
9220,4361,733,1,320.0,320.0
9221,4362,376,2,70.0,140.0
9222,4362,399,1,190.0,190.0
9223,4363,34,2,310.0,620.0
9224,4363,34,1,310.0,310.0
9225,4364,24,2,50.0,100.0
9226,4365,729,2,90.0,180.0
9227,4365,569,1,210.0,210.0
9228,4366,260,1,60.0,60.0
9229,4367,641,2,300.0,600.0
9230,4368,243,2,250.0,500.0
9231,4368,464,2,80.0,160.0
9232,4369,421,1,160.0,160.0
9233,4369,325,1,190.0,190.0
9234,4370,410,2,570.0,1140.0
9235,4370,446,1,300.0,300.0
9236,4371,274,1,80.0,80.0
9237,4371,713,1,330.0,330.0
9238,4372,175,1,310.0,310.0
9239,4372,355,3,100.0,300.0
9240,4372,547,2,100.0,200.0
9241,4372,355,2,100.0,200.0
9242,4373,232,1,280.0,280.0
9243,4373,302,2,210.0,420.0
9244,4373,34,1,310.0,310.0
9245,4373,302,2,210.0,420.0
9246,4373,34,2,310.0,620.0
9247,4374,534,1,80.0,80.0
9248,4374,104,1,240.0,240.0
9249,4374,104,3,240.0,720.0
9250,4374,21,2,640.0,1280.0
9251,4375,58,1,260.0,260.0
9252,4376,438,1,300.0,300.0
9253,4376,300,2,330.0,660.0
9254,4376,275,1,170.0,170.0
9255,4376,263,1,180.0,180.0
9256,4377,645,2,210.0,420.0
9257,4378,99,3,560.0,1680.0
9258,4378,99,1,560.0,560.0
9259,4379,53,1,200.0,200.0
9260,4379,516,1,100.0,100.0
9261,4379,516,2,100.0,200.0
9262,4381,535,3,250.0,750.0
9263,4381,659,1,170.0,170.0
9264,4381,520,2,60.0,120.0
9265,4382,170,2,60.0,120.0
9266,4382,306,3,190.0,570.0
9267,4382,306,1,190.0,190.0
9268,4383,533,1,530.0,530.0
9269,4383,195,2,270.0,540.0
9270,4383,524,2,180.0,360.0
9271,4384,278,2,310.0,620.0
9272,4384,738,1,110.0,110.0
9273,4384,738,2,110.0,220.0
9274,4384,261,1,60.0,60.0
9275,4384,261,1,60.0,60.0
9276,4385,399,2,190.0,380.0
9277,4385,697,2,210.0,420.0
9278,4386,466,1,290.0,290.0
9279,4386,542,2,240.0,480.0
9280,4386,426,2,140.0,280.0
9281,4387,645,2,210.0,420.0
9282,4387,679,3,240.0,720.0
9283,4387,454,1,160.0,160.0
9284,4387,454,2,160.0,320.0
9285,4388,208,2,60.0,120.0
9286,4388,258,2,270.0,540.0
9287,4388,503,2,270.0,540.0
9288,4389,211,3,350.0,1050.0
9289,4389,291,2,280.0,560.0
9290,4389,627,1,300.0,300.0
9291,4390,39,2,70.0,140.0
9292,4390,181,1,190.0,190.0
9293,4390,39,3,70.0,210.0
9294,4390,181,1,190.0,190.0
9295,4390,578,1,190.0,190.0
9296,4391,616,1,190.0,190.0
9297,4393,676,2,220.0,440.0
9298,4394,48,1,180.0,180.0
9299,4394,103,1,500.0,500.0
9300,4394,95,3,90.0,270.0
9301,4395,567,2,140.0,280.0
9302,4395,750,1,220.0,220.0
9303,4395,750,1,220.0,220.0
9304,4395,393,1,80.0,80.0
9305,4396,409,1,200.0,200.0
9306,4396,705,2,160.0,320.0
9307,4397,378,1,320.0,320.0
9308,4398,737,1,480.0,480.0
9309,4398,183,2,260.0,520.0
9310,4398,419,1,270.0,270.0
9311,4398,419,2,270.0,540.0
9312,4399,622,2,100.0,200.0
9313,4399,513,1,190.0,190.0
9314,4400,484,1,130.0,130.0
9315,4400,228,1,280.0,280.0
9316,4400,568,1,100.0,100.0
9317,4401,414,2,100.0,200.0
9318,4401,302,2,210.0,420.0
9319,4401,102,1,300.0,300.0
9320,4402,256,3,250.0,750.0
9321,4403,666,1,100.0,100.0
9322,4403,675,1,650.0,650.0
9323,4404,525,1,60.0,60.0
9324,4405,460,2,70.0,140.0
9325,4405,181,2,190.0,380.0
9326,4405,412,1,180.0,180.0
9327,4405,644,1,120.0,120.0
9328,4405,644,1,120.0,120.0
9329,4406,718,2,150.0,300.0
9330,4407,654,1,180.0,180.0
9331,4407,654,1,180.0,180.0
9332,4407,654,1,180.0,180.0
9333,4407,231,1,100.0,100.0
9334,4409,520,1,60.0,60.0
9335,4409,659,3,170.0,510.0
9336,4409,98,2,270.0,540.0
9337,4410,260,1,60.0,60.0
9338,4410,365,2,450.0,900.0
9339,4411,211,2,350.0,700.0
9340,4411,26,2,300.0,600.0
9341,4411,69,1,630.0,630.0
9342,4412,519,2,170.0,340.0
9343,4414,741,1,290.0,290.0
9344,4415,454,1,160.0,160.0
9345,4415,326,2,110.0,220.0
9346,4416,744,1,270.0,270.0
9347,4416,718,1,150.0,150.0
9348,4417,572,1,300.0,300.0
9349,4417,573,1,320.0,320.0
9350,4418,282,2,100.0,200.0
9351,4418,239,1,240.0,240.0
9352,4418,523,2,200.0,400.0
9353,4419,129,2,50.0,100.0
9354,4419,129,2,50.0,100.0
9355,4420,19,2,110.0,220.0
9356,4421,36,1,80.0,80.0
9357,4421,738,2,110.0,220.0
9358,4421,212,3,100.0,300.0
9359,4422,132,1,300.0,300.0
9360,4422,319,1,180.0,180.0
9361,4422,632,2,340.0,680.0
9362,4422,353,1,300.0,300.0
9363,4423,624,3,70.0,210.0
9364,4423,471,1,650.0,650.0
9365,4424,702,2,90.0,180.0
9366,4424,672,1,260.0,260.0
9367,4424,288,1,180.0,180.0
9368,4426,340,1,60.0,60.0
9369,4426,44,1,290.0,290.0
9370,4427,503,3,270.0,810.0
9371,4427,545,1,290.0,290.0
9372,4427,258,1,270.0,270.0
9373,4427,258,1,270.0,270.0
9374,4428,121,3,690.0,2070.0
9375,4428,354,2,320.0,640.0
9376,4428,354,1,320.0,320.0
9377,4429,418,2,50.0,100.0
9378,4431,283,2,110.0,220.0
9379,4431,624,2,70.0,140.0
9380,4431,283,2,110.0,220.0
9381,4432,303,2,110.0,220.0
9382,4432,531,1,50.0,50.0
9383,4432,315,1,60.0,60.0
9384,4433,257,1,270.0,270.0
9385,4433,692,3,230.0,690.0
9386,4434,477,2,290.0,580.0
9387,4434,258,2,270.0,540.0
9388,4436,345,1,330.0,330.0
9389,4436,600,2,170.0,340.0
9390,4437,669,1,700.0,700.0
9391,4438,5,3,80.0,240.0
9392,4438,28,3,210.0,630.0
9393,4439,392,1,60.0,60.0
9394,4440,732,2,120.0,240.0
9395,4440,269,1,620.0,620.0
9396,4441,86,3,70.0,210.0
9397,4441,441,1,190.0,190.0
9398,4441,321,1,310.0,310.0
9399,4442,60,2,80.0,160.0
9400,4443,173,1,220.0,220.0
9401,4444,78,1,50.0,50.0
9402,4444,735,1,40.0,40.0
9403,4444,536,1,310.0,310.0
9404,4445,405,1,220.0,220.0
9405,4445,58,1,260.0,260.0
9406,4445,58,1,260.0,260.0
9407,4445,706,1,280.0,280.0
9408,4446,620,2,60.0,120.0
9409,4446,229,1,340.0,340.0
9410,4447,202,1,300.0,300.0
9411,4447,103,1,500.0,500.0
9412,4447,48,1,180.0,180.0
9413,4448,650,1,170.0,170.0
9414,4448,646,1,80.0,80.0
9415,4448,729,1,90.0,90.0
9416,4448,569,3,210.0,630.0
9417,4449,634,1,120.0,120.0
9418,4449,93,1,710.0,710.0
9419,4449,634,2,120.0,240.0
9420,4450,666,2,100.0,200.0
9421,4450,675,1,650.0,650.0
9422,4450,149,1,160.0,160.0
9423,4451,92,1,120.0,120.0
9424,4451,40,2,160.0,320.0
9425,4452,227,1,120.0,120.0
9426,4452,531,3,50.0,150.0
9427,4452,274,3,80.0,240.0
9428,4453,487,2,450.0,900.0
9429,4454,277,1,210.0,210.0
9430,4454,277,1,210.0,210.0
9431,4455,603,2,220.0,440.0
9432,4457,128,1,140.0,140.0
9433,4457,128,2,140.0,280.0
9434,4458,361,1,60.0,60.0
9435,4458,361,2,60.0,120.0
9436,4459,505,1,70.0,70.0
9437,4459,699,2,320.0,640.0
9438,4459,628,2,450.0,900.0
9439,4459,505,1,70.0,70.0
9440,4460,469,2,100.0,200.0
9441,4460,249,1,140.0,140.0
9442,4460,125,2,210.0,420.0
9443,4460,425,2,200.0,400.0
9444,4462,542,2,240.0,480.0
9445,4462,553,3,110.0,330.0
9446,4463,686,1,70.0,70.0
9447,4463,413,1,170.0,170.0
9448,4464,707,2,180.0,360.0
9449,4464,621,1,140.0,140.0
9450,4465,508,3,340.0,1020.0
9451,4466,540,1,50.0,50.0
9452,4467,470,1,320.0,320.0
9453,4467,142,1,260.0,260.0
9454,4467,470,1,320.0,320.0
9455,4467,691,1,540.0,540.0
9456,4468,59,1,100.0,100.0
9457,4468,290,1,200.0,200.0
9458,4469,135,1,610.0,610.0
9459,4469,330,2,110.0,220.0
9460,4469,135,1,610.0,610.0
9461,4470,111,1,190.0,190.0
9462,4471,742,1,90.0,90.0
9463,4472,129,1,50.0,50.0
9464,4473,230,2,120.0,240.0
9465,4474,729,2,90.0,180.0
9466,4474,381,1,560.0,560.0
9467,4474,381,1,560.0,560.0
9468,4474,650,2,170.0,340.0
9469,4476,682,2,80.0,160.0
9470,4476,524,1,180.0,180.0
9471,4476,682,2,80.0,160.0
9472,4477,489,2,140.0,280.0
9473,4477,489,1,140.0,140.0
9474,4478,330,1,110.0,110.0
9475,4479,226,1,190.0,190.0
9476,4479,649,1,320.0,320.0
9477,4481,689,1,60.0,60.0
9478,4482,234,2,130.0,260.0
9479,4483,620,2,60.0,120.0
9480,4484,257,1,270.0,270.0
9481,4484,257,1,270.0,270.0
9482,4484,668,1,110.0,110.0
9483,4484,692,1,230.0,230.0
9484,4485,618,1,100.0,100.0
9485,4485,479,3,80.0,240.0
9486,4485,422,3,130.0,390.0
9487,4485,618,1,100.0,100.0
9488,4486,176,2,230.0,460.0
9489,4487,404,1,60.0,60.0
9490,4487,45,2,280.0,560.0
9491,4487,332,2,180.0,360.0
9492,4488,644,2,120.0,240.0
9493,4488,76,1,90.0,90.0
9494,4489,198,2,570.0,1140.0
9495,4490,279,1,70.0,70.0
9496,4490,107,1,150.0,150.0
9497,4490,279,1,70.0,70.0
9498,4491,436,1,110.0,110.0
9499,4491,436,3,110.0,330.0
9500,4492,190,1,550.0,550.0
9501,4492,190,3,550.0,1650.0
9502,4492,157,1,240.0,240.0
9503,4492,665,1,120.0,120.0
9504,4494,323,1,50.0,50.0
9505,4495,110,1,310.0,310.0
9506,4496,424,1,90.0,90.0
9507,4496,363,1,670.0,670.0
9508,4497,201,1,100.0,100.0
9509,4497,201,2,100.0,200.0
9510,4498,480,1,510.0,510.0
9511,4499,282,3,100.0,300.0
9512,4499,487,1,450.0,450.0
9513,4500,510,1,110.0,110.0
9514,4500,720,1,360.0,360.0
9515,4501,716,2,290.0,580.0
9516,4501,449,2,210.0,420.0
9517,4501,678,1,180.0,180.0
9518,4502,584,1,50.0,50.0
9519,4503,544,1,40.0,40.0
9520,4504,477,3,290.0,870.0
9521,4505,591,1,360.0,360.0
9522,4505,591,1,360.0,360.0
9523,4505,591,1,360.0,360.0
9524,4506,164,1,90.0,90.0
9525,4507,104,1,240.0,240.0
9526,4507,104,1,240.0,240.0
9527,4508,331,1,450.0,450.0
9528,4508,407,1,250.0,250.0
9529,4509,741,1,290.0,290.0
9530,4510,130,1,300.0,300.0
9531,4511,541,1,300.0,300.0
9532,4511,541,2,300.0,600.0
9533,4511,112,1,580.0,580.0
9534,4511,541,1,300.0,300.0
9535,4512,338,2,210.0,420.0
9536,4513,83,1,170.0,170.0
9537,4513,640,1,40.0,40.0
9538,4513,473,1,80.0,80.0
9539,4514,308,1,340.0,340.0
9540,4514,144,1,130.0,130.0
9541,4514,47,2,40.0,80.0
9542,4514,596,2,300.0,600.0
9543,4515,347,1,180.0,180.0
9544,4515,347,2,180.0,360.0
9545,4516,526,2,100.0,200.0
9546,4516,134,2,200.0,400.0
9547,4517,105,2,50.0,100.0
9548,4517,146,1,190.0,190.0
9549,4517,146,1,190.0,190.0
9550,4517,105,2,50.0,100.0
9551,4519,165,1,180.0,180.0
9552,4520,297,1,300.0,300.0
9553,4520,12,2,60.0,120.0
9554,4521,367,1,270.0,270.0
9555,4521,375,2,310.0,620.0
9556,4521,632,3,340.0,1020.0
9557,4522,718,3,150.0,450.0
9558,4522,216,1,320.0,320.0
9559,4523,749,2,70.0,140.0
9560,4523,324,1,30.0,30.0
9561,4524,641,1,300.0,300.0
9562,4525,645,3,210.0,630.0
9563,4525,168,2,60.0,120.0
9564,4526,149,1,160.0,160.0
9565,4526,411,1,240.0,240.0
9566,4526,149,1,160.0,160.0
9567,4526,123,1,60.0,60.0
9568,4528,168,1,60.0,60.0
9569,4528,645,1,210.0,210.0
9570,4528,645,2,210.0,420.0
9571,4529,715,1,230.0,230.0
9572,4529,715,1,230.0,230.0
9573,4530,110,1,310.0,310.0
9574,4530,406,3,180.0,540.0
9575,4531,269,1,620.0,620.0
9576,4531,61,2,100.0,200.0
9577,4533,199,1,300.0,300.0
9578,4533,514,1,150.0,150.0
9579,4533,262,1,80.0,80.0
9580,4534,299,2,70.0,140.0
9581,4534,593,1,180.0,180.0
9582,4534,383,1,200.0,200.0
9583,4535,442,1,290.0,290.0
9584,4535,270,1,140.0,140.0
9585,4535,442,1,290.0,290.0
9586,4536,126,1,510.0,510.0
9587,4537,370,2,130.0,260.0
9588,4537,575,1,110.0,110.0
9589,4538,275,1,170.0,170.0
9590,4538,438,1,300.0,300.0
9591,4538,275,1,170.0,170.0
9592,4539,707,1,180.0,180.0
9593,4540,293,1,40.0,40.0
9594,4540,686,1,70.0,70.0
9595,4540,129,2,50.0,100.0
9596,4541,373,1,260.0,260.0
9597,4541,373,1,260.0,260.0
9598,4541,104,1,240.0,240.0
9599,4541,21,1,640.0,640.0
9600,4544,249,1,140.0,140.0
9601,4544,469,1,100.0,100.0
9602,4544,236,1,250.0,250.0
9603,4544,585,3,50.0,150.0
9604,4544,425,3,200.0,600.0
9605,4545,362,2,100.0,200.0
9606,4545,41,1,310.0,310.0
9607,4546,616,2,190.0,380.0
9608,4547,45,1,280.0,280.0
9609,4547,671,3,220.0,660.0
9610,4548,341,3,150.0,450.0
9611,4549,528,3,160.0,480.0
9612,4549,351,3,60.0,180.0
9613,4550,609,2,60.0,120.0
9614,4551,498,2,90.0,180.0
9615,4552,443,2,180.0,360.0
9616,4552,65,1,330.0,330.0
9617,4554,267,2,270.0,540.0
9618,4554,270,1,140.0,140.0
9619,4554,270,1,140.0,140.0
9620,4554,267,3,270.0,810.0
9621,4555,88,1,310.0,310.0
9622,4556,488,1,180.0,180.0
9623,4557,263,2,180.0,360.0
9624,4557,300,1,330.0,330.0
9625,4559,718,3,150.0,450.0
9626,4559,216,3,320.0,960.0
9627,4559,718,2,150.0,300.0
9628,4559,744,2,270.0,540.0
9629,4560,114,1,130.0,130.0
9630,4560,473,3,80.0,240.0
9631,4562,326,1,110.0,110.0
9632,4562,326,3,110.0,330.0
9633,4563,507,2,190.0,380.0
9634,4564,176,1,230.0,230.0
9635,4564,176,1,230.0,230.0
9636,4564,336,2,110.0,220.0
9637,4565,179,1,160.0,160.0
9638,4565,474,2,150.0,300.0
9639,4565,474,2,150.0,300.0
9640,4565,179,1,160.0,160.0
9641,4565,179,2,160.0,320.0
9642,4567,734,1,90.0,90.0
9643,4567,704,1,130.0,130.0
9644,4567,57,1,230.0,230.0
9645,4568,567,1,140.0,140.0
9646,4568,390,3,270.0,810.0
9647,4568,268,3,60.0,180.0
9648,4569,413,2,170.0,340.0
9649,4569,413,1,170.0,170.0
9650,4570,279,2,70.0,140.0
9651,4570,527,1,100.0,100.0
9652,4570,279,2,70.0,140.0
9653,4571,689,1,60.0,60.0
9654,4571,256,1,250.0,250.0
9655,4571,256,2,250.0,500.0
9656,4572,322,1,170.0,170.0
9657,4572,315,1,60.0,60.0
9658,4574,463,2,60.0,120.0
9659,4574,105,1,50.0,50.0
9660,4574,256,1,250.0,250.0
9661,4576,339,2,550.0,1100.0
9662,4576,548,1,230.0,230.0
9663,4576,394,1,250.0,250.0
9664,4576,339,2,550.0,1100.0
9665,4577,121,2,690.0,1380.0
9666,4578,96,1,210.0,210.0
9667,4578,96,1,210.0,210.0
9668,4578,459,2,120.0,240.0
9669,4579,571,1,520.0,520.0
9670,4579,571,2,520.0,1040.0
9671,4579,59,2,100.0,200.0
9672,4580,431,1,210.0,210.0
9673,4581,227,1,120.0,120.0
9674,4581,322,1,170.0,170.0
9675,4582,510,2,110.0,220.0
9676,4582,558,1,330.0,330.0
9677,4582,720,1,360.0,360.0
9678,4583,746,1,60.0,60.0
9679,4584,509,2,250.0,500.0
9680,4585,72,1,270.0,270.0
9681,4586,655,1,250.0,250.0
9682,4587,196,1,340.0,340.0
9683,4587,631,1,300.0,300.0
9684,4588,359,2,580.0,1160.0
9685,4588,417,2,60.0,120.0
9686,4589,672,1,260.0,260.0
9687,4589,432,1,540.0,540.0
9688,4589,672,2,260.0,520.0
9689,4590,514,1,150.0,150.0
9690,4590,50,1,300.0,300.0
9691,4590,570,1,530.0,530.0
9692,4590,262,1,80.0,80.0
9693,4590,199,2,300.0,600.0
9694,4591,598,3,440.0,1320.0
9695,4591,610,2,220.0,440.0
9696,4591,598,1,440.0,440.0
9697,4592,565,1,460.0,460.0
9698,4592,682,1,80.0,80.0
9699,4593,527,1,100.0,100.0
9700,4593,279,2,70.0,140.0
9701,4593,527,2,100.0,200.0
9702,4594,723,1,50.0,50.0
9703,4595,32,1,290.0,290.0
9704,4595,689,1,60.0,60.0
9705,4595,256,2,250.0,500.0
9706,4596,168,3,60.0,180.0
9707,4597,203,2,190.0,380.0
9708,4597,710,1,210.0,210.0
9709,4597,347,1,180.0,180.0
9710,4598,178,1,60.0,60.0
9711,4598,320,1,100.0,100.0
9712,4598,386,2,70.0,140.0
9713,4599,325,2,190.0,380.0
9714,4599,421,1,160.0,160.0
9715,4600,638,1,300.0,300.0
9716,4600,150,3,240.0,720.0
9717,4600,346,2,650.0,1300.0
9718,4601,510,1,110.0,110.0
9719,4601,558,1,330.0,330.0
9720,4602,90,1,100.0,100.0
9721,4602,698,1,210.0,210.0
9722,4602,581,2,130.0,260.0
9723,4602,698,2,210.0,420.0
9724,4602,698,3,210.0,630.0
9725,4603,710,3,210.0,630.0
9726,4604,143,1,280.0,280.0
9727,4605,711,3,110.0,330.0
9728,4605,1,2,120.0,240.0
9729,4606,573,1,320.0,320.0
9730,4607,41,3,310.0,930.0
9731,4607,741,2,290.0,580.0
9732,4608,170,2,60.0,120.0
9733,4608,170,1,60.0,60.0
9734,4608,170,1,60.0,60.0
9735,4608,306,1,190.0,190.0
9736,4609,229,1,340.0,340.0
9737,4609,286,1,340.0,340.0
9738,4610,167,1,50.0,50.0
9739,4610,378,2,320.0,640.0
9740,4612,41,1,310.0,310.0
9741,4612,442,1,290.0,290.0
9742,4612,372,2,190.0,380.0
9743,4612,41,1,310.0,310.0
9744,4613,139,2,150.0,300.0
9745,4613,24,1,50.0,50.0
9746,4614,79,3,660.0,1980.0
9747,4614,20,1,90.0,90.0
9748,4615,731,1,280.0,280.0
9749,4615,731,1,280.0,280.0
9750,4615,141,3,190.0,570.0
9751,4615,141,1,190.0,190.0
9752,4616,361,1,60.0,60.0
9753,4616,91,1,270.0,270.0
9754,4616,480,2,510.0,1020.0
9755,4617,581,2,130.0,260.0
9756,4617,90,1,100.0,100.0
9757,4618,261,1,60.0,60.0
9758,4618,261,1,60.0,60.0
9759,4619,365,2,450.0,900.0
9760,4619,365,1,450.0,450.0
9761,4619,509,3,250.0,750.0
9762,4620,608,1,70.0,70.0
9763,4620,608,1,70.0,70.0
9764,4621,555,1,250.0,250.0
9765,4621,526,1,100.0,100.0
9766,4622,3,1,100.0,100.0
9767,4623,128,1,140.0,140.0
9768,4623,75,2,230.0,460.0
9769,4624,79,2,660.0,1320.0
9770,4625,186,2,250.0,500.0
9771,4625,392,3,60.0,180.0
9772,4625,186,2,250.0,500.0
9773,4626,710,1,210.0,210.0
9774,4626,347,1,180.0,180.0
9775,4627,733,2,320.0,640.0
9776,4627,733,1,320.0,320.0
9777,4627,461,1,300.0,300.0
9778,4627,461,1,300.0,300.0
9779,4628,13,1,40.0,40.0
9780,4628,496,1,220.0,220.0
9781,4629,108,1,230.0,230.0
9782,4630,414,2,100.0,200.0
9783,4630,302,1,210.0,210.0
9784,4631,352,1,40.0,40.0
9785,4631,88,1,310.0,310.0
9786,4631,352,2,40.0,80.0
9787,4631,234,2,130.0,260.0
9788,4632,444,1,110.0,110.0
9789,4632,182,1,90.0,90.0
9790,4633,541,2,300.0,600.0
9791,4633,112,1,580.0,580.0
9792,4634,496,2,220.0,440.0
9793,4635,211,1,350.0,350.0
9794,4635,291,2,280.0,560.0
9795,4635,468,2,160.0,320.0
9796,4636,19,1,110.0,110.0
9797,4637,489,1,140.0,140.0
9798,4637,297,1,300.0,300.0
9799,4637,12,2,60.0,120.0
9800,4637,346,1,650.0,650.0
9801,4637,638,1,300.0,300.0
9802,4638,586,2,340.0,680.0
9803,4639,552,1,170.0,170.0
9804,4639,552,2,170.0,340.0
9805,4640,746,2,60.0,120.0
9806,4640,661,2,50.0,100.0
9807,4640,746,2,60.0,120.0
9808,4640,677,1,40.0,40.0
9809,4642,540,2,50.0,100.0
9810,4642,396,2,90.0,180.0
9811,4642,396,1,90.0,90.0
9812,4643,99,1,560.0,560.0
9813,4644,139,2,150.0,300.0
9814,4644,307,2,270.0,540.0
9815,4644,398,2,120.0,240.0
9816,4645,220,2,190.0,380.0
9817,4646,584,1,50.0,50.0
9818,4646,584,1,50.0,50.0
9819,4647,609,1,60.0,60.0
9820,4648,476,2,60.0,120.0
9821,4648,212,1,100.0,100.0
9822,4648,261,1,60.0,60.0
9823,4649,396,1,90.0,90.0
9824,4650,461,2,300.0,600.0
9825,4650,461,1,300.0,300.0
9826,4651,572,2,300.0,600.0
9827,4652,367,1,270.0,270.0
9828,4653,273,1,200.0,200.0
9829,4653,435,1,70.0,70.0
9830,4653,617,1,210.0,210.0
9831,4653,631,1,300.0,300.0
9832,4654,116,2,300.0,600.0
9833,4654,362,1,100.0,100.0
9834,4654,442,2,290.0,580.0
9835,4655,100,2,190.0,380.0
9836,4656,473,3,80.0,240.0
9837,4656,83,1,170.0,170.0
9838,4656,492,1,350.0,350.0
9839,4657,97,1,70.0,70.0
9840,4658,136,1,530.0,530.0
9841,4659,396,2,90.0,180.0
9842,4659,396,3,90.0,270.0
9843,4659,265,3,170.0,510.0
9844,4660,748,1,390.0,390.0
9845,4660,358,2,160.0,320.0
9846,4661,701,2,260.0,520.0
9847,4661,139,1,150.0,150.0
9848,4661,307,2,270.0,540.0
9849,4662,583,3,140.0,420.0
9850,4662,745,1,90.0,90.0
9851,4662,436,3,110.0,330.0
9852,4663,7,3,320.0,960.0
9853,4663,225,1,110.0,110.0
9854,4663,225,1,110.0,110.0
9855,4664,331,2,450.0,900.0
9856,4666,65,2,330.0,660.0
9857,4666,65,1,330.0,330.0
9858,4666,443,1,180.0,180.0
9859,4667,164,3,90.0,270.0
9860,4667,127,2,250.0,500.0
9861,4668,431,1,210.0,210.0
9862,4668,708,2,480.0,960.0
9863,4668,603,2,220.0,440.0
9864,4669,671,1,220.0,220.0
9865,4669,404,1,60.0,60.0
9866,4670,31,1,100.0,100.0
9867,4671,750,1,220.0,220.0
9868,4672,130,1,300.0,300.0
9869,4673,320,2,100.0,200.0
9870,4673,178,2,60.0,120.0
9871,4674,641,2,300.0,600.0
9872,4675,534,3,80.0,240.0
9873,4675,373,1,260.0,260.0
9874,4676,454,1,160.0,160.0
9875,4676,707,3,180.0,540.0
9876,4676,168,1,60.0,60.0
9877,4678,548,1,230.0,230.0
9878,4678,548,3,230.0,690.0
9879,4679,206,2,60.0,120.0
9880,4679,459,1,120.0,120.0
9881,4679,459,1,120.0,120.0
9882,4680,3,2,100.0,200.0
9883,4680,176,1,230.0,230.0
9884,4681,16,1,90.0,90.0
9885,4682,649,2,320.0,640.0
9886,4682,427,1,280.0,280.0
9887,4682,626,1,260.0,260.0
9888,4682,649,1,320.0,320.0
9889,4683,108,1,230.0,230.0
9890,4684,178,1,60.0,60.0
9891,4684,662,2,590.0,1180.0
9892,4684,178,1,60.0,60.0
9893,4686,376,2,70.0,140.0
9894,4686,251,1,320.0,320.0
9895,4686,397,2,310.0,620.0
9896,4686,397,2,310.0,620.0
9897,4686,148,3,270.0,810.0
9898,4687,255,2,70.0,140.0
9899,4687,192,1,270.0,270.0
9900,4687,626,2,260.0,520.0
9901,4688,190,2,550.0,1100.0
9902,4688,665,1,120.0,120.0
9903,4688,287,2,40.0,80.0
9904,4690,452,1,270.0,270.0
9905,4690,488,1,180.0,180.0
9906,4691,719,2,50.0,100.0
9907,4692,555,2,250.0,500.0
9908,4692,555,2,250.0,500.0
9909,4693,610,1,220.0,220.0
9910,4693,598,3,440.0,1320.0
9911,4693,714,1,40.0,40.0
9912,4693,328,1,230.0,230.0
9913,4693,714,2,40.0,80.0
9914,4694,292,1,530.0,530.0
9915,4695,674,1,630.0,630.0
9916,4696,338,1,210.0,210.0
9917,4696,338,2,210.0,420.0
9918,4696,65,2,330.0,660.0
9919,4698,677,1,40.0,40.0
9920,4699,657,1,210.0,210.0
9921,4699,159,1,320.0,320.0
9922,4700,576,3,120.0,360.0
9923,4700,421,2,160.0,320.0
9924,4701,407,1,250.0,250.0
9925,4702,729,1,90.0,90.0
9926,4703,316,1,190.0,190.0
9927,4703,316,1,190.0,190.0
9928,4704,28,2,210.0,420.0
9929,4704,5,2,80.0,160.0
9930,4704,189,1,170.0,170.0
9931,4705,503,1,270.0,270.0
9932,4705,208,2,60.0,120.0
9933,4706,343,2,680.0,1360.0
9934,4706,74,2,70.0,140.0
9935,4706,343,2,680.0,1360.0
9936,4707,701,1,260.0,260.0
9937,4707,398,1,120.0,120.0
9938,4708,659,1,170.0,170.0
9939,4708,520,1,60.0,60.0
9940,4708,520,1,60.0,60.0
9941,4710,605,1,320.0,320.0
9942,4710,346,2,650.0,1300.0
9943,4711,340,1,60.0,60.0
9944,4711,340,3,60.0,180.0
9945,4712,42,1,110.0,110.0
9946,4712,616,2,190.0,380.0
9947,4712,642,1,260.0,260.0
9948,4713,73,1,70.0,70.0
9949,4714,288,1,180.0,180.0
9950,4715,723,2,50.0,100.0
9951,4716,49,1,330.0,330.0
9952,4716,446,1,300.0,300.0
9953,4717,325,1,190.0,190.0
9954,4717,325,2,190.0,380.0
9955,4717,389,1,70.0,70.0
9956,4718,527,2,100.0,200.0
9957,4718,527,2,100.0,200.0
9958,4719,203,1,190.0,190.0
9959,4719,347,1,180.0,180.0
9960,4719,347,1,180.0,180.0
9961,4720,496,1,220.0,220.0
9962,4720,13,1,40.0,40.0
9963,4723,746,1,60.0,60.0
9964,4725,437,1,130.0,130.0
9965,4725,680,3,240.0,720.0
9966,4725,437,3,130.0,390.0
9967,4727,666,2,100.0,200.0
9968,4727,123,1,60.0,60.0
9969,4730,470,2,320.0,640.0
9970,4730,721,1,140.0,140.0
9971,4731,185,1,150.0,150.0
9972,4731,448,1,110.0,110.0
9973,4731,185,1,150.0,150.0
9974,4732,290,2,200.0,400.0
9975,4732,571,3,520.0,1560.0
9976,4733,744,1,270.0,270.0
9977,4733,35,1,310.0,310.0
9978,4733,35,2,310.0,620.0
9979,4734,276,2,200.0,400.0
9980,4734,622,1,100.0,100.0
9981,4734,433,2,90.0,180.0
9982,4734,147,1,160.0,160.0
9983,4735,37,3,100.0,300.0
9984,4735,37,3,100.0,300.0
9985,4736,650,1,170.0,170.0
9986,4737,616,1,190.0,190.0
9987,4737,42,1,110.0,110.0
9988,4738,341,2,150.0,300.0
9989,4738,82,2,70.0,140.0
9990,4739,16,1,90.0,90.0
9991,4739,16,1,90.0,90.0
9992,4739,521,1,330.0,330.0
9993,4739,521,1,330.0,330.0
9994,4740,643,1,280.0,280.0
9995,4740,643,1,280.0,280.0
9996,4741,278,1,310.0,310.0
9997,4742,658,2,60.0,120.0
9998,4743,130,2,300.0,600.0
9999,4744,306,1,190.0,190.0
10000,4745,603,1,220.0,220.0
10001,4745,564,1,200.0,200.0
10002,4745,431,1,210.0,210.0
10003,4745,708,2,480.0,960.0
10004,4745,708,1,480.0,480.0
10005,4747,394,1,250.0,250.0
10006,4747,339,3,550.0,1650.0
10007,4747,394,1,250.0,250.0
10008,4747,339,1,550.0,550.0
10009,4747,394,3,250.0,750.0
10010,4748,164,2,90.0,180.0
10011,4748,164,1,90.0,90.0
10012,4751,616,1,190.0,190.0
10013,4751,616,1,190.0,190.0
10014,4752,231,1,100.0,100.0
10015,4752,423,1,40.0,40.0
10016,4753,650,1,170.0,170.0
10017,4753,569,1,210.0,210.0
10018,4754,245,1,290.0,290.0
10019,4755,211,1,350.0,350.0
10020,4755,291,3,280.0,840.0
10021,4755,669,3,700.0,2100.0
10022,4755,69,1,630.0,630.0
10023,4755,211,1,350.0,350.0
10024,4756,204,2,280.0,560.0
10025,4756,133,2,210.0,420.0
10026,4756,356,1,310.0,310.0
10027,4756,204,1,280.0,280.0
10028,4757,10,1,90.0,90.0
10029,4757,280,1,330.0,330.0
10030,4757,410,1,570.0,570.0
10031,4757,49,1,330.0,330.0
10032,4758,431,1,210.0,210.0
10033,4759,65,2,330.0,660.0
10034,4760,181,1,190.0,190.0
10035,4760,181,3,190.0,570.0
10036,4760,412,1,180.0,180.0
10037,4762,336,1,110.0,110.0
10038,4763,714,1,40.0,40.0
10039,4763,328,1,230.0,230.0
10040,4763,655,1,250.0,250.0
10041,4763,328,1,230.0,230.0
10042,4764,627,3,300.0,900.0
10043,4764,211,2,350.0,700.0
10044,4764,69,1,630.0,630.0
10045,4766,198,1,570.0,570.0
10046,4766,185,2,150.0,300.0
10047,4767,708,1,480.0,480.0
10048,4767,708,1,480.0,480.0
10049,4767,603,1,220.0,220.0
10050,4767,740,1,350.0,350.0
10051,4768,600,1,170.0,170.0
10052,4769,258,2,270.0,540.0
10053,4770,632,1,340.0,340.0
10054,4771,465,2,90.0,180.0
10055,4771,403,1,120.0,120.0
10056,4771,465,1,90.0,90.0
10057,4772,727,1,250.0,250.0
10058,4772,727,1,250.0,250.0
10059,4772,681,1,300.0,300.0
10060,4773,308,1,340.0,340.0
10061,4774,19,2,110.0,220.0
10062,4774,733,2,320.0,640.0
10063,4774,609,1,60.0,60.0
10064,4774,19,3,110.0,330.0
10065,4775,473,1,80.0,80.0
10066,4775,473,1,80.0,80.0
10067,4775,640,2,40.0,80.0
10068,4775,473,1,80.0,80.0
10069,4776,90,2,100.0,200.0
10070,4776,581,1,130.0,130.0
10071,4777,53,1,200.0,200.0
10072,4778,516,1,100.0,100.0
10073,4778,516,3,100.0,300.0
10074,4778,606,2,40.0,80.0
10075,4779,345,1,330.0,330.0
10076,4779,558,1,330.0,330.0
10077,4779,726,1,310.0,310.0
10078,4780,184,1,500.0,500.0
10079,4780,717,1,60.0,60.0
10080,4781,88,1,310.0,310.0
10081,4781,2,1,40.0,40.0
10082,4782,418,2,50.0,100.0
10083,4783,641,1,300.0,300.0
10084,4784,322,2,170.0,340.0
10085,4784,531,2,50.0,100.0
10086,4784,274,1,80.0,80.0
10087,4785,262,1,80.0,80.0
10088,4785,271,1,510.0,510.0
10089,4786,504,1,390.0,390.0
10090,4786,521,1,330.0,330.0
10091,4786,298,1,40.0,40.0
10092,4786,16,2,90.0,180.0
10093,4786,298,2,40.0,80.0
10094,4787,728,2,370.0,740.0
10095,4788,461,3,300.0,900.0
10096,4788,19,1,110.0,110.0
10097,4789,711,2,110.0,220.0
10098,4789,560,2,250.0,500.0
10099,4789,455,1,120.0,120.0
10100,4789,566,1,70.0,70.0
10101,4790,502,1,350.0,350.0
10102,4790,518,2,340.0,680.0
10103,4791,703,1,90.0,90.0
10104,4791,396,1,90.0,90.0
10105,4791,396,1,90.0,90.0
10106,4792,729,3,90.0,270.0
10107,4793,646,1,80.0,80.0
10108,4793,381,1,560.0,560.0
10109,4793,646,3,80.0,240.0
10110,4793,569,2,210.0,420.0
10111,4794,700,1,50.0,50.0
10112,4794,11,1,80.0,80.0
10113,4795,179,1,160.0,160.0
10114,4795,115,1,110.0,110.0
10115,4795,474,2,150.0,300.0
10116,4796,735,1,40.0,40.0
10117,4796,536,3,310.0,930.0
10118,4796,735,1,40.0,40.0
10119,4796,742,2,90.0,180.0
10120,4797,562,3,150.0,450.0
10121,4797,392,2,60.0,120.0
10122,4798,747,1,180.0,180.0
10123,4798,747,2,180.0,360.0
10124,4799,239,1,240.0,240.0
10125,4799,33,2,60.0,120.0
10126,4800,390,2,270.0,540.0
10127,4800,750,2,220.0,440.0
10128,4800,390,1,270.0,270.0
10129,4801,41,1,310.0,310.0
10130,4801,372,1,190.0,190.0
10131,4802,423,2,40.0,80.0
10132,4802,231,1,100.0,100.0
10133,4803,332,1,180.0,180.0
10134,4803,404,1,60.0,60.0
10135,4804,651,2,50.0,100.0
10136,4804,651,1,50.0,50.0
10137,4805,749,1,70.0,70.0
10138,4805,731,1,280.0,280.0
10139,4805,731,1,280.0,280.0
10140,4806,641,2,300.0,600.0
10141,4807,560,1,250.0,250.0
10142,4807,455,2,120.0,240.0
10143,4807,1,2,120.0,240.0
10144,4808,504,1,390.0,390.0
10145,4808,521,1,330.0,330.0
10146,4809,16,3,90.0,270.0
10147,4809,298,2,40.0,80.0
10148,4809,16,2,90.0,180.0
10149,4810,669,1,700.0,700.0
10150,4810,468,1,160.0,160.0
10151,4811,459,2,120.0,240.0
10152,4812,241,2,90.0,180.0
10153,4812,62,1,210.0,210.0
10154,4813,623,1,170.0,170.0
10155,4813,640,1,40.0,40.0
10156,4814,717,2,60.0,120.0
10157,4814,169,1,310.0,310.0
10158,4814,221,2,110.0,220.0
10159,4814,717,1,60.0,60.0
10160,4815,375,1,310.0,310.0
10161,4815,367,1,270.0,270.0
10162,4816,290,2,200.0,400.0
10163,4816,571,2,520.0,1040.0
10164,4816,290,1,200.0,200.0
10165,4817,194,1,670.0,670.0
10166,4819,632,1,340.0,340.0
10167,4819,353,1,300.0,300.0
10168,4819,132,2,300.0,600.0
10169,4821,130,1,300.0,300.0
10170,4822,531,3,50.0,150.0
10171,4822,227,2,120.0,240.0
10172,4823,95,2,90.0,180.0
10173,4824,103,1,500.0,500.0
10174,4825,424,1,90.0,90.0
10175,4826,189,2,170.0,340.0
10176,4827,222,1,60.0,60.0
10177,4827,495,1,180.0,180.0
10178,4827,495,2,180.0,360.0
10179,4827,587,1,240.0,240.0
10180,4827,633,3,170.0,510.0
10181,4829,701,1,260.0,260.0
10182,4829,139,1,150.0,150.0
10183,4829,701,1,260.0,260.0
10184,4830,130,1,300.0,300.0
10185,4831,347,2,180.0,360.0
10186,4831,203,1,190.0,190.0
10187,4833,40,1,160.0,160.0
10188,4833,40,2,160.0,320.0
10189,4834,503,2,270.0,540.0
10190,4834,545,1,290.0,290.0
10191,4834,477,1,290.0,290.0
10192,4835,570,1,530.0,530.0
10193,4837,485,3,170.0,510.0
10194,4837,110,2,310.0,620.0
10195,4838,192,3,270.0,810.0
10196,4840,566,2,70.0,140.0
10197,4840,636,1,50.0,50.0
10198,4840,566,1,70.0,70.0
10199,4840,560,1,250.0,250.0
10200,4840,636,1,50.0,50.0
10201,4841,322,2,170.0,340.0
10202,4841,713,1,330.0,330.0
10203,4842,86,1,70.0,70.0
10204,4842,538,2,240.0,480.0
10205,4843,166,1,590.0,590.0
10206,4843,407,3,250.0,750.0
10207,4844,3,1,100.0,100.0
10208,4844,3,2,100.0,200.0
10209,4844,674,3,630.0,1890.0
10210,4844,176,2,230.0,460.0
10211,4845,727,2,250.0,500.0
10212,4845,658,2,60.0,120.0
10213,4846,431,1,210.0,210.0
10214,4846,603,3,220.0,660.0
10215,4848,326,1,110.0,110.0
10216,4848,621,2,140.0,280.0
10217,4849,278,1,310.0,310.0
10218,4849,278,1,310.0,310.0
10219,4850,409,2,200.0,400.0
10220,4850,602,1,580.0,580.0
10221,4850,508,1,340.0,340.0
10222,4850,602,1,580.0,580.0
10223,4851,676,1,220.0,220.0
10224,4851,614,2,190.0,380.0
10225,4852,610,2,220.0,440.0
10226,4853,501,1,70.0,70.0
10227,4853,509,1,250.0,250.0
10228,4853,509,2,250.0,500.0
10229,4853,509,1,250.0,250.0
10230,4854,204,2,280.0,560.0
10231,4854,709,3,190.0,570.0
10232,4855,263,1,180.0,180.0
10233,4855,300,1,330.0,330.0
10234,4855,551,1,120.0,120.0
10235,4856,711,1,110.0,110.0
10236,4857,278,1,310.0,310.0
10237,4857,476,1,60.0,60.0
10238,4857,278,1,310.0,310.0
10239,4857,261,1,60.0,60.0
10240,4858,129,2,50.0,100.0
10241,4859,525,1,60.0,60.0
10242,4859,172,2,190.0,380.0
10243,4859,748,2,390.0,780.0
10244,4859,358,1,160.0,160.0
10245,4860,102,1,300.0,300.0
10246,4860,414,1,100.0,100.0
10247,4860,414,1,100.0,100.0
10248,4860,302,1,210.0,210.0
10249,4861,32,1,290.0,290.0
10250,4861,105,1,50.0,50.0
10251,4862,90,2,100.0,200.0
10252,4862,698,3,210.0,630.0
10253,4862,590,1,290.0,290.0
10254,4864,204,1,280.0,280.0
10255,4864,747,2,180.0,360.0
10256,4865,526,1,100.0,100.0
10257,4865,284,2,70.0,140.0
10258,4865,284,2,70.0,140.0
10259,4866,71,1,250.0,250.0
10260,4867,443,1,180.0,180.0
10261,4867,65,1,330.0,330.0
10262,4868,218,1,160.0,160.0
10263,4869,78,1,50.0,50.0
10264,4869,78,3,50.0,150.0
10265,4869,250,3,320.0,960.0
10266,4870,418,2,50.0,100.0
10267,4870,99,1,560.0,560.0
10268,4870,99,1,560.0,560.0
10269,4871,360,1,410.0,410.0
10270,4871,244,2,150.0,300.0
10271,4871,244,1,150.0,150.0
10272,4872,135,1,610.0,610.0
10273,4872,330,1,110.0,110.0
10274,4872,135,1,610.0,610.0
10275,4873,569,1,210.0,210.0
10276,4874,684,1,140.0,140.0
10277,4874,421,1,160.0,160.0
10278,4874,152,1,70.0,70.0
10279,4874,635,1,560.0,560.0
10280,4874,325,1,190.0,190.0
10281,4875,53,1,200.0,200.0
10282,4875,606,1,40.0,40.0
10283,4875,552,2,170.0,340.0
10284,4876,69,1,630.0,630.0
10285,4876,174,1,110.0,110.0
10286,4876,26,1,300.0,300.0
10287,4876,174,1,110.0,110.0
10288,4877,338,2,210.0,420.0
10289,4878,510,2,110.0,220.0
10290,4879,327,2,110.0,220.0
10291,4879,101,1,300.0,300.0
10292,4879,734,1,90.0,90.0
10293,4879,595,1,470.0,470.0
10294,4880,373,3,260.0,780.0
10295,4881,135,2,610.0,1220.0
10296,4881,330,1,110.0,110.0
10297,4882,150,2,240.0,480.0
10298,4882,150,2,240.0,480.0
10299,4883,520,1,60.0,60.0
10300,4884,204,2,280.0,560.0
10301,4885,117,2,40.0,80.0
10302,4885,109,1,230.0,230.0
10303,4886,649,1,320.0,320.0
10304,4886,223,1,270.0,270.0
10305,4886,427,1,280.0,280.0
10306,4886,223,1,270.0,270.0
10307,4886,192,2,270.0,540.0
10308,4889,623,1,170.0,170.0
10309,4889,114,2,130.0,260.0
10310,4890,88,1,310.0,310.0
10311,4890,88,2,310.0,620.0
10312,4890,2,1,40.0,40.0
10313,4891,446,1,300.0,300.0
10314,4891,280,1,330.0,330.0
10315,4891,410,3,570.0,1710.0
10316,4892,438,1,300.0,300.0
10317,4892,275,1,170.0,170.0
10318,4892,438,3,300.0,900.0
10319,4892,438,1,300.0,300.0
10320,4893,710,1,210.0,210.0
10321,4893,710,3,210.0,630.0
10322,4894,428,1,240.0,240.0
10323,4894,432,2,540.0,1080.0
10324,4894,288,1,180.0,180.0
10325,4894,428,2,240.0,480.0
10326,4895,290,2,200.0,400.0
10327,4895,571,1,520.0,520.0
10328,4897,660,1,250.0,250.0
10329,4898,418,1,50.0,50.0
10330,4898,99,1,560.0,560.0
10331,4899,652,1,100.0,100.0
10332,4899,399,3,190.0,570.0
10333,4899,397,3,310.0,930.0
10334,4900,206,2,60.0,120.0
10335,4901,440,2,150.0,300.0
10336,4901,367,1,270.0,270.0
10337,4902,636,2,50.0,100.0
10338,4902,560,1,250.0,250.0
10339,4902,711,2,110.0,220.0
10340,4902,455,3,120.0,360.0
10341,4902,296,1,40.0,40.0
10342,4903,345,1,330.0,330.0
10343,4904,102,2,300.0,600.0
10344,4905,386,3,70.0,210.0
10345,4905,386,1,70.0,70.0
10346,4906,231,1,100.0,100.0
10347,4906,423,1,40.0,40.0
10348,4906,423,1,40.0,40.0
10349,4907,98,1,270.0,270.0
10350,4907,520,1,60.0,60.0
10351,4907,520,2,60.0,120.0
10352,4907,98,1,270.0,270.0
10353,4908,195,1,270.0,270.0
10354,4908,682,2,80.0,160.0
10355,4909,162,3,290.0,870.0
10356,4909,160,1,50.0,50.0
10357,4910,442,2,290.0,580.0
10358,4910,442,1,290.0,290.0
10359,4911,383,1,200.0,200.0
10360,4912,533,1,530.0,530.0
10361,4912,77,3,180.0,540.0
10362,4912,533,1,530.0,530.0
10363,4913,403,1,120.0,120.0
10364,4913,350,2,170.0,340.0
10365,4914,641,3,300.0,900.0
10366,4915,216,3,320.0,960.0
10367,4916,580,1,40.0,40.0
10368,4916,219,1,100.0,100.0
10369,4917,583,3,140.0,420.0
10370,4917,380,1,310.0,310.0
10371,4918,436,1,110.0,110.0
10372,4919,363,1,670.0,670.0
10373,4919,424,2,90.0,180.0
10374,4920,268,2,60.0,120.0
10375,4920,567,1,140.0,140.0
10376,4921,290,1,200.0,200.0
10377,4921,59,1,100.0,100.0
10378,4921,571,1,520.0,520.0
10379,4922,467,2,200.0,400.0
10380,4922,467,1,200.0,200.0
10381,4922,550,1,400.0,400.0
10382,4923,535,1,250.0,250.0
10383,4924,162,1,290.0,290.0
10384,4924,180,1,190.0,190.0
10385,4924,180,2,190.0,380.0
10386,4924,451,1,60.0,60.0
10387,4925,566,2,70.0,140.0
10388,4925,1,1,120.0,120.0
10389,4925,560,1,250.0,250.0
10390,4925,566,1,70.0,70.0
10391,4925,296,1,40.0,40.0
10392,4926,345,1,330.0,330.0
10393,4926,345,2,330.0,660.0
10394,4927,464,1,80.0,80.0
10395,4927,243,1,250.0,250.0
10396,4928,197,3,60.0,180.0
10397,4928,557,3,310.0,930.0
10398,4929,284,1,70.0,70.0
10399,4929,526,1,100.0,100.0
10400,4929,134,2,200.0,400.0
10401,4930,698,1,210.0,210.0
10402,4931,124,1,220.0,220.0
10403,4932,584,2,50.0,100.0
10404,4932,584,2,50.0,100.0
10405,4932,715,1,230.0,230.0
10406,4932,6,3,200.0,600.0
10407,4933,75,1,230.0,230.0
10408,4933,407,1,250.0,250.0
10409,4933,128,1,140.0,140.0
10410,4933,407,1,250.0,250.0
10411,4934,139,1,150.0,150.0
10412,4934,701,1,260.0,260.0
10413,4934,139,2,150.0,300.0
10414,4936,520,1,60.0,60.0
10415,4936,98,1,270.0,270.0
10416,4937,668,2,110.0,220.0
10417,4937,257,2,270.0,540.0
10418,4937,93,3,710.0,2130.0
10419,4937,93,1,710.0,710.0
10420,4938,500,1,100.0,100.0
10421,4939,17,1,330.0,330.0
10422,4940,24,2,50.0,100.0
10423,4940,139,2,150.0,300.0
10424,4940,701,1,260.0,260.0
10425,4941,126,2,510.0,1020.0
10426,4941,673,1,230.0,230.0
10427,4942,519,2,170.0,340.0
10428,4942,349,1,420.0,420.0
10429,4943,154,3,310.0,930.0
10430,4943,154,1,310.0,310.0
10431,4943,154,1,310.0,310.0
10432,4944,262,1,80.0,80.0
10433,4944,384,1,350.0,350.0
10434,4945,61,1,100.0,100.0
10435,4946,147,2,160.0,320.0
10436,4946,7,1,320.0,320.0
10437,4946,513,1,190.0,190.0
10438,4946,622,2,100.0,200.0
10439,4946,7,3,320.0,960.0
10440,4948,398,1,120.0,120.0
10441,4948,24,3,50.0,150.0
10442,4949,126,1,510.0,510.0
10443,4949,673,3,230.0,690.0
10444,4950,643,2,280.0,560.0
10445,4950,117,1,40.0,40.0
10446,4951,138,2,120.0,240.0
10447,4951,138,2,120.0,240.0
10448,4952,36,1,80.0,80.0
10449,4953,738,2,110.0,220.0
10450,4954,351,1,60.0,60.0
10451,4955,176,2,230.0,460.0
10452,4955,176,3,230.0,690.0
10453,4955,207,2,70.0,140.0
10454,4956,29,1,110.0,110.0
10455,4957,331,2,450.0,900.0
10456,4957,166,2,590.0,1180.0
10457,4957,407,1,250.0,250.0
10458,4957,407,1,250.0,250.0
10459,4957,75,1,230.0,230.0
10460,4958,718,2,150.0,300.0
10461,4959,300,1,330.0,330.0
10462,4959,63,1,680.0,680.0
10463,4960,599,2,100.0,200.0
10464,4960,340,1,60.0,60.0
10465,4961,246,2,190.0,380.0
10466,4962,497,2,250.0,500.0
10467,4963,332,1,180.0,180.0
10468,4963,332,2,180.0,360.0
10469,4963,671,1,220.0,220.0
10470,4964,323,3,50.0,150.0
10471,4964,590,1,290.0,290.0
10472,4965,4,2,50.0,100.0
10473,4966,91,3,270.0,810.0
10474,4967,309,2,60.0,120.0
10475,4967,28,1,210.0,210.0
10476,4967,155,2,50.0,100.0
10477,4968,717,3,60.0,180.0
10478,4968,169,2,310.0,620.0
10479,4968,722,2,140.0,280.0
10480,4968,169,1,310.0,310.0
10481,4969,349,3,420.0,1260.0
10482,4969,349,1,420.0,420.0
10483,4970,706,1,280.0,280.0
10484,4970,408,2,120.0,240.0
10485,4971,722,2,140.0,280.0
10486,4971,184,1,500.0,500.0
10487,4972,216,3,320.0,960.0
10488,4973,510,1,110.0,110.0
10489,4973,345,1,330.0,330.0
10490,4974,152,1,70.0,70.0
10491,4974,635,1,560.0,560.0
10492,4974,325,2,190.0,380.0
10493,4976,291,1,280.0,280.0
10494,4976,26,1,300.0,300.0
10495,4976,26,1,300.0,300.0
10496,4977,142,1,260.0,260.0
10497,4978,257,1,270.0,270.0
10498,4978,634,3,120.0,360.0
10499,4979,384,2,350.0,700.0
10500,4979,570,2,530.0,1060.0
10501,4979,262,1,80.0,80.0
10502,4980,341,2,150.0,300.0
10503,4980,238,1,210.0,210.0
10504,4981,620,2,60.0,120.0
10505,4982,716,1,290.0,290.0
10506,4982,716,3,290.0,870.0
10507,4983,449,1,210.0,210.0
10508,4983,201,1,100.0,100.0
10509,4984,643,1,280.0,280.0
10510,4985,173,2,220.0,440.0
10511,4985,562,2,150.0,300.0
10512,4986,184,2,500.0,1000.0
10513,4987,179,3,160.0,480.0
10514,4988,348,1,70.0,70.0
10515,4988,344,1,60.0,60.0
10516,4988,348,1,70.0,70.0
10517,4988,280,1,330.0,330.0
10518,4989,109,2,230.0,460.0
10519,4989,9,2,280.0,560.0
10520,4989,117,2,40.0,80.0
10521,4990,645,1,210.0,210.0
10522,4991,569,2,210.0,420.0
10523,4992,685,2,40.0,80.0
10524,4992,86,2,70.0,140.0
10525,4993,597,1,100.0,100.0
10526,4994,117,1,40.0,40.0
10527,4994,9,1,280.0,280.0
10528,4995,687,2,90.0,180.0
10529,4995,244,1,150.0,150.0
10530,4995,360,3,410.0,1230.0
10531,4996,306,1,190.0,190.0
10532,4997,120,1,60.0,60.0
10533,4997,595,2,470.0,940.0
10534,4998,552,1,170.0,170.0
10535,4998,552,1,170.0,170.0
10536,4999,139,1,150.0,150.0
10537,5000,608,2,70.0,140.0
10538,5000,20,1,90.0,90.0
10539,5000,608,2,70.0,140.0
10540,5001,420,2,270.0,540.0
10541,5002,98,1,270.0,270.0
10542,5004,248,2,280.0,560.0
10543,5004,482,2,660.0,1320.0
10544,5005,386,2,70.0,140.0
10545,5005,386,1,70.0,70.0
10546,5005,592,1,340.0,340.0
10547,5008,59,2,100.0,200.0
10548,5008,59,2,100.0,200.0
10549,5008,290,1,200.0,200.0
10550,5009,409,3,200.0,600.0
10551,5011,233,1,160.0,160.0
10552,5011,233,1,160.0,160.0
10553,5011,58,2,260.0,520.0
10554,5011,58,1,260.0,260.0
10555,5011,233,1,160.0,160.0
10556,5012,121,1,690.0,690.0
10557,5012,624,2,70.0,140.0
10558,5013,449,1,210.0,210.0
10559,5013,716,1,290.0,290.0
10560,5014,374,3,130.0,390.0
10561,5014,474,1,150.0,150.0
10562,5015,97,1,70.0,70.0
10563,5016,371,1,80.0,80.0
10564,5017,296,2,40.0,80.0
10565,5017,566,1,70.0,70.0
10566,5019,285,2,270.0,540.0
10567,5019,700,1,50.0,50.0
10568,5020,718,1,150.0,150.0
10569,5020,35,1,310.0,310.0
10570,5021,234,1,130.0,130.0
10571,5021,234,1,130.0,130.0
10572,5021,88,2,310.0,620.0
10573,5022,194,3,670.0,2010.0
10574,5023,693,1,60.0,60.0
10575,5023,478,1,270.0,270.0
10576,5024,746,1,60.0,60.0
10577,5024,746,2,60.0,120.0
10578,5024,540,1,50.0,50.0
10579,5024,746,1,60.0,60.0
10580,5024,677,1,40.0,40.0
10581,5025,48,2,180.0,360.0
10582,5025,464,1,80.0,80.0
10583,5026,594,1,330.0,330.0
10584,5027,568,2,100.0,200.0
10585,5027,568,2,100.0,200.0
10586,5028,309,2,60.0,120.0
10587,5028,309,1,60.0,60.0
10588,5029,67,2,120.0,240.0
10589,5029,426,1,140.0,140.0
10590,5030,222,1,60.0,60.0
10591,5031,582,1,200.0,200.0
10592,5031,310,3,540.0,1620.0
10593,5033,634,3,120.0,360.0
10594,5034,379,1,70.0,70.0
10595,5034,379,1,70.0,70.0
10596,5035,6,1,200.0,200.0
10597,5037,349,2,420.0,840.0
10598,5037,589,1,310.0,310.0
10599,5037,589,1,310.0,310.0
10600,5037,696,2,300.0,600.0
10601,5038,308,1,340.0,340.0
10602,5038,596,1,300.0,300.0
10603,5038,308,1,340.0,340.0
10604,5038,596,2,300.0,600.0
10605,5039,468,1,160.0,160.0
10606,5039,291,2,280.0,560.0
10607,5040,517,1,180.0,180.0
10608,5040,677,1,40.0,40.0
10609,5040,661,2,50.0,100.0
10610,5041,387,1,650.0,650.0
10611,5041,191,1,140.0,140.0
10612,5042,3,3,100.0,300.0
10613,5042,3,1,100.0,100.0
10614,5043,641,2,300.0,600.0
10615,5044,518,1,340.0,340.0
10616,5044,518,1,340.0,340.0
10617,5044,55,1,140.0,140.0
10618,5046,211,1,350.0,350.0
10619,5046,669,1,700.0,700.0
10620,5046,615,2,110.0,220.0
10621,5046,615,2,110.0,220.0
10622,5047,601,1,230.0,230.0
10623,5047,33,1,60.0,60.0
10624,5048,616,2,190.0,380.0
10625,5049,38,3,620.0,1860.0
10626,5049,185,1,150.0,150.0
10627,5050,702,1,90.0,90.0
10628,5050,432,3,540.0,1620.0
10629,5050,428,1,240.0,240.0
10630,5050,288,2,180.0,360.0
10631,5051,744,1,270.0,270.0
10632,5051,744,3,270.0,810.0
10633,5052,92,1,120.0,120.0
10634,5052,637,2,200.0,400.0
10635,5052,499,2,310.0,620.0
10636,5052,100,2,190.0,380.0
10637,5053,434,2,670.0,1340.0
10638,5053,142,2,260.0,520.0
10639,5054,555,1,250.0,250.0
10640,5054,555,1,250.0,250.0
10641,5055,413,1,170.0,170.0
10642,5055,544,2,40.0,80.0
10643,5055,686,1,70.0,70.0
10644,5056,157,1,240.0,240.0
10645,5056,453,1,170.0,170.0
10646,5056,157,2,240.0,480.0
10647,5056,665,2,120.0,240.0
10648,5057,35,1,310.0,310.0
10649,5057,744,3,270.0,810.0
10650,5057,216,1,320.0,320.0
10651,5057,35,1,310.0,310.0
10652,5058,483,1,130.0,130.0
10653,5058,97,2,70.0,140.0
10654,5059,129,1,50.0,50.0
10655,5059,686,1,70.0,70.0
10656,5060,707,2,180.0,360.0
10657,5060,707,2,180.0,360.0
10658,5060,645,1,210.0,210.0
10659,5061,710,1,210.0,210.0
10660,5061,347,2,180.0,360.0
10661,5061,710,1,210.0,210.0
10662,5063,700,1,50.0,50.0
10663,5063,383,1,200.0,200.0
10664,5063,383,1,200.0,200.0
10665,5064,552,2,170.0,340.0
10666,5064,552,1,170.0,170.0
10667,5064,53,1,200.0,200.0
10668,5064,516,2,100.0,200.0
10669,5065,179,3,160.0,480.0
10670,5065,179,2,160.0,320.0
10671,5065,179,1,160.0,160.0
10672,5065,374,1,130.0,130.0
10673,5065,167,2,50.0,100.0
10674,5066,44,1,290.0,290.0
10675,5066,340,1,60.0,60.0
10676,5066,599,2,100.0,200.0
10677,5066,161,3,180.0,540.0
10678,5067,555,2,250.0,500.0
10679,5068,715,3,230.0,690.0
10680,5069,268,2,60.0,120.0
10681,5069,390,2,270.0,540.0
10682,5069,567,1,140.0,140.0
10683,5070,271,1,510.0,510.0
10684,5070,384,1,350.0,350.0
10685,5071,130,2,300.0,600.0
10686,5072,69,1,630.0,630.0
10687,5072,211,1,350.0,350.0
10688,5073,571,1,520.0,520.0
10689,5073,290,1,200.0,200.0
10690,5073,290,1,200.0,200.0
10691,5074,301,1,40.0,40.0
10692,5075,307,1,270.0,270.0
10693,5075,701,1,260.0,260.0
10694,5076,306,3,190.0,570.0
10695,5076,231,1,100.0,100.0
10696,5077,134,1,200.0,200.0
10697,5077,284,1,70.0,70.0
10698,5078,108,1,230.0,230.0
10699,5078,108,1,230.0,230.0
10700,5078,108,1,230.0,230.0
10701,5078,108,3,230.0,690.0
10702,5078,584,2,50.0,100.0
10703,5079,463,1,60.0,60.0
10704,5079,463,2,60.0,120.0
10705,5079,256,1,250.0,250.0
10706,5080,336,1,110.0,110.0
10707,5082,692,3,230.0,690.0
10708,5083,606,2,40.0,80.0
10709,5084,9,1,280.0,280.0
10710,5084,109,1,230.0,230.0
10711,5085,444,1,110.0,110.0
10712,5085,182,1,90.0,90.0
10713,5086,99,1,560.0,560.0
10714,5086,99,1,560.0,560.0
10715,5088,516,1,100.0,100.0
10716,5088,606,2,40.0,80.0
10717,5088,606,3,40.0,120.0
10718,5088,53,1,200.0,200.0
10719,5089,571,1,520.0,520.0
10720,5089,59,1,100.0,100.0
10721,5089,290,1,200.0,200.0
10722,5090,49,3,330.0,990.0
10723,5090,348,1,70.0,70.0
10724,5091,215,1,210.0,210.0
10725,5091,433,2,90.0,180.0
10726,5092,536,2,310.0,620.0
10727,5092,667,3,310.0,930.0
10728,5093,593,1,180.0,180.0
10729,5093,593,3,180.0,540.0
10730,5094,490,1,50.0,50.0
10731,5094,495,3,180.0,540.0
10732,5095,629,3,290.0,870.0
10733,5096,598,2,440.0,880.0
10734,5096,655,2,250.0,500.0
10735,5097,640,1,40.0,40.0
10736,5098,235,1,110.0,110.0
10737,5098,509,1,250.0,250.0
10738,5099,35,2,310.0,620.0
10739,5099,744,2,270.0,540.0
10740,5099,216,2,320.0,640.0
10741,5100,700,3,50.0,150.0
10742,5100,383,1,200.0,200.0
10743,5101,404,2,60.0,120.0
10744,5101,332,1,180.0,180.0
10745,5101,404,1,60.0,60.0
10746,5101,404,2,60.0,120.0
10747,5102,46,1,200.0,200.0
10748,5102,589,1,310.0,310.0
10749,5103,432,1,540.0,540.0
10750,5103,672,1,260.0,260.0
10751,5103,54,1,510.0,510.0
10752,5103,432,1,540.0,540.0
10753,5103,432,2,540.0,1080.0
10754,5104,347,1,180.0,180.0
10755,5105,156,1,660.0,660.0
10756,5105,60,2,80.0,160.0
10757,5106,252,1,350.0,350.0
10758,5107,641,1,300.0,300.0
10759,5108,334,1,120.0,120.0
10760,5108,430,1,130.0,130.0
10761,5109,518,1,340.0,340.0
10762,5109,518,1,340.0,340.0
10763,5109,55,1,140.0,140.0
10764,5111,284,2,70.0,140.0
10765,5111,284,1,70.0,70.0
10766,5112,42,1,110.0,110.0
10767,5112,642,2,260.0,520.0
10768,5113,520,2,60.0,120.0
10769,5113,98,1,270.0,270.0
10770,5114,201,3,100.0,300.0
10771,5114,119,1,210.0,210.0
10772,5115,580,1,40.0,40.0
10773,5115,316,1,190.0,190.0
10774,5115,219,2,100.0,200.0
10775,5116,735,2,40.0,80.0
10776,5116,742,1,90.0,90.0
10777,5117,72,1,270.0,270.0
10778,5118,469,2,100.0,200.0
10779,5118,249,3,140.0,420.0
10780,5118,469,1,100.0,100.0
10781,5118,125,2,210.0,420.0
10782,5119,88,1,310.0,310.0
10783,5120,58,2,260.0,520.0
10784,5120,706,1,280.0,280.0
10785,5120,408,2,120.0,240.0
10786,5120,405,2,220.0,440.0
10787,5121,188,1,320.0,320.0
10788,5121,137,3,490.0,1470.0
10789,5122,619,1,60.0,60.0
10790,5122,619,1,60.0,60.0
10791,5122,619,2,60.0,120.0
10792,5123,382,1,40.0,40.0
10793,5123,444,1,110.0,110.0
10794,5124,387,1,650.0,650.0
10795,5124,187,1,130.0,130.0
10796,5124,187,1,130.0,130.0
10797,5125,314,1,320.0,320.0
10798,5126,688,3,180.0,540.0
10799,5126,559,1,200.0,200.0
10800,5127,722,1,140.0,140.0
10801,5128,708,1,480.0,480.0
10802,5128,564,1,200.0,200.0
10803,5129,284,1,70.0,70.0
10804,5129,555,1,250.0,250.0
10805,5129,134,1,200.0,200.0
10806,5130,489,1,140.0,140.0
10807,5130,638,2,300.0,600.0
10808,5131,733,3,320.0,960.0
10809,5131,733,1,320.0,320.0
10810,5132,90,3,100.0,300.0
10811,5132,590,1,290.0,290.0
10812,5133,215,2,210.0,420.0
10813,5133,450,1,240.0,240.0
10814,5133,433,1,90.0,90.0
10815,5135,418,1,50.0,50.0
10816,5135,99,1,560.0,560.0
10817,5136,659,1,170.0,170.0
10818,5137,233,1,160.0,160.0
10819,5137,233,1,160.0,160.0
10820,5138,26,1,300.0,300.0
10821,5138,211,1,350.0,350.0
10822,5138,291,1,280.0,280.0
10823,5138,69,2,630.0,1260.0
10824,5139,233,1,160.0,160.0
10825,5140,727,1,250.0,250.0
10826,5140,28,2,210.0,420.0
10827,5141,207,1,70.0,70.0
10828,5141,207,1,70.0,70.0
10829,5141,207,1,70.0,70.0
10830,5142,7,1,320.0,320.0
10831,5142,450,2,240.0,480.0
10832,5142,276,1,200.0,200.0
10833,5143,713,1,330.0,330.0
10834,5143,531,3,50.0,150.0
10835,5143,315,1,60.0,60.0
10836,5144,88,2,310.0,620.0
10837,5144,2,1,40.0,40.0
10838,5144,352,1,40.0,40.0
10839,5144,88,2,310.0,620.0
10840,5146,645,3,210.0,630.0
10841,5146,621,1,140.0,140.0
10842,5146,168,1,60.0,60.0
10843,5147,533,2,530.0,1060.0
10844,5148,462,3,110.0,330.0
10845,5148,99,2,560.0,1120.0
10846,5148,99,1,560.0,560.0
10847,5149,575,1,110.0,110.0
10848,5149,575,2,110.0,220.0
10849,5150,234,1,130.0,130.0
10850,5151,415,1,70.0,70.0
10851,5151,743,1,90.0,90.0
10852,5151,712,2,70.0,140.0
10853,5152,65,2,330.0,660.0
10854,5152,338,1,210.0,210.0
10855,5153,166,1,590.0,590.0
10856,5153,128,1,140.0,140.0
10857,5153,75,2,230.0,460.0
10858,5154,387,1,650.0,650.0
10859,5154,656,3,120.0,360.0
10860,5155,21,3,640.0,1920.0
10861,5155,104,2,240.0,480.0
10862,5156,115,1,110.0,110.0
10863,5156,374,1,130.0,130.0
10864,5156,374,2,130.0,260.0
10865,5156,378,1,320.0,320.0
10866,5158,641,1,300.0,300.0
10867,5159,143,3,280.0,840.0
10868,5160,485,3,170.0,510.0
10869,5161,216,1,320.0,320.0
10870,5161,744,1,270.0,270.0
10871,5161,718,2,150.0,300.0
10872,5162,99,1,560.0,560.0
10873,5162,462,2,110.0,220.0
10874,5163,169,2,310.0,620.0
10875,5163,169,1,310.0,310.0
10876,5164,565,1,460.0,460.0
10877,5164,195,1,270.0,270.0
10878,5164,682,1,80.0,80.0
10879,5165,646,1,80.0,80.0
10880,5165,729,1,90.0,90.0
10881,5166,356,1,310.0,310.0
10882,5167,409,2,200.0,400.0
10883,5167,602,1,580.0,580.0
10884,5168,291,1,280.0,280.0
10885,5168,26,1,300.0,300.0
10886,5168,174,1,110.0,110.0
10887,5169,723,1,50.0,50.0
10888,5169,154,1,310.0,310.0
10889,5169,37,1,100.0,100.0
10890,5170,174,1,110.0,110.0
10891,5170,669,2,700.0,1400.0
10892,5171,366,1,130.0,130.0
10893,5171,370,3,130.0,390.0
10894,5172,108,1,230.0,230.0
10895,5172,584,1,50.0,50.0
10896,5172,6,3,200.0,600.0
10897,5173,109,1,230.0,230.0
10898,5173,9,1,280.0,280.0
10899,5173,9,1,280.0,280.0
10900,5174,108,1,230.0,230.0
10901,5175,704,1,130.0,130.0
10902,5175,607,1,130.0,130.0
10903,5176,359,1,580.0,580.0
10904,5176,618,3,100.0,300.0
10905,5176,488,3,180.0,540.0
10906,5176,422,3,130.0,390.0
10907,5176,618,3,100.0,300.0
10908,5177,212,1,100.0,100.0
10909,5178,640,1,40.0,40.0
10910,5178,640,1,40.0,40.0
10911,5178,473,1,80.0,80.0
10912,5178,473,1,80.0,80.0
10913,5179,494,1,50.0,50.0
10914,5179,202,1,300.0,300.0
10915,5179,243,3,250.0,750.0
10916,5180,358,2,160.0,320.0
10917,5180,358,1,160.0,160.0
10918,5180,27,3,60.0,180.0
10919,5180,172,2,190.0,380.0
10920,5180,402,2,230.0,460.0
10921,5181,516,2,100.0,200.0
10922,5181,53,1,200.0,200.0
10923,5183,234,1,130.0,130.0
10924,5183,234,2,130.0,260.0
10925,5183,352,1,40.0,40.0
10926,5183,2,1,40.0,40.0
10927,5184,550,1,400.0,400.0
10928,5184,465,1,90.0,90.0
10929,5185,22,2,80.0,160.0
10930,5186,285,1,270.0,270.0
10931,5186,11,2,80.0,160.0
10932,5186,593,1,180.0,180.0
10933,5186,700,1,50.0,50.0
10934,5186,285,1,270.0,270.0
10935,5187,130,1,300.0,300.0
10936,5188,673,1,230.0,230.0
10937,5188,673,2,230.0,460.0
10938,5188,673,1,230.0,230.0
10939,5189,130,1,300.0,300.0
10940,5190,387,2,650.0,1300.0
10941,5190,191,1,140.0,140.0
10942,5191,316,1,190.0,190.0
10943,5191,580,1,40.0,40.0
10944,5191,334,1,120.0,120.0
10945,5192,190,1,550.0,550.0
10946,5192,287,1,40.0,40.0
10947,5192,453,1,170.0,170.0
10948,5193,128,1,140.0,140.0
10949,5193,331,2,450.0,900.0
10950,5194,102,2,300.0,600.0
10951,5194,34,1,310.0,310.0
10952,5194,302,2,210.0,420.0
10953,5194,232,1,280.0,280.0
10954,5195,668,1,110.0,110.0
10955,5196,533,1,530.0,530.0
10956,5197,592,2,340.0,680.0
10957,5197,70,1,50.0,50.0
10958,5198,631,1,300.0,300.0
10959,5198,145,1,320.0,320.0
10960,5199,623,1,170.0,170.0
10961,5200,164,1,90.0,90.0
10962,5200,127,1,250.0,250.0
10963,5202,65,3,330.0,990.0
10964,5202,443,1,180.0,180.0
10965,5203,314,3,320.0,960.0
10966,5203,343,3,680.0,2040.0
10967,5204,629,1,290.0,290.0
10968,5204,629,1,290.0,290.0
10969,5204,629,1,290.0,290.0
10970,5205,75,1,230.0,230.0
10971,5205,128,1,140.0,140.0
10972,5206,641,3,300.0,900.0
10973,5207,153,2,590.0,1180.0
10974,5207,466,1,290.0,290.0
10975,5207,522,1,180.0,180.0
10976,5208,130,2,300.0,600.0
10977,5209,153,3,590.0,1770.0
10978,5209,553,1,110.0,110.0
10979,5209,553,1,110.0,110.0
10980,5209,153,1,590.0,590.0
10981,5210,322,2,170.0,340.0
10982,5210,639,1,200.0,200.0
10983,5211,731,1,280.0,280.0
10984,5212,372,2,190.0,380.0
10985,5213,231,1,100.0,100.0
10986,5213,335,1,40.0,40.0
10987,5213,335,2,40.0,80.0
10988,5213,306,2,190.0,380.0
10989,5217,496,2,220.0,440.0
10990,5218,625,1,210.0,210.0
10991,5218,625,2,210.0,420.0
10992,5218,269,1,620.0,620.0
10993,5219,723,1,50.0,50.0
10994,5219,154,1,310.0,310.0
10995,5220,405,1,220.0,220.0
10996,5220,233,2,160.0,320.0
10997,5221,741,2,290.0,580.0
10998,5221,116,1,300.0,300.0
10999,5223,367,1,270.0,270.0
11000,5223,266,1,320.0,320.0
11001,5223,632,1,340.0,340.0
11002,5223,353,1,300.0,300.0
11003,5224,405,2,220.0,440.0
11004,5224,408,3,120.0,360.0
11005,5225,737,1,480.0,480.0
11006,5225,242,1,70.0,70.0
11007,5225,737,2,480.0,960.0
11008,5226,143,2,280.0,560.0
11009,5226,730,2,220.0,440.0
11010,5227,674,1,630.0,630.0
11011,5227,207,2,70.0,140.0
11012,5229,91,1,270.0,270.0
11013,5229,91,2,270.0,540.0
11014,5229,361,2,60.0,120.0
11015,5230,332,1,180.0,180.0
11016,5232,275,1,170.0,170.0
11017,5232,263,1,180.0,180.0
11018,5233,232,1,280.0,280.0
11019,5233,302,3,210.0,630.0
11020,5234,747,1,180.0,180.0
11021,5234,138,2,120.0,240.0
11022,5234,138,3,120.0,360.0
11023,5234,295,1,50.0,50.0
11024,5234,204,1,280.0,280.0
11025,5236,629,1,290.0,290.0
11026,5236,363,1,670.0,670.0
11027,5237,602,1,580.0,580.0
11028,5237,602,1,580.0,580.0
11029,5237,705,1,160.0,160.0
11030,5238,67,1,120.0,120.0
11031,5238,522,1,180.0,180.0
11032,5238,522,1,180.0,180.0
11033,5239,538,3,240.0,720.0
11034,5239,237,2,350.0,700.0
11035,5239,86,1,70.0,70.0
11036,5239,86,2,70.0,140.0
11037,5240,726,1,310.0,310.0
11038,5240,345,3,330.0,990.0
11039,5241,234,1,130.0,130.0
11040,5241,234,2,130.0,260.0
11041,5242,501,1,70.0,70.0
11042,5242,501,1,70.0,70.0
11043,5243,266,1,320.0,320.0
11044,5243,266,2,320.0,640.0
11045,5244,458,2,570.0,1140.0
11046,5244,23,2,310.0,620.0
11047,5244,177,2,70.0,140.0
11048,5244,486,1,60.0,60.0
11049,5245,634,1,120.0,120.0
11050,5245,692,3,230.0,690.0
11051,5247,668,1,110.0,110.0
11052,5247,668,2,110.0,220.0
11053,5247,634,1,120.0,120.0
11054,5248,189,1,170.0,170.0
11055,5248,727,2,250.0,500.0
11056,5248,658,1,60.0,60.0
11057,5249,609,1,60.0,60.0
11058,5250,13,2,40.0,80.0
11059,5251,141,1,190.0,190.0
11060,5252,673,1,230.0,230.0
11061,5252,281,1,160.0,160.0
11062,5253,71,2,250.0,500.0
11063,5254,222,1,60.0,60.0
11064,5254,495,2,180.0,360.0
11065,5255,407,2,250.0,500.0
11066,5255,407,1,250.0,250.0
11067,5257,368,1,320.0,320.0
11068,5258,352,1,40.0,40.0
11069,5258,88,1,310.0,310.0
11070,5258,234,2,130.0,260.0
11071,5258,234,1,130.0,130.0
11072,5259,130,2,300.0,600.0
11073,5260,85,2,270.0,540.0
11074,5263,18,1,110.0,110.0
11075,5265,320,3,100.0,300.0
11076,5265,320,2,100.0,200.0
11077,5266,746,1,60.0,60.0
11078,5266,703,2,90.0,180.0
11079,5266,746,1,60.0,60.0
11080,5267,710,3,210.0,630.0
11081,5267,347,1,180.0,180.0
11082,5267,347,1,180.0,180.0
11083,5268,179,1,160.0,160.0
11084,5268,179,2,160.0,320.0
11085,5268,115,2,110.0,220.0
11086,5268,179,2,160.0,320.0
11087,5269,17,1,330.0,330.0
11088,5269,409,3,200.0,600.0
11089,5270,106,1,550.0,550.0
11090,5270,106,1,550.0,550.0
11091,5270,303,2,110.0,220.0
11092,5271,403,1,120.0,120.0
11093,5271,403,2,120.0,240.0
11094,5273,688,1,180.0,180.0
11095,5274,216,1,320.0,320.0
11096,5275,261,2,60.0,120.0
11097,5275,261,3,60.0,180.0
11098,5275,261,1,60.0,60.0
11099,5276,221,1,110.0,110.0
11100,5276,722,2,140.0,280.0
11101,5277,671,1,220.0,220.0
11102,5277,730,3,220.0,660.0
11103,5278,632,2,340.0,680.0
11104,5278,632,1,340.0,340.0
11105,5278,367,1,270.0,270.0
11106,5279,660,1,250.0,250.0
11107,5280,641,1,300.0,300.0
11108,5281,615,1,110.0,110.0
11109,5281,211,2,350.0,700.0
11110,5282,729,1,90.0,90.0
11111,5282,650,2,170.0,340.0
11112,5282,569,2,210.0,420.0
11113,5282,729,1,90.0,90.0
11114,5282,381,3,560.0,1680.0
11115,5283,472,1,210.0,210.0
11116,5284,741,1,290.0,290.0
11117,5284,362,1,100.0,100.0
11118,5284,362,1,100.0,100.0
11119,5285,383,1,200.0,200.0
11120,5285,11,2,80.0,160.0
11121,5286,38,1,620.0,620.0
11122,5287,65,2,330.0,660.0
11123,5288,382,1,40.0,40.0
11124,5288,444,2,110.0,220.0
11125,5289,21,1,640.0,640.0
11126,5289,373,1,260.0,260.0
11127,5290,463,3,60.0,180.0
11128,5290,105,2,50.0,100.0
11129,5290,105,1,50.0,50.0
11130,5291,660,3,250.0,750.0
11131,5291,108,1,230.0,230.0
11132,5291,715,3,230.0,690.0
11133,5291,584,2,50.0,100.0
11134,5291,715,2,230.0,460.0
11135,5292,670,1,340.0,340.0
11136,5292,277,1,210.0,210.0
11137,5292,137,1,490.0,490.0
11138,5294,461,1,300.0,300.0
11139,5295,164,1,90.0,90.0
11140,5295,164,2,90.0,180.0
11141,5297,742,2,90.0,180.0
11142,5297,78,2,50.0,100.0
11143,5298,61,2,100.0,200.0
11144,5298,625,1,210.0,210.0
11145,5299,135,1,610.0,610.0
11146,5299,330,1,110.0,110.0
11147,5300,584,2,50.0,100.0
11148,5300,6,1,200.0,200.0
11149,5301,444,1,110.0,110.0
11150,5301,382,3,40.0,120.0
11151,5302,699,2,320.0,640.0
11152,5302,628,2,450.0,900.0
11153,5302,379,1,70.0,70.0
11154,5303,706,1,280.0,280.0
11155,5303,233,1,160.0,160.0
11156,5303,58,2,260.0,520.0
11157,5304,135,1,610.0,610.0
11158,5304,135,1,610.0,610.0
11159,5305,569,2,210.0,420.0
11160,5306,85,1,270.0,270.0
11161,5306,613,1,190.0,190.0
11162,5307,536,2,310.0,620.0
11163,5309,695,1,280.0,280.0
11164,5309,695,1,280.0,280.0
11165,5310,407,2,250.0,500.0
11166,5310,75,2,230.0,460.0
11167,5312,571,1,520.0,520.0
11168,5313,77,1,180.0,180.0
11169,5313,565,1,460.0,460.0
11170,5313,653,2,140.0,280.0
11171,5313,653,1,140.0,140.0
11172,5314,223,1,270.0,270.0
11173,5314,226,2,190.0,380.0
11174,5315,595,2,470.0,940.0
11175,5315,327,2,110.0,220.0
11176,5316,686,2,70.0,140.0
11177,5316,129,1,50.0,50.0
11178,5317,35,1,310.0,310.0
11179,5317,718,1,150.0,150.0
11180,5318,482,2,660.0,1320.0
11181,5318,247,1,190.0,190.0
11182,5319,5,1,80.0,80.0
11183,5319,727,2,250.0,500.0
11184,5319,658,1,60.0,60.0
11185,5319,189,1,170.0,170.0
11186,5320,684,1,140.0,140.0
11187,5321,616,2,190.0,380.0
11188,5321,642,2,260.0,520.0
11189,5322,103,3,500.0,1500.0
11190,5323,616,1,190.0,190.0
11191,5324,154,1,310.0,310.0
11192,5324,154,1,310.0,310.0
11193,5325,403,1,120.0,120.0
11194,5325,506,2,110.0,220.0
11195,5326,345,2,330.0,660.0
11196,5326,345,1,330.0,330.0
11197,5326,345,1,330.0,330.0
11198,5326,558,3,330.0,990.0
11199,5326,345,1,330.0,330.0
11200,5327,410,3,570.0,1710.0
11201,5327,10,3,90.0,270.0
11202,5327,280,1,330.0,330.0
11203,5328,75,1,230.0,230.0
11204,5328,128,3,140.0,420.0
11205,5329,465,3,90.0,270.0
11206,5329,350,1,170.0,170.0
11207,5329,403,1,120.0,120.0
11208,5329,403,2,120.0,240.0
11209,5329,403,1,120.0,120.0
11210,5330,510,1,110.0,110.0
11211,5331,356,1,310.0,310.0
11212,5331,709,1,190.0,190.0
11213,5331,709,1,190.0,190.0
11214,5332,21,1,640.0,640.0
11215,5333,266,1,320.0,320.0
11216,5334,230,1,120.0,120.0
11217,5334,230,1,120.0,120.0
11218,5334,107,1,150.0,150.0
11219,5335,162,2,290.0,580.0
11220,5336,281,2,160.0,320.0
11221,5337,5,2,80.0,160.0
11222,5337,309,1,60.0,60.0
11223,5337,155,1,50.0,50.0
11224,5338,294,1,180.0,180.0
11225,5338,264,2,120.0,240.0
11226,5339,449,2,210.0,420.0
11227,5339,449,1,210.0,210.0
11228,5340,221,2,110.0,220.0
11229,5340,169,1,310.0,310.0
11230,5340,184,1,500.0,500.0
11231,5341,356,1,310.0,310.0
11232,5341,356,1,310.0,310.0
11233,5341,138,2,120.0,240.0
11234,5342,295,2,50.0,100.0
11235,5342,68,1,410.0,410.0
11236,5342,709,1,190.0,190.0
11237,5342,204,1,280.0,280.0
11238,5343,704,1,130.0,130.0
11239,5343,734,1,90.0,90.0
11240,5344,538,1,240.0,240.0
11241,5345,735,2,40.0,80.0
11242,5346,257,3,270.0,810.0
11243,5347,711,1,110.0,110.0
11244,5347,455,1,120.0,120.0
11245,5348,176,3,230.0,690.0
11246,5348,207,3,70.0,210.0
11247,5348,3,1,100.0,100.0
11248,5349,529,1,60.0,60.0
11249,5349,513,2,190.0,380.0
11250,5350,659,2,170.0,340.0
11251,5352,466,1,290.0,290.0
11252,5352,542,1,240.0,240.0
11253,5353,719,1,50.0,50.0
11254,5354,130,2,300.0,600.0
11255,5355,720,2,360.0,720.0
11256,5355,510,1,110.0,110.0
11257,5355,720,2,360.0,720.0
11258,5355,345,1,330.0,330.0
11259,5356,269,2,620.0,1240.0
11260,5356,732,2,120.0,240.0
11261,5356,269,1,620.0,620.0
11262,5358,419,1,270.0,270.0
11263,5358,547,1,100.0,100.0
11264,5358,419,2,270.0,540.0
11265,5358,242,2,70.0,140.0
11266,5359,731,2,280.0,560.0
11267,5360,85,1,270.0,270.0
11268,5360,217,2,50.0,100.0
11269,5361,505,1,70.0,70.0
11270,5362,137,1,490.0,490.0
11271,5362,546,2,190.0,380.0
11272,5362,277,1,210.0,210.0
11273,5363,583,2,140.0,280.0
11274,5364,301,1,40.0,40.0
11275,5365,154,1,310.0,310.0
11276,5365,154,2,310.0,620.0
11277,5365,154,1,310.0,310.0
11278,5366,504,3,390.0,1170.0
11279,5366,521,3,330.0,990.0
11280,5366,298,1,40.0,40.0
11281,5366,298,3,40.0,120.0
11282,5367,724,1,270.0,270.0
11283,5367,724,3,270.0,810.0
11284,5368,207,2,70.0,140.0
11285,5368,207,3,70.0,210.0
11286,5369,163,3,90.0,270.0
11287,5369,247,1,190.0,190.0
11288,5369,248,1,280.0,280.0
11289,5370,650,2,170.0,340.0
11290,5371,563,2,130.0,260.0
11291,5371,662,2,590.0,1180.0
11292,5371,662,3,590.0,1770.0
11293,5373,498,1,90.0,90.0
11294,5374,323,1,50.0,50.0
11295,5375,652,1,100.0,100.0
11296,5375,652,2,100.0,200.0
11297,5375,652,3,100.0,300.0
11298,5375,697,1,210.0,210.0
11299,5376,262,1,80.0,80.0
11300,5376,514,1,150.0,150.0
11301,5376,514,2,150.0,300.0
11302,5377,666,1,100.0,100.0
11303,5377,94,1,180.0,180.0
11304,5377,612,3,290.0,870.0
11305,5377,357,1,300.0,300.0
11306,5378,104,1,240.0,240.0
11307,5378,534,2,80.0,160.0
11308,5378,21,1,640.0,640.0
11309,5379,336,1,110.0,110.0
11310,5379,336,1,110.0,110.0
11311,5379,207,1,70.0,70.0
11312,5379,207,1,70.0,70.0
11313,5379,336,2,110.0,220.0
11314,5380,519,2,170.0,340.0
11315,5380,690,1,70.0,70.0
11316,5382,175,3,310.0,930.0
11317,5382,419,2,270.0,540.0
11318,5384,417,2,60.0,120.0
11319,5384,479,1,80.0,80.0
11320,5385,456,1,320.0,320.0
11321,5385,247,1,190.0,190.0
11322,5386,735,1,40.0,40.0
11323,5386,742,1,90.0,90.0
11324,5386,536,1,310.0,310.0
11325,5386,742,3,90.0,270.0
11326,5387,721,3,140.0,420.0
11327,5388,143,2,280.0,560.0
11328,5388,332,3,180.0,540.0
11329,5388,404,1,60.0,60.0
11330,5389,164,2,90.0,180.0
11331,5389,127,1,250.0,250.0
11332,5390,135,1,610.0,610.0
11333,5390,135,1,610.0,610.0
11334,5391,96,1,210.0,210.0
11335,5391,96,1,210.0,210.0
11336,5392,143,1,280.0,280.0
11337,5392,45,1,280.0,280.0
11338,5392,671,1,220.0,220.0
11339,5392,332,1,180.0,180.0
11340,5393,519,1,170.0,170.0
11341,5393,589,3,310.0,930.0
11342,5394,10,2,90.0,180.0
11343,5394,344,1,60.0,60.0
11344,5395,641,1,300.0,300.0
11345,5396,657,2,210.0,420.0
11346,5396,122,1,120.0,120.0
11347,5397,591,1,360.0,360.0
11348,5397,152,2,70.0,140.0
11349,5398,127,1,250.0,250.0
11350,5398,127,2,250.0,500.0
11351,5400,445,3,530.0,1590.0
11352,5400,74,1,70.0,70.0
11353,5400,252,2,350.0,700.0
11354,5400,445,1,530.0,530.0
11355,5401,558,1,330.0,330.0
11356,5401,558,2,330.0,660.0
11357,5401,726,1,310.0,310.0
11358,5403,96,1,210.0,210.0
11359,5405,75,1,230.0,230.0
11360,5405,75,1,230.0,230.0
11361,5405,75,2,230.0,460.0
11362,5405,75,2,230.0,460.0
11363,5407,561,2,290.0,580.0
11364,5407,62,3,210.0,630.0
11365,5408,745,1,90.0,90.0
11366,5408,695,1,280.0,280.0
11367,5408,745,1,90.0,90.0
11368,5408,436,1,110.0,110.0
11369,5409,748,1,390.0,390.0
11370,5409,748,3,390.0,1170.0
11371,5409,27,1,60.0,60.0
11372,5410,335,2,40.0,80.0
11373,5410,231,1,100.0,100.0
11374,5411,569,1,210.0,210.0
11375,5411,646,1,80.0,80.0
11376,5411,381,1,560.0,560.0
11377,5412,423,1,40.0,40.0
11378,5413,394,1,250.0,250.0
11379,5413,339,2,550.0,1100.0
11380,5414,578,1,190.0,190.0
11381,5414,181,2,190.0,380.0
11382,5415,91,1,270.0,270.0
11383,5415,480,1,510.0,510.0
11384,5415,500,1,100.0,100.0
11385,5416,309,1,60.0,60.0
11386,5416,681,1,300.0,300.0
11387,5416,5,1,80.0,80.0
11388,5417,723,3,50.0,150.0
11389,5417,37,2,100.0,200.0
11390,5418,546,1,190.0,190.0
11391,5418,369,1,170.0,170.0
11392,5419,254,1,110.0,110.0
11393,5419,175,1,310.0,310.0
11394,5419,72,2,270.0,540.0
11395,5420,209,1,50.0,50.0
11396,5420,514,2,150.0,300.0
11397,5421,681,1,300.0,300.0
11398,5421,28,1,210.0,210.0
11399,5421,28,1,210.0,210.0
11400,5422,676,1,220.0,220.0
11401,5422,229,1,340.0,340.0
11402,5423,704,2,130.0,260.0
11403,5423,120,3,60.0,180.0
11404,5427,118,1,170.0,170.0
11405,5427,208,1,60.0,60.0
11406,5427,118,1,170.0,170.0
11407,5428,149,1,160.0,160.0
11408,5428,666,1,100.0,100.0
11409,5429,518,2,340.0,680.0
11410,5429,518,1,340.0,340.0
11411,5429,518,2,340.0,680.0
11412,5430,504,1,390.0,390.0
11413,5431,398,1,120.0,120.0
11414,5431,139,1,150.0,150.0
11415,5431,307,2,270.0,540.0
11416,5432,398,1,120.0,120.0
11417,5432,139,2,150.0,300.0
11418,5433,408,1,120.0,120.0
11419,5433,58,1,260.0,260.0
11420,5435,326,1,110.0,110.0
11421,5435,454,1,160.0,160.0
11422,5435,707,1,180.0,180.0
11423,5436,38,2,620.0,1240.0
11424,5436,60,1,80.0,80.0
11425,5436,38,1,620.0,620.0
11426,5437,487,2,450.0,900.0
11427,5438,619,2,60.0,120.0
11428,5438,619,2,60.0,120.0
11429,5439,657,1,210.0,210.0
11430,5439,140,2,260.0,520.0
11431,5439,657,2,210.0,420.0
11432,5440,711,1,110.0,110.0
11433,5440,711,2,110.0,220.0
11434,5440,636,1,50.0,50.0
11435,5440,636,2,50.0,100.0
11436,5440,636,1,50.0,50.0
11437,5441,542,2,240.0,480.0
11438,5441,542,1,240.0,240.0
11439,5441,522,1,180.0,180.0
11440,5441,466,1,290.0,290.0
11441,5442,313,1,260.0,260.0
11442,5443,409,2,200.0,400.0
11443,5444,679,3,240.0,720.0
11444,5444,168,3,60.0,180.0
11445,5444,707,2,180.0,360.0
11446,5445,459,2,120.0,240.0
11447,5445,206,1,60.0,60.0
11448,5447,590,3,290.0,870.0
11449,5447,323,1,50.0,50.0
11450,5447,323,2,50.0,100.0
11451,5447,581,1,130.0,130.0
11452,5448,508,1,340.0,340.0
11453,5448,409,2,200.0,400.0
11454,5448,17,2,330.0,660.0
11455,5449,672,3,260.0,780.0
11456,5449,428,2,240.0,480.0
11457,5450,343,3,680.0,2040.0
11458,5451,569,3,210.0,630.0
11459,5451,646,2,80.0,160.0
11460,5451,646,1,80.0,80.0
11461,5451,646,2,80.0,160.0
11462,5452,526,1,100.0,100.0
11463,5452,134,2,200.0,400.0
11464,5452,134,1,200.0,200.0
11465,5452,284,1,70.0,70.0
11466,5453,16,2,90.0,180.0
11467,5453,521,1,330.0,330.0
11468,5453,298,2,40.0,80.0
11469,5453,521,1,330.0,330.0
11470,5454,674,1,630.0,630.0
11471,5455,720,3,360.0,1080.0
11472,5455,345,1,330.0,330.0
11473,5455,510,2,110.0,220.0
11474,5457,541,2,300.0,600.0
11475,5458,358,1,160.0,160.0
11476,5458,27,1,60.0,60.0
11477,5458,358,1,160.0,160.0
11478,5459,703,1,90.0,90.0
11479,5459,265,1,170.0,170.0
11480,5459,648,1,200.0,200.0
11481,5460,22,2,80.0,160.0
11482,5460,31,1,100.0,100.0
11483,5461,345,2,330.0,660.0
11484,5462,560,1,250.0,250.0
11485,5462,296,3,40.0,120.0
11486,5462,296,1,40.0,40.0
11487,5462,636,1,50.0,50.0
11488,5463,127,2,250.0,500.0
11489,5464,444,2,110.0,220.0
11490,5464,444,1,110.0,110.0
11491,5465,222,1,60.0,60.0
11492,5466,608,1,70.0,70.0
11493,5466,608,2,70.0,140.0
11494,5467,393,1,80.0,80.0
11495,5468,4,1,50.0,50.0
11496,5469,518,3,340.0,1020.0
11497,5469,518,2,340.0,680.0
11498,5469,518,1,340.0,340.0
11499,5471,84,2,180.0,360.0
11500,5471,447,1,110.0,110.0
11501,5471,604,2,60.0,120.0
11502,5471,400,3,190.0,570.0
11503,5472,729,2,90.0,180.0
11504,5472,569,2,210.0,420.0
11505,5473,325,1,190.0,190.0
11506,5473,152,2,70.0,140.0
11507,5474,532,2,130.0,260.0
11508,5474,532,1,130.0,130.0
11509,5474,603,1,220.0,220.0
11510,5474,603,2,220.0,440.0
11511,5475,190,3,550.0,1650.0
11512,5475,312,2,180.0,360.0
11513,5475,312,1,180.0,180.0
11514,5475,190,1,550.0,550.0
11515,5476,423,1,40.0,40.0
11516,5476,335,2,40.0,80.0
11517,5476,170,1,60.0,60.0
11518,5476,423,1,40.0,40.0
11519,5476,423,1,40.0,40.0
11520,5477,733,3,320.0,960.0
11521,5477,461,1,300.0,300.0
11522,5477,609,3,60.0,180.0
11523,5477,733,1,320.0,320.0
11524,5478,292,1,530.0,530.0
11525,5478,292,2,530.0,1060.0
11526,5479,82,2,70.0,140.0
11527,5479,238,2,210.0,420.0
11528,5480,263,1,180.0,180.0
11529,5480,63,1,680.0,680.0
11530,5480,275,1,170.0,170.0
11531,5481,448,1,110.0,110.0
11532,5481,156,1,660.0,660.0
11533,5481,198,1,570.0,570.0
11534,5482,5,1,80.0,80.0
11535,5482,5,1,80.0,80.0
11536,5482,189,3,170.0,510.0
11537,5482,681,1,300.0,300.0
11538,5484,590,2,290.0,580.0
11539,5484,698,2,210.0,420.0
11540,5484,590,2,290.0,580.0
11541,5484,590,1,290.0,290.0
11542,5484,90,1,100.0,100.0
11543,5485,1,1,120.0,120.0
11544,5485,560,1,250.0,250.0
11545,5486,631,1,300.0,300.0
11546,5486,725,1,90.0,90.0
11547,5487,440,1,150.0,150.0
11548,5487,319,1,180.0,180.0
11549,5487,132,1,300.0,300.0
11550,5487,375,2,310.0,620.0
11551,5488,690,1,70.0,70.0
11552,5488,696,2,300.0,600.0
11553,5488,349,1,420.0,420.0
11554,5488,519,1,170.0,170.0
11555,5489,238,1,210.0,210.0
11556,5489,594,3,330.0,990.0
11557,5489,594,3,330.0,990.0
11558,5490,96,1,210.0,210.0
11559,5490,96,1,210.0,210.0
11560,5491,277,1,210.0,210.0
11561,5492,686,1,70.0,70.0
11562,5493,184,1,500.0,500.0
11563,5493,722,1,140.0,140.0
11564,5494,579,2,330.0,660.0
11565,5495,362,1,100.0,100.0
11566,5495,741,1,290.0,290.0
11567,5495,41,3,310.0,930.0
11568,5496,462,1,110.0,110.0
11569,5496,418,1,50.0,50.0
11570,5496,462,1,110.0,110.0
11571,5497,536,1,310.0,310.0
11572,5498,746,2,60.0,120.0
11573,5498,517,2,180.0,360.0
11574,5499,358,1,160.0,160.0
11575,5499,172,1,190.0,190.0
11576,5500,404,1,60.0,60.0
11577,5501,18,1,110.0,110.0
11578,5501,18,1,110.0,110.0
11579,5502,443,1,180.0,180.0
11580,5502,338,1,210.0,210.0
11581,5502,65,1,330.0,330.0
11582,5503,1,1,120.0,120.0
11583,5503,711,1,110.0,110.0
11584,5503,566,1,70.0,70.0
11585,5503,455,2,120.0,240.0
11586,5503,711,1,110.0,110.0
11587,5504,156,1,660.0,660.0
11588,5505,443,1,180.0,180.0
11589,5505,443,1,180.0,180.0
11590,5506,395,3,60.0,180.0
11591,5506,675,1,650.0,650.0
11592,5507,676,3,220.0,660.0
11593,5508,293,1,40.0,40.0
11594,5508,129,2,50.0,100.0
11595,5508,686,1,70.0,70.0
11596,5508,293,3,40.0,120.0
11597,5510,42,1,110.0,110.0
11598,5510,42,3,110.0,330.0
11599,5510,42,1,110.0,110.0
11600,5511,327,1,110.0,110.0
11601,5511,327,1,110.0,110.0
11602,5511,214,2,190.0,380.0
11603,5512,223,1,270.0,270.0
11604,5512,427,1,280.0,280.0
11605,5513,131,2,310.0,620.0
11606,5513,337,1,290.0,290.0
11607,5513,337,2,290.0,580.0
11608,5514,445,2,530.0,1060.0
11609,5514,314,1,320.0,320.0
11610,5515,1,2,120.0,240.0
11611,5515,455,1,120.0,120.0
11612,5515,566,1,70.0,70.0
11613,5516,247,2,190.0,380.0
11614,5517,359,2,580.0,1160.0
11615,5517,618,2,100.0,200.0
11616,5517,452,1,270.0,270.0
11617,5517,452,2,270.0,540.0
11618,5518,37,2,100.0,200.0
11619,5518,37,1,100.0,100.0
11620,5519,30,3,60.0,180.0
11621,5520,99,1,560.0,560.0
11622,5520,462,1,110.0,110.0
11623,5520,418,2,50.0,100.0
11624,5521,37,2,100.0,200.0
11625,5523,656,1,120.0,120.0
11626,5525,682,1,80.0,80.0
11627,5525,682,3,80.0,240.0
11628,5526,575,3,110.0,330.0
11629,5527,206,2,60.0,120.0
11630,5529,629,1,290.0,290.0
11631,5529,363,1,670.0,670.0
11632,5530,86,1,70.0,70.0
11633,5530,321,1,310.0,310.0
11634,5530,441,2,190.0,380.0
11635,5531,477,1,290.0,290.0
11636,5531,512,2,50.0,100.0
11637,5531,512,2,50.0,100.0
11638,5531,477,2,290.0,580.0
11639,5531,545,1,290.0,290.0
11640,5532,242,2,70.0,140.0
11641,5532,242,1,70.0,70.0
11642,5533,717,2,60.0,120.0
11643,5533,717,3,60.0,180.0
11644,5533,184,1,500.0,500.0
11645,5533,717,1,60.0,60.0
11646,5535,427,1,280.0,280.0
11647,5536,518,2,340.0,680.0
11648,5537,732,2,120.0,240.0
11649,5537,269,1,620.0,620.0
11650,5537,61,1,100.0,100.0
11651,5537,269,1,620.0,620.0
11652,5538,616,1,190.0,190.0
11653,5538,642,1,260.0,260.0
11654,5539,571,1,520.0,520.0
11655,5540,565,2,460.0,920.0
11656,5540,533,1,530.0,530.0
11657,5540,77,1,180.0,180.0
11658,5540,77,1,180.0,180.0
11659,5540,533,1,530.0,530.0
11660,5542,500,2,100.0,200.0
11661,5543,90,1,100.0,100.0
11662,5543,590,1,290.0,290.0
11663,5543,590,2,290.0,580.0
11664,5543,90,1,100.0,100.0
11665,5544,88,1,310.0,310.0
11666,5544,2,1,40.0,40.0
11667,5544,352,2,40.0,80.0
11668,5545,646,2,80.0,160.0
11669,5545,729,3,90.0,270.0
11670,5546,143,2,280.0,560.0
11671,5546,730,1,220.0,220.0
11672,5548,566,3,70.0,210.0
11673,5548,711,1,110.0,110.0
11674,5549,642,1,260.0,260.0
11675,5549,616,2,190.0,380.0
11676,5550,521,1,330.0,330.0
11677,5550,16,1,90.0,90.0
11678,5550,504,1,390.0,390.0
11679,5551,701,1,260.0,260.0
11680,5551,701,1,260.0,260.0
11681,5552,16,2,90.0,180.0
11682,5552,16,3,90.0,270.0
11683,5552,16,1,90.0,90.0
11684,5554,497,3,250.0,750.0
11685,5555,373,1,260.0,260.0
11686,5555,534,1,80.0,80.0
11687,5556,299,3,70.0,210.0
11688,5556,285,2,270.0,540.0
11689,5556,285,1,270.0,270.0
11690,5557,678,2,180.0,360.0
11691,5557,194,2,670.0,1340.0
11692,5558,480,1,510.0,510.0
11693,5558,500,1,100.0,100.0
11694,5558,500,2,100.0,200.0
11695,5559,236,1,250.0,250.0
11696,5559,469,2,100.0,200.0
11697,5559,425,2,200.0,400.0
11698,5560,390,1,270.0,270.0
11699,5562,603,2,220.0,440.0
11700,5562,603,2,220.0,440.0
11701,5563,250,1,320.0,320.0
11702,5563,78,2,50.0,100.0
11703,5563,536,1,310.0,310.0
11704,5564,532,1,130.0,130.0
11705,5564,564,3,200.0,600.0
11706,5564,431,2,210.0,420.0
11707,5564,603,1,220.0,220.0
11708,5565,736,1,60.0,60.0
11709,5565,617,1,210.0,210.0
11710,5565,664,3,110.0,330.0
11711,5566,517,2,180.0,360.0
11712,5566,540,2,50.0,100.0
11713,5566,265,1,170.0,170.0
11714,5567,1,2,120.0,240.0
11715,5568,602,2,580.0,1160.0
11716,5568,602,2,580.0,1160.0
11717,5569,298,3,40.0,120.0
11718,5570,59,2,100.0,200.0
11719,5570,290,2,200.0,400.0
11720,5570,290,2,200.0,400.0
11721,5571,350,2,170.0,340.0
11722,5571,467,2,200.0,400.0
11723,5571,467,1,200.0,200.0
11724,5572,723,1,50.0,50.0
11725,5573,530,2,90.0,180.0
11726,5573,371,1,80.0,80.0
11727,5573,82,1,70.0,70.0
11728,5573,238,2,210.0,420.0
11729,5573,82,2,70.0,140.0
11730,5574,226,1,190.0,190.0
11731,5574,649,2,320.0,640.0
11732,5575,349,1,420.0,420.0
11733,5576,352,2,40.0,80.0
11734,5578,707,1,180.0,180.0
11735,5578,168,1,60.0,60.0
11736,5579,383,1,200.0,200.0
11737,5580,459,1,120.0,120.0
11738,5580,96,1,210.0,210.0
11739,5581,96,1,210.0,210.0
11740,5582,408,2,120.0,240.0
11741,5582,58,1,260.0,260.0
11742,5582,58,1,260.0,260.0
11743,5583,325,1,190.0,190.0
11744,5583,389,1,70.0,70.0
11745,5583,389,1,70.0,70.0
11746,5584,347,2,180.0,360.0
11747,5584,203,1,190.0,190.0
11748,5584,710,1,210.0,210.0
11749,5585,680,2,240.0,480.0
11750,5585,314,1,320.0,320.0
11751,5585,314,1,320.0,320.0
11752,5587,235,1,110.0,110.0
11753,5587,260,1,60.0,60.0
11754,5588,439,1,580.0,580.0
11755,5588,113,3,430.0,1290.0
11756,5589,533,2,530.0,1060.0
11757,5589,77,2,180.0,360.0
11758,5589,524,1,180.0,180.0
11759,5590,246,1,190.0,190.0
11760,5591,399,1,190.0,190.0
11761,5591,652,1,100.0,100.0
11762,5592,363,3,670.0,2010.0
11763,5592,363,1,670.0,670.0
11764,5593,232,2,280.0,560.0
11765,5593,414,1,100.0,100.0
11766,5594,239,2,240.0,480.0
11767,5594,239,1,240.0,240.0
11768,5595,459,2,120.0,240.0
11769,5595,96,1,210.0,210.0
11770,5596,151,2,120.0,240.0
11771,5598,17,1,330.0,330.0
11772,5598,508,2,340.0,680.0
11773,5598,705,2,160.0,320.0
11774,5599,128,3,140.0,420.0
11775,5599,166,1,590.0,590.0
11776,5599,331,1,450.0,450.0
11777,5599,407,2,250.0,500.0
11778,5600,625,2,210.0,420.0
11779,5601,334,1,120.0,120.0
11780,5601,334,1,120.0,120.0
11781,5601,580,1,40.0,40.0
11782,5602,446,2,300.0,600.0
11783,5603,44,1,290.0,290.0
11784,5603,599,1,100.0,100.0
11785,5603,599,1,100.0,100.0
11786,5604,714,1,40.0,40.0
11787,5605,671,3,220.0,660.0
11788,5605,143,1,280.0,280.0
11789,5606,187,1,130.0,130.0
11790,5606,582,1,200.0,200.0
11791,5607,105,1,50.0,50.0
11792,5607,689,1,60.0,60.0
11793,5607,463,1,60.0,60.0
11794,5608,463,1,60.0,60.0
11795,5609,740,1,350.0,350.0
11796,5609,532,2,130.0,260.0
11797,5610,682,1,80.0,80.0
11798,5610,524,1,180.0,180.0
11799,5610,533,1,530.0,530.0
11800,5611,127,3,250.0,750.0
11801,5611,164,1,90.0,90.0
11802,5613,290,2,200.0,400.0
11803,5613,290,2,200.0,400.0
11804,5613,59,1,100.0,100.0
11805,5614,737,1,480.0,480.0
11806,5615,459,1,120.0,120.0
11807,5616,60,1,80.0,80.0
11808,5616,185,1,150.0,150.0
11809,5616,198,2,570.0,1140.0
11810,5616,156,1,660.0,660.0
11811,5617,651,2,50.0,100.0
11812,5618,123,2,60.0,120.0
11813,5619,206,2,60.0,120.0
11814,5619,206,1,60.0,60.0
11815,5620,206,1,60.0,60.0
11816,5620,96,1,210.0,210.0
11817,5620,206,2,60.0,120.0
11818,5621,281,1,160.0,160.0
11819,5622,58,2,260.0,520.0
11820,5623,337,2,290.0,580.0
11821,5623,337,1,290.0,290.0
11822,5623,483,1,130.0,130.0
11823,5624,409,1,200.0,200.0
11824,5624,602,3,580.0,1740.0
11825,5624,409,2,200.0,400.0
11826,5625,536,1,310.0,310.0
11827,5626,313,2,260.0,520.0
11828,5626,277,1,210.0,210.0
11829,5627,21,1,640.0,640.0
11830,5627,373,2,260.0,520.0
11831,5627,21,2,640.0,1280.0
11832,5627,534,1,80.0,80.0
11833,5628,284,2,70.0,140.0
11834,5628,555,3,250.0,750.0
11835,5628,284,2,70.0,140.0
11836,5628,555,2,250.0,500.0
11837,5629,707,1,180.0,180.0
11838,5629,679,3,240.0,720.0
11839,5629,168,2,60.0,120.0
11840,5629,679,2,240.0,480.0
11841,5630,655,1,250.0,250.0
11842,5630,714,1,40.0,40.0
11843,5631,348,1,70.0,70.0
11844,5631,280,2,330.0,660.0
11845,5631,49,3,330.0,990.0
11846,5631,280,1,330.0,330.0
11847,5632,128,1,140.0,140.0
11848,5633,207,1,70.0,70.0
11849,5633,207,1,70.0,70.0
11850,5634,544,1,40.0,40.0
11851,5634,544,2,40.0,80.0
11852,5635,90,1,100.0,100.0
11853,5635,323,1,50.0,50.0
11854,5635,590,1,290.0,290.0
11855,5635,698,1,210.0,210.0
11856,5636,603,2,220.0,440.0
11857,5636,431,2,210.0,420.0
11858,5637,545,2,290.0,580.0
11859,5637,545,1,290.0,290.0
11860,5638,602,1,580.0,580.0
11861,5638,17,1,330.0,330.0
11862,5638,17,1,330.0,330.0
11863,5639,603,2,220.0,440.0
11864,5640,21,1,640.0,640.0
11865,5640,534,1,80.0,80.0
11866,5640,104,1,240.0,240.0
11867,5641,462,1,110.0,110.0
11868,5641,462,2,110.0,220.0
11869,5641,99,1,560.0,560.0
11870,5642,485,2,170.0,340.0
11871,5643,65,1,330.0,330.0
11872,5644,723,1,50.0,50.0
11873,5644,37,1,100.0,100.0
11874,5645,750,1,220.0,220.0
11875,5645,567,2,140.0,280.0
11876,5646,550,2,400.0,800.0
11877,5646,403,3,120.0,360.0
11878,5647,331,2,450.0,900.0
11879,5647,166,2,590.0,1180.0
11880,5647,128,1,140.0,140.0
11881,5647,128,1,140.0,140.0
11882,5647,128,1,140.0,140.0
11883,5648,677,2,40.0,80.0
11884,5649,257,1,270.0,270.0
11885,5650,619,1,60.0,60.0
11886,5650,351,1,60.0,60.0
11887,5651,216,2,320.0,640.0
11888,5651,35,1,310.0,310.0
11889,5651,744,1,270.0,270.0
11890,5651,216,1,320.0,320.0
11891,5652,194,1,670.0,670.0
11892,5652,678,1,180.0,180.0
11893,5653,158,1,270.0,270.0
11894,5654,604,1,60.0,60.0
11895,5654,400,1,190.0,190.0
11896,5655,414,1,100.0,100.0
11897,5655,414,1,100.0,100.0
11898,5656,655,2,250.0,500.0
11899,5656,714,1,40.0,40.0
11900,5656,655,1,250.0,250.0
11901,5657,496,2,220.0,440.0
11902,5657,496,1,220.0,220.0
11903,5658,647,1,180.0,180.0
11904,5658,365,1,450.0,450.0
11905,5658,235,1,110.0,110.0
11906,5659,708,1,480.0,480.0
11907,5659,564,2,200.0,400.0
11908,5659,708,1,480.0,480.0
11909,5660,522,3,180.0,540.0
11910,5661,629,2,290.0,580.0
11911,5661,424,2,90.0,180.0
11912,5662,459,3,120.0,360.0
11913,5662,96,2,210.0,420.0
11914,5663,70,3,50.0,150.0
11915,5663,70,1,50.0,50.0
11916,5663,386,1,70.0,70.0
11917,5663,386,1,70.0,70.0
11918,5663,563,1,130.0,130.0
11919,5664,48,2,180.0,360.0
11920,5665,381,1,560.0,560.0
11921,5665,569,1,210.0,210.0
11922,5666,134,1,200.0,200.0
11923,5666,526,2,100.0,200.0
11924,5666,555,2,250.0,500.0
11925,5667,351,1,60.0,60.0
11926,5667,619,1,60.0,60.0
11927,5667,528,1,160.0,160.0
11928,5668,560,1,250.0,250.0
11929,5668,560,1,250.0,250.0
11930,5669,60,3,80.0,240.0
11931,5670,643,2,280.0,560.0
11932,5670,117,1,40.0,40.0
11933,5670,643,1,280.0,280.0
11934,5671,237,1,350.0,350.0
11935,5671,574,1,130.0,130.0
11936,5671,685,1,40.0,40.0
11937,5671,377,3,30.0,90.0
11938,5672,737,2,480.0,960.0
11939,5672,183,2,260.0,520.0
11940,5673,238,3,210.0,630.0
11941,5673,341,2,150.0,300.0
11942,5673,82,2,70.0,140.0
11943,5674,126,1,510.0,510.0
11944,5674,126,1,510.0,510.0
11945,5674,281,3,160.0,480.0
11946,5675,496,1,220.0,220.0
11947,5676,23,1,310.0,310.0
11948,5676,220,1,190.0,190.0
11949,5676,458,1,570.0,570.0
11950,5676,180,1,190.0,190.0
11951,5677,67,2,120.0,240.0
11952,5677,426,1,140.0,140.0
11953,5678,311,1,60.0,60.0
11954,5678,548,2,230.0,460.0
11955,5678,339,2,550.0,1100.0
11956,5678,651,1,50.0,50.0
11957,5679,641,1,300.0,300.0
11958,5680,362,1,100.0,100.0
11959,5680,362,1,100.0,100.0
11960,5680,267,2,270.0,540.0
11961,5680,267,1,270.0,270.0
11962,5680,270,3,140.0,420.0
11963,5681,272,1,200.0,200.0
11964,5681,272,1,200.0,200.0
11965,5682,599,1,100.0,100.0
11966,5683,629,2,290.0,580.0
11967,5683,629,1,290.0,290.0
11968,5684,516,1,100.0,100.0
11969,5684,53,1,200.0,200.0
11970,5685,564,2,200.0,400.0
11971,5685,740,2,350.0,700.0
11972,5685,431,1,210.0,210.0
11973,5685,708,1,480.0,480.0
11974,5686,54,1,510.0,510.0
11975,5687,704,2,130.0,260.0
11976,5687,101,1,300.0,300.0
11977,5687,120,2,60.0,120.0
11978,5687,607,2,130.0,260.0
11979,5688,470,1,320.0,320.0
11980,5688,142,1,260.0,260.0
11981,5688,434,1,670.0,670.0
11982,5689,578,1,190.0,190.0
11983,5690,453,1,170.0,170.0
11984,5691,14,1,120.0,120.0
11985,5691,334,1,120.0,120.0
11986,5691,430,2,130.0,260.0
11987,5691,334,1,120.0,120.0
11988,5692,343,2,680.0,1360.0
11989,5693,130,1,300.0,300.0
11990,5694,26,1,300.0,300.0
11991,5694,174,1,110.0,110.0
11992,5694,627,1,300.0,300.0
11993,5695,238,1,210.0,210.0
11994,5696,641,1,300.0,300.0
11995,5698,698,1,210.0,210.0
11996,5698,698,2,210.0,420.0
11997,5701,181,2,190.0,380.0
11998,5701,39,1,70.0,70.0
11999,5702,594,2,330.0,660.0
12000,5703,730,1,220.0,220.0
12001,5703,45,2,280.0,560.0
12002,5703,143,1,280.0,280.0
12003,5705,646,1,80.0,80.0
12004,5706,336,3,110.0,330.0
12005,5706,207,1,70.0,70.0
12006,5707,363,2,670.0,1340.0
12007,5708,496,2,220.0,440.0
12008,5708,13,1,40.0,40.0
12009,5709,715,1,230.0,230.0
12010,5709,108,1,230.0,230.0
12011,5710,588,2,640.0,1280.0
12012,5710,588,2,640.0,1280.0
12013,5710,725,2,90.0,180.0
12014,5710,725,1,90.0,90.0
12015,5711,706,2,280.0,560.0
12016,5713,300,1,330.0,330.0
12017,5714,639,1,200.0,200.0
12018,5715,531,2,50.0,100.0
12019,5717,470,2,320.0,640.0
12020,5717,470,1,320.0,320.0
12021,5718,308,2,340.0,680.0
12022,5718,561,1,290.0,290.0
12023,5719,668,2,110.0,220.0
12024,5719,692,1,230.0,230.0
12025,5719,692,1,230.0,230.0
12026,5719,93,2,710.0,1420.0
12027,5720,518,1,340.0,340.0
12028,5721,561,1,290.0,290.0
12029,5721,241,3,90.0,270.0
12030,5721,241,1,90.0,90.0
12031,5722,444,1,110.0,110.0
12032,5722,382,1,40.0,40.0
12033,5722,182,2,90.0,180.0
12034,5726,336,1,110.0,110.0
12035,5726,207,1,70.0,70.0
12036,5726,674,1,630.0,630.0
12037,5726,207,1,70.0,70.0
12038,5726,674,1,630.0,630.0
12039,5727,729,1,90.0,90.0
12040,5728,280,1,330.0,330.0
12041,5728,10,1,90.0,90.0
12042,5728,446,1,300.0,300.0
12043,5728,348,2,70.0,140.0
12044,5728,280,2,330.0,660.0
12045,5729,566,2,70.0,140.0
12046,5730,242,2,70.0,140.0
12047,5731,57,2,230.0,460.0
12048,5731,214,1,190.0,190.0
12049,5732,409,1,200.0,200.0
12050,5732,602,2,580.0,1160.0
12051,5733,661,3,50.0,150.0
12052,5733,396,3,90.0,270.0
12053,5734,598,1,440.0,440.0
12054,5734,714,3,40.0,120.0
12055,5734,610,1,220.0,220.0
12056,5734,328,1,230.0,230.0
12057,5735,242,1,70.0,70.0
12058,5735,254,1,110.0,110.0
12059,5735,475,2,100.0,200.0
12060,5736,384,1,350.0,350.0
12061,5736,111,1,190.0,190.0
12062,5736,514,3,150.0,450.0
12063,5737,153,1,590.0,590.0
12064,5737,542,1,240.0,240.0
12065,5738,65,2,330.0,660.0
12066,5739,146,2,190.0,380.0
12067,5739,105,3,50.0,150.0
12068,5739,32,1,290.0,290.0
12069,5740,311,3,60.0,180.0
12070,5740,339,2,550.0,1100.0
12071,5740,339,3,550.0,1650.0
12072,5741,351,1,60.0,60.0
12073,5741,351,2,60.0,120.0
12074,5742,137,1,490.0,490.0
12075,5742,313,1,260.0,260.0
12076,5742,277,3,210.0,630.0
12077,5742,369,1,170.0,170.0
12078,5743,520,1,60.0,60.0
12079,5743,659,1,170.0,170.0
12080,5744,330,1,110.0,110.0
12081,5745,480,1,510.0,510.0
12082,5746,460,1,70.0,70.0
12083,5747,368,1,320.0,320.0
12084,5747,716,1,290.0,290.0
12085,5747,368,3,320.0,960.0
12086,5747,678,1,180.0,180.0
12087,5748,713,1,330.0,330.0
12088,5749,13,1,40.0,40.0
12089,5749,13,1,40.0,40.0
12090,5750,120,2,60.0,120.0
12091,5750,734,2,90.0,180.0
12092,5750,101,1,300.0,300.0
12093,5751,192,2,270.0,540.0
12094,5751,223,2,270.0,540.0
12095,5752,127,1,250.0,250.0
12096,5754,661,2,50.0,100.0
12097,5754,517,2,180.0,360.0
12098,5755,351,2,60.0,120.0
12099,5755,619,1,60.0,60.0
12100,5756,246,1,190.0,190.0
12101,5756,195,2,270.0,540.0
12102,5756,533,1,530.0,530.0
12103,5756,195,1,270.0,270.0
12104,5757,91,2,270.0,540.0
12105,5758,600,1,170.0,170.0
12106,5758,558,1,330.0,330.0
12107,5758,726,1,310.0,310.0
12108,5758,600,1,170.0,170.0
12109,5759,313,1,260.0,260.0
12110,5759,277,1,210.0,210.0
12111,5759,670,3,340.0,1020.0
12112,5759,670,2,340.0,680.0
12113,5760,542,2,240.0,480.0
12114,5760,153,1,590.0,590.0
12115,5760,466,1,290.0,290.0
12116,5760,466,2,290.0,580.0
12117,5760,553,1,110.0,110.0
12118,5762,398,2,120.0,240.0
12119,5763,382,2,40.0,80.0
12120,5763,382,2,40.0,80.0
12121,5764,363,1,670.0,670.0
12122,5764,424,1,90.0,90.0
12123,5764,424,1,90.0,90.0
12124,5766,717,1,60.0,60.0
12125,5766,184,2,500.0,1000.0
12126,5767,293,2,40.0,80.0
12127,5767,129,2,50.0,100.0
12128,5767,413,1,170.0,170.0
12129,5768,21,2,640.0,1280.0
12130,5768,534,3,80.0,240.0
12131,5768,21,1,640.0,640.0
12132,5769,610,2,220.0,440.0
12133,5769,714,1,40.0,40.0
12134,5770,503,3,270.0,810.0
12135,5770,503,1,270.0,270.0
12136,5771,20,3,90.0,270.0
12137,5771,608,2,70.0,140.0
12138,5771,608,1,70.0,70.0
12139,5772,53,2,200.0,400.0
12140,5772,552,2,170.0,340.0
12141,5772,606,1,40.0,40.0
12142,5772,516,1,100.0,100.0
12143,5773,452,1,270.0,270.0
12144,5773,417,2,60.0,120.0
12145,5773,488,2,180.0,360.0
12146,5773,452,1,270.0,270.0
12147,5774,662,1,590.0,590.0
12148,5775,298,3,40.0,120.0
12149,5775,504,1,390.0,390.0
12150,5775,597,1,100.0,100.0
12151,5775,298,1,40.0,40.0
12152,5775,521,1,330.0,330.0
12153,5776,253,2,50.0,100.0
12154,5776,237,1,350.0,350.0
12155,5777,650,2,170.0,340.0
12156,5777,650,1,170.0,170.0
12157,5777,646,2,80.0,160.0
12158,5778,489,3,140.0,420.0
12159,5778,605,3,320.0,960.0
12160,5778,489,2,140.0,280.0
12161,5779,433,1,90.0,90.0
12162,5779,433,2,90.0,180.0
12163,5779,7,2,320.0,640.0
12164,5779,513,2,190.0,380.0
12165,5779,7,2,320.0,640.0
12166,5780,290,1,200.0,200.0
12167,5780,571,1,520.0,520.0
12168,5780,59,1,100.0,100.0
12169,5781,607,1,130.0,130.0
12170,5781,704,1,130.0,130.0
12171,5781,327,3,110.0,330.0
12172,5781,214,1,190.0,190.0
12173,5782,548,3,230.0,690.0
12174,5782,311,1,60.0,60.0
12175,5782,548,2,230.0,460.0
12176,5783,273,1,200.0,200.0
12177,5783,145,1,320.0,320.0
12178,5783,664,2,110.0,220.0
12179,5783,196,2,340.0,680.0
12180,5784,459,1,120.0,120.0
12181,5784,96,2,210.0,420.0
12182,5785,330,1,110.0,110.0
12183,5785,330,2,110.0,220.0
12184,5786,260,1,60.0,60.0
12185,5786,501,1,70.0,70.0
12186,5787,74,1,70.0,70.0
12187,5787,680,1,240.0,240.0
12188,5788,292,1,530.0,530.0
12189,5789,130,1,300.0,300.0
12190,5790,118,3,170.0,510.0
12191,5790,208,1,60.0,60.0
12192,5790,258,1,270.0,270.0
12193,5790,503,1,270.0,270.0
12194,5791,143,1,280.0,280.0
12195,5791,730,1,220.0,220.0
12196,5791,671,2,220.0,440.0
12197,5792,157,1,240.0,240.0
12198,5792,665,1,120.0,120.0
12199,5792,190,1,550.0,550.0
12200,5792,453,1,170.0,170.0
12201,5792,190,1,550.0,550.0
12202,5793,234,1,130.0,130.0
12203,5793,2,1,40.0,40.0
12204,5793,88,2,310.0,620.0
12205,5794,520,1,60.0,60.0
12206,5794,98,2,270.0,540.0
12207,5794,535,1,250.0,250.0
12208,5794,98,3,270.0,810.0
12209,5795,75,2,230.0,460.0
12210,5795,166,1,590.0,590.0
12211,5796,88,2,310.0,620.0
12212,5796,2,2,40.0,80.0
12213,5796,234,1,130.0,130.0
12214,5796,234,1,130.0,130.0
12215,5797,726,2,310.0,620.0
12216,5797,510,1,110.0,110.0
12217,5797,600,1,170.0,170.0
12218,5797,558,2,330.0,660.0
12219,5797,558,1,330.0,330.0
12220,5798,545,3,290.0,870.0
12221,5798,118,1,170.0,170.0
12222,5798,503,1,270.0,270.0
12223,5798,118,2,170.0,340.0
12224,5799,463,1,60.0,60.0
12225,5799,256,2,250.0,500.0
12226,5800,558,1,330.0,330.0
12227,5800,600,1,170.0,170.0
12228,5801,129,1,50.0,50.0
12229,5802,734,1,90.0,90.0
12230,5802,57,1,230.0,230.0
12231,5803,669,2,700.0,1400.0
12232,5803,211,1,350.0,350.0
12233,5804,656,2,120.0,240.0
12234,5804,554,1,240.0,240.0
12235,5805,643,1,280.0,280.0
12236,5806,252,1,350.0,350.0
12237,5807,378,2,320.0,640.0
12238,5807,374,1,130.0,130.0
12239,5807,474,1,150.0,150.0
12240,5807,378,2,320.0,640.0
12241,5808,248,2,280.0,560.0
12242,5808,200,1,660.0,660.0
12243,5809,66,1,220.0,220.0
12244,5809,66,1,220.0,220.0
12245,5809,222,1,60.0,60.0
12246,5810,555,2,250.0,500.0
12247,5810,555,1,250.0,250.0
12248,5810,526,1,100.0,100.0
12249,5811,694,1,310.0,310.0
12250,5811,471,1,650.0,650.0
12251,5812,341,3,150.0,450.0
12252,5812,82,2,70.0,140.0
12253,5812,238,1,210.0,210.0
12254,5812,82,2,70.0,140.0
12255,5813,635,1,560.0,560.0
12256,5813,591,1,360.0,360.0
12257,5814,599,1,100.0,100.0
12258,5814,340,1,60.0,60.0
12259,5814,161,1,180.0,180.0
12260,5814,340,2,60.0,120.0
12261,5815,206,2,60.0,120.0
12262,5815,206,1,60.0,60.0
12263,5815,96,3,210.0,630.0
12264,5816,571,1,520.0,520.0
12265,5816,571,1,520.0,520.0
12266,5817,32,1,290.0,290.0
12267,5817,146,2,190.0,380.0
12268,5817,105,1,50.0,50.0
12269,5818,432,1,540.0,540.0
12270,5818,432,1,540.0,540.0
12271,5819,172,1,190.0,190.0
12272,5819,391,2,70.0,140.0
12273,5819,172,2,190.0,380.0
12274,5819,27,1,60.0,60.0
12275,5819,391,1,70.0,70.0
12276,5820,41,1,310.0,310.0
12277,5820,442,1,290.0,290.0
12278,5820,372,2,190.0,380.0
12279,5820,442,1,290.0,290.0
12280,5821,396,1,90.0,90.0
12281,5821,540,3,50.0,150.0
12282,5822,75,1,230.0,230.0
12283,5822,407,2,250.0,500.0
12284,5823,373,3,260.0,780.0
12285,5823,104,1,240.0,240.0
12286,5823,104,1,240.0,240.0
12287,5824,536,1,310.0,310.0
12288,5825,703,1,90.0,90.0
12289,5825,396,1,90.0,90.0
12290,5825,677,1,40.0,40.0
12291,5825,265,1,170.0,170.0
12292,5825,265,2,170.0,340.0
12293,5826,571,3,520.0,1560.0
12294,5826,290,3,200.0,600.0
12295,5826,59,1,100.0,100.0
12296,5827,203,1,190.0,190.0
12297,5827,347,1,180.0,180.0
12298,5828,732,1,120.0,120.0
12299,5828,732,1,120.0,120.0
12300,5829,535,1,250.0,250.0
12301,5830,547,2,100.0,200.0
12302,5831,91,1,270.0,270.0
12303,5831,361,3,60.0,180.0
12304,5831,480,2,510.0,1020.0
12305,5831,361,2,60.0,120.0
12306,5832,11,1,80.0,80.0
12307,5832,299,1,70.0,70.0
12308,5832,299,2,70.0,140.0
12309,5832,11,1,80.0,80.0
12310,5833,19,2,110.0,220.0
12311,5834,4,2,50.0,100.0
12312,5834,611,2,110.0,220.0
12313,5836,636,1,50.0,50.0
12314,5837,306,1,190.0,190.0
12315,5838,280,1,330.0,330.0
12316,5839,236,2,250.0,500.0
12317,5839,249,1,140.0,140.0
12318,5840,359,2,580.0,1160.0
12319,5841,596,1,300.0,300.0
12320,5841,596,2,300.0,600.0
12321,5842,232,1,280.0,280.0
12322,5842,414,1,100.0,100.0
12323,5842,232,2,280.0,560.0
12324,5844,650,1,170.0,170.0
12325,5844,381,2,560.0,1120.0
12326,5844,650,1,170.0,170.0
12327,5845,216,2,320.0,640.0
12328,5845,35,1,310.0,310.0
12329,5845,35,1,310.0,310.0
12330,5845,744,1,270.0,270.0
12331,5846,297,3,300.0,900.0
12332,5846,489,1,140.0,140.0
12333,5847,96,2,210.0,420.0
12334,5847,96,3,210.0,630.0
12335,5848,144,2,130.0,260.0
12336,5849,405,2,220.0,440.0
12337,5849,58,2,260.0,520.0
12338,5849,233,1,160.0,160.0
12339,5849,58,1,260.0,260.0
12340,5850,566,1,70.0,70.0
12341,5850,1,1,120.0,120.0
12342,5850,296,2,40.0,80.0
12343,5851,255,2,70.0,140.0
12344,5851,427,1,280.0,280.0
12345,5852,107,1,150.0,150.0
12346,5853,257,2,270.0,540.0
12347,5853,93,2,710.0,1420.0
12348,5853,93,1,710.0,710.0
12349,5853,668,3,110.0,330.0
12350,5853,668,1,110.0,110.0
12351,5854,713,2,330.0,660.0
12352,5854,227,1,120.0,120.0
12353,5855,172,1,190.0,190.0
12354,5858,541,1,300.0,300.0
12355,5858,505,1,70.0,70.0
12356,5859,602,2,580.0,1160.0
12357,5859,508,1,340.0,340.0
12358,5859,705,1,160.0,160.0
12359,5859,409,1,200.0,200.0
12360,5860,444,1,110.0,110.0
12361,5860,382,2,40.0,80.0
12362,5861,496,1,220.0,220.0
12363,5861,13,1,40.0,40.0
12364,5862,669,2,700.0,1400.0
12365,5863,640,3,40.0,120.0
12366,5863,623,1,170.0,170.0
12367,5863,640,1,40.0,40.0
12368,5864,464,2,80.0,160.0
12369,5864,95,2,90.0,180.0
12370,5864,464,1,80.0,80.0
12371,5865,463,1,60.0,60.0
12372,5865,146,2,190.0,380.0
12373,5867,616,3,190.0,570.0
12374,5868,39,1,70.0,70.0
12375,5869,628,1,450.0,450.0
12376,5869,379,3,70.0,210.0
12377,5870,342,1,190.0,190.0
12378,5870,604,1,60.0,60.0
12379,5870,342,3,190.0,570.0
12380,5870,447,1,110.0,110.0
12381,5871,623,1,170.0,170.0
12382,5872,619,1,60.0,60.0
12383,5872,351,1,60.0,60.0
12384,5873,618,2,100.0,200.0
12385,5874,719,1,50.0,50.0
12386,5875,427,1,280.0,280.0
12387,5875,223,1,270.0,270.0
12388,5876,596,1,300.0,300.0
12389,5876,308,2,340.0,680.0
12390,5876,308,1,340.0,340.0
12391,5876,308,2,340.0,680.0
12392,5876,62,1,210.0,210.0
12393,5877,4,1,50.0,50.0
12394,5878,671,1,220.0,220.0
12395,5878,45,3,280.0,840.0
12396,5880,158,2,270.0,540.0
12397,5880,122,1,120.0,120.0
12398,5881,233,1,160.0,160.0
12399,5881,58,1,260.0,260.0
12400,5881,233,3,160.0,480.0
12401,5881,706,2,280.0,560.0
12402,5881,58,2,260.0,520.0
12403,5882,447,2,110.0,220.0
12404,5882,447,2,110.0,220.0
12405,5883,456,1,320.0,320.0
12406,5883,248,3,280.0,840.0
12407,5883,200,1,660.0,660.0
12408,5884,75,3,230.0,690.0
12409,5885,74,1,70.0,70.0
12410,5886,18,1,110.0,110.0
12411,5886,370,1,130.0,130.0
12412,5887,40,1,160.0,160.0
12413,5887,499,1,310.0,310.0
12414,5888,56,1,260.0,260.0
12415,5888,329,2,110.0,220.0
12416,5889,13,2,40.0,80.0
12417,5889,496,2,220.0,440.0
12418,5891,174,1,110.0,110.0
12419,5892,11,3,80.0,240.0
12420,5892,285,1,270.0,270.0
12421,5892,383,1,200.0,200.0
12422,5893,531,2,50.0,100.0
12423,5893,322,3,170.0,510.0
12424,5894,621,1,140.0,140.0
12425,5894,707,1,180.0,180.0
12426,5894,326,1,110.0,110.0
12427,5894,454,1,160.0,160.0
12428,5895,641,1,300.0,300.0
12429,5896,65,2,330.0,660.0
12430,5896,443,1,180.0,180.0
12431,5896,443,3,180.0,540.0
12432,5897,716,1,290.0,290.0
12433,5897,119,2,210.0,420.0
12434,5897,194,2,670.0,1340.0
12435,5898,224,3,120.0,360.0
12436,5898,519,2,170.0,340.0
12437,5898,193,2,150.0,300.0
12438,5899,584,3,50.0,150.0
12439,5900,166,1,590.0,590.0
12440,5901,745,1,90.0,90.0
12441,5901,745,1,90.0,90.0
12442,5901,436,3,110.0,330.0
12443,5902,156,1,660.0,660.0
12444,5902,549,1,240.0,240.0
12445,5902,549,1,240.0,240.0
12446,5903,369,3,170.0,510.0
12447,5903,670,1,340.0,340.0
12448,5903,670,2,340.0,680.0
12449,5903,670,2,340.0,680.0
12450,5905,163,1,90.0,90.0
12451,5905,456,1,320.0,320.0
12452,5906,139,1,150.0,150.0
12453,5907,47,1,40.0,40.0
12454,5907,43,2,50.0,100.0
12455,5907,47,2,40.0,80.0
12456,5908,608,1,70.0,70.0
12457,5910,363,3,670.0,2010.0
12458,5910,629,2,290.0,580.0
12459,5910,629,2,290.0,580.0
12460,5911,99,2,560.0,1120.0
12461,5911,99,1,560.0,560.0
12462,5912,586,3,340.0,1020.0
12463,5912,210,3,50.0,150.0
12464,5912,586,1,340.0,340.0
12465,5912,586,3,340.0,1020.0
12466,5913,509,2,250.0,500.0
12467,5913,235,2,110.0,220.0
12468,5914,664,1,110.0,110.0
12469,5914,15,1,670.0,670.0
12470,5914,588,2,640.0,1280.0
12471,5914,273,1,200.0,200.0
12472,5915,735,2,40.0,80.0
12473,5915,536,2,310.0,620.0
12474,5916,290,1,200.0,200.0
12475,5916,59,2,100.0,200.0
12476,5917,394,1,250.0,250.0
12477,5917,311,1,60.0,60.0
12478,5918,141,2,190.0,380.0
12479,5919,164,1,90.0,90.0
12480,5919,164,3,90.0,270.0
12481,5920,611,1,110.0,110.0
12482,5920,572,1,300.0,300.0
12483,5921,207,1,70.0,70.0
12484,5921,176,2,230.0,460.0
12485,5921,207,2,70.0,140.0
12486,5923,641,1,300.0,300.0
12487,5924,143,1,280.0,280.0
12488,5924,730,2,220.0,440.0
12489,5925,141,2,190.0,380.0
12490,5926,720,1,360.0,360.0
12491,5926,345,2,330.0,660.0
12492,5926,558,1,330.0,330.0
12493,5927,642,1,260.0,260.0
12494,5928,412,1,180.0,180.0
12495,5928,39,1,70.0,70.0
12496,5929,441,3,190.0,570.0
12497,5929,237,2,350.0,700.0
12498,5930,705,2,160.0,320.0
12499,5930,17,1,330.0,330.0
12500,5931,394,2,250.0,500.0
12501,5932,59,1,100.0,100.0
12502,5933,706,1,280.0,280.0
12503,5933,706,1,280.0,280.0
12504,5933,233,1,160.0,160.0
12505,5934,692,1,230.0,230.0
12506,5935,526,2,100.0,200.0
12507,5935,134,1,200.0,200.0
12508,5936,349,1,420.0,420.0
12509,5936,193,2,150.0,300.0
12510,5936,64,1,140.0,140.0
12511,5937,130,1,300.0,300.0
12512,5938,275,1,170.0,170.0
12513,5938,63,1,680.0,680.0
12514,5938,551,2,120.0,240.0
12515,5938,263,1,180.0,180.0
12516,5939,459,1,120.0,120.0
12517,5939,206,1,60.0,60.0
12518,5939,206,1,60.0,60.0
12519,5940,180,3,190.0,570.0
12520,5940,220,1,190.0,190.0
12521,5940,458,2,570.0,1140.0
12522,5941,653,2,140.0,280.0
12523,5941,246,2,190.0,380.0
12524,5941,653,2,140.0,280.0
12525,5942,521,2,330.0,660.0
12526,5943,428,2,240.0,480.0
12527,5943,288,2,180.0,360.0
12528,5944,733,1,320.0,320.0
12529,5944,19,1,110.0,110.0
12530,5946,315,1,60.0,60.0
12531,5947,657,1,210.0,210.0
12532,5947,657,2,210.0,420.0
12533,5947,657,3,210.0,630.0
12534,5948,125,2,210.0,420.0
12535,5949,660,2,250.0,500.0
12536,5950,35,1,310.0,310.0
12537,5951,584,3,50.0,150.0
12538,5951,584,1,50.0,50.0
12539,5952,603,2,220.0,440.0
12540,5952,532,1,130.0,130.0
12541,5952,708,3,480.0,1440.0
12542,5953,463,1,60.0,60.0
12543,5954,590,1,290.0,290.0
12544,5954,698,1,210.0,210.0
12545,5956,373,2,260.0,520.0
12546,5956,534,1,80.0,80.0
12547,5957,72,2,270.0,540.0
12548,5957,242,3,70.0,210.0
12549,5958,293,1,40.0,40.0
12550,5959,352,1,40.0,40.0
12551,5959,234,1,130.0,130.0
12552,5960,352,1,40.0,40.0
12553,5960,88,2,310.0,620.0
12554,5961,64,1,140.0,140.0
12555,5962,40,1,160.0,160.0
12556,5962,499,1,310.0,310.0
12557,5962,515,1,100.0,100.0
12558,5963,134,2,200.0,400.0
12559,5963,284,1,70.0,70.0
12560,5964,359,1,580.0,580.0
12561,5964,422,1,130.0,130.0
12562,5965,429,1,220.0,220.0
12563,5965,451,1,60.0,60.0
12564,5965,162,2,290.0,580.0
12565,5965,486,3,60.0,180.0
12566,5966,361,2,60.0,120.0
12567,5967,411,2,240.0,480.0
12568,5967,395,2,60.0,120.0
12569,5967,401,2,230.0,460.0
12570,5967,411,2,240.0,480.0
12571,5967,56,1,260.0,260.0
12572,5968,534,1,80.0,80.0
12573,5968,104,1,240.0,240.0
12574,5971,263,1,180.0,180.0
12575,5971,275,2,170.0,340.0
12576,5972,188,1,320.0,320.0
12577,5973,540,1,50.0,50.0
12578,5973,265,1,170.0,170.0
12579,5973,540,3,50.0,150.0
12580,5973,517,1,180.0,180.0
12581,5974,309,1,60.0,60.0
12582,5974,658,1,60.0,60.0
12583,5975,164,2,90.0,180.0
12584,5975,164,2,90.0,180.0
12585,5976,20,1,90.0,90.0
12586,5977,119,1,210.0,210.0
12587,5978,480,1,510.0,510.0
12588,5978,361,2,60.0,120.0
12589,5979,306,1,190.0,190.0
12590,5979,335,2,40.0,80.0
12591,5979,654,2,180.0,360.0
12592,5980,108,2,230.0,460.0
12593,5981,740,1,350.0,350.0
12594,5981,532,1,130.0,130.0
12595,5982,668,1,110.0,110.0
12596,5982,257,1,270.0,270.0
12597,5983,430,1,130.0,130.0
12598,5984,112,2,580.0,1160.0
12599,5984,628,1,450.0,450.0
12600,5984,112,2,580.0,1160.0
12601,5984,112,2,580.0,1160.0
12602,5985,210,3,50.0,150.0
12603,5985,301,1,40.0,40.0
12604,5986,715,2,230.0,460.0
12605,5986,108,2,230.0,460.0
12606,5986,584,2,50.0,100.0
12607,5986,660,2,250.0,500.0
12608,5987,638,1,300.0,300.0
12609,5987,297,3,300.0,900.0
12610,5987,489,2,140.0,280.0
12611,5987,12,2,60.0,120.0
12612,5989,582,3,200.0,600.0
12613,5989,187,1,130.0,130.0
12614,5990,703,2,90.0,180.0
12615,5991,585,2,50.0,100.0
12616,5991,125,1,210.0,210.0
12617,5992,692,2,230.0,460.0
12618,5992,93,1,710.0,710.0
12619,5994,703,2,90.0,180.0
12620,5995,593,1,180.0,180.0
12621,5995,383,1,200.0,200.0
12622,5996,529,2,60.0,120.0
12623,5997,69,1,630.0,630.0
12624,5998,61,1,100.0,100.0
12625,5998,61,1,100.0,100.0
12626,5998,269,1,620.0,620.0
12627,5999,604,1,60.0,60.0
12628,5999,84,1,180.0,180.0
12629,5999,485,2,170.0,340.0
12630,6000,279,1,70.0,70.0
12631,6000,527,2,100.0,200.0
12632,6000,230,1,120.0,120.0
12633,6001,337,2,290.0,580.0
12634,6003,260,1,60.0,60.0
12635,6003,647,1,180.0,180.0
12636,6004,375,1,310.0,310.0
12637,6004,440,2,150.0,300.0
12638,6004,353,2,300.0,600.0
12639,6004,367,2,270.0,540.0
12640,6005,31,1,100.0,100.0
12641,6005,22,3,80.0,240.0
12642,6005,728,1,370.0,370.0
12643,6006,505,1,70.0,70.0
12644,6006,505,1,70.0,70.0
12645,6007,158,1,270.0,270.0
12646,6007,218,1,160.0,160.0
12647,6007,159,1,320.0,320.0
12648,6007,140,1,260.0,260.0
12649,6008,627,1,300.0,300.0
12650,6008,627,1,300.0,300.0
12651,6009,604,2,60.0,120.0
12652,6009,400,1,190.0,190.0
12653,6009,110,1,310.0,310.0
12654,6010,501,3,70.0,210.0
12655,6010,647,1,180.0,180.0
12656,6010,509,1,250.0,250.0
12657,6010,260,1,60.0,60.0
12658,6010,260,1,60.0,60.0
12659,6011,335,1,40.0,40.0
12660,6011,231,2,100.0,200.0
12661,6012,96,1,210.0,210.0
12662,6012,206,2,60.0,120.0
12663,6012,459,1,120.0,120.0
12664,6013,332,1,180.0,180.0
12665,6013,671,2,220.0,440.0
12666,6014,190,1,550.0,550.0
12667,6015,641,1,300.0,300.0
12668,6017,432,2,540.0,1080.0
12669,6017,432,2,540.0,1080.0
12670,6017,288,1,180.0,180.0
12671,6018,414,1,100.0,100.0
12672,6018,34,1,310.0,310.0
12673,6020,343,1,680.0,680.0
12674,6022,208,1,60.0,60.0
12675,6023,403,3,120.0,360.0
12676,6024,404,1,60.0,60.0
12677,6024,143,3,280.0,840.0
12678,6024,332,2,180.0,360.0
12679,6025,508,2,340.0,680.0
12680,6025,508,1,340.0,340.0
12681,6026,648,2,200.0,400.0
12682,6027,706,2,280.0,560.0
12683,6028,109,1,230.0,230.0
12684,6028,9,2,280.0,560.0
12685,6029,215,1,210.0,210.0
12686,6029,529,2,60.0,120.0
12687,6030,668,3,110.0,330.0
12688,6030,634,1,120.0,120.0
12689,6030,692,2,230.0,460.0
12690,6030,93,1,710.0,710.0
12691,6030,93,1,710.0,710.0
12692,6031,671,1,220.0,220.0
12693,6031,45,1,280.0,280.0
12694,6031,404,2,60.0,120.0
12695,6032,19,1,110.0,110.0
12696,6032,609,2,60.0,120.0
12697,6034,415,1,70.0,70.0
12698,6034,481,1,50.0,50.0
12699,6034,415,2,70.0,140.0
12700,6035,88,1,310.0,310.0
12701,6035,234,1,130.0,130.0
12702,6036,576,1,120.0,120.0
12703,6036,684,1,140.0,140.0
12704,6036,389,1,70.0,70.0
12705,6037,593,1,180.0,180.0
12706,6037,383,1,200.0,200.0
12707,6038,232,1,280.0,280.0
12708,6038,302,1,210.0,210.0
12709,6038,414,2,100.0,200.0
12710,6038,232,1,280.0,280.0
12711,6039,318,3,90.0,270.0
12712,6039,549,3,240.0,720.0
12713,6039,448,1,110.0,110.0
12714,6041,581,2,130.0,260.0
12715,6041,698,1,210.0,210.0
12716,6041,698,2,210.0,420.0
12717,6042,54,3,510.0,1530.0
12718,6043,432,1,540.0,540.0
12719,6043,288,1,180.0,180.0
12720,6043,54,1,510.0,510.0
12721,6044,98,1,270.0,270.0
12722,6044,520,3,60.0,180.0
12723,6044,535,1,250.0,250.0
12724,6045,665,1,120.0,120.0
12725,6046,447,2,110.0,220.0
12726,6046,136,3,530.0,1590.0
12727,6047,64,2,140.0,280.0
12728,6047,64,1,140.0,140.0
12729,6047,46,1,200.0,200.0
12730,6047,193,1,150.0,150.0
12731,6048,600,1,170.0,170.0
12732,6049,180,3,190.0,570.0
12733,6049,539,3,90.0,270.0
12734,6049,23,2,310.0,620.0
12735,6049,220,2,190.0,380.0
12736,6049,23,1,310.0,310.0
12737,6050,552,1,170.0,170.0
12738,6051,96,1,210.0,210.0
12739,6052,266,1,320.0,320.0
12740,6052,266,1,320.0,320.0
12741,6053,380,1,310.0,310.0
12742,6054,155,1,50.0,50.0
12743,6054,28,2,210.0,420.0
12744,6054,5,2,80.0,160.0
12745,6054,658,1,60.0,60.0
12746,6054,28,1,210.0,210.0
12747,6055,443,3,180.0,540.0
12748,6055,443,2,180.0,360.0
12749,6055,443,1,180.0,180.0
12750,6056,421,1,160.0,160.0
12751,6056,576,2,120.0,240.0
12752,6057,432,2,540.0,1080.0
12753,6059,634,2,120.0,240.0
12754,6059,634,2,120.0,240.0
12755,6059,692,2,230.0,460.0
12756,6061,104,2,240.0,480.0
12757,6061,373,1,260.0,260.0
12758,6061,21,1,640.0,640.0
12759,6061,21,2,640.0,1280.0
12760,6062,338,2,210.0,420.0
12761,6062,443,2,180.0,360.0
12762,6063,685,2,40.0,80.0
12763,6063,321,1,310.0,310.0
12764,6064,118,2,170.0,340.0
12765,6064,258,1,270.0,270.0
12766,6064,208,2,60.0,120.0
12767,6065,12,1,60.0,60.0
12768,6065,489,1,140.0,140.0
12769,6066,609,1,60.0,60.0
12770,6066,733,1,320.0,320.0
12771,6066,461,3,300.0,900.0
12772,6067,738,1,110.0,110.0
12773,6067,543,1,260.0,260.0
12774,6067,543,1,260.0,260.0
12775,6068,192,1,270.0,270.0
12776,6068,626,1,260.0,260.0
12777,6069,370,1,130.0,130.0
12778,6069,205,2,50.0,100.0
12779,6069,18,2,110.0,220.0
12780,6070,382,2,40.0,80.0
12781,6070,444,1,110.0,110.0
12782,6071,13,2,40.0,80.0
12783,6071,13,1,40.0,40.0
12784,6073,13,3,40.0,120.0
12785,6074,520,1,60.0,60.0
12786,6074,520,2,60.0,120.0
12787,6074,659,1,170.0,170.0
12788,6074,535,1,250.0,250.0
12789,6075,272,1,200.0,200.0
12790,6075,124,2,220.0,440.0
12791,6075,572,3,300.0,900.0
12792,6076,183,1,260.0,260.0
12793,6076,475,3,100.0,300.0
12794,6078,373,2,260.0,520.0
12795,6078,21,2,640.0,1280.0
12796,6079,619,3,60.0,180.0
12797,6079,619,1,60.0,60.0
12798,6080,625,1,210.0,210.0
12799,6080,61,1,100.0,100.0
12800,6080,61,3,100.0,300.0
12801,6080,732,1,120.0,120.0
12802,6081,186,2,250.0,500.0
12803,6081,186,2,250.0,500.0
12804,6082,164,1,90.0,90.0
12805,6083,257,1,270.0,270.0
12806,6083,668,1,110.0,110.0
12807,6083,257,3,270.0,810.0
12808,6084,187,1,130.0,130.0
12809,6085,405,3,220.0,660.0
12810,6086,47,2,40.0,80.0
12811,6086,308,1,340.0,340.0
12812,6086,596,1,300.0,300.0
12813,6087,642,1,260.0,260.0
12814,6088,641,1,300.0,300.0
12815,6089,723,1,50.0,50.0
12816,6089,37,1,100.0,100.0
12817,6090,108,2,230.0,460.0
12818,6092,734,1,90.0,90.0
12819,6092,120,2,60.0,120.0
12820,6092,120,1,60.0,60.0
12821,6092,734,1,90.0,90.0
12822,6092,57,1,230.0,230.0
12823,6093,731,2,280.0,560.0
12824,6093,141,1,190.0,190.0
12825,6093,324,2,30.0,60.0
12826,6094,728,3,370.0,1110.0
12827,6094,151,1,120.0,120.0
12828,6094,22,1,80.0,80.0
12829,6096,559,1,200.0,200.0
12830,6096,559,1,200.0,200.0
12831,6097,689,1,60.0,60.0
12832,6098,91,1,270.0,270.0
12833,6098,480,1,510.0,510.0
12834,6098,91,3,270.0,810.0
12835,6098,500,1,100.0,100.0
12836,6099,500,1,100.0,100.0
12837,6100,614,2,190.0,380.0
12838,6100,620,2,60.0,120.0
12839,6100,286,2,340.0,680.0
12840,6100,620,2,60.0,120.0
12841,6101,65,1,330.0,330.0
12842,6102,709,3,190.0,570.0
12843,6102,747,3,180.0,540.0
12844,6103,687,2,90.0,180.0
12845,6103,687,3,90.0,270.0
12846,6103,724,1,270.0,270.0
12847,6103,113,2,430.0,860.0
12848,6104,330,1,110.0,110.0
12849,6104,213,3,280.0,840.0
12850,6104,213,1,280.0,280.0
12851,6105,117,1,40.0,40.0
12852,6105,9,3,280.0,840.0
12853,6107,312,2,180.0,360.0
12854,6108,543,1,260.0,260.0
12855,6108,261,1,60.0,60.0
12856,6108,261,2,60.0,120.0
12857,6108,212,2,100.0,200.0
12858,6109,719,3,50.0,150.0
12859,6109,136,3,530.0,1590.0
12860,6109,447,3,110.0,330.0
12861,6109,342,1,190.0,190.0
12862,6110,659,2,170.0,340.0
12863,6111,456,1,320.0,320.0
12864,6111,482,1,660.0,660.0
12865,6111,456,1,320.0,320.0
12866,6111,456,2,320.0,640.0
12867,6111,200,1,660.0,660.0
12868,6112,73,1,70.0,70.0
12869,6113,698,1,210.0,210.0
12870,6115,620,3,60.0,180.0
12871,6115,71,1,250.0,250.0
12872,6115,620,3,60.0,180.0
12873,6116,61,1,100.0,100.0
12874,6116,732,2,120.0,240.0
12875,6117,228,2,280.0,560.0
12876,6117,637,1,200.0,200.0
12877,6117,228,3,280.0,840.0
12878,6117,228,3,280.0,840.0
12879,6118,715,1,230.0,230.0
12880,6118,584,3,50.0,150.0
12881,6119,393,2,80.0,160.0
12882,6119,393,1,80.0,80.0
12883,6120,278,1,310.0,310.0
12884,6120,476,2,60.0,120.0
12885,6121,281,1,160.0,160.0
12886,6121,126,1,510.0,510.0
12887,6121,126,2,510.0,1020.0
12888,6122,184,1,500.0,500.0
12889,6122,221,1,110.0,110.0
12890,6122,717,2,60.0,120.0
12891,6123,532,2,130.0,260.0
12892,6123,708,3,480.0,1440.0
12893,6124,312,2,180.0,360.0
12894,6124,453,1,170.0,170.0
12895,6124,190,1,550.0,550.0
12896,6124,453,1,170.0,170.0
12897,6124,453,1,170.0,170.0
12898,6125,597,1,100.0,100.0
12899,6126,111,1,190.0,190.0
12900,6126,111,2,190.0,380.0
12901,6127,290,1,200.0,200.0
12902,6127,290,1,200.0,200.0
12903,6128,443,1,180.0,180.0
12904,6128,65,1,330.0,330.0
12905,6128,443,1,180.0,180.0
12906,6130,620,1,60.0,60.0
12907,6130,620,1,60.0,60.0
12908,6131,142,2,260.0,520.0
12909,6131,470,1,320.0,320.0
12910,6131,142,1,260.0,260.0
12911,6131,721,2,140.0,280.0
12912,6131,470,1,320.0,320.0
12913,6133,640,1,40.0,40.0
12914,6133,473,1,80.0,80.0
12915,6133,83,1,170.0,170.0
12916,6133,623,1,170.0,170.0
12917,6133,473,2,80.0,160.0
12918,6135,15,1,670.0,670.0
12919,6135,388,3,60.0,180.0
12920,6136,412,2,180.0,360.0
12921,6137,738,1,110.0,110.0
12922,6138,95,3,90.0,270.0
12923,6138,48,1,180.0,180.0
12924,6140,258,2,270.0,540.0
12925,6141,337,1,290.0,290.0
12926,6141,131,3,310.0,930.0
12927,6141,483,1,130.0,130.0
12928,6144,309,2,60.0,120.0
12929,6146,298,2,40.0,80.0
12930,6146,597,1,100.0,100.0
12931,6146,597,2,100.0,200.0
12932,6146,298,1,40.0,40.0
12933,6146,521,1,330.0,330.0
12934,6147,587,1,240.0,240.0
12935,6147,495,2,180.0,360.0
12936,6148,726,1,310.0,310.0
12937,6150,281,1,160.0,160.0
12938,6150,126,1,510.0,510.0
12939,6150,126,1,510.0,510.0
12940,6151,745,1,90.0,90.0
12941,6152,130,2,300.0,600.0
12942,6153,690,1,70.0,70.0
12943,6153,46,2,200.0,400.0
12944,6153,64,1,140.0,140.0
12945,6154,494,1,50.0,50.0
12946,6155,381,2,560.0,1120.0
12947,6156,440,2,150.0,300.0
12948,6156,266,3,320.0,960.0
12949,6156,319,1,180.0,180.0
12950,6157,128,3,140.0,420.0
12951,6157,166,1,590.0,590.0
12952,6157,407,3,250.0,750.0
12953,6158,169,2,310.0,620.0
12954,6158,722,2,140.0,280.0
12955,6159,634,1,120.0,120.0
12956,6159,692,1,230.0,230.0
12957,6160,385,1,90.0,90.0
12958,6160,210,1,50.0,50.0
12959,6160,305,1,160.0,160.0
12960,6160,586,1,340.0,340.0
12961,6161,544,1,40.0,40.0
12962,6161,413,2,170.0,340.0
12963,6162,713,2,330.0,660.0
12964,6162,713,1,330.0,330.0
12965,6162,531,1,50.0,50.0
12966,6163,566,1,70.0,70.0
12967,6164,476,2,60.0,120.0
12968,6164,36,1,80.0,80.0
12969,6165,711,3,110.0,330.0
12970,6165,636,1,50.0,50.0
12971,6166,524,1,180.0,180.0
12972,6166,682,2,80.0,160.0
12973,6166,246,2,190.0,380.0
12974,6167,738,1,110.0,110.0
12975,6167,543,1,260.0,260.0
12976,6168,401,1,230.0,230.0
12977,6168,666,1,100.0,100.0
12978,6169,552,1,170.0,170.0
12979,6169,516,1,100.0,100.0
12980,6169,516,1,100.0,100.0
12981,6169,606,1,40.0,40.0
12982,6170,632,2,340.0,680.0
12983,6170,375,1,310.0,310.0
12984,6170,440,3,150.0,450.0
12985,6171,598,1,440.0,440.0
12986,6171,610,1,220.0,220.0
12987,6171,598,1,440.0,440.0
12988,6171,610,1,220.0,220.0
12989,6172,431,1,210.0,210.0
12990,6173,549,1,240.0,240.0
12991,6174,309,1,60.0,60.0
12992,6174,658,1,60.0,60.0
12993,6174,309,1,60.0,60.0
12994,6175,191,1,140.0,140.0
12995,6175,52,3,330.0,990.0
12996,6176,637,1,200.0,200.0
12997,6176,228,1,280.0,280.0
12998,6178,95,1,90.0,90.0
12999,6179,305,1,160.0,160.0
13000,6179,197,2,60.0,120.0
13001,6180,699,2,320.0,640.0
13002,6180,112,1,580.0,580.0
13003,6182,315,1,60.0,60.0
13004,6183,599,1,100.0,100.0
13005,6184,737,1,480.0,480.0
13006,6185,196,1,340.0,340.0
13007,6185,273,2,200.0,400.0
13008,6185,388,1,60.0,60.0
13009,6186,212,1,100.0,100.0
13010,6186,476,3,60.0,180.0
13011,6186,212,1,100.0,100.0
13012,6187,117,2,40.0,80.0
13013,6187,109,2,230.0,460.0
13014,6188,297,2,300.0,600.0
13015,6188,12,3,60.0,180.0
13016,6189,83,2,170.0,340.0
13017,6190,368,1,320.0,320.0
13018,6190,119,1,210.0,210.0
13019,6191,602,1,580.0,580.0
13020,6192,189,2,170.0,340.0
13021,6192,727,1,250.0,250.0
13022,6192,155,1,50.0,50.0
13023,6192,658,3,60.0,180.0
13024,6193,555,1,250.0,250.0
13025,6194,361,1,60.0,60.0
13026,6195,307,1,270.0,270.0
13027,6195,24,1,50.0,50.0
13028,6195,701,3,260.0,780.0
13029,6195,701,1,260.0,260.0
13030,6196,673,1,230.0,230.0
13031,6196,126,2,510.0,1020.0
13032,6196,673,2,230.0,460.0
13033,6197,328,2,230.0,460.0
13034,6197,328,2,230.0,460.0
13035,6198,35,1,310.0,310.0
13036,6198,216,1,320.0,320.0
13037,6199,641,1,300.0,300.0
13038,6200,347,3,180.0,540.0
13039,6200,710,1,210.0,210.0
13040,6201,465,2,90.0,180.0
13041,6201,467,1,200.0,200.0
13042,6201,467,1,200.0,200.0
13043,6201,550,1,400.0,400.0
13044,6202,80,2,280.0,560.0
13045,6202,451,1,60.0,60.0
13046,6203,323,2,50.0,100.0
13047,6203,90,3,100.0,300.0
13048,6203,698,2,210.0,420.0
13049,6203,90,1,100.0,100.0
13050,6204,641,2,300.0,600.0
13051,6205,47,1,40.0,40.0
13052,6205,241,1,90.0,90.0
13053,6206,650,2,170.0,340.0
13054,6206,646,2,80.0,160.0
13055,6207,106,1,550.0,550.0
13056,6208,268,1,60.0,60.0
13057,6208,750,1,220.0,220.0
13058,6208,268,2,60.0,120.0
13059,6209,530,1,90.0,90.0
13060,6209,341,2,150.0,300.0
13061,6209,341,2,150.0,300.0
13062,6210,307,1,270.0,270.0
13063,6210,139,1,150.0,150.0
13064,6211,1,2,120.0,240.0
13065,6211,296,2,40.0,80.0
13066,6211,455,3,120.0,360.0
13067,6212,136,3,530.0,1590.0
13068,6212,110,1,310.0,310.0
13069,6212,342,2,190.0,380.0
13070,6213,641,2,300.0,600.0
13071,6214,143,1,280.0,280.0
13072,6214,730,1,220.0,220.0
13073,6214,143,2,280.0,560.0
13074,6215,147,2,160.0,320.0
13075,6215,513,1,190.0,190.0
13076,6215,225,1,110.0,110.0
13077,6215,529,1,60.0,60.0
13078,6216,673,3,230.0,690.0
13079,6216,673,1,230.0,230.0
13080,6216,673,1,230.0,230.0
13081,6217,448,1,110.0,110.0
13082,6217,38,3,620.0,1860.0
13083,6218,582,1,200.0,200.0
13084,6218,582,1,200.0,200.0
13085,6218,187,2,130.0,260.0
13086,6219,592,1,340.0,340.0
13087,6220,563,1,130.0,130.0
13088,6220,178,1,60.0,60.0
13089,6220,178,3,60.0,180.0
13090,6221,440,3,150.0,450.0
13091,6222,35,1,310.0,310.0
13092,6222,718,2,150.0,300.0
13093,6223,297,2,300.0,600.0
13094,6223,346,1,650.0,650.0
13095,6224,44,2,290.0,580.0
13096,6225,737,1,480.0,480.0
13097,6225,737,2,480.0,960.0
13098,6226,75,3,230.0,690.0
13099,6227,80,1,280.0,280.0
13100,6227,420,1,270.0,270.0
13101,6227,539,2,90.0,180.0
13102,6228,187,1,130.0,130.0
13103,6228,191,1,140.0,140.0
13104,6228,554,1,240.0,240.0
13105,6229,616,1,190.0,190.0
13106,6229,616,1,190.0,190.0
13107,6229,616,2,190.0,380.0
13108,6230,126,1,510.0,510.0
13109,6230,281,1,160.0,160.0
13110,6231,211,1,350.0,350.0
13111,6232,469,2,100.0,200.0
13112,6233,40,2,160.0,320.0
13113,6234,404,2,60.0,120.0
13114,6235,642,1,260.0,260.0
13115,6235,42,1,110.0,110.0
13116,6235,642,1,260.0,260.0
13117,6236,88,2,310.0,620.0
13118,6236,352,1,40.0,40.0
13119,6236,234,2,130.0,260.0
13120,6239,124,2,220.0,440.0
13121,6239,272,2,200.0,400.0
13122,6239,124,1,220.0,220.0
13123,6239,4,1,50.0,50.0
13124,6240,245,1,290.0,290.0
13125,6240,743,2,90.0,180.0
13126,6241,502,2,350.0,700.0
13127,6241,518,1,340.0,340.0
13128,6241,518,2,340.0,680.0
13129,6242,133,1,210.0,210.0
13130,6242,138,1,120.0,120.0
13131,6242,295,2,50.0,100.0
13132,6243,135,1,610.0,610.0
13133,6243,135,2,610.0,1220.0
13134,6244,522,2,180.0,360.0
13135,6244,553,1,110.0,110.0
13136,6244,542,2,240.0,480.0
13137,6245,274,1,80.0,80.0
13138,6245,639,3,200.0,600.0
13139,6246,73,2,70.0,140.0
13140,6246,392,1,60.0,60.0
13141,6246,562,2,150.0,300.0
13142,6247,195,2,270.0,540.0
13143,6247,533,1,530.0,530.0
13144,6248,323,1,50.0,50.0
13145,6248,590,3,290.0,870.0
13146,6249,480,1,510.0,510.0
13147,6250,503,2,270.0,540.0
13148,6250,545,2,290.0,580.0
13149,6250,503,1,270.0,270.0
13150,6250,258,1,270.0,270.0
13151,6251,399,1,190.0,190.0
13152,6251,399,2,190.0,380.0
13153,6252,2,1,40.0,40.0
13154,6252,2,1,40.0,40.0
13155,6254,549,1,240.0,240.0
13156,6255,359,2,580.0,1160.0
13157,6255,422,1,130.0,130.0
13158,6255,359,1,580.0,580.0
13159,6255,359,3,580.0,1740.0
13160,6256,306,1,190.0,190.0
13161,6256,170,1,60.0,60.0
13162,6257,161,1,180.0,180.0
13163,6258,258,3,270.0,810.0
13164,6258,512,1,50.0,50.0
13165,6259,539,3,90.0,270.0
13166,6259,429,1,220.0,220.0
13167,6259,23,1,310.0,310.0
13168,6259,539,3,90.0,270.0
13169,6259,180,1,190.0,190.0
13170,6260,423,1,40.0,40.0
13171,6260,654,3,180.0,540.0
13172,6261,208,2,60.0,120.0
13173,6261,118,1,170.0,170.0
13174,6261,512,2,50.0,100.0
13175,6261,545,2,290.0,580.0
13176,6262,338,1,210.0,210.0
13177,6262,443,1,180.0,180.0
13178,6264,323,1,50.0,50.0
13179,6264,581,2,130.0,260.0
13180,6267,209,1,50.0,50.0
13181,6267,514,2,150.0,300.0
13182,6267,262,1,80.0,80.0
13183,6267,514,1,150.0,150.0
13184,6268,93,3,710.0,2130.0
13185,6268,257,2,270.0,540.0
13186,6268,93,1,710.0,710.0
13187,6270,128,3,140.0,420.0
13188,6270,128,1,140.0,140.0
13189,6270,75,1,230.0,230.0
13190,6272,631,1,300.0,300.0
13191,6273,743,1,90.0,90.0
13192,6274,685,1,40.0,40.0
13193,6274,237,2,350.0,700.0
13194,6274,574,1,130.0,130.0
13195,6275,258,2,270.0,540.0
13196,6276,454,1,160.0,160.0
13197,6276,707,1,180.0,180.0
13198,6276,168,1,60.0,60.0
13199,6277,345,1,330.0,330.0
13200,6277,600,2,170.0,340.0
13201,6277,510,1,110.0,110.0
13202,6277,720,1,360.0,360.0
13203,6277,600,2,170.0,340.0
13204,6279,276,3,200.0,600.0
13205,6280,45,1,280.0,280.0
13206,6281,382,3,40.0,120.0
13207,6281,382,1,40.0,40.0
13208,6281,382,1,40.0,40.0
13209,6282,303,1,110.0,110.0
13210,6283,326,1,110.0,110.0
13211,6283,168,1,60.0,60.0
13212,6284,547,2,100.0,200.0
13213,6284,475,1,100.0,100.0
13214,6285,269,2,620.0,1240.0
13215,6287,45,1,280.0,280.0
13216,6288,601,2,230.0,460.0
13217,6288,601,1,230.0,230.0
13218,6288,523,2,200.0,400.0
13219,6289,355,1,100.0,100.0
13220,6289,355,2,100.0,200.0
13221,6290,604,2,60.0,120.0
13222,6290,485,1,170.0,170.0
13223,6290,507,1,190.0,190.0
13224,6291,396,3,90.0,270.0
13225,6292,646,1,80.0,80.0
13226,6292,569,2,210.0,420.0
13227,6292,650,1,170.0,170.0
13228,6293,183,1,260.0,260.0
13229,6293,475,2,100.0,200.0
13230,6293,183,3,260.0,780.0
13231,6293,183,1,260.0,260.0
13232,6293,175,3,310.0,930.0
13233,6294,197,2,60.0,120.0
13234,6294,301,1,40.0,40.0
13235,6295,203,1,190.0,190.0
13236,6295,710,1,210.0,210.0
13237,6296,148,1,270.0,270.0
13238,6296,148,2,270.0,540.0
13239,6296,376,1,70.0,70.0
13240,6296,652,1,100.0,100.0
13241,6297,483,1,130.0,130.0
13242,6298,419,2,270.0,540.0
13243,6298,547,3,100.0,300.0
13244,6298,737,1,480.0,480.0
13245,6299,88,2,310.0,620.0
13246,6300,380,3,310.0,930.0
13247,6300,380,1,310.0,310.0
13248,6300,745,1,90.0,90.0
13249,6302,158,1,270.0,270.0
13250,6302,218,1,160.0,160.0
13251,6302,140,3,260.0,780.0
13252,6302,158,2,270.0,540.0
13253,6302,140,1,260.0,260.0
13254,6304,182,1,90.0,90.0
13255,6304,382,1,40.0,40.0
13256,6305,581,1,130.0,130.0
13257,6305,581,2,130.0,260.0
13258,6307,364,2,190.0,380.0
13259,6307,694,1,310.0,310.0
13260,6308,699,2,320.0,640.0
13261,6308,628,2,450.0,900.0
13262,6309,528,1,160.0,160.0
13263,6310,103,2,500.0,1000.0
13264,6311,40,2,160.0,320.0
13265,6312,602,1,580.0,580.0
13266,6312,17,2,330.0,660.0
13267,6312,409,1,200.0,200.0
13268,6313,702,2,90.0,180.0
13269,6313,672,2,260.0,520.0
13270,6313,702,2,90.0,180.0
13271,6313,428,2,240.0,480.0
13272,6314,415,1,70.0,70.0
13273,6315,15,1,670.0,670.0
13274,6316,583,1,140.0,140.0
13275,6317,204,2,280.0,560.0
13276,6319,641,2,300.0,600.0
13277,6320,75,2,230.0,460.0
13278,6321,393,2,80.0,160.0
13279,6321,567,2,140.0,280.0
13280,6321,750,2,220.0,440.0
13281,6322,750,1,220.0,220.0
13282,6322,268,2,60.0,120.0
13283,6323,537,3,90.0,270.0
13284,6323,688,1,180.0,180.0
13285,6324,28,2,210.0,420.0
13286,6324,155,2,50.0,100.0
13287,6324,309,1,60.0,60.0
13288,6325,63,3,680.0,2040.0
13289,6325,438,3,300.0,900.0
13290,6325,438,1,300.0,300.0
13291,6326,284,2,70.0,140.0
13292,6326,134,1,200.0,200.0
13293,6326,555,1,250.0,250.0
13294,6327,363,2,670.0,1340.0
13295,6327,424,1,90.0,90.0
13296,6327,363,1,670.0,670.0
13297,6328,166,1,590.0,590.0
13298,6328,331,1,450.0,450.0
13299,6328,331,1,450.0,450.0
13300,6328,407,3,250.0,750.0
13301,6328,331,1,450.0,450.0
13302,6329,98,2,270.0,540.0
13303,6329,520,1,60.0,60.0
13304,6330,192,1,270.0,270.0
13305,6330,223,1,270.0,270.0
13306,6330,223,1,270.0,270.0
13307,6331,627,1,300.0,300.0
13308,6331,211,1,350.0,350.0
13309,6331,174,1,110.0,110.0
13310,6332,396,1,90.0,90.0
13311,6332,677,1,40.0,40.0
13312,6333,631,1,300.0,300.0
13313,6333,725,1,90.0,90.0
13314,6333,145,2,320.0,640.0
13315,6333,435,1,70.0,70.0
13316,6333,240,2,200.0,400.0
13317,6334,314,1,320.0,320.0
13318,6334,74,1,70.0,70.0
13319,6334,314,2,320.0,640.0
13320,6335,682,1,80.0,80.0
13321,6335,524,3,180.0,540.0
13322,6335,565,2,460.0,920.0
13323,6336,119,1,210.0,210.0
13324,6337,245,2,290.0,580.0
13325,6337,415,1,70.0,70.0
13326,6337,743,3,90.0,270.0
13327,6337,415,1,70.0,70.0
13328,6338,326,1,110.0,110.0
13329,6338,707,1,180.0,180.0
13330,6338,707,1,180.0,180.0
13331,6339,621,2,140.0,280.0
13332,6340,204,3,280.0,840.0
13333,6340,204,1,280.0,280.0
13334,6341,588,1,640.0,640.0
13335,6341,617,1,210.0,210.0
13336,6342,639,1,200.0,200.0
13337,6342,531,2,50.0,100.0
13338,6342,639,1,200.0,200.0
13339,6343,488,2,180.0,360.0
13340,6343,417,1,60.0,60.0
13341,6345,111,2,190.0,380.0
13342,6345,199,2,300.0,600.0
13343,6345,514,2,150.0,300.0
13344,6346,444,1,110.0,110.0
13345,6346,382,1,40.0,40.0
13346,6346,182,1,90.0,90.0
13347,6347,239,1,240.0,240.0
13348,6347,33,2,60.0,120.0
13349,6347,282,3,100.0,300.0
13350,6349,299,1,70.0,70.0
13351,6350,108,2,230.0,460.0
13352,6351,77,1,180.0,180.0
13353,6351,195,2,270.0,540.0
13354,6352,647,2,180.0,360.0
13355,6353,636,1,50.0,50.0
13356,6353,711,1,110.0,110.0
13357,6354,476,1,60.0,60.0
13358,6354,261,1,60.0,60.0
13359,6354,36,1,80.0,80.0
13360,6354,738,2,110.0,220.0
13361,6355,164,1,90.0,90.0
13362,6355,127,2,250.0,500.0
13363,6356,28,3,210.0,630.0
13364,6356,727,2,250.0,500.0
13365,6356,28,1,210.0,210.0
13366,6357,445,1,530.0,530.0
13367,6358,357,2,300.0,600.0
13368,6358,149,1,160.0,160.0
13369,6358,411,1,240.0,240.0
13370,6359,480,1,510.0,510.0
13371,6359,361,1,60.0,60.0
13372,6360,328,2,230.0,460.0
13373,6361,491,1,510.0,510.0
13374,6363,521,1,330.0,330.0
13375,6363,521,1,330.0,330.0
13376,6363,298,2,40.0,80.0
13377,6364,750,1,220.0,220.0
13378,6364,750,2,220.0,440.0
13379,6365,500,1,100.0,100.0
13380,6365,361,1,60.0,60.0
13381,6366,688,1,180.0,180.0
13382,6367,164,1,90.0,90.0
13383,6367,127,2,250.0,500.0
13384,6368,459,1,120.0,120.0
13385,6369,619,1,60.0,60.0
13386,6369,351,1,60.0,60.0
13387,6370,194,2,670.0,1340.0
13388,6370,201,1,100.0,100.0
13389,6370,716,1,290.0,290.0
13390,6370,716,1,290.0,290.0
13391,6370,119,1,210.0,210.0
13392,6371,496,1,220.0,220.0
13393,6371,496,1,220.0,220.0
13394,6372,12,1,60.0,60.0
13395,6372,638,1,300.0,300.0
13396,6372,605,2,320.0,640.0
13397,6372,605,1,320.0,320.0
13398,6374,2,2,40.0,80.0
13399,6374,352,1,40.0,40.0
13400,6375,83,2,170.0,340.0
13401,6375,492,2,350.0,700.0
13402,6376,195,2,270.0,540.0
13403,6377,591,3,360.0,1080.0
13404,6377,421,1,160.0,160.0
13405,6379,408,1,120.0,120.0
13406,6379,706,1,280.0,280.0
13407,6381,648,2,200.0,400.0
13408,6382,417,1,60.0,60.0
13409,6382,488,1,180.0,180.0
13410,6383,619,1,60.0,60.0
13411,6385,599,1,100.0,100.0
13412,6385,44,2,290.0,580.0
13413,6385,161,1,180.0,180.0
13414,6385,340,1,60.0,60.0
13415,6387,212,1,100.0,100.0
13416,6387,212,1,100.0,100.0
13417,6388,9,1,280.0,280.0
13418,6389,591,1,360.0,360.0
13419,6389,325,1,190.0,190.0
13420,6389,591,2,360.0,720.0
13421,6389,684,3,140.0,420.0
13422,6390,191,1,140.0,140.0
13423,6391,89,1,270.0,270.0
13424,6391,89,1,270.0,270.0
13425,6391,264,1,120.0,120.0
13426,6391,272,1,200.0,200.0
13427,6392,375,1,310.0,310.0
13428,6393,99,1,560.0,560.0
13429,6393,462,1,110.0,110.0
13430,6393,418,1,50.0,50.0
13431,6394,210,2,50.0,100.0
13432,6394,305,2,160.0,320.0
13433,6395,428,1,240.0,240.0
13434,6395,672,1,260.0,260.0
13435,6395,432,2,540.0,1080.0
13436,6396,263,1,180.0,180.0
13437,6396,275,1,170.0,170.0
13438,6397,65,1,330.0,330.0
13439,6397,443,1,180.0,180.0
13440,6398,190,3,550.0,1650.0
13441,6399,405,1,220.0,220.0
13442,6400,508,1,340.0,340.0
13443,6401,226,2,190.0,380.0
13444,6402,710,2,210.0,420.0
13445,6402,710,1,210.0,210.0
13446,6402,203,1,190.0,190.0
13447,6404,414,1,100.0,100.0
13448,6404,102,1,300.0,300.0
13449,6405,639,2,200.0,400.0
13450,6406,208,2,60.0,120.0
13451,6406,208,3,60.0,180.0
13452,6406,208,1,60.0,60.0
13453,6406,512,1,50.0,50.0
13454,6407,727,2,250.0,500.0
13455,6408,619,2,60.0,120.0
13456,6408,619,3,60.0,180.0
13457,6409,550,2,400.0,800.0
13458,6409,403,2,120.0,240.0
13459,6410,8,1,460.0,460.0
13460,6411,371,1,80.0,80.0
13461,6411,371,1,80.0,80.0
13462,6413,74,2,70.0,140.0
13463,6414,647,1,180.0,180.0
13464,6415,299,1,70.0,70.0
13465,6416,475,1,100.0,100.0
13466,6416,183,2,260.0,520.0
13467,6416,254,1,110.0,110.0
13468,6417,51,3,50.0,150.0
13469,6417,354,2,320.0,640.0
13470,6418,664,1,110.0,110.0
13471,6418,588,3,640.0,1920.0
13472,6419,303,1,110.0,110.0
13473,6419,274,1,80.0,80.0
13474,6419,531,1,50.0,50.0
13475,6419,274,1,80.0,80.0
13476,6419,274,1,80.0,80.0
13477,6420,671,1,220.0,220.0
13478,6420,404,1,60.0,60.0
13479,6421,233,2,160.0,320.0
13480,6421,706,2,280.0,560.0
13481,6421,408,2,120.0,240.0
13482,6421,706,1,280.0,280.0
13483,6422,616,2,190.0,380.0
13484,6422,616,3,190.0,570.0
13485,6423,239,2,240.0,480.0
13486,6423,239,2,240.0,480.0
13487,6424,480,2,510.0,1020.0
13488,6425,676,3,220.0,660.0
13489,6425,457,1,170.0,170.0
13490,6426,128,2,140.0,280.0
13491,6426,407,1,250.0,250.0
13492,6426,331,1,450.0,450.0
13493,6427,2,2,40.0,80.0
13494,6427,88,1,310.0,310.0
13495,6427,234,2,130.0,260.0
13496,6428,299,1,70.0,70.0
13497,6428,285,1,270.0,270.0
13498,6428,700,1,50.0,50.0
13499,6429,368,2,320.0,640.0
13500,6429,678,1,180.0,180.0
13501,6430,551,1,120.0,120.0
13502,6430,263,1,180.0,180.0
13503,6431,725,1,90.0,90.0
13504,6433,92,2,120.0,240.0
13505,6433,228,1,280.0,280.0
13506,6433,484,1,130.0,130.0
13507,6433,515,1,100.0,100.0
13508,6434,668,3,110.0,330.0
13509,6434,692,3,230.0,690.0
13510,6435,716,2,290.0,580.0
13511,6436,490,1,50.0,50.0
13512,6436,633,1,170.0,170.0
13513,6436,587,3,240.0,720.0
13514,6436,490,1,50.0,50.0
13515,6436,66,1,220.0,220.0
13516,6437,234,1,130.0,130.0
13517,6438,500,3,100.0,300.0
13518,6438,500,2,100.0,200.0
13519,6439,682,1,80.0,80.0
13520,6439,524,2,180.0,360.0
13521,6439,653,1,140.0,140.0
13522,6440,641,2,300.0,600.0
13523,6441,725,3,90.0,270.0
13524,6441,617,1,210.0,210.0
13525,6441,273,2,200.0,400.0
13526,6442,384,1,350.0,350.0
13527,6443,130,2,300.0,600.0
13528,6444,594,1,330.0,330.0
13529,6444,594,3,330.0,990.0
13530,6445,56,2,260.0,520.0
13531,6445,612,2,290.0,580.0
13532,6446,590,1,290.0,290.0
13533,6446,590,1,290.0,290.0
13534,6446,90,2,100.0,200.0
13535,6446,581,1,130.0,130.0
13536,6447,164,1,90.0,90.0
13537,6447,127,1,250.0,250.0
13538,6448,112,1,580.0,580.0
13539,6448,628,2,450.0,900.0
13540,6448,541,2,300.0,600.0
13541,6449,183,1,260.0,260.0
13542,6450,692,1,230.0,230.0
13543,6451,638,2,300.0,600.0
13544,6452,255,2,70.0,140.0
13545,6453,238,2,210.0,420.0
13546,6453,594,1,330.0,330.0
13547,6453,82,1,70.0,70.0
13548,6453,238,1,210.0,210.0
13549,6453,530,2,90.0,180.0
13550,6454,205,1,50.0,50.0
13551,6454,205,1,50.0,50.0
13552,6455,583,3,140.0,420.0
13553,6456,182,2,90.0,180.0
13554,6456,444,2,110.0,220.0
13555,6457,86,1,70.0,70.0
13556,6457,441,2,190.0,380.0
13557,6458,336,1,110.0,110.0
13558,6458,336,1,110.0,110.0
13559,6458,336,1,110.0,110.0
13560,6458,3,2,100.0,200.0
13561,6459,447,1,110.0,110.0
13562,6459,136,2,530.0,1060.0
13563,6460,351,1,60.0,60.0
13564,6460,619,1,60.0,60.0
13565,6460,619,1,60.0,60.0
13566,6461,329,2,110.0,220.0
13567,6461,56,1,260.0,260.0
13568,6461,81,2,280.0,560.0
13569,6461,56,1,260.0,260.0
13570,6462,549,1,240.0,240.0
13571,6462,318,1,90.0,90.0
13572,6463,510,1,110.0,110.0
13573,6464,744,1,270.0,270.0
13574,6464,718,2,150.0,300.0
13575,6464,35,2,310.0,620.0
13576,6464,216,3,320.0,960.0
13577,6465,42,1,110.0,110.0
13578,6465,642,2,260.0,520.0
13579,6465,642,1,260.0,260.0
13580,6466,317,1,310.0,310.0
13581,6466,81,1,280.0,280.0
13582,6467,678,1,180.0,180.0
13583,6467,368,2,320.0,640.0
13584,6468,551,1,120.0,120.0
13585,6468,63,1,680.0,680.0
13586,6468,438,3,300.0,900.0
13587,6468,275,1,170.0,170.0
13588,6470,746,2,60.0,120.0
13589,6472,230,1,120.0,120.0
13590,6472,107,2,150.0,300.0
13591,6472,527,1,100.0,100.0
13592,6472,279,1,70.0,70.0
13593,6473,156,1,660.0,660.0
13594,6474,99,1,560.0,560.0
13595,6474,99,1,560.0,560.0
13596,6475,431,1,210.0,210.0
13597,6475,740,2,350.0,700.0
13598,6475,431,2,210.0,420.0
13599,6476,635,2,560.0,1120.0
13600,6476,684,2,140.0,280.0
13601,6476,152,1,70.0,70.0
13602,6477,148,1,270.0,270.0
13603,6477,399,1,190.0,190.0
13604,6478,374,1,130.0,130.0
13605,6478,378,2,320.0,640.0
13606,6478,167,2,50.0,100.0
13607,6478,474,3,150.0,450.0
13608,6479,741,2,290.0,580.0
13609,6479,741,1,290.0,290.0
13610,6480,215,1,210.0,210.0
13611,6480,450,1,240.0,240.0
13612,6480,147,1,160.0,160.0
13613,6481,727,3,250.0,750.0
13614,6481,155,1,50.0,50.0
13615,6481,681,1,300.0,300.0
13616,6481,681,2,300.0,600.0
13617,6482,267,1,270.0,270.0
13618,6482,372,1,190.0,190.0
13619,6482,442,2,290.0,580.0
13620,6482,741,3,290.0,870.0
13621,6482,267,1,270.0,270.0
13622,6483,141,3,190.0,570.0
13623,6483,749,1,70.0,70.0
13624,6484,240,1,200.0,200.0
13625,6484,725,2,90.0,180.0
13626,6484,588,1,640.0,640.0
13627,6485,281,3,160.0,480.0
13628,6487,88,1,310.0,310.0
13629,6488,164,1,90.0,90.0
13630,6488,164,1,90.0,90.0
13631,6489,46,1,200.0,200.0
13632,6489,519,1,170.0,170.0
13633,6489,349,1,420.0,420.0
13634,6489,589,1,310.0,310.0
13635,6490,284,1,70.0,70.0
13636,6491,200,1,660.0,660.0
13637,6491,163,2,90.0,180.0
13638,6492,446,3,300.0,900.0
13639,6492,49,2,330.0,660.0
13640,6492,348,1,70.0,70.0
13641,6492,344,1,60.0,60.0
13642,6494,691,1,540.0,540.0
13643,6494,434,1,670.0,670.0
13644,6494,142,2,260.0,520.0
13645,6494,691,2,540.0,1080.0
13646,6495,281,1,160.0,160.0
13647,6495,126,3,510.0,1530.0
13648,6495,126,1,510.0,510.0
13649,6496,91,1,270.0,270.0
13650,6496,361,1,60.0,60.0
13651,6496,500,2,100.0,200.0
13652,6497,53,3,200.0,600.0
13653,6497,552,3,170.0,510.0
13654,6497,606,1,40.0,40.0
13655,6498,351,1,60.0,60.0
13656,6498,619,2,60.0,120.0
13657,6500,500,1,100.0,100.0
13658,6500,500,2,100.0,200.0
13659,6500,500,1,100.0,100.0
13660,6501,516,1,100.0,100.0
13661,6501,516,1,100.0,100.0
13662,6501,516,1,100.0,100.0
13663,6501,53,1,200.0,200.0
13664,6502,256,1,250.0,250.0
13665,6502,32,1,290.0,290.0
13666,6503,10,1,90.0,90.0
13667,6503,280,2,330.0,660.0
13668,6504,296,1,40.0,40.0
13669,6504,566,1,70.0,70.0
13670,6504,636,1,50.0,50.0
13671,6506,324,1,30.0,30.0
13672,6507,730,1,220.0,220.0
13673,6507,45,1,280.0,280.0
13674,6508,127,2,250.0,500.0
13675,6508,127,3,250.0,750.0
13676,6509,173,1,220.0,220.0
13677,6510,619,1,60.0,60.0
13678,6510,351,1,60.0,60.0
13679,6510,619,1,60.0,60.0
13680,6511,35,1,310.0,310.0
13681,6511,35,1,310.0,310.0
13682,6511,35,1,310.0,310.0
13683,6511,216,1,320.0,320.0
13684,6512,321,2,310.0,620.0
13685,6512,253,2,50.0,100.0
13686,6512,237,1,350.0,350.0
13687,6512,237,1,350.0,350.0
13688,6514,580,1,40.0,40.0
13689,6514,14,1,120.0,120.0
13690,6515,325,1,190.0,190.0
13691,6515,152,1,70.0,70.0
13692,6515,421,1,160.0,160.0
13693,6516,141,2,190.0,380.0
13694,6517,174,1,110.0,110.0
13695,6517,26,2,300.0,600.0
13696,6517,669,1,700.0,700.0
13697,6518,96,1,210.0,210.0
13698,6518,206,1,60.0,60.0
13699,6519,504,1,390.0,390.0
13700,6519,504,3,390.0,1170.0
13701,6519,597,1,100.0,100.0
13702,6520,106,1,550.0,550.0
13703,6520,106,1,550.0,550.0
13704,6522,330,1,110.0,110.0
13705,6522,330,2,110.0,220.0
13706,6522,330,1,110.0,110.0
13707,6523,545,1,290.0,290.0
13708,6523,477,1,290.0,290.0
13709,6523,118,2,170.0,340.0
13710,6524,115,1,110.0,110.0
13711,6524,167,2,50.0,100.0
13712,6525,344,1,60.0,60.0
13713,6525,280,2,330.0,660.0
13714,6526,558,1,330.0,330.0
13715,6526,726,1,310.0,310.0
13716,6527,442,1,290.0,290.0
13717,6528,571,1,520.0,520.0
13718,6528,59,2,100.0,200.0
13719,6529,381,1,560.0,560.0
13720,6529,569,1,210.0,210.0
13721,6529,569,1,210.0,210.0
13722,6530,536,3,310.0,930.0
13723,6530,250,2,320.0,640.0
13724,6531,128,2,140.0,280.0
13725,6531,75,2,230.0,460.0
13726,6531,407,1,250.0,250.0
13727,6531,75,1,230.0,230.0
13728,6532,218,3,160.0,480.0
13729,6532,158,3,270.0,810.0
13730,6533,509,1,250.0,250.0
13731,6533,509,1,250.0,250.0
13732,6533,235,1,110.0,110.0
13733,6534,572,3,300.0,900.0
13734,6534,272,1,200.0,200.0
13735,6534,693,1,60.0,60.0
13736,6534,579,1,330.0,330.0
13737,6535,530,1,90.0,90.0
13738,6535,238,2,210.0,420.0
13739,6538,285,3,270.0,810.0
13740,6538,285,2,270.0,540.0
13741,6538,299,1,70.0,70.0
13742,6538,11,1,80.0,80.0
13743,6539,489,2,140.0,280.0
13744,6539,489,2,140.0,280.0
13745,6540,529,2,60.0,120.0
13746,6541,49,1,330.0,330.0
13747,6541,280,2,330.0,660.0
13748,6542,660,1,250.0,250.0
13749,6542,6,1,200.0,200.0
13750,6542,108,1,230.0,230.0
13751,6543,571,1,520.0,520.0
13752,6543,59,1,100.0,100.0
13753,6544,156,3,660.0,1980.0
13754,6544,448,2,110.0,220.0
13755,6544,60,1,80.0,80.0
13756,6545,505,2,70.0,140.0
13757,6545,541,1,300.0,300.0
13758,6545,699,1,320.0,320.0
13759,6547,382,2,40.0,80.0
13760,6547,444,1,110.0,110.0
13761,6547,182,1,90.0,90.0
13762,6548,208,1,60.0,60.0
13763,6548,503,1,270.0,270.0
13764,6548,208,1,60.0,60.0
13765,6548,258,1,270.0,270.0
13766,6549,634,1,120.0,120.0
13767,6549,668,1,110.0,110.0
13768,6549,668,1,110.0,110.0
13769,6550,335,2,40.0,80.0
13770,6550,306,1,190.0,190.0
13771,6551,98,1,270.0,270.0
13772,6551,98,1,270.0,270.0
13773,6552,302,2,210.0,420.0
13774,6553,347,1,180.0,180.0
13775,6556,591,1,360.0,360.0
13776,6556,325,1,190.0,190.0
13777,6556,591,2,360.0,720.0
13778,6557,170,1,60.0,60.0
13779,6557,306,1,190.0,190.0
13780,6558,17,1,330.0,330.0
13781,6558,508,2,340.0,680.0
13782,6559,67,2,120.0,240.0
13783,6559,522,1,180.0,180.0
13784,6559,466,1,290.0,290.0
13785,6559,333,2,100.0,200.0
13786,6561,186,1,250.0,250.0
13787,6561,392,2,60.0,120.0
13788,6561,73,1,70.0,70.0
13789,6562,409,3,200.0,600.0
13790,6562,17,1,330.0,330.0
13791,6562,409,1,200.0,200.0
13792,6562,602,1,580.0,580.0
13793,6563,388,2,60.0,120.0
13794,6563,435,3,70.0,210.0
13795,6563,725,1,90.0,90.0
13796,6564,68,1,410.0,410.0
13797,6564,138,2,120.0,240.0
13798,6565,347,2,180.0,360.0
13799,6565,710,1,210.0,210.0
13800,6565,347,1,180.0,180.0
13801,6566,732,1,120.0,120.0
13802,6567,537,1,90.0,90.0
13803,6567,559,2,200.0,400.0
13804,6568,4,1,50.0,50.0
13805,6568,579,1,330.0,330.0
13806,6568,272,2,200.0,400.0
13807,6569,350,1,170.0,170.0
13808,6570,466,2,290.0,580.0
13809,6570,426,1,140.0,140.0
13810,6570,542,2,240.0,480.0
13811,6571,337,2,290.0,580.0
13812,6573,65,1,330.0,330.0
13813,6573,338,3,210.0,630.0
13814,6573,443,1,180.0,180.0
13815,6574,207,1,70.0,70.0
13816,6574,674,1,630.0,630.0
13817,6575,347,1,180.0,180.0
13818,6575,710,1,210.0,210.0
13819,6576,156,1,660.0,660.0
13820,6576,549,2,240.0,480.0
13821,6576,156,1,660.0,660.0
13822,6577,350,1,170.0,170.0
13823,6577,506,1,110.0,110.0
13824,6577,506,1,110.0,110.0
13825,6578,145,1,320.0,320.0
13826,6579,562,1,150.0,150.0
13827,6580,87,2,510.0,1020.0
13828,6581,492,2,350.0,700.0
13829,6582,151,1,120.0,120.0
13830,6582,728,2,370.0,740.0
13831,6583,309,2,60.0,120.0
13832,6583,155,2,50.0,100.0
13833,6583,309,1,60.0,60.0
13834,6584,340,2,60.0,120.0
13835,6584,44,1,290.0,290.0
13836,6584,599,1,100.0,100.0
13837,6584,340,1,60.0,60.0
13838,6585,629,1,290.0,290.0
13839,6585,629,1,290.0,290.0
13840,6585,629,1,290.0,290.0
13841,6586,518,3,340.0,1020.0
13842,6586,518,1,340.0,340.0
13843,6586,55,1,140.0,140.0
13844,6587,302,1,210.0,210.0
13845,6587,414,1,100.0,100.0
13846,6588,612,1,290.0,290.0
13847,6588,411,2,240.0,480.0
13848,6589,707,3,180.0,540.0
13849,6589,326,1,110.0,110.0
13850,6589,645,1,210.0,210.0
13851,6590,544,2,40.0,80.0
13852,6592,486,1,60.0,60.0
13853,6592,80,2,280.0,560.0
13854,6593,181,3,190.0,570.0
13855,6593,644,2,120.0,240.0
13856,6594,535,2,250.0,500.0
13857,6594,98,1,270.0,270.0
13858,6595,701,2,260.0,520.0
13859,6596,479,1,80.0,80.0
13860,6596,359,3,580.0,1740.0
13861,6596,488,1,180.0,180.0
13862,6596,359,1,580.0,580.0
13863,6597,492,1,350.0,350.0
13864,6597,83,1,170.0,170.0
13865,6598,135,3,610.0,1830.0
13866,6599,167,2,50.0,100.0
13867,6599,474,1,150.0,150.0
13868,6599,378,2,320.0,640.0
13869,6599,167,2,50.0,100.0
13870,6599,374,2,130.0,260.0
13871,6600,254,1,110.0,110.0
13872,6600,242,1,70.0,70.0
13873,6600,183,1,260.0,260.0
13874,6601,350,2,170.0,340.0
13875,6602,226,1,190.0,190.0
13876,6603,680,3,240.0,720.0
13877,6603,74,2,70.0,140.0
13878,6604,739,1,290.0,290.0
13879,6604,445,2,530.0,1060.0
13880,6605,577,1,70.0,70.0
13881,6607,343,2,680.0,1360.0
13882,6607,445,2,530.0,1060.0
13883,6608,656,1,120.0,120.0
13884,6608,582,1,200.0,200.0
13885,6608,656,2,120.0,240.0
13886,6609,133,2,210.0,420.0
13887,6609,133,1,210.0,210.0
13888,6609,295,1,50.0,50.0
13889,6609,204,1,280.0,280.0
13890,6610,302,1,210.0,210.0
13891,6610,414,1,100.0,100.0
13892,6611,523,2,200.0,400.0
13893,6611,239,1,240.0,240.0
13894,6611,282,1,100.0,100.0
13895,6611,523,1,200.0,200.0
13896,6612,680,1,240.0,240.0
13897,6612,680,2,240.0,480.0
13898,6614,21,1,640.0,640.0
13899,6615,331,1,450.0,450.0
13900,6615,407,2,250.0,500.0
13901,6616,394,1,250.0,250.0
13902,6616,339,3,550.0,1650.0
13903,6617,465,2,90.0,180.0
13904,6618,209,3,50.0,150.0
13905,6618,271,1,510.0,510.0
13906,6619,241,2,90.0,180.0
13907,6619,62,2,210.0,420.0
13908,6619,43,2,50.0,100.0
13909,6620,503,1,270.0,270.0
13910,6620,503,3,270.0,810.0
13911,6621,234,2,130.0,260.0
13912,6621,352,2,40.0,80.0
13913,6622,232,1,280.0,280.0
13914,6623,173,3,220.0,660.0
13915,6624,234,1,130.0,130.0
13916,6624,234,1,130.0,130.0
13917,6625,290,3,200.0,600.0
13918,6625,59,2,100.0,200.0
13919,6625,290,1,200.0,200.0
13920,6626,535,1,250.0,250.0
13921,6626,520,2,60.0,120.0
13922,6626,98,1,270.0,270.0
13923,6627,645,2,210.0,420.0
13924,6627,645,1,210.0,210.0
13925,6627,454,1,160.0,160.0
13926,6627,679,1,240.0,240.0
13927,6627,679,1,240.0,240.0
13928,6628,123,1,60.0,60.0
13929,6628,94,1,180.0,180.0
13930,6628,357,1,300.0,300.0
13931,6629,658,3,60.0,180.0
13932,6629,309,1,60.0,60.0
13933,6630,477,1,290.0,290.0
13934,6630,208,1,60.0,60.0
13935,6631,639,1,200.0,200.0
13936,6631,713,1,330.0,330.0
13937,6631,639,1,200.0,200.0
13938,6632,61,1,100.0,100.0
13939,6632,732,1,120.0,120.0
13940,6633,118,1,170.0,170.0
13941,6633,477,2,290.0,580.0
13942,6633,477,1,290.0,290.0
13943,6634,561,1,290.0,290.0
13944,6634,241,2,90.0,180.0
13945,6634,596,3,300.0,900.0
13946,6635,362,1,100.0,100.0
13947,6635,362,1,100.0,100.0
13948,6636,373,1,260.0,260.0
13949,6636,21,1,640.0,640.0
13950,6636,21,1,640.0,640.0
13951,6636,534,1,80.0,80.0
13952,6637,368,1,320.0,320.0
13953,6637,201,2,100.0,200.0
13954,6638,434,1,670.0,670.0
13955,6638,691,1,540.0,540.0
13956,6639,381,2,560.0,1120.0
13957,6639,569,1,210.0,210.0
13958,6640,161,3,180.0,540.0
13959,6641,609,2,60.0,120.0
13960,6641,609,2,60.0,120.0
13961,6641,733,1,320.0,320.0
13962,6642,336,1,110.0,110.0
13963,6642,336,2,110.0,220.0
13964,6643,336,2,110.0,220.0
13965,6643,3,1,100.0,100.0
13966,6643,3,3,100.0,300.0
13967,6643,3,1,100.0,100.0
13968,6644,387,2,650.0,1300.0
13969,6645,135,1,610.0,610.0
13970,6646,535,1,250.0,250.0
13971,6646,98,2,270.0,540.0
13972,6646,659,2,170.0,340.0
13973,6646,535,3,250.0,750.0
13974,6647,13,1,40.0,40.0
13975,6647,496,1,220.0,220.0
13976,6648,710,1,210.0,210.0
13977,6649,248,3,280.0,840.0
13978,6649,247,2,190.0,380.0
13979,6649,247,3,190.0,570.0
13980,6649,482,1,660.0,660.0
13981,6649,482,1,660.0,660.0
13982,6650,54,2,510.0,1020.0
13983,6650,288,1,180.0,180.0
13984,6650,432,2,540.0,1080.0
13985,6651,641,1,300.0,300.0
13986,6652,151,1,120.0,120.0
13987,6653,385,2,90.0,180.0
13988,6655,735,1,40.0,40.0
13989,6655,667,3,310.0,930.0
13990,6655,536,1,310.0,310.0
13991,6657,523,1,200.0,200.0
13992,6657,282,3,100.0,300.0
13993,6657,239,1,240.0,240.0
13994,6657,282,2,100.0,200.0
13995,6658,293,1,40.0,40.0
13996,6659,705,1,160.0,160.0
13997,6660,110,1,310.0,310.0
13998,6660,400,1,190.0,190.0
13999,6660,507,3,190.0,570.0
14000,6661,490,1,50.0,50.0
14001,6662,634,1,120.0,120.0
14002,6662,668,1,110.0,110.0
14003,6662,257,3,270.0,810.0
14004,6663,599,2,100.0,200.0
14005,6664,140,1,260.0,260.0
14006,6664,122,2,120.0,240.0
14007,6664,140,2,260.0,520.0
14008,6665,251,1,320.0,320.0
14009,6665,652,1,100.0,100.0
14010,6665,399,1,190.0,190.0
14011,6665,399,2,190.0,380.0
14012,6667,462,2,110.0,220.0
14013,6667,418,1,50.0,50.0
14014,6669,404,1,60.0,60.0
14015,6669,143,1,280.0,280.0
14016,6670,202,2,300.0,600.0
14017,6670,202,1,300.0,300.0
14018,6670,464,1,80.0,80.0
14019,6670,494,3,50.0,150.0
14020,6671,674,2,630.0,1260.0
14021,6671,336,1,110.0,110.0
14022,6672,154,1,310.0,310.0
14023,6672,37,3,100.0,300.0
14024,6673,331,2,450.0,900.0
14025,6673,128,1,140.0,140.0
14026,6674,495,1,180.0,180.0
14027,6674,495,1,180.0,180.0
14028,6674,222,1,60.0,60.0
14029,6675,210,1,50.0,50.0
14030,6675,385,1,90.0,90.0
14031,6676,667,1,310.0,310.0
14032,6677,493,1,190.0,190.0
14033,6678,605,2,320.0,640.0
14034,6678,489,1,140.0,140.0
14035,6680,203,1,190.0,190.0
14036,6681,516,2,100.0,200.0
14037,6683,222,1,60.0,60.0
14038,6683,222,3,60.0,180.0
14039,6683,587,2,240.0,480.0
14040,6684,421,2,160.0,320.0
14041,6685,506,2,110.0,220.0
14042,6685,550,2,400.0,800.0
14043,6686,495,2,180.0,360.0
14044,6686,633,2,170.0,340.0
14045,6687,701,2,260.0,520.0
14046,6687,701,2,260.0,520.0
14047,6687,139,2,150.0,300.0
14048,6687,307,1,270.0,270.0
14049,6687,701,1,260.0,260.0
14050,6688,461,1,300.0,300.0
14051,6688,733,1,320.0,320.0
14052,6688,19,1,110.0,110.0
14053,6689,179,3,160.0,480.0
14054,6690,79,1,660.0,660.0
14055,6690,20,3,90.0,270.0
14056,6690,608,1,70.0,70.0
14057,6691,182,1,90.0,90.0
14058,6691,444,1,110.0,110.0
14059,6692,65,2,330.0,660.0
14060,6693,304,1,50.0,50.0
14061,6693,321,1,310.0,310.0
14062,6693,86,1,70.0,70.0
14063,6693,538,2,240.0,480.0
14064,6693,253,1,50.0,50.0
14065,6694,381,2,560.0,1120.0
14066,6695,39,1,70.0,70.0
14067,6696,415,3,70.0,210.0
14068,6696,481,2,50.0,100.0
14069,6696,245,1,290.0,290.0
14070,6697,78,1,50.0,50.0
14071,6697,667,3,310.0,930.0
14072,6698,692,1,230.0,230.0
14073,6698,634,1,120.0,120.0
14074,6698,93,1,710.0,710.0
14075,6698,634,1,120.0,120.0
14076,6698,692,1,230.0,230.0
14077,6699,336,1,110.0,110.0
14078,6699,3,1,100.0,100.0
14079,6700,571,2,520.0,1040.0
14080,6702,588,1,640.0,640.0
14081,6702,736,1,60.0,60.0
14082,6702,617,1,210.0,210.0
14083,6702,631,1,300.0,300.0
14084,6703,596,3,300.0,900.0
14085,6703,47,1,40.0,40.0
14086,6704,711,1,110.0,110.0
14087,6704,296,1,40.0,40.0
14088,6704,566,1,70.0,70.0
14089,6705,548,3,230.0,690.0
14090,6705,394,2,250.0,500.0
14091,6705,339,1,550.0,550.0
14092,6706,288,2,180.0,360.0
14093,6706,54,2,510.0,1020.0
14094,6706,54,2,510.0,1020.0
14095,6706,288,1,180.0,180.0
14096,6707,137,2,490.0,980.0
14097,6707,369,1,170.0,170.0
14098,6708,326,1,110.0,110.0
14099,6708,454,3,160.0,480.0
14100,6708,168,2,60.0,120.0
14101,6708,621,1,140.0,140.0
14102,6709,643,2,280.0,560.0
14103,6709,109,1,230.0,230.0
14104,6711,43,1,50.0,50.0
14105,6711,144,3,130.0,390.0
14106,6712,626,1,260.0,260.0
14107,6713,296,1,40.0,40.0
14108,6713,1,1,120.0,120.0
14109,6713,1,1,120.0,120.0
14110,6715,551,2,120.0,240.0
14111,6715,63,2,680.0,1360.0
14112,6717,90,2,100.0,200.0
14113,6717,323,1,50.0,50.0
14114,6717,90,1,100.0,100.0
14115,6717,323,3,50.0,150.0
14116,6717,581,3,130.0,390.0
14117,6718,119,1,210.0,210.0
14118,6719,206,1,60.0,60.0
14119,6719,206,1,60.0,60.0
14120,6720,184,2,500.0,1000.0
14121,6720,169,1,310.0,310.0
14122,6720,184,1,500.0,500.0
14123,6720,221,1,110.0,110.0
14124,6721,92,1,120.0,120.0
14125,6721,499,3,310.0,930.0
14126,6723,257,2,270.0,540.0
14127,6723,634,1,120.0,120.0
14128,6723,692,1,230.0,230.0
14129,6723,257,1,270.0,270.0
14130,6725,47,2,40.0,80.0
14131,6725,241,1,90.0,90.0
14132,6726,2,1,40.0,40.0
14133,6726,234,1,130.0,130.0
14134,6726,234,1,130.0,130.0
14135,6727,343,1,680.0,680.0
14136,6727,437,1,130.0,130.0
14137,6728,449,2,210.0,420.0
14138,6729,21,2,640.0,1280.0
14139,6729,373,1,260.0,260.0
14140,6729,373,1,260.0,260.0
14141,6729,373,1,260.0,260.0
14142,6730,351,1,60.0,60.0
14143,6730,351,3,60.0,180.0
14144,6730,528,2,160.0,320.0
14145,6731,716,2,290.0,580.0
14146,6731,678,3,180.0,540.0
14147,6731,368,1,320.0,320.0
14148,6731,201,1,100.0,100.0
14149,6732,183,1,260.0,260.0
14150,6732,737,1,480.0,480.0
14151,6732,475,2,100.0,200.0
14152,6732,737,1,480.0,480.0
14153,6734,541,2,300.0,600.0
14154,6734,505,1,70.0,70.0
14155,6734,505,2,70.0,140.0
14156,6734,699,2,320.0,640.0
14157,6734,541,3,300.0,900.0
14158,6735,332,2,180.0,360.0
14159,6735,671,1,220.0,220.0
14160,6736,542,1,240.0,240.0
14161,6736,426,1,140.0,140.0
14162,6736,67,1,120.0,120.0
14163,6737,130,1,300.0,300.0
14164,6738,334,2,120.0,240.0
14165,6738,219,2,100.0,200.0
14166,6738,580,1,40.0,40.0
14167,6739,393,2,80.0,160.0
14168,6739,268,1,60.0,60.0
14169,6739,268,1,60.0,60.0
14170,6741,293,1,40.0,40.0
14171,6742,117,1,40.0,40.0
14172,6742,9,1,280.0,280.0
14173,6742,117,2,40.0,80.0
14174,6742,109,1,230.0,230.0
14175,6744,328,1,230.0,230.0
14176,6745,190,3,550.0,1650.0
14177,6745,453,2,170.0,340.0
14178,6747,61,2,100.0,200.0
14179,6747,625,3,210.0,630.0
14180,6747,269,1,620.0,620.0
14181,6748,378,3,320.0,960.0
14182,6748,179,1,160.0,160.0
14183,6750,357,1,300.0,300.0
14184,6750,25,2,420.0,840.0
14185,6750,401,1,230.0,230.0
14186,6751,580,1,40.0,40.0
14187,6751,334,1,120.0,120.0
14188,6751,430,1,130.0,130.0
14189,6751,316,3,190.0,570.0
14190,6752,235,3,110.0,330.0
14191,6753,605,2,320.0,640.0
14192,6753,346,1,650.0,650.0
14193,6754,55,2,140.0,280.0
14194,6755,66,2,220.0,440.0
14195,6756,517,3,180.0,540.0
14196,6756,648,2,200.0,400.0
14197,6757,738,1,110.0,110.0
14198,6757,36,3,80.0,240.0
14199,6757,36,1,80.0,80.0
14200,6758,47,2,40.0,80.0
14201,6758,43,2,50.0,100.0
14202,6758,62,1,210.0,210.0
14203,6758,308,1,340.0,340.0
14204,6759,266,1,320.0,320.0
14205,6759,632,1,340.0,340.0
14206,6760,228,3,280.0,840.0
14207,6760,637,1,200.0,200.0
14208,6760,92,1,120.0,120.0
14209,6761,201,1,100.0,100.0
14210,6762,416,1,660.0,660.0
14211,6762,94,1,180.0,180.0
14212,6762,416,1,660.0,660.0
14213,6763,261,2,60.0,120.0
14214,6763,476,2,60.0,120.0
14215,6764,336,1,110.0,110.0
14216,6764,207,1,70.0,70.0
14217,6764,336,1,110.0,110.0
14218,6764,207,1,70.0,70.0
14219,6765,582,2,200.0,400.0
14220,6767,424,2,90.0,180.0
14221,6767,629,2,290.0,580.0
14222,6767,424,2,90.0,180.0
14223,6768,132,3,300.0,900.0
14224,6768,367,2,270.0,540.0
14225,6768,367,2,270.0,540.0
14226,6770,398,1,120.0,120.0
14227,6770,139,1,150.0,150.0
14228,6771,442,1,290.0,290.0
14229,6771,362,3,100.0,300.0
14230,6771,442,1,290.0,290.0
14231,6772,212,3,100.0,300.0
14232,6772,738,1,110.0,110.0
14233,6772,278,2,310.0,620.0
14234,6772,476,1,60.0,60.0
14235,6772,738,1,110.0,110.0
14236,6773,340,2,60.0,120.0
14237,6774,64,3,140.0,420.0
14238,6774,690,1,70.0,70.0
14239,6775,361,1,60.0,60.0
14240,6776,665,2,120.0,240.0
14241,6776,312,1,180.0,180.0
14242,6776,190,2,550.0,1100.0
14243,6776,190,1,550.0,550.0
14244,6777,240,1,200.0,200.0
14245,6777,435,2,70.0,140.0
14246,6778,295,2,50.0,100.0
14247,6778,138,1,120.0,120.0
14248,6778,356,3,310.0,930.0
14249,6779,435,1,70.0,70.0
14250,6779,240,2,200.0,400.0
14251,6779,273,2,200.0,400.0
14252,6780,212,1,100.0,100.0
14253,6780,278,1,310.0,310.0
14254,6781,729,2,90.0,180.0
14255,6781,729,1,90.0,90.0
14256,6783,664,3,110.0,330.0
14257,6783,240,1,200.0,200.0
14258,6783,240,2,200.0,400.0
14259,6783,388,1,60.0,60.0
14260,6784,60,2,80.0,160.0
14261,6785,218,1,160.0,160.0
14262,6785,159,1,320.0,320.0
14263,6785,140,3,260.0,780.0
14264,6786,734,1,90.0,90.0
14265,6787,463,2,60.0,120.0
14266,6787,256,1,250.0,250.0
14267,6788,400,1,190.0,190.0
14268,6788,400,2,190.0,380.0
14269,6789,682,1,80.0,80.0
14270,6790,721,1,140.0,140.0
14271,6790,691,2,540.0,1080.0
14272,6791,78,3,50.0,150.0
14273,6791,742,1,90.0,90.0
14274,6791,78,1,50.0,50.0
14275,6791,735,2,40.0,80.0
14276,6792,501,1,70.0,70.0
14277,6792,235,1,110.0,110.0
14278,6792,501,1,70.0,70.0
14279,6792,235,3,110.0,330.0
14280,6793,534,2,80.0,160.0
14281,6793,373,1,260.0,260.0
14282,6793,104,2,240.0,480.0
14283,6793,21,1,640.0,640.0
14284,6794,733,1,320.0,320.0
14285,6794,609,1,60.0,60.0
14286,6794,733,1,320.0,320.0
14287,6795,79,2,660.0,1320.0
14288,6795,20,1,90.0,90.0
14289,6796,647,1,180.0,180.0
14290,6796,260,1,60.0,60.0
14291,6797,157,1,240.0,240.0
14292,6798,710,2,210.0,420.0
14293,6798,710,1,210.0,210.0
14294,6798,203,1,190.0,190.0
14295,6799,399,3,190.0,570.0
14296,6799,251,2,320.0,640.0
14297,6799,251,1,320.0,320.0
14298,6799,397,3,310.0,930.0
14299,6801,75,1,230.0,230.0
14300,6801,75,1,230.0,230.0
14301,6801,331,1,450.0,450.0
14302,6801,128,1,140.0,140.0
14303,6802,172,3,190.0,570.0
14304,6802,391,1,70.0,70.0
14305,6803,47,3,40.0,120.0
14306,6803,308,2,340.0,680.0
14307,6803,596,2,300.0,600.0
14308,6804,219,1,100.0,100.0
14309,6804,14,1,120.0,120.0
14310,6805,738,1,110.0,110.0
14311,6807,135,1,610.0,610.0
14312,6808,679,2,240.0,480.0
14313,6808,168,2,60.0,120.0
14314,6809,684,3,140.0,420.0
14315,6809,591,1,360.0,360.0
14316,6810,178,1,60.0,60.0
14317,6810,320,2,100.0,200.0
14318,6810,178,2,60.0,120.0
14319,6811,279,3,70.0,210.0
14320,6811,527,2,100.0,200.0
14321,6812,674,2,630.0,1260.0
14322,6813,68,1,410.0,410.0
14323,6813,747,2,180.0,360.0
14324,6813,68,1,410.0,410.0
14325,6814,245,2,290.0,580.0
14326,6814,712,2,70.0,140.0
14327,6816,59,2,100.0,200.0
14328,6816,571,3,520.0,1560.0
14329,6817,239,2,240.0,480.0
14330,6817,282,2,100.0,200.0
14331,6818,102,1,300.0,300.0
14332,6818,232,1,280.0,280.0
14333,6821,224,1,120.0,120.0
14334,6822,641,2,300.0,600.0
14335,6823,668,3,110.0,330.0
14336,6823,93,1,710.0,710.0
14337,6824,511,1,120.0,120.0
14338,6825,372,1,190.0,190.0
14339,6826,208,1,60.0,60.0
14340,6827,476,2,60.0,120.0
14341,6827,261,1,60.0,60.0
14342,6829,500,1,100.0,100.0
14343,6829,91,3,270.0,810.0
14344,6830,729,1,90.0,90.0
14345,6830,646,2,80.0,160.0
14346,6830,729,2,90.0,180.0
14347,6830,646,1,80.0,80.0
14348,6831,254,2,110.0,220.0
14349,6831,737,1,480.0,480.0
14350,6831,737,3,480.0,1440.0
14351,6831,355,2,100.0,200.0
14352,6832,450,1,240.0,240.0
14353,6832,147,1,160.0,160.0
14354,6832,225,1,110.0,110.0
14355,6833,602,1,580.0,580.0
14356,6833,602,2,580.0,1160.0
14357,6835,362,2,100.0,200.0
14358,6835,41,1,310.0,310.0
14359,6835,116,3,300.0,900.0
14360,6835,267,2,270.0,540.0
14361,6836,19,3,110.0,330.0
14362,6836,609,1,60.0,60.0
14363,6836,461,1,300.0,300.0
14364,6837,213,1,280.0,280.0
14365,6837,135,2,610.0,1220.0
14366,6839,326,2,110.0,220.0
14367,6840,605,2,320.0,640.0
14368,6840,605,1,320.0,320.0
14369,6841,164,1,90.0,90.0
14370,6841,164,2,90.0,180.0
14371,6842,702,1,90.0,90.0
14372,6844,683,3,50.0,150.0
14373,6844,171,2,180.0,360.0
14374,6845,621,3,140.0,420.0
14375,6845,679,1,240.0,240.0
14376,6846,17,2,330.0,660.0
14377,6846,17,1,330.0,330.0
14378,6848,423,1,40.0,40.0
14379,6848,170,1,60.0,60.0
14380,6848,654,1,180.0,180.0
14381,6849,528,1,160.0,160.0
14382,6849,528,1,160.0,160.0
14383,6849,351,2,60.0,120.0
14384,6851,489,1,140.0,140.0
14385,6851,297,1,300.0,300.0
14386,6851,605,3,320.0,960.0
14387,6852,563,2,130.0,260.0
14388,6852,386,3,70.0,210.0
14389,6852,178,1,60.0,60.0
14390,6852,662,1,590.0,590.0
14391,6853,28,1,210.0,210.0
14392,6854,291,2,280.0,560.0
14393,6854,468,2,160.0,320.0
14394,6855,556,1,270.0,270.0
14395,6856,108,1,230.0,230.0
14396,6856,6,1,200.0,200.0
14397,6856,584,2,50.0,100.0
14398,6856,584,1,50.0,50.0
14399,6857,394,1,250.0,250.0
14400,6859,169,1,310.0,310.0
14401,6859,184,1,500.0,500.0
14402,6859,722,2,140.0,280.0
14403,6860,462,1,110.0,110.0
14404,6860,418,1,50.0,50.0
14405,6861,480,2,510.0,1020.0
14406,6861,91,1,270.0,270.0
14407,6861,500,1,100.0,100.0
14408,6862,55,1,140.0,140.0
14409,6862,518,1,340.0,340.0
14410,6862,55,2,140.0,280.0
14411,6864,666,2,100.0,200.0
14412,6864,401,2,230.0,460.0
14413,6865,150,1,240.0,240.0
14414,6865,605,2,320.0,640.0
14415,6865,638,1,300.0,300.0
14416,6865,12,2,60.0,120.0
14417,6866,729,1,90.0,90.0
14418,6866,569,2,210.0,420.0
14419,6867,267,1,270.0,270.0
14420,6867,372,2,190.0,380.0
14421,6868,200,3,660.0,1980.0
14422,6868,456,1,320.0,320.0
14423,6869,347,2,180.0,360.0
14424,6869,710,2,210.0,420.0
14425,6870,418,3,50.0,150.0
14426,6871,329,1,110.0,110.0
14427,6871,612,3,290.0,870.0
14428,6872,330,2,110.0,220.0
14429,6873,206,2,60.0,120.0
14430,6873,459,1,120.0,120.0
14431,6874,541,1,300.0,300.0
14432,6874,505,1,70.0,70.0
14433,6874,699,2,320.0,640.0
14434,6874,505,2,70.0,140.0
14435,6875,243,2,250.0,500.0
14436,6876,578,1,190.0,190.0
14437,6876,644,1,120.0,120.0
14438,6876,181,2,190.0,380.0
14439,6877,686,1,70.0,70.0
14440,6879,330,1,110.0,110.0
14441,6879,213,3,280.0,840.0
14442,6879,135,1,610.0,610.0
14443,6880,397,1,310.0,310.0
14444,6881,604,1,60.0,60.0
14445,6881,485,3,170.0,510.0
14446,6882,290,2,200.0,400.0
14447,6882,59,1,100.0,100.0
14448,6882,571,2,520.0,1040.0
14449,6883,63,1,680.0,680.0
14450,6884,558,2,330.0,660.0
14451,6885,273,2,200.0,400.0
14452,6885,725,1,90.0,90.0
14453,6885,736,2,60.0,120.0
14454,6887,423,1,40.0,40.0
14455,6887,231,1,100.0,100.0
14456,6888,541,2,300.0,600.0
14457,6888,628,1,450.0,450.0
14458,6888,505,3,70.0,210.0
14459,6889,107,1,150.0,150.0
14460,6889,230,2,120.0,240.0
14461,6889,107,1,150.0,150.0
14462,6889,279,2,70.0,140.0
14463,6890,654,1,180.0,180.0
14464,6890,423,2,40.0,80.0
14465,6890,423,1,40.0,40.0
14466,6890,170,1,60.0,60.0
14467,6891,548,1,230.0,230.0
14468,6891,394,1,250.0,250.0
14469,6891,651,1,50.0,50.0
14470,6892,702,2,90.0,180.0
14471,6892,54,2,510.0,1020.0
14472,6893,548,2,230.0,460.0
14473,6893,548,1,230.0,230.0
14474,6894,599,2,100.0,200.0
14475,6894,340,2,60.0,120.0
14476,6894,44,1,290.0,290.0
14477,6894,44,1,290.0,290.0
14478,6896,98,1,270.0,270.0
14479,6896,659,1,170.0,170.0
14480,6896,98,2,270.0,540.0
14481,6898,518,2,340.0,680.0
14482,6898,502,1,350.0,350.0
14483,6898,55,2,140.0,280.0
14484,6899,588,1,640.0,640.0
14485,6899,725,2,90.0,180.0
14486,6900,130,3,300.0,900.0
14487,6902,624,1,70.0,70.0
14488,6902,472,1,210.0,210.0
14489,6904,544,1,40.0,40.0
14490,6904,129,2,50.0,100.0
14491,6905,533,1,530.0,530.0
14492,6905,195,1,270.0,270.0
14493,6906,737,1,480.0,480.0
14494,6906,737,2,480.0,960.0
14495,6907,717,1,60.0,60.0
14496,6907,722,2,140.0,280.0
14497,6907,722,1,140.0,140.0
14498,6908,232,2,280.0,560.0
14499,6908,302,1,210.0,210.0
14500,6909,693,2,60.0,120.0
14501,6909,124,2,220.0,440.0
14502,6910,691,1,540.0,540.0
14503,6910,691,1,540.0,540.0
14504,6911,181,2,190.0,380.0
14505,6911,644,2,120.0,240.0
14506,6911,460,1,70.0,70.0
14507,6911,76,1,90.0,90.0
14508,6912,125,1,210.0,210.0
14509,6912,469,1,100.0,100.0
14510,6912,236,3,250.0,750.0
14511,6913,474,1,150.0,150.0
14512,6913,115,1,110.0,110.0
14513,6913,167,2,50.0,100.0
14514,6914,571,1,520.0,520.0
14515,6915,531,2,50.0,100.0
14516,6915,322,1,170.0,170.0
14517,6916,111,2,190.0,380.0
14518,6916,271,1,510.0,510.0
14519,6917,10,1,90.0,90.0
14520,6917,446,2,300.0,600.0
14521,6917,446,1,300.0,300.0
14522,6917,344,1,60.0,60.0
14523,6917,348,1,70.0,70.0
14524,6918,509,1,250.0,250.0
14525,6919,512,2,50.0,100.0
14526,6920,686,2,70.0,140.0
14527,6920,544,2,40.0,80.0
14528,6920,686,2,70.0,140.0
14529,6921,1,2,120.0,240.0
14530,6921,566,1,70.0,70.0
14531,6921,455,1,120.0,120.0
14532,6922,444,2,110.0,220.0
14533,6922,444,1,110.0,110.0
14534,6922,444,2,110.0,220.0
14535,6923,699,2,320.0,640.0
14536,6923,112,1,580.0,580.0
14537,6923,505,1,70.0,70.0
14538,6924,2,1,40.0,40.0
14539,6924,234,1,130.0,130.0
14540,6924,2,1,40.0,40.0
14541,6925,550,1,400.0,400.0
14542,6926,126,2,510.0,1020.0
14543,6926,126,1,510.0,510.0
14544,6927,279,2,70.0,140.0
14545,6927,230,1,120.0,120.0
14546,6928,702,2,90.0,180.0
14547,6928,428,2,240.0,480.0
14548,6928,54,3,510.0,1530.0
14549,6929,635,1,560.0,560.0
14550,6929,591,1,360.0,360.0
14551,6929,635,1,560.0,560.0
14552,6930,423,1,40.0,40.0
14553,6931,567,2,140.0,280.0
14554,6931,390,1,270.0,270.0
14555,6931,268,1,60.0,60.0
14556,6932,76,3,90.0,270.0
14557,6932,412,2,180.0,360.0
14558,6932,460,3,70.0,210.0
14559,6933,55,2,140.0,280.0
14560,6933,55,1,140.0,140.0
14561,6933,518,2,340.0,680.0
14562,6934,191,1,140.0,140.0
14563,6935,88,3,310.0,930.0
14564,6936,17,1,330.0,330.0
14565,6936,409,2,200.0,400.0
14566,6937,327,3,110.0,330.0
14567,6937,120,3,60.0,180.0
14568,6937,214,1,190.0,190.0
14569,6937,595,2,470.0,940.0
14570,6938,84,1,180.0,180.0
14571,6938,406,1,180.0,180.0
14572,6938,400,1,190.0,190.0
14573,6938,485,2,170.0,340.0
14574,6938,342,1,190.0,190.0
14575,6939,12,3,60.0,180.0
14576,6939,297,1,300.0,300.0
14577,6939,638,3,300.0,900.0
14578,6940,633,2,170.0,340.0
14579,6940,222,1,60.0,60.0
14580,6941,552,1,170.0,170.0
14581,6941,552,1,170.0,170.0
14582,6941,516,1,100.0,100.0
14583,6941,516,2,100.0,200.0
14584,6942,107,2,150.0,300.0
14585,6942,107,2,150.0,300.0
14586,6942,279,1,70.0,70.0
14587,6942,107,1,150.0,150.0
14588,6944,551,1,120.0,120.0
14589,6944,300,3,330.0,990.0
14590,6945,592,1,340.0,340.0
14591,6945,178,1,60.0,60.0
14592,6945,178,1,60.0,60.0
14593,6946,514,1,150.0,150.0
14594,6947,262,1,80.0,80.0
14595,6947,111,1,190.0,190.0
14596,6948,257,2,270.0,540.0
14597,6948,257,1,270.0,270.0
14598,6949,114,1,130.0,130.0
14599,6949,640,1,40.0,40.0
14600,6950,92,2,120.0,240.0
14601,6950,100,1,190.0,190.0
14602,6950,568,1,100.0,100.0
14603,6951,639,1,200.0,200.0
14604,6952,322,2,170.0,340.0
14605,6953,68,3,410.0,1230.0
14606,6953,204,2,280.0,560.0
14607,6953,747,1,180.0,180.0
14608,6954,2,2,40.0,80.0
14609,6955,536,2,310.0,620.0
14610,6955,78,2,50.0,100.0
14611,6955,742,1,90.0,90.0
14612,6956,368,1,320.0,320.0
14613,6956,119,1,210.0,210.0
14614,6956,194,1,670.0,670.0
14615,6956,119,2,210.0,420.0
14616,6957,77,1,180.0,180.0
14617,6957,565,2,460.0,920.0
14618,6958,140,1,260.0,260.0
14619,6959,65,1,330.0,330.0
14620,6959,443,1,180.0,180.0
14621,6959,338,1,210.0,210.0
14622,6960,266,1,320.0,320.0
14623,6960,632,1,340.0,340.0
14624,6960,367,1,270.0,270.0
14625,6961,92,2,120.0,240.0
14626,6961,100,1,190.0,190.0
14627,6962,130,3,300.0,900.0
14628,6963,206,1,60.0,60.0
14629,6964,634,2,120.0,240.0
14630,6964,668,1,110.0,110.0
14631,6964,257,1,270.0,270.0
14632,6965,68,1,410.0,410.0
14633,6965,356,1,310.0,310.0
14634,6966,698,1,210.0,210.0
14635,6966,698,1,210.0,210.0
14636,6967,544,1,40.0,40.0
14637,6968,13,1,40.0,40.0
14638,6969,608,2,70.0,140.0
14639,6969,79,3,660.0,1980.0
14640,6970,290,2,200.0,400.0
14641,6970,290,1,200.0,200.0
14642,6970,59,2,100.0,200.0
14643,6971,537,1,90.0,90.0
14644,6971,537,1,90.0,90.0
14645,6972,347,2,180.0,360.0
14646,6972,710,2,210.0,420.0
14647,6972,203,3,190.0,570.0
14648,6973,84,3,180.0,540.0
14649,6973,136,1,530.0,530.0
14650,6973,400,1,190.0,190.0
14651,6973,400,1,190.0,190.0
14652,6974,713,1,330.0,330.0
14653,6974,322,2,170.0,340.0
14654,6975,639,2,200.0,400.0
14655,6975,315,1,60.0,60.0
14656,6975,639,2,200.0,400.0
14657,6977,718,1,150.0,150.0
14658,6977,35,2,310.0,620.0
14659,6977,35,1,310.0,310.0
14660,6978,641,1,300.0,300.0
14661,6979,46,1,200.0,200.0
14662,6980,232,1,280.0,280.0
14663,6980,414,1,100.0,100.0
14664,6981,52,2,330.0,660.0
14665,6982,277,1,210.0,210.0
14666,6982,493,1,190.0,190.0
14667,6982,313,3,260.0,780.0
14668,6983,258,2,270.0,540.0
14669,6983,512,2,50.0,100.0
14670,6983,545,1,290.0,290.0
14671,6983,512,2,50.0,100.0
14672,6984,381,2,560.0,1120.0
14673,6984,729,1,90.0,90.0
14674,6984,381,1,560.0,560.0
14675,6985,463,1,60.0,60.0
14676,6985,146,2,190.0,380.0
14677,6986,464,1,80.0,80.0
14678,6986,494,1,50.0,50.0
14679,6987,19,1,110.0,110.0
14680,6988,726,1,310.0,310.0
14681,6988,510,1,110.0,110.0
14682,6989,616,1,190.0,190.0
14683,6990,60,1,80.0,80.0
14684,6990,60,1,80.0,80.0
14685,6990,448,1,110.0,110.0
14686,6991,88,2,310.0,620.0
14687,6992,46,1,200.0,200.0
14688,6993,422,2,130.0,260.0
14689,6993,479,1,80.0,80.0
14690,6993,479,1,80.0,80.0
14691,6994,496,1,220.0,220.0
14692,6994,13,1,40.0,40.0
14693,6996,234,1,130.0,130.0
14694,6996,234,2,130.0,260.0
14695,6997,300,3,330.0,990.0
14696,6997,275,1,170.0,170.0
14697,6997,63,1,680.0,680.0
14698,6997,438,2,300.0,600.0
14699,6998,42,1,110.0,110.0
14700,6998,642,1,260.0,260.0
14701,6999,109,1,230.0,230.0
14702,6999,117,2,40.0,80.0
14703,7000,310,3,540.0,1620.0
14704,7000,187,2,130.0,260.0
14705,7000,554,1,240.0,240.0
14706,7001,90,1,100.0,100.0
14707,7001,581,2,130.0,260.0
14708,7001,323,1,50.0,50.0
14709,7001,581,1,130.0,130.0
14710,7002,671,1,220.0,220.0
14711,7002,332,1,180.0,180.0
14712,7002,730,1,220.0,220.0
14713,7002,730,1,220.0,220.0
14714,7004,600,1,170.0,170.0
14715,7004,720,1,360.0,360.0
14716,7006,702,1,90.0,90.0
14717,7007,271,2,510.0,1020.0
14718,7009,76,3,90.0,270.0
14719,7009,578,2,190.0,380.0
14720,7009,460,1,70.0,70.0
14721,7010,339,1,550.0,550.0
14722,7010,394,2,250.0,500.0
14723,7010,311,1,60.0,60.0
14724,7012,182,2,90.0,180.0
14725,7013,378,2,320.0,640.0
14726,7013,378,1,320.0,320.0
14727,7014,380,1,310.0,310.0
14728,7014,745,3,90.0,270.0
14729,7014,583,2,140.0,280.0
14730,7015,102,1,300.0,300.0
14731,7015,232,3,280.0,840.0
14732,7015,232,3,280.0,840.0
14733,7016,467,1,200.0,200.0
14734,7016,403,3,120.0,360.0
14735,7018,708,1,480.0,480.0
14736,7020,624,2,70.0,140.0
14737,7020,471,2,650.0,1300.0
14738,7020,624,1,70.0,70.0
14739,7021,682,1,80.0,80.0
14740,7023,544,1,40.0,40.0
14741,7023,129,1,50.0,50.0
14742,7023,413,2,170.0,340.0
14743,7023,293,1,40.0,40.0
14744,7023,686,3,70.0,210.0
14745,7024,540,1,50.0,50.0
14746,7024,746,2,60.0,120.0
14747,7025,488,1,180.0,180.0
14748,7025,488,1,180.0,180.0
14749,7025,422,1,130.0,130.0
14750,7026,307,2,270.0,540.0
14751,7026,139,1,150.0,150.0
14752,7026,701,1,260.0,260.0
14753,7026,701,1,260.0,260.0
14754,7026,701,1,260.0,260.0
14755,7027,536,2,310.0,620.0
14756,7027,667,1,310.0,310.0
14757,7028,141,2,190.0,380.0
14758,7028,141,2,190.0,380.0
14759,7028,141,2,190.0,380.0
14760,7028,141,2,190.0,380.0
14761,7029,302,1,210.0,210.0
14762,7029,302,1,210.0,210.0
14763,7029,232,1,280.0,280.0
14764,7030,90,1,100.0,100.0
14765,7031,368,1,320.0,320.0
14766,7031,194,3,670.0,2010.0
14767,7031,194,2,670.0,1340.0
14768,7032,289,3,160.0,480.0
14769,7032,87,2,510.0,1020.0
14770,7033,382,1,40.0,40.0
14771,7034,143,1,280.0,280.0
14772,7034,45,1,280.0,280.0
14773,7034,671,2,220.0,440.0
14774,7034,671,1,220.0,220.0
14775,7035,727,2,250.0,500.0
14776,7035,727,1,250.0,250.0
14777,7036,525,1,60.0,60.0
14778,7036,402,1,230.0,230.0
14779,7036,172,1,190.0,190.0
14780,7036,402,2,230.0,460.0
14781,7037,709,2,190.0,380.0
14782,7037,747,1,180.0,180.0
14783,7038,509,1,250.0,250.0
14784,7038,365,1,450.0,450.0
14785,7038,647,2,180.0,360.0
14786,7039,50,1,300.0,300.0
14787,7040,186,1,250.0,250.0
14788,7040,186,1,250.0,250.0
14789,7041,688,3,180.0,540.0
14790,7041,688,3,180.0,540.0
14791,7041,688,1,180.0,180.0
14792,7041,537,1,90.0,90.0
14793,7042,408,1,120.0,120.0
14794,7042,58,1,260.0,260.0
14795,7042,408,2,120.0,240.0
14796,7043,307,1,270.0,270.0
14797,7043,701,2,260.0,520.0
14798,7043,24,1,50.0,50.0
14799,7043,24,3,50.0,150.0
14800,7045,559,1,200.0,200.0
14801,7047,607,3,130.0,390.0
14802,7048,117,3,40.0,120.0
14803,7048,117,2,40.0,80.0
14804,7049,651,2,50.0,100.0
14805,7049,339,3,550.0,1650.0
14806,7049,394,2,250.0,500.0
14807,7051,452,2,270.0,540.0
14808,7051,618,2,100.0,200.0
14809,7051,452,3,270.0,810.0
14810,7052,250,1,320.0,320.0
14811,7052,667,1,310.0,310.0
14812,7053,702,2,90.0,180.0
14813,7053,702,2,90.0,180.0
14814,7054,321,2,310.0,620.0
14815,7054,574,2,130.0,260.0
14816,7054,86,1,70.0,70.0
14817,7054,321,1,310.0,310.0
14818,7054,538,1,240.0,240.0
14819,7055,75,1,230.0,230.0
14820,7055,331,3,450.0,1350.0
14821,7056,618,1,100.0,100.0
14822,7056,422,1,130.0,130.0
14823,7057,641,1,300.0,300.0
14824,7058,521,2,330.0,660.0
14825,7058,504,1,390.0,390.0
14826,7058,521,2,330.0,660.0
14827,7058,504,2,390.0,780.0
14828,7060,726,1,310.0,310.0
14829,7060,345,3,330.0,990.0
14830,7060,726,2,310.0,620.0
14831,7061,711,1,110.0,110.0
14832,7061,636,2,50.0,100.0
14833,7062,174,1,110.0,110.0
14834,7062,69,1,630.0,630.0
14835,7062,26,1,300.0,300.0
14836,7062,174,1,110.0,110.0
14837,7063,9,1,280.0,280.0
14838,7063,109,2,230.0,460.0
14839,7063,117,1,40.0,40.0
14840,7063,9,1,280.0,280.0
14841,7064,88,1,310.0,310.0
14842,7065,612,1,290.0,290.0
14843,7065,317,3,310.0,930.0
14844,7066,653,2,140.0,280.0
14845,7067,742,1,90.0,90.0
14846,7067,742,1,90.0,90.0
14847,7067,667,2,310.0,620.0
14848,7068,446,1,300.0,300.0
14849,7068,10,1,90.0,90.0
14850,7069,416,1,660.0,660.0
14851,7070,528,1,160.0,160.0
14852,7070,528,1,160.0,160.0
14853,7070,619,1,60.0,60.0
14854,7071,705,1,160.0,160.0
14855,7071,409,1,200.0,200.0
14856,7071,17,1,330.0,330.0
14857,7071,602,1,580.0,580.0
14858,7072,478,1,270.0,270.0
14859,7072,4,1,50.0,50.0
14860,7072,693,3,60.0,180.0
14861,7072,294,1,180.0,180.0
14862,7072,89,1,270.0,270.0
14863,7073,478,3,270.0,810.0
14864,7073,4,2,50.0,100.0
14865,7073,478,1,270.0,270.0
14866,7074,480,1,510.0,510.0
14867,7074,480,1,510.0,510.0
14868,7074,500,2,100.0,200.0
14869,7074,91,2,270.0,540.0
14870,7075,143,1,280.0,280.0
14871,7075,730,1,220.0,220.0
14872,7075,143,1,280.0,280.0
14873,7075,671,1,220.0,220.0
14874,7076,721,1,140.0,140.0
14875,7077,256,3,250.0,750.0
14876,7077,32,1,290.0,290.0
14877,7078,379,1,70.0,70.0
14878,7078,112,1,580.0,580.0
14879,7078,379,1,70.0,70.0
14880,7079,544,2,40.0,80.0
14881,7079,129,1,50.0,50.0
14882,7080,328,1,230.0,230.0
14883,7080,655,2,250.0,500.0
14884,7080,328,1,230.0,230.0
14885,7080,598,1,440.0,440.0
14886,7080,610,1,220.0,220.0
14887,7081,234,1,130.0,130.0
14888,7081,88,1,310.0,310.0
14889,7082,155,1,50.0,50.0
14890,7085,368,1,320.0,320.0
14891,7085,449,1,210.0,210.0
14892,7085,119,2,210.0,420.0
14893,7086,261,1,60.0,60.0
14894,7087,43,1,50.0,50.0
14895,7088,114,2,130.0,260.0
14896,7088,492,2,350.0,700.0
14897,7088,623,1,170.0,170.0
14898,7088,83,1,170.0,170.0
14899,7089,558,1,330.0,330.0
14900,7089,726,1,310.0,310.0
14901,7089,345,1,330.0,330.0
14902,7089,720,1,360.0,360.0
14903,7090,239,1,240.0,240.0
14904,7090,523,2,200.0,400.0
14905,7090,630,1,40.0,40.0
14906,7091,31,1,100.0,100.0
14907,7091,289,2,160.0,320.0
14908,7092,3,1,100.0,100.0
14909,7092,176,3,230.0,690.0
14910,7092,3,1,100.0,100.0
14911,7093,684,2,140.0,280.0
14912,7093,684,2,140.0,280.0
14913,7094,325,1,190.0,190.0
14914,7096,431,1,210.0,210.0
14915,7097,222,1,60.0,60.0
14916,7097,495,2,180.0,360.0
14917,7097,495,3,180.0,540.0
14918,7097,222,1,60.0,60.0
14919,7098,207,1,70.0,70.0
14920,7098,336,3,110.0,330.0
14921,7098,207,2,70.0,140.0
14922,7098,176,3,230.0,690.0
14923,7099,706,1,280.0,280.0
14924,7099,706,1,280.0,280.0
14925,7099,408,2,120.0,240.0
14926,7100,477,2,290.0,580.0
14927,7100,258,1,270.0,270.0
14928,7101,17,2,330.0,660.0
14929,7101,409,2,200.0,400.0
14930,7101,705,3,160.0,480.0
14931,7102,102,1,300.0,300.0
14932,7103,9,1,280.0,280.0
14933,7104,488,1,180.0,180.0
14934,7104,359,3,580.0,1740.0
14935,7104,422,1,130.0,130.0
14936,7104,359,3,580.0,1740.0
14937,7105,6,1,200.0,200.0
14938,7105,660,2,250.0,500.0
14939,7106,93,2,710.0,1420.0
14940,7107,629,1,290.0,290.0
14941,7107,424,1,90.0,90.0
14942,7107,363,1,670.0,670.0
14943,7108,623,1,170.0,170.0
14944,7109,718,1,150.0,150.0
14945,7109,744,2,270.0,540.0
14946,7110,33,1,60.0,60.0
14947,7110,239,1,240.0,240.0
14948,7110,601,1,230.0,230.0
14949,7110,601,1,230.0,230.0
14950,7110,601,1,230.0,230.0
14951,7111,355,1,100.0,100.0
14952,7111,355,2,100.0,200.0
14953,7112,722,1,140.0,140.0
14954,7112,717,1,60.0,60.0
14955,7113,689,1,60.0,60.0
14956,7113,32,1,290.0,290.0
14957,7114,190,2,550.0,1100.0
14958,7114,665,1,120.0,120.0
14959,7115,282,1,100.0,100.0
14960,7115,487,1,450.0,450.0
14961,7115,487,1,450.0,450.0
14962,7116,226,1,190.0,190.0
14963,7116,626,1,260.0,260.0
14964,7116,427,1,280.0,280.0
14965,7116,626,1,260.0,260.0
14966,7116,626,1,260.0,260.0
14967,7117,469,1,100.0,100.0
14968,7118,135,1,610.0,610.0
14969,7118,330,1,110.0,110.0
14970,7118,135,2,610.0,1220.0
14971,7119,302,2,210.0,420.0
14972,7119,302,1,210.0,210.0
14973,7119,232,1,280.0,280.0
14974,7119,414,2,100.0,200.0
14975,7120,239,1,240.0,240.0
14976,7120,33,1,60.0,60.0
14977,7121,525,1,60.0,60.0
14978,7121,402,2,230.0,460.0
14979,7121,402,1,230.0,230.0
14980,7122,173,2,220.0,440.0
14981,7122,186,1,250.0,250.0
14982,7122,562,3,150.0,450.0
14983,7122,186,2,250.0,500.0
14984,7123,721,2,140.0,280.0
14985,7123,721,2,140.0,280.0
14986,7124,462,1,110.0,110.0
14987,7124,462,1,110.0,110.0
14988,7124,99,1,560.0,560.0
14989,7125,59,1,100.0,100.0
14990,7125,59,1,100.0,100.0
14991,7126,521,2,330.0,660.0
14992,7126,521,1,330.0,330.0
14993,7126,16,2,90.0,180.0
14994,7127,306,2,190.0,380.0
14995,7127,654,2,180.0,360.0
14996,7128,21,1,640.0,640.0
14997,7128,104,1,240.0,240.0
14998,7128,373,1,260.0,260.0
14999,7128,104,1,240.0,240.0
15000,7130,3,1,100.0,100.0
15001,7130,207,1,70.0,70.0
15002,7131,492,1,350.0,350.0
15003,7131,492,1,350.0,350.0
15004,7131,114,2,130.0,260.0
15005,7131,114,2,130.0,260.0
15006,7132,265,1,170.0,170.0
15007,7132,648,2,200.0,400.0
15008,7132,746,1,60.0,60.0
15009,7133,621,1,140.0,140.0
15010,7133,707,2,180.0,360.0
15011,7134,424,1,90.0,90.0
15012,7134,363,2,670.0,1340.0
15013,7135,193,1,150.0,150.0
15014,7136,530,3,90.0,270.0
15015,7136,238,1,210.0,210.0
15016,7136,594,2,330.0,660.0
15017,7136,371,1,80.0,80.0
15018,7137,85,1,270.0,270.0
15019,7137,22,2,80.0,160.0
15020,7138,743,2,90.0,180.0
15021,7138,245,1,290.0,290.0
15022,7139,88,1,310.0,310.0
15023,7139,234,1,130.0,130.0
15024,7140,552,1,170.0,170.0
15025,7140,516,1,100.0,100.0
15026,7140,552,1,170.0,170.0
15027,7141,665,3,120.0,360.0
15028,7141,453,3,170.0,510.0
15029,7144,59,2,100.0,200.0
15030,7144,571,1,520.0,520.0
15031,7144,290,1,200.0,200.0
15032,7145,534,1,80.0,80.0
15033,7145,534,1,80.0,80.0
15034,7146,159,3,320.0,960.0
15035,7147,701,1,260.0,260.0
15036,7148,548,1,230.0,230.0
15037,7148,651,3,50.0,150.0
15038,7148,651,1,50.0,50.0
15039,7149,450,1,240.0,240.0
15040,7150,422,2,130.0,260.0
15041,7150,488,3,180.0,540.0
15042,7151,388,1,60.0,60.0
15043,7151,196,2,340.0,680.0
15044,7152,154,3,310.0,930.0
15045,7153,584,1,50.0,50.0
15046,7153,108,3,230.0,690.0
15047,7154,234,3,130.0,390.0
15048,7154,234,1,130.0,130.0
15049,7154,2,1,40.0,40.0
15050,7155,690,1,70.0,70.0
15051,7155,64,2,140.0,280.0
15052,7155,690,1,70.0,70.0
15053,7155,224,1,120.0,120.0
15054,7156,614,1,190.0,190.0
15055,7156,229,1,340.0,340.0
15056,7157,347,3,180.0,540.0
15057,7158,480,1,510.0,510.0
15058,7159,500,1,100.0,100.0
15059,7159,91,2,270.0,540.0
15060,7159,480,2,510.0,1020.0
15061,7160,42,3,110.0,330.0
15062,7161,87,1,510.0,510.0
15063,7161,613,2,190.0,380.0
15064,7161,87,1,510.0,510.0
15065,7162,474,1,150.0,150.0
15066,7162,374,3,130.0,390.0
15067,7162,115,2,110.0,220.0
15068,7162,374,2,130.0,260.0
15069,7163,323,1,50.0,50.0
15070,7163,698,3,210.0,630.0
15071,7164,528,1,160.0,160.0
15072,7164,351,1,60.0,60.0
15073,7165,643,1,280.0,280.0
15074,7165,643,2,280.0,560.0
15075,7165,117,3,40.0,120.0
15076,7165,109,2,230.0,460.0
15077,7166,749,1,70.0,70.0
15078,7166,749,1,70.0,70.0
15079,7166,731,1,280.0,280.0
15080,7167,467,1,200.0,200.0
15081,7168,750,2,220.0,440.0
15082,7168,390,2,270.0,540.0
15083,7168,393,1,80.0,80.0
15084,7169,742,1,90.0,90.0
15085,7170,164,1,90.0,90.0
15086,7170,127,1,250.0,250.0
15087,7171,677,1,40.0,40.0
15088,7172,61,1,100.0,100.0
15089,7173,42,1,110.0,110.0
15090,7173,642,1,260.0,260.0
15091,7173,642,1,260.0,260.0
15092,7174,634,3,120.0,360.0
15093,7174,634,1,120.0,120.0
15094,7175,16,2,90.0,180.0
15095,7175,597,1,100.0,100.0
15096,7176,83,2,170.0,340.0
15097,7177,106,1,550.0,550.0
15098,7177,531,3,50.0,150.0
15099,7177,303,3,110.0,330.0
15100,7177,106,1,550.0,550.0
15101,7178,88,1,310.0,310.0
15102,7178,234,1,130.0,130.0
15103,7178,2,1,40.0,40.0
15104,7179,475,1,100.0,100.0
15105,7179,419,2,270.0,540.0
15106,7180,1,2,120.0,240.0
15107,7180,1,3,120.0,360.0
15108,7181,462,1,110.0,110.0
15109,7182,493,1,190.0,190.0
15110,7182,493,1,190.0,190.0
15111,7182,493,1,190.0,190.0
15112,7184,139,2,150.0,300.0
15113,7184,24,2,50.0,100.0
15114,7184,139,1,150.0,150.0
15115,7184,398,1,120.0,120.0
15116,7184,398,1,120.0,120.0
15117,7185,323,2,50.0,100.0
15118,7186,350,2,170.0,340.0
15119,7186,350,3,170.0,510.0
15120,7186,506,3,110.0,330.0
15121,7186,467,1,200.0,200.0
15122,7187,320,1,100.0,100.0
15123,7187,563,2,130.0,260.0
15124,7188,233,1,160.0,160.0
15125,7188,58,1,260.0,260.0
15126,7189,404,1,60.0,60.0
15127,7191,328,1,230.0,230.0
15128,7191,610,3,220.0,660.0
15129,7192,293,3,40.0,120.0
15130,7192,686,1,70.0,70.0
15131,7193,182,1,90.0,90.0
15132,7193,182,2,90.0,180.0
15133,7193,182,1,90.0,90.0
15134,7195,353,2,300.0,600.0
15135,7195,353,2,300.0,600.0
15136,7195,319,1,180.0,180.0
15137,7196,330,1,110.0,110.0
15138,7196,330,3,110.0,330.0
15139,7197,21,1,640.0,640.0
15140,7198,326,1,110.0,110.0
15141,7199,456,1,320.0,320.0
15142,7200,537,2,90.0,180.0
15143,7200,556,1,270.0,270.0
15144,7200,556,1,270.0,270.0
15145,7200,559,1,200.0,200.0
15146,7201,58,2,260.0,520.0
15147,7201,233,1,160.0,160.0
15148,7202,689,1,60.0,60.0
15149,7203,575,3,110.0,330.0
15150,7203,366,1,130.0,130.0
15151,7203,498,1,90.0,90.0
15152,7204,152,2,70.0,140.0
15153,7204,325,1,190.0,190.0
15154,7205,408,1,120.0,120.0
15155,7205,706,2,280.0,560.0
15156,7206,181,2,190.0,380.0
15157,7206,181,2,190.0,380.0
15158,7206,412,1,180.0,180.0
15159,7207,712,1,70.0,70.0
15160,7207,712,3,70.0,210.0
15161,7207,245,1,290.0,290.0
15162,7209,574,3,130.0,390.0
15163,7209,304,2,50.0,100.0
15164,7209,441,2,190.0,380.0
15165,7209,253,3,50.0,150.0
15166,7209,321,3,310.0,930.0
15167,7210,181,2,190.0,380.0
15168,7210,460,1,70.0,70.0
15169,7211,518,1,340.0,340.0
15170,7211,502,1,350.0,350.0
15171,7212,548,1,230.0,230.0
15172,7214,710,2,210.0,420.0
15173,7214,203,2,190.0,380.0
15174,7215,450,1,240.0,240.0
15175,7215,7,3,320.0,960.0
15176,7216,233,1,160.0,160.0
15177,7216,58,2,260.0,520.0
15178,7217,462,2,110.0,220.0
15179,7217,418,1,50.0,50.0
15180,7218,238,1,210.0,210.0
15181,7220,682,2,80.0,160.0
15182,7220,77,1,180.0,180.0
15183,7221,677,2,40.0,80.0
15184,7221,677,1,40.0,40.0
15185,7222,255,1,70.0,70.0
15186,7223,430,1,130.0,130.0
15187,7223,580,1,40.0,40.0
15188,7223,334,1,120.0,120.0
15189,7224,411,1,240.0,240.0
15190,7224,56,1,260.0,260.0
15191,7225,554,1,240.0,240.0
15192,7225,656,1,120.0,120.0
15193,7225,310,2,540.0,1080.0
15194,7226,556,1,270.0,270.0
15195,7226,537,1,90.0,90.0
15196,7226,556,1,270.0,270.0
15197,7226,8,1,460.0,460.0
15198,7226,688,1,180.0,180.0
15199,7227,555,2,250.0,500.0
15200,7228,648,2,200.0,400.0
15201,7229,33,1,60.0,60.0
15202,7229,630,1,40.0,40.0
15203,7229,487,1,450.0,450.0
15204,7229,33,1,60.0,60.0
15205,7229,630,3,40.0,120.0
15206,7230,350,1,170.0,170.0
15207,7231,382,2,40.0,80.0
15208,7231,382,2,40.0,80.0
15209,7232,219,3,100.0,300.0
15210,7233,444,1,110.0,110.0
15211,7233,182,1,90.0,90.0
15212,7234,621,2,140.0,280.0
15213,7235,710,1,210.0,210.0
15214,7235,203,1,190.0,190.0
15215,7236,641,2,300.0,600.0
15216,7237,224,1,120.0,120.0
15217,7237,690,2,70.0,140.0
15218,7238,119,3,210.0,630.0
15219,7238,201,2,100.0,200.0
15220,7239,257,1,270.0,270.0
15221,7239,692,2,230.0,460.0
15222,7239,93,1,710.0,710.0
15223,7241,255,2,70.0,140.0
15224,7242,396,1,90.0,90.0
15225,7243,383,2,200.0,400.0
15226,7244,371,2,80.0,160.0
15227,7244,341,3,150.0,450.0
15228,7245,345,2,330.0,660.0
15229,7245,345,1,330.0,330.0
15230,7246,274,1,80.0,80.0
15231,7246,531,2,50.0,100.0
15232,7247,641,1,300.0,300.0
15233,7249,127,2,250.0,500.0
15234,7249,164,1,90.0,90.0
15235,7250,527,2,100.0,200.0
15236,7250,279,2,70.0,140.0
15237,7250,230,2,120.0,240.0
15238,7250,279,2,70.0,140.0
15239,7251,715,1,230.0,230.0
15240,7253,130,1,300.0,300.0
15241,7254,409,3,200.0,600.0
15242,7254,602,1,580.0,580.0
15243,7254,17,1,330.0,330.0
15244,7255,61,1,100.0,100.0
15245,7255,732,3,120.0,360.0
15246,7256,406,2,180.0,360.0
15247,7256,342,1,190.0,190.0
15248,7256,136,1,530.0,530.0
15249,7257,75,3,230.0,690.0
15250,7257,331,1,450.0,450.0
15251,7258,245,2,290.0,580.0
15252,7258,743,1,90.0,90.0
15253,7259,19,1,110.0,110.0
15254,7259,19,2,110.0,220.0
15255,7259,19,1,110.0,110.0
15256,7260,544,1,40.0,40.0
15257,7260,129,1,50.0,50.0
15258,7260,129,1,50.0,50.0
15259,7261,289,2,160.0,320.0
15260,7261,31,2,100.0,200.0
15261,7261,87,2,510.0,1020.0
15262,7261,613,1,190.0,190.0
15263,7261,289,2,160.0,320.0
15264,7262,241,1,90.0,90.0
15265,7262,47,1,40.0,40.0
15266,7263,463,2,60.0,120.0
15267,7263,146,2,190.0,380.0
15268,7263,105,1,50.0,50.0
15269,7264,337,2,290.0,580.0
15270,7264,577,1,70.0,70.0
15271,7264,97,1,70.0,70.0
15272,7264,337,1,290.0,290.0
15273,7264,131,1,310.0,310.0
15274,7266,583,2,140.0,280.0
15275,7267,107,1,150.0,150.0
15276,7268,316,1,190.0,190.0
15277,7269,187,2,130.0,260.0
15278,7269,191,3,140.0,420.0
15279,7269,310,1,540.0,540.0
15280,7269,52,2,330.0,660.0
15281,7269,582,1,200.0,200.0
15282,7270,549,2,240.0,480.0
15283,7270,185,1,150.0,150.0
15284,7270,549,1,240.0,240.0
15285,7271,20,1,90.0,90.0
15286,7271,608,2,70.0,140.0
15287,7271,79,1,660.0,660.0
15288,7272,363,1,670.0,670.0
15289,7272,363,1,670.0,670.0
15290,7272,363,1,670.0,670.0
15291,7273,154,1,310.0,310.0
15292,7273,37,2,100.0,200.0
15293,7274,79,1,660.0,660.0
15294,7274,608,3,70.0,210.0
15295,7275,112,1,580.0,580.0
15296,7276,723,1,50.0,50.0
15297,7276,37,1,100.0,100.0
15298,7276,37,1,100.0,100.0
15299,7277,618,2,100.0,200.0
15300,7277,422,2,130.0,260.0
15301,7277,417,3,60.0,180.0
15302,7278,449,1,210.0,210.0
15303,7279,293,3,40.0,120.0
15304,7279,413,1,170.0,170.0
15305,7279,413,1,170.0,170.0
15306,7279,686,1,70.0,70.0
15307,7279,686,1,70.0,70.0
15308,7280,694,2,310.0,620.0
15309,7280,694,1,310.0,310.0
15310,7280,283,1,110.0,110.0
15311,7281,135,1,610.0,610.0
15312,7281,135,1,610.0,610.0
15313,7282,483,2,130.0,260.0
15314,7282,577,1,70.0,70.0
15315,7282,131,1,310.0,310.0
15316,7282,97,1,70.0,70.0
15317,7283,267,1,270.0,270.0
15318,7284,138,1,120.0,120.0
15319,7284,68,1,410.0,410.0
15320,7284,133,1,210.0,210.0
15321,7286,589,1,310.0,310.0
15322,7286,193,1,150.0,150.0
15323,7287,613,1,190.0,190.0
15324,7288,344,1,60.0,60.0
15325,7289,520,1,60.0,60.0
15326,7289,520,2,60.0,120.0
15327,7290,444,1,110.0,110.0
15328,7290,182,1,90.0,90.0
15329,7290,444,1,110.0,110.0
15330,7291,200,2,660.0,1320.0
15331,7291,292,1,530.0,530.0
15332,7292,626,1,260.0,260.0
15333,7292,255,3,70.0,210.0
15334,7292,223,2,270.0,540.0
15335,7292,192,1,270.0,270.0
15336,7293,678,1,180.0,180.0
15337,7294,359,2,580.0,1160.0
15338,7294,452,2,270.0,540.0
15339,7295,526,1,100.0,100.0
15340,7296,424,1,90.0,90.0
15341,7296,424,1,90.0,90.0
15342,7296,629,1,290.0,290.0
15343,7297,527,1,100.0,100.0
15344,7297,107,1,150.0,150.0
15345,7298,102,1,300.0,300.0
15346,7298,232,2,280.0,560.0
15347,7298,232,2,280.0,560.0
15348,7299,559,1,200.0,200.0
15349,7299,688,1,180.0,180.0
15350,7300,594,1,330.0,330.0
15351,7301,109,1,230.0,230.0
15352,7301,117,2,40.0,80.0
15353,7302,552,1,170.0,170.0
15354,7302,606,3,40.0,120.0
15355,7302,516,1,100.0,100.0
15356,7302,516,1,100.0,100.0
15357,7304,255,1,70.0,70.0
15358,7304,223,2,270.0,540.0
15359,7304,427,1,280.0,280.0
15360,7304,223,3,270.0,810.0
15361,7305,506,2,110.0,220.0
15362,7305,403,2,120.0,240.0
15363,7306,172,1,190.0,190.0
15364,7306,525,2,60.0,120.0
15365,7307,290,1,200.0,200.0
15366,7307,290,1,200.0,200.0
15367,7308,723,2,50.0,100.0
15368,7309,671,2,220.0,440.0
15369,7309,143,3,280.0,840.0
15370,7309,143,3,280.0,840.0
15371,7309,143,1,280.0,280.0
15372,7311,606,2,40.0,80.0
15373,7312,269,2,620.0,1240.0
15374,7312,61,1,100.0,100.0
15375,7313,637,1,200.0,200.0
15376,7313,40,3,160.0,480.0
15377,7314,339,2,550.0,1100.0
15378,7314,651,1,50.0,50.0
15379,7314,651,2,50.0,100.0
15380,7315,233,2,160.0,320.0
15381,7316,82,3,70.0,210.0
15382,7316,594,1,330.0,330.0
15383,7318,188,1,320.0,320.0
15384,7318,137,2,490.0,980.0
15385,7319,45,2,280.0,560.0
15386,7319,332,1,180.0,180.0
15387,7320,508,2,340.0,680.0
15388,7320,17,1,330.0,330.0
15389,7320,508,1,340.0,340.0
15390,7321,61,1,100.0,100.0
15391,7321,269,1,620.0,620.0
15392,7321,61,1,100.0,100.0
15393,7323,229,3,340.0,1020.0
15394,7323,676,1,220.0,220.0
15395,7325,130,2,300.0,600.0
15396,7326,146,1,190.0,190.0
15397,7327,363,1,670.0,670.0
15398,7327,629,1,290.0,290.0
15399,7327,629,1,290.0,290.0
15400,7328,703,1,90.0,90.0
15401,7328,677,2,40.0,80.0
15402,7331,566,2,70.0,140.0
15403,7332,634,2,120.0,240.0
15404,7332,692,2,230.0,460.0
15405,7333,150,2,240.0,480.0
15406,7334,709,2,190.0,380.0
15407,7334,709,1,190.0,190.0
15408,7335,623,1,170.0,170.0
15409,7335,83,1,170.0,170.0
15410,7335,640,2,40.0,80.0
15411,7335,492,1,350.0,350.0
15412,7337,608,1,70.0,70.0
15413,7338,42,2,110.0,220.0
15414,7339,594,2,330.0,660.0
15415,7339,371,1,80.0,80.0
15416,7339,371,1,80.0,80.0
15417,7340,666,2,100.0,200.0
15418,7341,206,1,60.0,60.0
15419,7341,206,2,60.0,120.0
15420,7341,459,2,120.0,240.0
15421,7342,201,2,100.0,200.0
15422,7342,449,1,210.0,210.0
15423,7342,716,1,290.0,290.0
15424,7343,47,1,40.0,40.0
15425,7343,308,2,340.0,680.0
15426,7343,561,1,290.0,290.0
15427,7345,102,2,300.0,600.0
15428,7345,232,1,280.0,280.0
15429,7346,461,2,300.0,600.0
15430,7346,461,2,300.0,600.0
15431,7347,731,2,280.0,560.0
15432,7347,731,3,280.0,840.0
15433,7348,213,1,280.0,280.0
15434,7348,330,2,110.0,220.0
15435,7349,614,1,190.0,190.0
15436,7350,252,3,350.0,1050.0
15437,7350,437,1,130.0,130.0
15438,7352,345,1,330.0,330.0
15439,7353,21,3,640.0,1920.0
15440,7353,534,1,80.0,80.0
15441,7354,544,2,40.0,80.0
15442,7354,544,2,40.0,80.0
15443,7354,129,1,50.0,50.0
15444,7355,707,1,180.0,180.0
15445,7355,454,3,160.0,480.0
15446,7355,679,2,240.0,480.0
15447,7355,326,1,110.0,110.0
15448,7356,200,3,660.0,1980.0
15449,7357,78,2,50.0,100.0
15450,7357,78,2,50.0,100.0
15451,7358,573,1,320.0,320.0
15452,7358,4,1,50.0,50.0
15453,7358,478,2,270.0,540.0
15454,7358,572,3,300.0,900.0
15455,7358,573,1,320.0,320.0
15456,7359,301,2,40.0,80.0
15457,7359,210,1,50.0,50.0
15458,7359,586,1,340.0,340.0
15459,7359,305,2,160.0,320.0
15460,7360,309,1,60.0,60.0
15461,7360,681,1,300.0,300.0
15462,7360,309,1,60.0,60.0
15463,7361,213,1,280.0,280.0
15464,7361,135,1,610.0,610.0
15465,7361,213,1,280.0,280.0
15466,7362,59,1,100.0,100.0
15467,7362,571,3,520.0,1560.0
15468,7362,571,1,520.0,520.0
15469,7363,534,1,80.0,80.0
15470,7363,373,1,260.0,260.0
15471,7363,373,1,260.0,260.0
15472,7363,104,1,240.0,240.0
15473,7366,347,2,180.0,360.0
15474,7366,203,1,190.0,190.0
15475,7368,125,2,210.0,420.0
15476,7368,469,2,100.0,200.0
15477,7369,673,1,230.0,230.0
15478,7369,281,1,160.0,160.0
15479,7369,673,1,230.0,230.0
15480,7372,710,2,210.0,420.0
15481,7372,710,2,210.0,420.0
15482,7372,710,1,210.0,210.0
15483,7373,182,2,90.0,180.0
15484,7373,382,2,40.0,80.0
15485,7374,2,2,40.0,80.0
15486,7374,2,2,40.0,80.0
15487,7375,89,3,270.0,810.0
15488,7375,294,1,180.0,180.0
15489,7376,199,1,300.0,300.0
15490,7376,384,1,350.0,350.0
15491,7376,271,3,510.0,1530.0
15492,7376,50,3,300.0,900.0
15493,7377,612,1,290.0,290.0
15494,7377,666,1,100.0,100.0
15495,7378,251,2,320.0,640.0
15496,7378,251,1,320.0,320.0
15497,7379,537,1,90.0,90.0
15498,7379,559,3,200.0,600.0
15499,7379,556,1,270.0,270.0
15500,7379,537,1,90.0,90.0
15501,7379,559,1,200.0,200.0
15502,7380,474,1,150.0,150.0
15503,7380,167,1,50.0,50.0
15504,7380,374,2,130.0,260.0
15505,7381,155,2,50.0,100.0
15506,7381,155,2,50.0,100.0
15507,7381,5,1,80.0,80.0
15508,7383,461,1,300.0,300.0
15509,7383,19,1,110.0,110.0
15510,7384,237,2,350.0,700.0
15511,7385,88,2,310.0,620.0
15512,7385,88,1,310.0,310.0
15513,7385,88,2,310.0,620.0
15514,7387,566,2,70.0,140.0
15515,7387,296,2,40.0,80.0
15516,7387,1,3,120.0,360.0
15517,7388,293,1,40.0,40.0
15518,7388,129,1,50.0,50.0
15519,7388,129,1,50.0,50.0
15520,7388,544,1,40.0,40.0
15521,7390,398,2,120.0,240.0
15522,7390,701,2,260.0,520.0
15523,7391,585,3,50.0,150.0
15524,7391,585,1,50.0,50.0
15525,7392,731,3,280.0,840.0
15526,7394,723,1,50.0,50.0
15527,7394,154,1,310.0,310.0
15528,7394,723,2,50.0,100.0
15529,7395,642,2,260.0,520.0
15530,7395,616,1,190.0,190.0
15531,7396,66,1,220.0,220.0
15532,7396,222,1,60.0,60.0
15533,7398,666,2,100.0,200.0
15534,7399,246,1,190.0,190.0
15535,7399,682,1,80.0,80.0
15536,7400,625,1,210.0,210.0
15537,7400,625,1,210.0,210.0
15538,7400,732,1,120.0,120.0
15539,7400,625,2,210.0,420.0
15540,7401,353,2,300.0,600.0
15541,7401,375,1,310.0,310.0
15542,7401,319,1,180.0,180.0
15543,7402,425,2,200.0,400.0
15544,7402,236,2,250.0,500.0
15545,7403,200,1,660.0,660.0
15546,7403,248,2,280.0,560.0
15547,7403,292,1,530.0,530.0
15548,7403,456,1,320.0,320.0
15549,7404,130,2,300.0,600.0
15550,7405,258,1,270.0,270.0
15551,7406,504,1,390.0,390.0
15552,7406,521,1,330.0,330.0
15553,7407,526,1,100.0,100.0
15554,7407,284,2,70.0,140.0
15555,7407,526,2,100.0,200.0
15556,7407,526,1,100.0,100.0
15557,7408,706,1,280.0,280.0
15558,7409,107,1,150.0,150.0
15559,7409,527,1,100.0,100.0
15560,7410,107,2,150.0,300.0
15561,7410,527,2,100.0,200.0
15562,7410,230,1,120.0,120.0
15563,7411,420,1,270.0,270.0
15564,7411,458,1,570.0,570.0
15565,7412,43,1,50.0,50.0
15566,7412,596,1,300.0,300.0
15567,7413,126,1,510.0,510.0
15568,7413,126,1,510.0,510.0
15569,7414,715,2,230.0,460.0
15570,7414,108,1,230.0,230.0
15571,7414,108,1,230.0,230.0
15572,7415,316,2,190.0,380.0
15573,7416,703,1,90.0,90.0
15574,7417,163,1,90.0,90.0
15575,7417,292,3,530.0,1590.0
15576,7417,163,1,90.0,90.0
15577,7417,247,2,190.0,380.0
15578,7417,456,1,320.0,320.0
15579,7418,534,1,80.0,80.0
15580,7418,534,1,80.0,80.0
15581,7419,470,1,320.0,320.0
15582,7419,721,2,140.0,280.0
15583,7420,484,3,130.0,390.0
15584,7420,499,1,310.0,310.0
15585,7420,515,1,100.0,100.0
15586,7422,212,1,100.0,100.0
15587,7422,738,1,110.0,110.0
15588,7423,358,1,160.0,160.0
15589,7423,172,3,190.0,570.0
15590,7423,172,1,190.0,190.0
15591,7423,172,1,190.0,190.0
15592,7424,732,2,120.0,240.0
15593,7424,625,3,210.0,630.0
15594,7425,672,1,260.0,260.0
15595,7425,672,2,260.0,520.0
15596,7426,224,2,120.0,240.0
15597,7426,690,1,70.0,70.0
15598,7426,193,1,150.0,150.0
15599,7426,64,1,140.0,140.0
15600,7426,589,1,310.0,310.0
15601,7427,65,1,330.0,330.0
15602,7427,65,1,330.0,330.0
15603,7428,230,1,120.0,120.0
15604,7428,279,1,70.0,70.0
15605,7429,267,3,270.0,810.0
15606,7429,442,1,290.0,290.0
15607,7429,270,1,140.0,140.0
15608,7429,372,1,190.0,190.0
15609,7430,98,1,270.0,270.0
15610,7430,659,1,170.0,170.0
15611,7430,659,1,170.0,170.0
15612,7430,98,1,270.0,270.0
15613,7431,146,2,190.0,380.0
15614,7431,689,3,60.0,180.0
15615,7432,500,1,100.0,100.0
15616,7432,500,3,100.0,300.0
15617,7432,500,1,100.0,100.0
15618,7433,353,2,300.0,600.0
15619,7433,266,1,320.0,320.0
15620,7434,252,1,350.0,350.0
15621,7434,74,3,70.0,210.0
15622,7435,417,1,60.0,60.0
15623,7435,618,2,100.0,200.0
15624,7436,341,2,150.0,300.0
15625,7436,371,1,80.0,80.0
15626,7437,234,1,130.0,130.0
15627,7437,2,2,40.0,80.0
15628,7438,625,2,210.0,420.0
15629,7439,70,2,50.0,100.0
15630,7440,740,1,350.0,350.0
15631,7440,740,1,350.0,350.0
15632,7440,603,3,220.0,660.0
15633,7441,311,1,60.0,60.0
15634,7441,548,2,230.0,460.0
15635,7441,339,2,550.0,1100.0
15636,7443,733,3,320.0,960.0
15637,7443,733,1,320.0,320.0
15638,7444,641,2,300.0,600.0
15639,7445,443,2,180.0,360.0
15640,7446,149,1,160.0,160.0
15641,7446,149,2,160.0,320.0
15642,7448,68,1,410.0,410.0
15643,7449,513,1,190.0,190.0
15644,7450,200,1,660.0,660.0
15645,7451,417,1,60.0,60.0
15646,7452,543,2,260.0,520.0
15647,7452,212,1,100.0,100.0
15648,7453,275,2,170.0,340.0
15649,7453,263,1,180.0,180.0
15650,7454,119,1,210.0,210.0
15651,7454,194,1,670.0,670.0
15652,7454,368,1,320.0,320.0
15653,7454,368,1,320.0,320.0
15654,7454,119,1,210.0,210.0
15655,7455,548,2,230.0,460.0
15656,7455,548,2,230.0,460.0
15657,7455,394,1,250.0,250.0
15658,7455,339,1,550.0,550.0
15659,7456,476,1,60.0,60.0
15660,7456,543,2,260.0,520.0
15661,7456,261,1,60.0,60.0
15662,7457,274,3,80.0,240.0
15663,7457,322,2,170.0,340.0
15664,7457,106,1,550.0,550.0
15665,7457,322,2,170.0,340.0
15666,7458,371,1,80.0,80.0
15667,7459,742,1,90.0,90.0
15668,7459,536,1,310.0,310.0
15669,7460,520,1,60.0,60.0
15670,7460,659,1,170.0,170.0
15671,7460,98,2,270.0,540.0
15672,7461,509,1,250.0,250.0
15673,7462,204,1,280.0,280.0
15674,7462,747,2,180.0,360.0
15675,7463,594,2,330.0,660.0
15676,7463,371,1,80.0,80.0
15677,7463,82,2,70.0,140.0
15678,7463,238,2,210.0,420.0
15679,7464,682,1,80.0,80.0
15680,7465,415,1,70.0,70.0
15681,7466,328,1,230.0,230.0
15682,7467,39,1,70.0,70.0
15683,7467,181,1,190.0,190.0
15684,7467,412,1,180.0,180.0
15685,7467,578,2,190.0,380.0
15686,7469,212,2,100.0,200.0
15687,7469,212,2,100.0,200.0
15688,7469,738,2,110.0,220.0
15689,7469,261,1,60.0,60.0
15690,7470,181,1,190.0,190.0
15691,7470,39,2,70.0,140.0
15692,7470,412,2,180.0,360.0
15693,7471,669,3,700.0,2100.0
15694,7472,99,2,560.0,1120.0
15695,7472,462,2,110.0,220.0
15696,7473,459,1,120.0,120.0
15697,7473,459,3,120.0,360.0
15698,7473,96,2,210.0,420.0
15699,7474,205,1,50.0,50.0
15700,7474,498,1,90.0,90.0
15701,7474,498,1,90.0,90.0
15702,7475,537,1,90.0,90.0
15703,7476,296,2,40.0,80.0
15704,7476,560,3,250.0,750.0
15705,7476,455,1,120.0,120.0
15706,7477,625,3,210.0,630.0
15707,7477,625,1,210.0,210.0
15708,7478,37,2,100.0,200.0
15709,7478,154,1,310.0,310.0
15710,7478,154,2,310.0,620.0
15711,7479,14,1,120.0,120.0
15712,7479,14,3,120.0,360.0
15713,7479,14,1,120.0,120.0
15714,7479,14,1,120.0,120.0
15715,7479,14,1,120.0,120.0
15716,7481,414,1,100.0,100.0
15717,7481,34,1,310.0,310.0
15718,7481,302,2,210.0,420.0
15719,7482,369,2,170.0,340.0
15720,7482,546,1,190.0,190.0
15721,7482,546,2,190.0,380.0
15722,7482,670,1,340.0,340.0
15723,7482,493,1,190.0,190.0
15724,7484,366,1,130.0,130.0
15725,7484,259,1,280.0,280.0
15726,7485,467,1,200.0,200.0
15727,7485,403,1,120.0,120.0
15728,7485,550,1,400.0,400.0
15729,7485,350,3,170.0,510.0
15730,7485,467,1,200.0,200.0
15731,7486,694,2,310.0,620.0
15732,7486,694,2,310.0,620.0
15733,7486,694,1,310.0,310.0
15734,7486,364,1,190.0,190.0
15735,7487,130,2,300.0,600.0
15736,7488,571,1,520.0,520.0
15737,7488,59,1,100.0,100.0
15738,7489,667,1,310.0,310.0
15739,7489,742,1,90.0,90.0
15740,7490,643,1,280.0,280.0
15741,7491,452,1,270.0,270.0
15742,7491,359,1,580.0,580.0
15743,7493,137,2,490.0,980.0
15744,7494,236,1,250.0,250.0
15745,7495,22,2,80.0,160.0
15746,7496,409,2,200.0,400.0
15747,7497,241,3,90.0,270.0
15748,7497,561,1,290.0,290.0
15749,7498,432,1,540.0,540.0
15750,7499,551,1,120.0,120.0
15751,7499,551,1,120.0,120.0
15752,7500,563,1,130.0,130.0
15753,7500,178,1,60.0,60.0
15754,7500,320,1,100.0,100.0
15755,7500,178,3,60.0,180.0
15756,7501,533,2,530.0,1060.0
15757,7502,491,2,510.0,1020.0
15758,7503,6,1,200.0,200.0
15759,7504,678,2,180.0,360.0
15760,7504,119,1,210.0,210.0
15761,7504,119,1,210.0,210.0
15762,7505,663,1,170.0,170.0
15763,7505,151,2,120.0,240.0
15764,7506,567,2,140.0,280.0
15765,7506,567,2,140.0,280.0
15766,7507,580,2,40.0,80.0
15767,7507,580,2,40.0,80.0
15768,7508,742,2,90.0,180.0
15769,7508,667,1,310.0,310.0
15770,7509,556,1,270.0,270.0
15771,7509,556,2,270.0,540.0
15772,7509,688,1,180.0,180.0
15773,7510,233,1,160.0,160.0
15774,7510,408,2,120.0,240.0
15775,7510,58,3,260.0,780.0
15776,7510,706,2,280.0,560.0
15777,7510,233,2,160.0,320.0
15778,7511,717,1,60.0,60.0
15779,7511,717,1,60.0,60.0
15780,7511,722,1,140.0,140.0
15781,7512,488,1,180.0,180.0
15782,7512,417,1,60.0,60.0
15783,7512,488,1,180.0,180.0
15784,7513,358,3,160.0,480.0
15785,7513,358,3,160.0,480.0
15786,7515,145,2,320.0,640.0
15787,7515,617,2,210.0,420.0
15788,7515,435,1,70.0,70.0
15789,7515,588,1,640.0,640.0
15790,7515,240,2,200.0,400.0
15791,7516,352,2,40.0,80.0
15792,7517,437,1,130.0,130.0
15793,7517,74,1,70.0,70.0
15794,7518,73,1,70.0,70.0
15795,7518,392,1,60.0,60.0
15796,7519,370,2,130.0,260.0
15797,7519,18,1,110.0,110.0
15798,7519,498,1,90.0,90.0
15799,7520,668,1,110.0,110.0
15800,7520,93,3,710.0,2130.0
15801,7520,668,1,110.0,110.0
15802,7520,692,1,230.0,230.0
15803,7521,361,1,60.0,60.0
15804,7522,434,1,670.0,670.0
15805,7522,691,2,540.0,1080.0
15806,7523,581,2,130.0,260.0
15807,7523,323,2,50.0,100.0
15808,7524,578,2,190.0,380.0
15809,7525,393,3,80.0,240.0
15810,7526,414,3,100.0,300.0
15811,7526,34,1,310.0,310.0
15812,7527,659,1,170.0,170.0
15813,7528,646,2,80.0,160.0
15814,7528,569,1,210.0,210.0
15815,7529,434,1,670.0,670.0
15816,7529,434,1,670.0,670.0
15817,7530,469,1,100.0,100.0
15818,7532,649,2,320.0,640.0
15819,7532,626,2,260.0,520.0
15820,7533,519,2,170.0,340.0
15821,7533,519,1,170.0,170.0
15822,7533,696,1,300.0,300.0
15823,7534,602,1,580.0,580.0
15824,7535,254,1,110.0,110.0
15825,7535,254,2,110.0,220.0
15826,7535,547,1,100.0,100.0
15827,7535,475,1,100.0,100.0
15828,7536,565,2,460.0,920.0
15829,7536,565,1,460.0,460.0
15830,7536,195,1,270.0,270.0
15831,7536,195,1,270.0,270.0
15832,7537,536,1,310.0,310.0
15833,7537,536,2,310.0,620.0
15834,7538,370,1,130.0,130.0
15835,7538,370,1,130.0,130.0
15836,7538,575,1,110.0,110.0
15837,7539,725,1,90.0,90.0
15838,7539,196,1,340.0,340.0
15839,7539,240,2,200.0,400.0
15840,7539,736,1,60.0,60.0
15841,7539,240,2,200.0,400.0
15842,7540,740,2,350.0,700.0
15843,7540,532,1,130.0,130.0
15844,7541,440,1,150.0,150.0
15845,7544,383,2,200.0,400.0
15846,7544,11,1,80.0,80.0
15847,7544,299,1,70.0,70.0
15848,7545,438,1,300.0,300.0
15849,7545,63,1,680.0,680.0
15850,7546,537,2,90.0,180.0
15851,7546,688,1,180.0,180.0
15852,7546,537,1,90.0,90.0
15853,7547,603,2,220.0,440.0
15854,7547,532,2,130.0,260.0
15855,7548,750,1,220.0,220.0
15856,7548,567,2,140.0,280.0
15857,7549,371,2,80.0,160.0
15858,7550,168,1,60.0,60.0
15859,7550,707,3,180.0,540.0
15860,7550,645,3,210.0,630.0
15861,7550,707,1,180.0,180.0
15862,7551,47,1,40.0,40.0
15863,7552,403,2,120.0,240.0
15864,7553,436,1,110.0,110.0
15865,7553,436,1,110.0,110.0
15866,7553,745,2,90.0,180.0
15867,7554,640,1,40.0,40.0
15868,7554,623,1,170.0,170.0
15869,7555,126,2,510.0,1020.0
15870,7555,673,1,230.0,230.0
15871,7555,281,1,160.0,160.0
15872,7556,559,1,200.0,200.0
15873,7556,8,1,460.0,460.0
15874,7556,537,2,90.0,180.0
15875,7556,8,3,460.0,1380.0
15876,7558,676,1,220.0,220.0
15877,7559,49,1,330.0,330.0
15878,7559,410,2,570.0,1140.0
15879,7559,280,2,330.0,660.0
15880,7559,344,1,60.0,60.0
15881,7560,428,3,240.0,720.0
15882,7561,638,2,300.0,600.0
15883,7561,297,1,300.0,300.0
15884,7561,638,1,300.0,300.0
15885,7562,354,1,320.0,320.0
15886,7562,354,2,320.0,640.0
15887,7563,584,2,50.0,100.0
15888,7563,584,3,50.0,150.0
15889,7563,715,3,230.0,690.0
15890,7564,124,2,220.0,440.0
15891,7564,693,1,60.0,60.0
15892,7565,734,3,90.0,270.0
15893,7566,9,2,280.0,560.0
15894,7566,643,1,280.0,280.0
15895,7567,484,1,130.0,130.0
15896,7567,637,1,200.0,200.0
15897,7568,73,1,70.0,70.0
15898,7568,173,1,220.0,220.0
15899,7568,173,2,220.0,440.0
15900,7568,73,2,70.0,140.0
15901,7569,727,2,250.0,500.0
15902,7569,189,1,170.0,170.0
15903,7569,28,2,210.0,420.0
15904,7570,620,1,60.0,60.0
15905,7571,213,1,280.0,280.0
15906,7571,330,1,110.0,110.0
15907,7572,717,1,60.0,60.0
15908,7573,8,1,460.0,460.0
15909,7573,688,1,180.0,180.0
15910,7573,559,1,200.0,200.0
15911,7574,357,1,300.0,300.0
15912,7574,357,1,300.0,300.0
15913,7574,81,1,280.0,280.0
15914,7575,409,2,200.0,400.0
15915,7575,508,1,340.0,340.0
15916,7575,508,1,340.0,340.0
15917,7576,247,2,190.0,380.0
15918,7576,163,3,90.0,270.0
15919,7576,248,2,280.0,560.0
15920,7577,14,1,120.0,120.0
15921,7579,243,1,250.0,250.0
15922,7579,464,1,80.0,80.0
15923,7582,138,1,120.0,120.0
15924,7582,747,2,180.0,360.0
15925,7582,295,1,50.0,50.0
15926,7582,133,1,210.0,210.0
15927,7582,356,2,310.0,620.0
15928,7583,209,3,50.0,150.0
15929,7583,514,2,150.0,300.0
15930,7584,96,1,210.0,210.0
15931,7585,164,1,90.0,90.0
15932,7586,150,2,240.0,480.0
15933,7587,205,1,50.0,50.0
15934,7587,366,1,130.0,130.0
15935,7587,259,1,280.0,280.0
15936,7589,624,1,70.0,70.0
15937,7589,471,2,650.0,1300.0
15938,7589,471,2,650.0,1300.0
15939,7590,634,1,120.0,120.0
15940,7591,218,1,160.0,160.0
15941,7591,158,1,270.0,270.0
15942,7592,704,1,130.0,130.0
15943,7593,231,1,100.0,100.0
15944,7593,170,1,60.0,60.0
15945,7593,170,2,60.0,120.0
15946,7594,507,1,190.0,190.0
15947,7595,7,2,320.0,640.0
15948,7596,169,1,310.0,310.0
15949,7596,722,1,140.0,140.0
15950,7596,184,1,500.0,500.0
15951,7596,717,1,60.0,60.0
15952,7598,552,1,170.0,170.0
15953,7598,53,3,200.0,600.0
15954,7598,552,1,170.0,170.0
15955,7599,350,2,170.0,340.0
15956,7600,502,1,350.0,350.0
15957,7600,55,2,140.0,280.0
15958,7600,518,1,340.0,340.0
15959,7601,444,1,110.0,110.0
15960,7601,182,1,90.0,90.0
15961,7601,444,2,110.0,220.0
15962,7602,235,2,110.0,220.0
15963,7602,235,1,110.0,110.0
15964,7603,300,1,330.0,330.0
15965,7604,207,1,70.0,70.0
15966,7604,3,2,100.0,200.0
15967,7604,176,1,230.0,230.0
15968,7604,336,2,110.0,220.0
15969,7605,501,3,70.0,210.0
15970,7605,365,1,450.0,450.0
15971,7607,236,1,250.0,250.0
15972,7607,236,2,250.0,500.0
15973,7608,238,3,210.0,630.0
15974,7608,341,1,150.0,150.0
15975,7609,108,2,230.0,460.0
15976,7609,6,1,200.0,200.0
15977,7610,57,2,230.0,460.0
15978,7611,585,2,50.0,100.0
15979,7613,339,2,550.0,1100.0
15980,7613,548,3,230.0,690.0
15981,7613,548,1,230.0,230.0
15982,7613,339,1,550.0,550.0
15983,7613,548,1,230.0,230.0
15984,7614,494,2,50.0,100.0
15985,7615,614,1,190.0,190.0
15986,7615,620,1,60.0,60.0
15987,7616,239,2,240.0,480.0
15988,7616,630,1,40.0,40.0
15989,7616,282,1,100.0,100.0
15990,7616,523,1,200.0,200.0
15991,7617,348,1,70.0,70.0
15992,7617,10,1,90.0,90.0
15993,7617,10,1,90.0,90.0
15994,7618,79,2,660.0,1320.0
15995,7618,608,3,70.0,210.0
15996,7618,608,3,70.0,210.0
15997,7619,564,3,200.0,600.0
15998,7619,532,2,130.0,260.0
15999,7619,603,2,220.0,440.0
16000,7619,564,2,200.0,400.0
16001,7620,680,3,240.0,720.0
16002,7620,252,2,350.0,700.0
16003,7621,639,1,200.0,200.0
16004,7622,516,1,100.0,100.0
16005,7622,516,1,100.0,100.0
16006,7623,616,3,190.0,570.0
16007,7623,642,1,260.0,260.0
16008,7623,42,2,110.0,220.0
16009,7624,526,3,100.0,300.0
16010,7624,526,1,100.0,100.0
16011,7624,526,1,100.0,100.0
16012,7624,526,1,100.0,100.0
16013,7625,521,1,330.0,330.0
16014,7625,504,3,390.0,1170.0
16015,7626,247,1,190.0,190.0
16016,7626,248,2,280.0,560.0
16017,7626,247,2,190.0,380.0
16018,7627,364,3,190.0,570.0
16019,7627,354,1,320.0,320.0
16020,7627,51,3,50.0,150.0
16021,7627,51,3,50.0,150.0
16022,7628,673,2,230.0,460.0
16023,7628,673,1,230.0,230.0
16024,7628,673,2,230.0,460.0
16025,7629,20,1,90.0,90.0
16026,7629,79,1,660.0,660.0
16027,7629,79,1,660.0,660.0
16028,7630,340,1,60.0,60.0
16029,7630,161,2,180.0,360.0
16030,7630,340,1,60.0,60.0
16031,7631,470,1,320.0,320.0
16032,7631,142,1,260.0,260.0
16033,7632,721,1,140.0,140.0
16034,7632,470,3,320.0,960.0
16035,7633,339,1,550.0,550.0
16036,7634,170,2,60.0,120.0
16037,7634,170,1,60.0,60.0
16038,7635,508,1,340.0,340.0
16039,7635,409,1,200.0,200.0
16040,7635,508,2,340.0,680.0
16041,7635,508,1,340.0,340.0
16042,7635,508,1,340.0,340.0
16043,7636,347,2,180.0,360.0
16044,7637,375,1,310.0,310.0
16045,7637,266,2,320.0,640.0
16046,7638,259,2,280.0,560.0
16047,7638,18,1,110.0,110.0
16048,7638,370,1,130.0,130.0
16049,7639,61,1,100.0,100.0
16050,7639,61,2,100.0,200.0
16051,7640,2,1,40.0,40.0
16052,7640,88,2,310.0,620.0
16053,7641,522,3,180.0,540.0
16054,7641,333,1,100.0,100.0
16055,7641,67,1,120.0,120.0
16056,7642,313,1,260.0,260.0
16057,7643,421,1,160.0,160.0
16058,7643,152,1,70.0,70.0
16059,7644,265,2,170.0,340.0
16060,7644,396,1,90.0,90.0
16061,7644,265,3,170.0,510.0
16062,7644,540,1,50.0,50.0
16063,7645,413,2,170.0,340.0
16064,7646,694,2,310.0,620.0
16065,7647,351,3,60.0,180.0
16066,7648,144,1,130.0,130.0
16067,7648,144,1,130.0,130.0
16068,7648,596,2,300.0,600.0
16069,7648,308,2,340.0,680.0
16070,7649,82,2,70.0,140.0
16071,7649,594,1,330.0,330.0
16072,7650,254,1,110.0,110.0
16073,7650,547,1,100.0,100.0
16074,7651,748,1,390.0,390.0
16075,7651,165,1,180.0,180.0
16076,7651,402,1,230.0,230.0
16077,7652,710,1,210.0,210.0
16078,7652,203,1,190.0,190.0
16079,7652,710,2,210.0,420.0
16080,7653,326,1,110.0,110.0
16081,7653,707,1,180.0,180.0
16082,7653,326,1,110.0,110.0
16083,7654,418,1,50.0,50.0
16084,7654,462,2,110.0,220.0
16085,7654,99,2,560.0,1120.0
16086,7655,339,2,550.0,1100.0
16087,7655,339,1,550.0,550.0
16088,7656,413,2,170.0,340.0
16089,7657,30,3,60.0,180.0
16090,7657,573,3,320.0,960.0
16091,7658,467,1,200.0,200.0
16092,7659,310,2,540.0,1080.0
16093,7659,582,1,200.0,200.0
16094,7659,187,1,130.0,130.0
16095,7660,479,1,80.0,80.0
16096,7660,417,1,60.0,60.0
16097,7660,479,2,80.0,160.0
16098,7660,479,1,80.0,80.0
16099,7660,422,2,130.0,260.0
16100,7661,181,1,190.0,190.0
16101,7661,460,1,70.0,70.0
16102,7661,181,2,190.0,380.0
16103,7661,39,1,70.0,70.0
16104,7661,39,1,70.0,70.0
16105,7662,717,1,60.0,60.0
16106,7662,221,2,110.0,220.0
16107,7663,400,2,190.0,380.0
16108,7663,604,1,60.0,60.0
16109,7663,400,1,190.0,190.0
16110,7664,599,1,100.0,100.0
16111,7664,340,1,60.0,60.0
16112,7667,209,1,50.0,50.0
16113,7667,199,3,300.0,900.0
16114,7667,262,2,80.0,160.0
16115,7667,514,1,150.0,150.0
16116,7667,199,2,300.0,600.0
16117,7668,214,2,190.0,380.0
16118,7669,154,2,310.0,620.0
16119,7669,154,1,310.0,310.0
16120,7669,723,2,50.0,100.0
16121,7670,667,1,310.0,310.0
16122,7670,742,1,90.0,90.0
16123,7671,610,1,220.0,220.0
16124,7671,598,2,440.0,880.0
16125,7671,655,1,250.0,250.0
16126,7671,598,1,440.0,440.0
16127,7672,63,2,680.0,1360.0
16128,7672,63,2,680.0,1360.0
16129,7673,229,1,340.0,340.0
16130,7673,676,1,220.0,220.0
16131,7673,676,1,220.0,220.0
16132,7674,6,1,200.0,200.0
16133,7675,37,1,100.0,100.0
16134,7675,723,1,50.0,50.0
16135,7675,723,1,50.0,50.0
16136,7676,240,2,200.0,400.0
16137,7677,98,1,270.0,270.0
16138,7677,520,2,60.0,120.0
16139,7677,520,3,60.0,180.0
16140,7677,659,1,170.0,170.0
16141,7678,683,2,50.0,100.0
16142,7678,113,1,430.0,430.0
16143,7678,687,2,90.0,180.0
16144,7678,113,1,430.0,430.0
16145,7679,9,2,280.0,560.0
16146,7679,117,1,40.0,40.0
16147,7679,109,1,230.0,230.0
16148,7680,216,1,320.0,320.0
16149,7680,744,2,270.0,540.0
16150,7680,216,1,320.0,320.0
16151,7681,649,3,320.0,960.0
16152,7681,255,1,70.0,70.0
16153,7681,649,2,320.0,640.0
16154,7682,245,2,290.0,580.0
16155,7682,481,2,50.0,100.0
16156,7683,205,1,50.0,50.0
16157,7684,98,2,270.0,540.0
16158,7686,562,1,150.0,150.0
16159,7686,173,1,220.0,220.0
16160,7687,575,1,110.0,110.0
16161,7687,575,2,110.0,220.0
16162,7688,723,1,50.0,50.0
16163,7689,14,1,120.0,120.0
16164,7689,219,1,100.0,100.0
16165,7690,102,1,300.0,300.0
16166,7690,102,1,300.0,300.0
16167,7691,465,1,90.0,90.0
16168,7691,465,3,90.0,270.0
16169,7691,467,1,200.0,200.0
16170,7692,234,1,130.0,130.0
16171,7692,2,1,40.0,40.0
16172,7693,186,3,250.0,750.0
16173,7693,562,1,150.0,150.0
16174,7694,500,1,100.0,100.0
16175,7694,91,2,270.0,540.0
16176,7695,641,1,300.0,300.0
16177,7696,342,2,190.0,380.0
16178,7696,719,2,50.0,100.0
16179,7697,519,2,170.0,340.0
16180,7697,46,3,200.0,600.0
16181,7699,523,1,200.0,200.0
16182,7699,282,1,100.0,100.0
16183,7700,58,1,260.0,260.0
16184,7700,58,1,260.0,260.0
16185,7700,408,1,120.0,120.0
16186,7700,233,1,160.0,160.0
16187,7702,35,3,310.0,930.0
16188,7702,216,1,320.0,320.0
16189,7703,238,2,210.0,420.0
16190,7703,341,1,150.0,150.0
16191,7703,594,3,330.0,990.0
16192,7704,18,1,110.0,110.0
16193,7704,498,3,90.0,270.0
16194,7704,498,1,90.0,90.0
16195,7705,462,2,110.0,220.0
16196,7705,418,1,50.0,50.0
16197,7707,723,2,50.0,100.0
16198,7707,723,2,50.0,100.0
16199,7708,392,1,60.0,60.0
16200,7708,392,2,60.0,120.0
16201,7709,159,1,320.0,320.0
16202,7710,149,1,160.0,160.0
16203,7710,675,2,650.0,1300.0
16204,7711,676,3,220.0,660.0
16205,7712,131,1,310.0,310.0
16206,7712,337,1,290.0,290.0
16207,7713,671,1,220.0,220.0
16208,7713,332,1,180.0,180.0
16209,7715,612,1,290.0,290.0
16210,7715,666,1,100.0,100.0
16211,7715,25,2,420.0,840.0
16212,7716,504,2,390.0,780.0
16213,7719,576,1,120.0,120.0
16214,7719,389,3,70.0,210.0
16215,7720,698,2,210.0,420.0
16216,7720,590,2,290.0,580.0
16217,7720,581,2,130.0,260.0
16218,7721,456,1,320.0,320.0
16219,7721,200,2,660.0,1320.0
16220,7722,57,1,230.0,230.0
16221,7723,9,2,280.0,560.0
16222,7723,109,1,230.0,230.0
16223,7723,643,3,280.0,840.0
16224,7724,178,3,60.0,180.0
16225,7724,563,1,130.0,130.0
16226,7724,662,1,590.0,590.0
16227,7725,134,1,200.0,200.0
16228,7725,526,1,100.0,100.0
16229,7725,555,1,250.0,250.0
16230,7725,526,1,100.0,100.0
16231,7726,238,3,210.0,630.0
16232,7726,371,2,80.0,160.0
16233,7727,362,1,100.0,100.0
16234,7727,372,1,190.0,190.0
16235,7728,593,2,180.0,360.0
16236,7728,593,1,180.0,180.0
16237,7728,285,1,270.0,270.0
16238,7729,442,1,290.0,290.0
16239,7729,362,2,100.0,200.0
16240,7729,270,1,140.0,140.0
16241,7730,641,2,300.0,600.0
16242,7731,698,2,210.0,420.0
16243,7731,323,1,50.0,50.0
16244,7731,90,1,100.0,100.0
16245,7733,541,1,300.0,300.0
16246,7734,6,2,200.0,400.0
16247,7734,584,1,50.0,50.0
16248,7734,108,1,230.0,230.0
16249,7734,715,1,230.0,230.0
16250,7735,663,1,170.0,170.0
16251,7735,613,2,190.0,380.0
16252,7736,109,1,230.0,230.0
16253,7736,117,1,40.0,40.0
16254,7737,598,2,440.0,880.0
16255,7737,714,2,40.0,80.0
16256,7737,598,1,440.0,440.0
16257,7738,453,1,170.0,170.0
16258,7739,291,1,280.0,280.0
16259,7739,174,1,110.0,110.0
16260,7740,546,2,190.0,380.0
16261,7740,493,1,190.0,190.0
16262,7740,188,1,320.0,320.0
16263,7741,505,2,70.0,140.0
16264,7741,699,1,320.0,320.0
16265,7742,119,1,210.0,210.0
16266,7742,368,1,320.0,320.0
16267,7742,678,3,180.0,540.0
16268,7742,119,1,210.0,210.0
16269,7743,258,1,270.0,270.0
16270,7743,118,1,170.0,170.0
16271,7744,8,1,460.0,460.0
16272,7744,8,2,460.0,920.0
16273,7744,559,2,200.0,400.0
16274,7746,20,3,90.0,270.0
16275,7747,491,2,510.0,1020.0
16276,7748,255,2,70.0,140.0
16277,7748,255,3,70.0,210.0
16278,7748,255,1,70.0,70.0
16279,7748,626,1,260.0,260.0
16280,7749,583,1,140.0,140.0
16281,7749,583,1,140.0,140.0
16282,7749,436,1,110.0,110.0
16283,7749,695,1,280.0,280.0
16284,7750,182,2,90.0,180.0
16285,7750,382,1,40.0,40.0
16286,7750,444,1,110.0,110.0
16287,7752,460,2,70.0,140.0
16288,7753,568,3,100.0,300.0
16289,7753,568,2,100.0,200.0
16290,7753,228,2,280.0,560.0
16291,7753,515,1,100.0,100.0
16292,7754,459,1,120.0,120.0
16293,7754,96,1,210.0,210.0
16294,7754,459,2,120.0,240.0
16295,7756,160,1,50.0,50.0
16296,7756,80,1,280.0,280.0
16297,7756,23,1,310.0,310.0
16298,7757,157,2,240.0,480.0
16299,7757,190,1,550.0,550.0
16300,7757,453,3,170.0,510.0
16301,7758,258,3,270.0,810.0
16302,7758,503,1,270.0,270.0
16303,7759,117,1,40.0,40.0
16304,7759,9,2,280.0,560.0
16305,7759,109,1,230.0,230.0
16306,7759,109,1,230.0,230.0
16307,7760,722,1,140.0,140.0
16308,7760,221,1,110.0,110.0
16309,7761,692,1,230.0,230.0
16310,7761,692,2,230.0,460.0
16311,7761,692,1,230.0,230.0
16312,7761,634,1,120.0,120.0
16313,7761,668,2,110.0,220.0
16314,7762,548,1,230.0,230.0
16315,7762,651,3,50.0,150.0
16316,7762,651,1,50.0,50.0
16317,7762,651,1,50.0,50.0
16318,7763,337,2,290.0,580.0
16319,7763,483,3,130.0,390.0
16320,7763,337,2,290.0,580.0
16321,7765,68,2,410.0,820.0
16322,7765,68,2,410.0,820.0
16323,7766,292,2,530.0,1060.0
16324,7766,248,1,280.0,280.0
16325,7766,456,3,320.0,960.0
16326,7766,247,3,190.0,570.0
16327,7767,7,1,320.0,320.0
16328,7767,622,2,100.0,200.0
16329,7767,276,3,200.0,600.0
16330,7767,529,2,60.0,120.0
16331,7768,127,3,250.0,750.0
16332,7768,127,3,250.0,750.0
16333,7769,87,1,510.0,510.0
16334,7770,164,2,90.0,180.0
16335,7770,164,1,90.0,90.0
16336,7771,31,1,100.0,100.0
16337,7771,728,1,370.0,370.0
16338,7771,289,1,160.0,160.0
16339,7772,205,2,50.0,100.0
16340,7772,18,1,110.0,110.0
16341,7772,575,3,110.0,330.0
16342,7772,575,1,110.0,110.0
16343,7773,695,2,280.0,560.0
16344,7773,745,1,90.0,90.0
16345,7774,397,2,310.0,620.0
16346,7774,697,1,210.0,210.0
16347,7775,698,1,210.0,210.0
16348,7775,590,1,290.0,290.0
16349,7776,629,1,290.0,290.0
16350,7776,363,1,670.0,670.0
16351,7776,424,2,90.0,180.0
16352,7777,672,2,260.0,520.0
16353,7777,672,1,260.0,260.0
16354,7777,702,1,90.0,90.0
16355,7778,723,1,50.0,50.0
16356,7779,132,1,300.0,300.0
16357,7780,680,1,240.0,240.0
16358,7780,343,1,680.0,680.0
16359,7781,95,2,90.0,180.0
16360,7782,382,3,40.0,120.0
16361,7782,182,3,90.0,270.0
16362,7782,444,2,110.0,220.0
16363,7783,726,1,310.0,310.0
16364,7783,726,1,310.0,310.0
16365,7784,96,2,210.0,420.0
16366,7784,459,2,120.0,240.0
16367,7785,663,1,170.0,170.0
16368,7785,613,1,190.0,190.0
16369,7786,691,1,540.0,540.0
16370,7787,471,1,650.0,650.0
16371,7787,624,1,70.0,70.0
16372,7787,121,1,690.0,690.0
16373,7788,47,1,40.0,40.0
16374,7789,409,1,200.0,200.0
16375,7789,602,1,580.0,580.0
16376,7790,619,3,60.0,180.0
16377,7791,15,1,670.0,670.0
16378,7791,617,1,210.0,210.0
16379,7792,544,3,40.0,120.0
16380,7792,129,1,50.0,50.0
16381,7792,544,1,40.0,40.0
16382,7793,575,1,110.0,110.0
16383,7793,18,1,110.0,110.0
16384,7794,610,1,220.0,220.0
16385,7794,598,1,440.0,440.0
16386,7795,224,1,120.0,120.0
16387,7796,536,2,310.0,620.0
16388,7796,536,2,310.0,620.0
16389,7796,667,1,310.0,310.0
16390,7796,250,1,320.0,320.0
16391,7797,603,1,220.0,220.0
16392,7797,603,1,220.0,220.0
16393,7797,603,1,220.0,220.0
16394,7797,603,2,220.0,440.0
16395,7798,130,1,300.0,300.0
16396,7799,546,1,190.0,190.0
16397,7799,137,1,490.0,490.0
16398,7799,277,1,210.0,210.0
16399,7802,207,2,70.0,140.0
16400,7802,207,2,70.0,140.0
16401,7803,127,1,250.0,250.0
16402,7803,164,1,90.0,90.0
16403,7805,461,1,300.0,300.0
16404,7806,351,1,60.0,60.0
16405,7807,669,1,700.0,700.0
16406,7807,291,1,280.0,280.0
16407,7808,134,1,200.0,200.0
16408,7809,311,3,60.0,180.0
16409,7810,434,2,670.0,1340.0
16410,7810,434,1,670.0,670.0
16411,7811,213,1,280.0,280.0
16412,7812,98,1,270.0,270.0
16413,7812,520,1,60.0,60.0
16414,7813,45,1,280.0,280.0
16415,7814,245,1,290.0,290.0
16416,7815,36,1,80.0,80.0
16417,7815,36,1,80.0,80.0
16418,7815,738,1,110.0,110.0
16419,7815,476,2,60.0,120.0
16420,7816,351,2,60.0,120.0
16421,7817,575,1,110.0,110.0
16422,7817,575,2,110.0,220.0
16423,7818,641,2,300.0,600.0
16424,7820,336,1,110.0,110.0
16425,7820,176,1,230.0,230.0
16426,7820,207,2,70.0,140.0
16427,7821,353,1,300.0,300.0
16428,7822,337,1,290.0,290.0
16429,7822,337,3,290.0,870.0
16430,7824,250,2,320.0,640.0
16431,7824,735,1,40.0,40.0
16432,7824,667,2,310.0,620.0
16433,7824,78,1,50.0,50.0
16434,7825,477,2,290.0,580.0
16435,7825,545,2,290.0,580.0
16436,7825,545,3,290.0,870.0
16437,7826,588,2,640.0,1280.0
16438,7826,588,1,640.0,640.0
16439,7826,240,2,200.0,400.0
16440,7826,15,1,670.0,670.0
16441,7827,421,1,160.0,160.0
16442,7827,389,1,70.0,70.0
16443,7828,712,1,70.0,70.0
16444,7829,545,1,290.0,290.0
16445,7830,480,1,510.0,510.0
16446,7830,480,1,510.0,510.0
16447,7831,701,1,260.0,260.0
16448,7832,285,3,270.0,810.0
16449,7832,383,1,200.0,200.0
16450,7833,319,1,180.0,180.0
16451,7833,319,1,180.0,180.0
16452,7833,367,1,270.0,270.0
16453,7834,87,1,510.0,510.0
16454,7834,613,1,190.0,190.0
16455,7836,571,1,520.0,520.0
16456,7836,59,2,100.0,200.0
16457,7837,194,1,670.0,670.0
16458,7837,678,1,180.0,180.0
16459,7839,403,1,120.0,120.0
16460,7839,550,1,400.0,400.0
16461,7840,481,1,50.0,50.0
16462,7840,712,3,70.0,210.0
16463,7840,712,1,70.0,70.0
16464,7842,361,1,60.0,60.0
16465,7842,361,2,60.0,120.0
16466,7842,500,1,100.0,100.0
16467,7843,673,1,230.0,230.0
16468,7844,30,2,60.0,120.0
16469,7844,272,1,200.0,200.0
16470,7846,233,1,160.0,160.0
16471,7847,303,1,110.0,110.0
16472,7847,639,1,200.0,200.0
16473,7847,227,2,120.0,240.0
16474,7847,303,1,110.0,110.0
16475,7847,639,1,200.0,200.0
16476,7848,161,1,180.0,180.0
16477,7849,19,1,110.0,110.0
16478,7849,609,2,60.0,120.0
16479,7850,127,1,250.0,250.0
16480,7850,164,1,90.0,90.0
16481,7851,234,1,130.0,130.0
16482,7851,234,1,130.0,130.0
16483,7852,602,2,580.0,1160.0
16484,7853,285,3,270.0,810.0
16485,7853,700,1,50.0,50.0
16486,7853,383,1,200.0,200.0
16487,7854,278,1,310.0,310.0
16488,7855,347,3,180.0,540.0
16489,7855,203,1,190.0,190.0
16490,7855,710,1,210.0,210.0
16491,7856,44,2,290.0,580.0
16492,7856,599,2,100.0,200.0
16493,7856,340,1,60.0,60.0
16494,7856,44,1,290.0,290.0
16495,7857,571,1,520.0,520.0
16496,7857,59,2,100.0,200.0
16497,7858,353,1,300.0,300.0
16498,7858,375,2,310.0,620.0
16499,7858,132,2,300.0,600.0
16500,7858,353,1,300.0,300.0
16501,7859,715,1,230.0,230.0
16502,7859,660,1,250.0,250.0
16503,7859,660,2,250.0,500.0
16504,7859,108,2,230.0,460.0
16505,7860,20,2,90.0,180.0
16506,7860,79,2,660.0,1320.0
16507,7860,608,1,70.0,70.0
16508,7861,508,2,340.0,680.0
16509,7862,163,1,90.0,90.0
16510,7862,247,2,190.0,380.0
16511,7863,307,1,270.0,270.0
16512,7863,307,1,270.0,270.0
16513,7864,461,1,300.0,300.0
16514,7864,733,2,320.0,640.0
16515,7864,19,2,110.0,220.0
16516,7866,662,1,590.0,590.0
16517,7866,592,3,340.0,1020.0
16518,7866,70,1,50.0,50.0
16519,7866,70,1,50.0,50.0
16520,7867,733,1,320.0,320.0
16521,7867,461,1,300.0,300.0
16522,7867,19,1,110.0,110.0
16523,7867,733,2,320.0,640.0
16524,7868,281,1,160.0,160.0
16525,7868,673,2,230.0,460.0
16526,7869,582,2,200.0,400.0
16527,7869,191,1,140.0,140.0
16528,7871,512,2,50.0,100.0
16529,7873,712,1,70.0,70.0
16530,7873,743,1,90.0,90.0
16531,7874,679,1,240.0,240.0
16532,7874,168,3,60.0,180.0
16533,7874,168,1,60.0,60.0
16534,7875,231,1,100.0,100.0
16535,7875,306,2,190.0,380.0
16536,7875,306,2,190.0,380.0
16537,7875,654,1,180.0,180.0
16538,7875,306,2,190.0,380.0
16539,7877,496,1,220.0,220.0
16540,7878,651,1,50.0,50.0
16541,7879,438,1,300.0,300.0
16542,7879,438,1,300.0,300.0
16543,7879,275,1,170.0,170.0
16544,7879,263,1,180.0,180.0
16545,7880,418,2,50.0,100.0
16546,7881,481,1,50.0,50.0
16547,7882,136,1,530.0,530.0
16548,7882,485,1,170.0,170.0
16549,7883,100,1,190.0,190.0
16550,7883,515,2,100.0,200.0
16551,7885,334,1,120.0,120.0
16552,7886,99,1,560.0,560.0
16553,7886,99,1,560.0,560.0
16554,7886,418,1,50.0,50.0
16555,7888,535,1,250.0,250.0
16556,7888,98,3,270.0,810.0
16557,7890,130,1,300.0,300.0
16558,7891,201,1,100.0,100.0
16559,7891,194,2,670.0,1340.0
16560,7892,715,1,230.0,230.0
16561,7892,108,3,230.0,690.0
16562,7893,601,1,230.0,230.0
16563,7893,630,1,40.0,40.0
16564,7894,38,3,620.0,1860.0
16565,7894,549,1,240.0,240.0
16566,7894,198,1,570.0,570.0
16567,7895,323,2,50.0,100.0
16568,7895,698,2,210.0,420.0
16569,7896,703,1,90.0,90.0
16570,7896,677,2,40.0,80.0
16571,7896,396,2,90.0,180.0
16572,7897,545,2,290.0,580.0
16573,7897,118,1,170.0,170.0
16574,7899,651,1,50.0,50.0
16575,7900,455,3,120.0,360.0
16576,7900,1,1,120.0,120.0
16577,7900,711,1,110.0,110.0
16578,7900,636,2,50.0,100.0
16579,7900,636,2,50.0,100.0
16580,7901,640,1,40.0,40.0
16581,7901,83,2,170.0,340.0
16582,7902,103,1,500.0,500.0
16583,7903,374,1,130.0,130.0
16584,7903,374,3,130.0,390.0
16585,7903,179,1,160.0,160.0
16586,7903,374,1,130.0,130.0
16587,7905,724,1,270.0,270.0
16588,7906,314,1,320.0,320.0
16589,7906,739,1,290.0,290.0
16590,7907,57,1,230.0,230.0
16591,7907,120,1,60.0,60.0
16592,7907,327,1,110.0,110.0
16593,7908,139,2,150.0,300.0
16594,7909,126,1,510.0,510.0
16595,7910,704,2,130.0,260.0
16596,7910,101,1,300.0,300.0
16597,7910,101,2,300.0,600.0
16598,7910,327,1,110.0,110.0
16599,7910,704,1,130.0,130.0
16600,7911,290,1,200.0,200.0
16601,7911,571,1,520.0,520.0
16602,7912,449,2,210.0,420.0
16603,7912,716,3,290.0,870.0
16604,7912,368,2,320.0,640.0
16605,7913,642,1,260.0,260.0
16606,7913,616,1,190.0,190.0
16607,7913,642,1,260.0,260.0
16608,7914,609,1,60.0,60.0
16609,7914,19,3,110.0,330.0
16610,7916,567,3,140.0,420.0
16611,7916,750,2,220.0,440.0
16612,7917,600,1,170.0,170.0
16613,7917,600,1,170.0,170.0
16614,7917,345,1,330.0,330.0
16615,7918,139,1,150.0,150.0
16616,7918,24,1,50.0,50.0
16617,7918,398,1,120.0,120.0
16618,7918,398,2,120.0,240.0
16619,7919,414,1,100.0,100.0
16620,7919,414,1,100.0,100.0
16621,7920,498,1,90.0,90.0
16622,7921,323,1,50.0,50.0
16623,7922,698,1,210.0,210.0
16624,7922,698,2,210.0,420.0
16625,7923,139,3,150.0,450.0
16626,7923,398,1,120.0,120.0
16627,7925,158,1,270.0,270.0
16628,7925,140,2,260.0,520.0
16629,7925,159,1,320.0,320.0
16630,7925,218,1,160.0,160.0
16631,7925,140,1,260.0,260.0
16632,7926,179,1,160.0,160.0
16633,7927,646,1,80.0,80.0
16634,7927,729,1,90.0,90.0
16635,7927,646,1,80.0,80.0
16636,7927,381,1,560.0,560.0
16637,7928,209,1,50.0,50.0
16638,7928,209,1,50.0,50.0
16639,7928,271,1,510.0,510.0
16640,7928,111,1,190.0,190.0
16641,7928,384,1,350.0,350.0
16642,7929,382,1,40.0,40.0
16643,7929,444,2,110.0,220.0
16644,7929,444,2,110.0,220.0
16645,7930,361,1,60.0,60.0
16646,7931,547,2,100.0,200.0
16647,7932,293,2,40.0,80.0
16648,7933,42,3,110.0,330.0
16649,7933,42,1,110.0,110.0
16650,7934,747,1,180.0,180.0
16651,7934,204,2,280.0,560.0
16652,7935,700,3,50.0,150.0
16653,7935,700,1,50.0,50.0
16654,7937,459,2,120.0,240.0
16655,7938,37,1,100.0,100.0
16656,7939,130,1,300.0,300.0
16657,7940,320,2,100.0,200.0
16658,7940,386,1,70.0,70.0
16659,7940,320,2,100.0,200.0
16660,7940,592,2,340.0,680.0
16661,7941,214,1,190.0,190.0
16662,7941,120,3,60.0,180.0
16663,7941,101,1,300.0,300.0
16664,7942,44,1,290.0,290.0
16665,7944,668,1,110.0,110.0
16666,7944,634,1,120.0,120.0
16667,7945,418,1,50.0,50.0
16668,7945,99,3,560.0,1680.0
16669,7946,591,1,360.0,360.0
16670,7946,591,2,360.0,720.0
16671,7947,283,1,110.0,110.0
16672,7947,472,1,210.0,210.0
16673,7947,694,2,310.0,620.0
16674,7948,328,1,230.0,230.0
16675,7948,714,2,40.0,80.0
16676,7949,692,2,230.0,460.0
16677,7949,634,1,120.0,120.0
16678,7950,571,1,520.0,520.0
16679,7950,290,1,200.0,200.0
16680,7951,169,2,310.0,620.0
16681,7951,722,2,140.0,280.0
16682,7951,169,1,310.0,310.0
16683,7951,169,1,310.0,310.0
16684,7952,744,2,270.0,540.0
16685,7952,718,2,150.0,300.0
16686,7952,216,2,320.0,640.0
16687,7954,543,1,260.0,260.0
16688,7954,543,1,260.0,260.0
16689,7955,260,2,60.0,120.0
16690,7955,235,1,110.0,110.0
16691,7956,169,1,310.0,310.0
16692,7956,722,3,140.0,420.0
16693,7957,620,1,60.0,60.0
16694,7957,457,3,170.0,510.0
16695,7958,500,1,100.0,100.0
16696,7958,91,3,270.0,810.0
16697,7958,500,1,100.0,100.0
16698,7959,290,1,200.0,200.0
16699,7959,59,3,100.0,300.0
16700,7959,59,1,100.0,100.0
16701,7961,403,1,120.0,120.0
16702,7961,350,1,170.0,170.0
16703,7962,336,1,110.0,110.0
16704,7962,336,1,110.0,110.0
16705,7963,462,2,110.0,220.0
16706,7963,462,1,110.0,110.0
16707,7964,130,2,300.0,600.0
16708,7965,564,3,200.0,600.0
16709,7965,564,3,200.0,600.0
16710,7965,431,1,210.0,210.0
16711,7965,708,2,480.0,960.0
16712,7965,532,2,130.0,260.0
16713,7967,363,2,670.0,1340.0
16714,7967,424,1,90.0,90.0
16715,7968,243,2,250.0,500.0
16716,7968,48,1,180.0,180.0
16717,7968,103,2,500.0,1000.0
16718,7968,464,2,80.0,160.0
16719,7969,398,1,120.0,120.0
16720,7969,139,1,150.0,150.0
16721,7971,642,1,260.0,260.0
16722,7971,42,2,110.0,220.0
16723,7971,42,3,110.0,330.0
16724,7972,741,1,290.0,290.0
16725,7972,270,1,140.0,140.0
16726,7972,270,2,140.0,280.0
16727,7974,17,1,330.0,330.0
16728,7974,508,1,340.0,340.0
16729,7975,88,1,310.0,310.0
16730,7975,88,3,310.0,930.0
16731,7975,352,1,40.0,40.0
16732,7976,393,1,80.0,80.0
16733,7976,268,2,60.0,120.0
16734,7976,268,1,60.0,60.0
16735,7976,393,1,80.0,80.0
16736,7977,285,2,270.0,540.0
16737,7977,11,2,80.0,160.0
16738,7977,593,1,180.0,180.0
16739,7977,285,3,270.0,810.0
16740,7977,11,1,80.0,80.0
16741,7978,233,2,160.0,320.0
16742,7978,405,2,220.0,440.0
16743,7978,408,1,120.0,120.0
16744,7978,58,1,260.0,260.0
16745,7979,461,2,300.0,600.0
16746,7980,67,2,120.0,240.0
16747,7980,466,1,290.0,290.0
16748,7980,553,1,110.0,110.0
16749,7981,130,1,300.0,300.0
16750,7982,121,1,690.0,690.0
16751,7982,121,2,690.0,1380.0
16752,7983,710,1,210.0,210.0
16753,7983,710,1,210.0,210.0
16754,7984,215,2,210.0,420.0
16755,7984,215,1,210.0,210.0
16756,7984,529,1,60.0,60.0
16757,7985,245,1,290.0,290.0
16758,7985,481,2,50.0,100.0
16759,7985,743,1,90.0,90.0
16760,7986,298,1,40.0,40.0
16761,7986,298,1,40.0,40.0
16762,7986,16,2,90.0,180.0
16763,7986,504,1,390.0,390.0
16764,7987,298,2,40.0,80.0
16765,7987,521,2,330.0,660.0
16766,7988,421,2,160.0,320.0
16767,7988,635,1,560.0,560.0
16768,7989,448,3,110.0,330.0
16769,7989,198,1,570.0,570.0
16770,7989,60,2,80.0,160.0
16771,7990,744,1,270.0,270.0
16772,7990,744,1,270.0,270.0
16773,7990,35,1,310.0,310.0
16774,7991,202,2,300.0,600.0
16775,7992,604,1,60.0,60.0
16776,7992,719,1,50.0,50.0
16777,7992,604,2,60.0,120.0
16778,7993,118,2,170.0,340.0
16779,7993,512,1,50.0,50.0
16780,7994,598,2,440.0,880.0
16781,7994,610,1,220.0,220.0
16782,7994,328,1,230.0,230.0
16783,7994,655,2,250.0,500.0
16784,7994,610,2,220.0,440.0
16785,7995,746,1,60.0,60.0
16786,7995,540,2,50.0,100.0
16787,7995,517,1,180.0,180.0
16788,7995,540,2,50.0,100.0
16789,7996,341,1,150.0,150.0
16790,7996,82,2,70.0,140.0
16791,7997,561,1,290.0,290.0
16792,7997,47,3,40.0,120.0
16793,7997,47,2,40.0,80.0
16794,7998,435,1,70.0,70.0
16795,7998,725,1,90.0,90.0
16796,7998,145,1,320.0,320.0
16797,8000,382,2,40.0,80.0
16798,8000,382,1,40.0,40.0
16799,8001,230,1,120.0,120.0
16800,8001,230,3,120.0,360.0
16801,8002,378,1,320.0,320.0
16802,8002,179,1,160.0,160.0
16803,8003,22,1,80.0,80.0
16804,8003,613,1,190.0,190.0
16805,8003,613,1,190.0,190.0
16806,8004,709,2,190.0,380.0
16807,8004,204,1,280.0,280.0
16808,8005,65,3,330.0,990.0
16809,8005,338,1,210.0,210.0
16810,8006,337,1,290.0,290.0
16811,8006,483,2,130.0,260.0
16812,8006,483,1,130.0,130.0
16813,8007,408,1,120.0,120.0
16814,8008,509,3,250.0,750.0
16815,8009,424,1,90.0,90.0
16816,8010,374,1,130.0,130.0
16817,8010,378,1,320.0,320.0
16818,8012,631,1,300.0,300.0
16819,8012,664,1,110.0,110.0
16820,8012,736,1,60.0,60.0
16821,8012,664,1,110.0,110.0
16822,8012,240,1,200.0,200.0
16823,8013,261,2,60.0,120.0
16824,8013,543,1,260.0,260.0
16825,8013,36,1,80.0,80.0
16826,8015,205,1,50.0,50.0
16827,8015,205,2,50.0,100.0
16828,8016,422,1,130.0,130.0
16829,8017,532,1,130.0,130.0
16830,8017,532,1,130.0,130.0
16831,8018,56,1,260.0,260.0
16832,8018,56,1,260.0,260.0
16833,8020,658,1,60.0,60.0
16834,8021,744,1,270.0,270.0
16835,8022,83,2,170.0,340.0
16836,8022,492,1,350.0,350.0
16837,8022,473,2,80.0,160.0
16838,8022,492,3,350.0,1050.0
16839,8023,720,2,360.0,720.0
16840,8023,510,2,110.0,220.0
16841,8024,183,1,260.0,260.0
16842,8024,254,1,110.0,110.0
16843,8024,547,1,100.0,100.0
16844,8025,47,1,40.0,40.0
16845,8026,517,1,180.0,180.0
16846,8026,540,2,50.0,100.0
16847,8026,265,1,170.0,170.0
16848,8027,524,1,180.0,180.0
16849,8027,195,1,270.0,270.0
16850,8028,134,1,200.0,200.0
16851,8028,284,3,70.0,210.0
16852,8029,213,1,280.0,280.0
16853,8029,330,1,110.0,110.0
16854,8029,135,2,610.0,1220.0
16855,8030,629,3,290.0,870.0
16856,8030,424,1,90.0,90.0
16857,8030,629,2,290.0,580.0
16858,8031,6,2,200.0,400.0
16859,8032,619,1,60.0,60.0
16860,8032,351,1,60.0,60.0
16861,8032,528,2,160.0,320.0
16862,8033,626,1,260.0,260.0
16863,8033,255,3,70.0,210.0
16864,8034,409,2,200.0,400.0
16865,8034,508,2,340.0,680.0
16866,8035,168,1,60.0,60.0
16867,8035,326,2,110.0,220.0
16868,8037,217,1,50.0,50.0
16869,8037,151,2,120.0,240.0
16870,8038,453,1,170.0,170.0
16871,8038,665,1,120.0,120.0
16872,8038,157,2,240.0,480.0
16873,8038,453,2,170.0,340.0
16874,8039,581,1,130.0,130.0
16875,8039,323,1,50.0,50.0
16876,8039,581,1,130.0,130.0
16877,8040,596,3,300.0,900.0
16878,8040,308,3,340.0,1020.0
16879,8040,308,3,340.0,1020.0
16880,8041,350,1,170.0,170.0
16881,8041,506,1,110.0,110.0
16882,8042,516,1,100.0,100.0
16883,8042,606,2,40.0,80.0
16884,8043,657,1,210.0,210.0
16885,8043,140,2,260.0,520.0
16886,8044,275,2,170.0,340.0
16887,8044,438,1,300.0,300.0
16888,8044,551,1,120.0,120.0
16889,8044,300,2,330.0,660.0
16890,8046,328,1,230.0,230.0
16891,8046,610,2,220.0,440.0
16892,8046,328,2,230.0,460.0
16893,8047,697,1,210.0,210.0
16894,8048,139,1,150.0,150.0
16895,8049,33,3,60.0,180.0
16896,8049,239,1,240.0,240.0
16897,8049,239,2,240.0,480.0
16898,8052,104,2,240.0,480.0
16899,8052,534,2,80.0,160.0
16900,8052,373,1,260.0,260.0
16901,8053,98,2,270.0,540.0
16902,8053,535,1,250.0,250.0
16903,8053,535,2,250.0,500.0
16904,8053,535,3,250.0,750.0
16905,8055,24,1,50.0,50.0
16906,8056,673,1,230.0,230.0
16907,8056,673,1,230.0,230.0
16908,8056,126,1,510.0,510.0
16909,8057,694,3,310.0,930.0
16910,8058,488,3,180.0,540.0
16911,8058,479,1,80.0,80.0
16912,8059,619,2,60.0,120.0
16913,8059,528,2,160.0,320.0
16914,8059,619,1,60.0,60.0
16915,8060,216,2,320.0,640.0
16916,8060,216,2,320.0,640.0
16917,8060,744,1,270.0,270.0
16918,8060,744,3,270.0,810.0
16919,8061,270,2,140.0,280.0
16920,8061,270,1,140.0,140.0
16921,8063,113,1,430.0,430.0
16922,8063,171,1,180.0,180.0
16923,8063,683,1,50.0,50.0
16924,8063,171,3,180.0,540.0
16925,8064,671,3,220.0,660.0
16926,8064,332,1,180.0,180.0
16927,8065,184,1,500.0,500.0
16928,8065,184,2,500.0,1000.0
16929,8066,34,3,310.0,930.0
16930,8067,637,2,200.0,400.0
16931,8067,100,3,190.0,570.0
16932,8067,568,3,100.0,300.0
16933,8068,325,2,190.0,380.0
16934,8068,684,3,140.0,420.0
16935,8069,44,1,290.0,290.0
16936,8069,44,1,290.0,290.0
16937,8070,507,1,190.0,190.0
16938,8070,400,2,190.0,380.0
16939,8071,381,2,560.0,1120.0
16940,8072,271,1,510.0,510.0
16941,8072,262,1,80.0,80.0
16942,8072,570,3,530.0,1590.0
16943,8072,199,1,300.0,300.0
16944,8073,721,1,140.0,140.0
16945,8074,121,1,690.0,690.0
16946,8074,121,2,690.0,1380.0
16947,8075,444,1,110.0,110.0
16948,8075,382,1,40.0,40.0
16949,8076,719,1,50.0,50.0
16950,8076,136,2,530.0,1060.0
16951,8077,109,1,230.0,230.0
16952,8077,109,1,230.0,230.0
16953,8077,9,1,280.0,280.0
16954,8077,109,1,230.0,230.0
16955,8078,459,1,120.0,120.0
16956,8079,65,2,330.0,660.0
16957,8079,443,1,180.0,180.0
16958,8079,338,2,210.0,420.0
16959,8080,528,1,160.0,160.0
16960,8081,355,1,100.0,100.0
16961,8081,254,1,110.0,110.0
16962,8081,183,1,260.0,260.0
16963,8081,475,1,100.0,100.0
16964,8081,737,1,480.0,480.0
16965,8082,9,1,280.0,280.0
16966,8083,476,1,60.0,60.0
16967,8084,290,1,200.0,200.0
16968,8084,290,1,200.0,200.0
16969,8084,571,1,520.0,520.0
16970,8085,729,1,90.0,90.0
16971,8085,381,2,560.0,1120.0
16972,8085,381,3,560.0,1680.0
16973,8086,554,2,240.0,480.0
16974,8086,656,1,120.0,120.0
16975,8087,164,2,90.0,180.0
16976,8087,127,1,250.0,250.0
16977,8088,208,1,60.0,60.0
16978,8089,456,1,320.0,320.0
16979,8090,634,2,120.0,240.0
16980,8091,566,1,70.0,70.0
16981,8092,134,2,200.0,400.0
16982,8092,284,2,70.0,140.0
16983,8092,526,2,100.0,200.0
16984,8093,413,1,170.0,170.0
16985,8094,723,1,50.0,50.0
16986,8094,154,1,310.0,310.0
16987,8095,142,1,260.0,260.0
16988,8095,691,1,540.0,540.0
16989,8095,691,2,540.0,1080.0
16990,8095,142,1,260.0,260.0
16991,8096,655,3,250.0,750.0
16992,8097,158,2,270.0,540.0
16993,8097,657,1,210.0,210.0
16994,8098,537,1,90.0,90.0
16995,8099,671,3,220.0,660.0
16996,8099,332,1,180.0,180.0
16997,8101,128,2,140.0,280.0
16998,8101,75,2,230.0,460.0
16999,8101,128,1,140.0,140.0
17000,8102,532,1,130.0,130.0
17001,8103,705,1,160.0,160.0
17002,8103,602,1,580.0,580.0
17003,8104,57,2,230.0,460.0
17004,8104,57,1,230.0,230.0
17005,8105,289,2,160.0,320.0
17006,8105,663,1,170.0,170.0
17007,8106,126,2,510.0,1020.0
17008,8107,392,1,60.0,60.0
17009,8107,392,1,60.0,60.0
17010,8108,389,1,70.0,70.0
17011,8109,336,1,110.0,110.0
17012,8109,336,1,110.0,110.0
17013,8110,517,1,180.0,180.0
17014,8110,396,1,90.0,90.0
17015,8111,129,2,50.0,100.0
17016,8111,293,1,40.0,40.0
17017,8111,129,1,50.0,50.0
17018,8112,87,1,510.0,510.0
17019,8112,31,1,100.0,100.0
17020,8112,289,1,160.0,160.0
17021,8112,728,1,370.0,370.0
17022,8114,622,1,100.0,100.0
17023,8115,740,2,350.0,700.0
17024,8115,603,1,220.0,220.0
17025,8115,564,1,200.0,200.0
17026,8117,641,1,300.0,300.0
17027,8118,548,1,230.0,230.0
17028,8118,339,2,550.0,1100.0
17029,8118,548,1,230.0,230.0
17030,8119,590,1,290.0,290.0
17031,8120,292,1,530.0,530.0
17032,8121,2,1,40.0,40.0
17033,8121,88,2,310.0,620.0
17034,8122,174,3,110.0,330.0
17035,8122,627,2,300.0,600.0
17036,8122,69,2,630.0,1260.0
17037,8122,291,1,280.0,280.0
17038,8122,211,1,350.0,350.0
17039,8123,494,2,50.0,100.0
17040,8124,413,1,170.0,170.0
17041,8124,686,2,70.0,140.0
17042,8124,293,2,40.0,80.0
17043,8125,422,1,130.0,130.0
17044,8125,479,1,80.0,80.0
17045,8126,641,1,300.0,300.0
17046,8127,577,2,70.0,140.0
17047,8127,483,2,130.0,260.0
17048,8127,577,3,70.0,210.0
17049,8127,337,1,290.0,290.0
17050,8128,516,1,100.0,100.0
17051,8128,606,3,40.0,120.0
17052,8129,722,1,140.0,140.0
17053,8129,169,2,310.0,620.0
17054,8129,717,1,60.0,60.0
17055,8129,184,2,500.0,1000.0
17056,8129,722,1,140.0,140.0
17057,8130,689,1,60.0,60.0
17058,8130,463,1,60.0,60.0
17059,8130,105,3,50.0,150.0
17060,8130,463,1,60.0,60.0
17061,8131,207,1,70.0,70.0
17062,8131,3,1,100.0,100.0
17063,8132,558,1,330.0,330.0
17064,8132,726,2,310.0,620.0
17065,8132,600,1,170.0,170.0
17066,8132,558,2,330.0,660.0
17067,8132,510,2,110.0,220.0
17068,8133,214,1,190.0,190.0
17069,8133,101,1,300.0,300.0
17070,8134,552,1,170.0,170.0
17071,8134,606,2,40.0,80.0
17072,8135,252,1,350.0,350.0
17073,8135,314,1,320.0,320.0
17074,8137,292,1,530.0,530.0
17075,8139,536,1,310.0,310.0
17076,8140,749,1,70.0,70.0
17077,8140,731,2,280.0,560.0
17078,8140,324,1,30.0,30.0
17079,8141,465,1,90.0,90.0
17080,8141,465,3,90.0,270.0
17081,8142,691,1,540.0,540.0
17082,8142,721,2,140.0,280.0
17083,8142,142,1,260.0,260.0
17084,8142,434,2,670.0,1340.0
17085,8143,352,1,40.0,40.0
17086,8144,620,1,60.0,60.0
17087,8145,743,1,90.0,90.0
17088,8145,743,1,90.0,90.0
17089,8146,583,1,140.0,140.0
17090,8146,745,2,90.0,180.0
17091,8146,583,1,140.0,140.0
17092,8147,661,2,50.0,100.0
17093,8147,648,2,200.0,400.0
17094,8148,379,2,70.0,140.0
17095,8148,628,1,450.0,450.0
17096,8148,628,2,450.0,900.0
17097,8148,541,2,300.0,600.0
17098,8149,708,2,480.0,960.0
17099,8149,603,2,220.0,440.0
17100,8150,195,1,270.0,270.0
17101,8150,246,1,190.0,190.0
17102,8151,449,1,210.0,210.0
17103,8151,201,1,100.0,100.0
17104,8151,678,3,180.0,540.0
17105,8152,341,2,150.0,300.0
17106,8152,594,2,330.0,660.0
17107,8152,594,1,330.0,330.0
17108,8153,620,1,60.0,60.0
17109,8154,749,1,70.0,70.0
17110,8154,324,2,30.0,60.0
17111,8155,99,1,560.0,560.0
17112,8155,418,1,50.0,50.0
17113,8155,99,1,560.0,560.0
17114,8156,494,1,50.0,50.0
17115,8156,48,1,180.0,180.0
17116,8157,134,2,200.0,400.0
17117,8157,526,1,100.0,100.0
17118,8157,284,1,70.0,70.0
17119,8158,363,1,670.0,670.0
17120,8159,38,1,620.0,620.0
17121,8159,318,1,90.0,90.0
17122,8160,344,1,60.0,60.0
17123,8160,446,1,300.0,300.0
17124,8160,344,1,60.0,60.0
17125,8161,303,1,110.0,110.0
17126,8161,303,1,110.0,110.0
17127,8162,345,1,330.0,330.0
17128,8163,258,1,270.0,270.0
17129,8163,477,1,290.0,290.0
17130,8163,503,2,270.0,540.0
17131,8166,488,1,180.0,180.0
17132,8166,417,1,60.0,60.0
17133,8166,417,1,60.0,60.0
17134,8166,488,1,180.0,180.0
17135,8166,359,1,580.0,580.0
17136,8168,738,1,110.0,110.0
17137,8168,212,1,100.0,100.0
17138,8169,636,1,50.0,50.0
17139,8169,455,1,120.0,120.0
17140,8170,386,1,70.0,70.0
17141,8171,234,1,130.0,130.0
17142,8171,352,1,40.0,40.0
17143,8171,234,1,130.0,130.0
17144,8172,88,3,310.0,930.0
17145,8173,722,1,140.0,140.0
17146,8173,184,3,500.0,1500.0
17147,8174,655,3,250.0,750.0
17148,8174,598,3,440.0,1320.0
17149,8175,291,1,280.0,280.0
17150,8176,599,2,100.0,200.0
17151,8176,44,3,290.0,870.0
17152,8176,340,1,60.0,60.0
17153,8177,347,1,180.0,180.0
17154,8177,710,1,210.0,210.0
17155,8177,203,2,190.0,380.0
17156,8178,699,2,320.0,640.0
17157,8178,505,1,70.0,70.0
17158,8179,526,1,100.0,100.0
17159,8179,134,1,200.0,200.0
17160,8179,284,2,70.0,140.0
17161,8179,526,1,100.0,100.0
17162,8180,431,1,210.0,210.0
17163,8180,740,1,350.0,350.0
17164,8180,708,1,480.0,480.0
17165,8181,543,1,260.0,260.0
17166,8181,543,1,260.0,260.0
17167,8181,261,2,60.0,120.0
17168,8181,36,1,80.0,80.0
17169,8181,738,2,110.0,220.0
17170,8182,193,1,150.0,150.0
17171,8182,64,1,140.0,140.0
17172,8182,224,1,120.0,120.0
17173,8182,519,1,170.0,170.0
17174,8183,415,1,70.0,70.0
17175,8183,245,1,290.0,290.0
17176,8184,248,1,280.0,280.0
17177,8184,200,2,660.0,1320.0
17178,8185,436,1,110.0,110.0
17179,8185,380,3,310.0,930.0
17180,8186,692,1,230.0,230.0
17181,8186,668,1,110.0,110.0
17182,8186,93,1,710.0,710.0
17183,8187,480,3,510.0,1530.0
17184,8187,500,2,100.0,200.0
17185,8187,480,1,510.0,510.0
17186,8187,91,2,270.0,540.0
17187,8188,673,2,230.0,460.0
17188,8188,126,3,510.0,1530.0
17189,8188,673,1,230.0,230.0
17190,8189,127,2,250.0,500.0
17191,8189,164,2,90.0,180.0
17192,8190,193,1,150.0,150.0
17193,8191,170,1,60.0,60.0
17194,8191,306,2,190.0,380.0
17195,8192,452,1,270.0,270.0
17196,8193,475,2,100.0,200.0
17197,8193,547,1,100.0,100.0
17198,8194,690,1,70.0,70.0
17199,8194,696,1,300.0,300.0
17200,8194,193,2,150.0,300.0
17201,8194,64,2,140.0,280.0
17202,8195,407,2,250.0,500.0
17203,8195,331,2,450.0,900.0
17204,8196,581,1,130.0,130.0
17205,8198,745,2,90.0,180.0
17206,8199,710,3,210.0,630.0
17207,8199,347,1,180.0,180.0
17208,8199,203,2,190.0,380.0
17209,8200,587,3,240.0,720.0
17210,8200,495,2,180.0,360.0
17211,8200,490,2,50.0,100.0
17212,8200,490,2,50.0,100.0
17213,8200,495,1,180.0,180.0
17214,8201,616,1,190.0,190.0
17215,8201,616,1,190.0,190.0
17216,8201,616,3,190.0,570.0
17217,8202,314,2,320.0,640.0
17218,8202,437,1,130.0,130.0
17219,8202,739,1,290.0,290.0
17220,8203,164,1,90.0,90.0
17221,8203,164,1,90.0,90.0
17222,8204,470,2,320.0,640.0
17223,8204,470,1,320.0,320.0
17224,8205,419,2,270.0,540.0
17225,8205,183,1,260.0,260.0
17226,8205,183,1,260.0,260.0
17227,8206,210,1,50.0,50.0
17228,8206,305,1,160.0,160.0
17229,8207,641,2,300.0,600.0
17230,8208,206,1,60.0,60.0
17231,8208,96,1,210.0,210.0
17232,8209,306,2,190.0,380.0
17233,8209,335,1,40.0,40.0
17234,8210,642,3,260.0,780.0
17235,8210,642,2,260.0,520.0
17236,8211,648,1,200.0,200.0
17237,8211,661,3,50.0,150.0
17238,8212,127,2,250.0,500.0
17239,8213,322,2,170.0,340.0
17240,8213,274,1,80.0,80.0
17241,8213,531,1,50.0,50.0
17242,8213,531,1,50.0,50.0
17243,8213,106,2,550.0,1100.0
17244,8215,20,1,90.0,90.0
17245,8215,608,3,70.0,210.0
17246,8216,417,2,60.0,120.0
17247,8216,417,1,60.0,60.0
17248,8216,452,1,270.0,270.0
17249,8217,382,1,40.0,40.0
17250,8217,182,1,90.0,90.0
17251,8218,465,2,90.0,180.0
17252,8218,403,2,120.0,240.0
17253,8218,506,1,110.0,110.0
17254,8219,299,1,70.0,70.0
17255,8220,555,1,250.0,250.0
17256,8220,134,2,200.0,400.0
17257,8221,504,1,390.0,390.0
17258,8221,521,2,330.0,660.0
17259,8221,16,1,90.0,90.0
17260,8223,496,2,220.0,440.0
17261,8223,496,1,220.0,220.0
17262,8224,373,1,260.0,260.0
17263,8224,21,2,640.0,1280.0
17264,8224,104,1,240.0,240.0
17265,8224,21,3,640.0,1920.0
17266,8225,92,1,120.0,120.0
17267,8226,704,2,130.0,260.0
17268,8227,218,1,160.0,160.0
17269,8227,140,1,260.0,260.0
17270,8228,78,2,50.0,100.0
17271,8229,744,3,270.0,810.0
17272,8229,744,1,270.0,270.0
17273,8229,744,1,270.0,270.0
17274,8230,629,1,290.0,290.0
17275,8230,424,1,90.0,90.0
17276,8231,311,1,60.0,60.0
17277,8231,394,1,250.0,250.0
17278,8232,731,1,280.0,280.0
17279,8233,443,2,180.0,360.0
17280,8233,443,2,180.0,360.0
17281,8233,443,2,180.0,360.0
17282,8234,587,1,240.0,240.0
17283,8234,633,1,170.0,170.0
17284,8235,182,1,90.0,90.0
17285,8235,182,2,90.0,180.0
17286,8236,133,2,210.0,420.0
17287,8236,204,2,280.0,560.0
17288,8237,229,2,340.0,680.0
17289,8237,229,1,340.0,340.0
17290,8239,474,1,150.0,150.0
17291,8240,95,2,90.0,180.0
17292,8240,494,1,50.0,50.0
17293,8241,626,1,260.0,260.0
17294,8242,371,1,80.0,80.0
17295,8243,571,3,520.0,1560.0
17296,8244,692,3,230.0,690.0
17297,8244,668,2,110.0,220.0
17298,8245,78,1,50.0,50.0
17299,8245,742,1,90.0,90.0
17300,8245,667,1,310.0,310.0
17301,8245,735,1,40.0,40.0
17302,8247,388,2,60.0,120.0
17303,8247,15,1,670.0,670.0
17304,8248,710,1,210.0,210.0
17305,8248,710,1,210.0,210.0
17306,8248,203,2,190.0,380.0
17307,8249,112,1,580.0,580.0
17308,8249,505,2,70.0,140.0
17309,8250,475,1,100.0,100.0
17310,8250,547,2,100.0,200.0
17311,8250,419,1,270.0,270.0
17312,8250,419,1,270.0,270.0
17313,8250,547,1,100.0,100.0
17314,8251,539,1,90.0,90.0
17315,8251,80,1,280.0,280.0
17316,8251,420,1,270.0,270.0
17317,8251,429,2,220.0,440.0
17318,8252,109,1,230.0,230.0
17319,8252,643,2,280.0,560.0
17320,8252,643,1,280.0,280.0
17321,8254,136,2,530.0,1060.0
17322,8255,72,1,270.0,270.0
17323,8255,419,3,270.0,810.0
17324,8255,547,2,100.0,200.0
17325,8256,6,1,200.0,200.0
17326,8256,6,2,200.0,400.0
17327,8256,584,1,50.0,50.0
17328,8256,660,1,250.0,250.0
17329,8258,492,1,350.0,350.0
17330,8258,623,1,170.0,170.0
17331,8259,219,1,100.0,100.0
17332,8259,219,1,100.0,100.0
17333,8259,580,3,40.0,120.0
17334,8260,189,2,170.0,340.0
17335,8260,658,1,60.0,60.0
17336,8261,650,1,170.0,170.0
17337,8261,569,1,210.0,210.0
17338,8261,569,2,210.0,420.0
17339,8262,394,2,250.0,500.0
17340,8263,109,1,230.0,230.0
17341,8263,117,1,40.0,40.0
17342,8263,643,1,280.0,280.0
17343,8263,117,1,40.0,40.0
17344,8265,361,1,60.0,60.0
17345,8265,480,1,510.0,510.0
17346,8266,283,2,110.0,220.0
17347,8266,694,2,310.0,620.0
17348,8266,694,1,310.0,310.0
17349,8266,694,2,310.0,620.0
17350,8266,694,3,310.0,930.0
17351,8267,533,1,530.0,530.0
17352,8267,246,1,190.0,190.0
17353,8268,102,1,300.0,300.0
17354,8269,260,2,60.0,120.0
17355,8269,235,2,110.0,220.0
17356,8270,105,1,50.0,50.0
17357,8270,32,2,290.0,580.0
17358,8271,527,1,100.0,100.0
17359,8271,527,1,100.0,100.0
17360,8272,567,1,140.0,140.0
17361,8272,750,1,220.0,220.0
17362,8272,750,2,220.0,440.0
17363,8272,268,1,60.0,60.0
17364,8272,750,1,220.0,220.0
17365,8273,233,1,160.0,160.0
17366,8274,540,1,50.0,50.0
17367,8275,427,1,280.0,280.0
17368,8275,649,1,320.0,320.0
17369,8276,632,2,340.0,680.0
17370,8277,142,1,260.0,260.0
17371,8277,142,2,260.0,520.0
17372,8277,142,1,260.0,260.0
17373,8277,434,1,670.0,670.0
17374,8278,722,1,140.0,140.0
17375,8279,75,1,230.0,230.0
17376,8279,75,2,230.0,460.0
17377,8280,392,1,60.0,60.0
17378,8280,73,2,70.0,140.0
17379,8280,73,1,70.0,70.0
17380,8281,202,2,300.0,600.0
17381,8281,464,1,80.0,80.0
17382,8281,243,1,250.0,250.0
17383,8281,243,1,250.0,250.0
17384,8282,605,1,320.0,320.0
17385,8282,12,1,60.0,60.0
17386,8283,169,2,310.0,620.0
17387,8283,184,1,500.0,500.0
17388,8283,221,2,110.0,220.0
17389,8283,717,1,60.0,60.0
17390,8284,216,2,320.0,640.0
17391,8284,216,1,320.0,320.0
17392,8284,718,1,150.0,150.0
17393,8285,350,1,170.0,170.0
17394,8285,550,3,400.0,1200.0
17395,8287,395,2,60.0,120.0
17396,8287,401,1,230.0,230.0
17397,8287,411,1,240.0,240.0
17398,8288,177,1,70.0,70.0
17399,8288,420,1,270.0,270.0
17400,8288,162,1,290.0,290.0
17401,8288,539,2,90.0,180.0
17402,8288,162,2,290.0,580.0
17403,8289,359,1,580.0,580.0
17404,8289,359,2,580.0,1160.0
17405,8289,488,3,180.0,540.0
17406,8289,452,2,270.0,540.0
17407,8290,653,2,140.0,280.0
17408,8290,195,1,270.0,270.0
17409,8291,200,1,660.0,660.0
17410,8291,247,1,190.0,190.0
17411,8292,268,2,60.0,120.0
17412,8292,393,1,80.0,80.0
17413,8292,750,3,220.0,660.0
17414,8293,535,1,250.0,250.0
17415,8294,652,1,100.0,100.0
17416,8295,176,1,230.0,230.0
17417,8295,3,1,100.0,100.0
17418,8295,176,1,230.0,230.0
17419,8296,738,1,110.0,110.0
17420,8297,164,1,90.0,90.0
17421,8297,127,1,250.0,250.0
17422,8300,523,1,200.0,200.0
17423,8300,601,2,230.0,460.0
17424,8300,601,1,230.0,230.0
17425,8301,716,1,290.0,290.0
17426,8301,194,1,670.0,670.0
17427,8302,496,1,220.0,220.0
17428,8302,496,2,220.0,440.0
17429,8303,216,1,320.0,320.0
17430,8303,744,3,270.0,810.0
17431,8303,216,1,320.0,320.0
17432,8303,216,2,320.0,640.0
17433,8304,363,1,670.0,670.0
17434,8305,284,1,70.0,70.0
17435,8305,555,1,250.0,250.0
17436,8306,461,2,300.0,600.0
17437,8307,293,1,40.0,40.0
17438,8307,686,3,70.0,210.0
17439,8308,500,2,100.0,200.0
17440,8308,480,1,510.0,510.0
17441,8309,674,2,630.0,1260.0
17442,8309,336,1,110.0,110.0
17443,8309,336,1,110.0,110.0
17444,8310,74,1,70.0,70.0
17445,8310,437,1,130.0,130.0
17446,8310,739,1,290.0,290.0
17447,8311,319,1,180.0,180.0
17448,8311,266,3,320.0,960.0
17449,8311,319,1,180.0,180.0
17450,8312,91,2,270.0,540.0
17451,8312,500,1,100.0,100.0
17452,8314,318,1,90.0,90.0
17453,8315,516,2,100.0,200.0
17454,8315,53,3,200.0,600.0
17455,8316,629,2,290.0,580.0
17456,8316,363,1,670.0,670.0
17457,8316,424,2,90.0,180.0
17458,8317,172,2,190.0,380.0
17459,8317,748,2,390.0,780.0
17460,8319,152,1,70.0,70.0
17461,8320,3,2,100.0,200.0
17462,8320,3,1,100.0,100.0
17463,8321,130,3,300.0,900.0
17464,8322,409,1,200.0,200.0
17465,8323,158,1,270.0,270.0
17466,8324,287,2,40.0,80.0
17467,8324,312,1,180.0,180.0
17468,8325,392,3,60.0,180.0
17469,8325,173,3,220.0,660.0
17470,8325,562,2,150.0,300.0
17471,8326,81,1,280.0,280.0
17472,8326,81,1,280.0,280.0
17473,8327,371,1,80.0,80.0
17474,8327,594,2,330.0,660.0
17475,8327,530,2,90.0,180.0
17476,8327,341,1,150.0,150.0
17477,8329,141,1,190.0,190.0
17478,8329,749,1,70.0,70.0
17479,8329,749,3,70.0,210.0
17480,8329,731,1,280.0,280.0
17481,8330,677,1,40.0,40.0
17482,8331,136,2,530.0,1060.0
17483,8331,406,2,180.0,360.0
17484,8332,571,2,520.0,1040.0
17485,8332,571,1,520.0,520.0
17486,8333,333,1,100.0,100.0
17487,8334,328,2,230.0,460.0
17488,8334,610,2,220.0,440.0
17489,8334,598,1,440.0,440.0
17490,8335,60,3,80.0,240.0
17491,8335,549,2,240.0,480.0
17492,8335,156,1,660.0,660.0
17493,8335,448,2,110.0,220.0
17494,8336,164,1,90.0,90.0
17495,8336,164,2,90.0,180.0
17496,8337,461,1,300.0,300.0
17497,8337,461,1,300.0,300.0
17498,8338,718,1,150.0,150.0
17499,8338,35,1,310.0,310.0
17500,8338,718,2,150.0,300.0
17501,8339,681,2,300.0,600.0
17502,8340,223,1,270.0,270.0
17503,8340,192,2,270.0,540.0
17504,8340,192,3,270.0,810.0
17505,8340,626,1,260.0,260.0
17506,8342,476,2,60.0,120.0
17507,8342,36,1,80.0,80.0
17508,8342,278,1,310.0,310.0
17509,8343,468,2,160.0,320.0
17510,8344,462,2,110.0,220.0
17511,8344,99,1,560.0,560.0
17512,8345,306,2,190.0,380.0
17513,8345,306,2,190.0,380.0
17514,8346,723,1,50.0,50.0
17515,8346,723,1,50.0,50.0
17516,8347,526,2,100.0,200.0
17517,8348,45,1,280.0,280.0
17518,8348,143,2,280.0,560.0
17519,8348,332,2,180.0,360.0
17520,8348,332,1,180.0,180.0
17521,8350,322,1,170.0,170.0
17522,8350,531,1,50.0,50.0
17523,8350,531,1,50.0,50.0
17524,8351,395,2,60.0,120.0
17525,8351,56,2,260.0,520.0
17526,8352,590,1,290.0,290.0
17527,8353,128,1,140.0,140.0
17528,8353,128,1,140.0,140.0
17529,8356,58,1,260.0,260.0
17530,8356,58,1,260.0,260.0
17531,8357,274,2,80.0,160.0
17532,8358,83,2,170.0,340.0
17533,8358,473,2,80.0,160.0
17534,8359,363,1,670.0,670.0
17535,8360,27,1,60.0,60.0
17536,8360,358,1,160.0,160.0
17537,8361,207,1,70.0,70.0
17538,8361,176,1,230.0,230.0
17539,8361,176,1,230.0,230.0
17540,8362,206,1,60.0,60.0
17541,8363,130,3,300.0,900.0
17542,8364,409,1,200.0,200.0
17543,8364,508,1,340.0,340.0
17544,8364,602,1,580.0,580.0
17545,8365,219,1,100.0,100.0
17546,8365,14,2,120.0,240.0
17547,8365,334,2,120.0,240.0
17548,8365,580,2,40.0,80.0
17549,8365,219,1,100.0,100.0
17550,8366,729,1,90.0,90.0
17551,8367,679,1,240.0,240.0
17552,8367,326,1,110.0,110.0
17553,8367,326,3,110.0,330.0
17554,8369,167,2,50.0,100.0
17555,8370,702,1,90.0,90.0
17556,8370,672,1,260.0,260.0
17557,8370,672,2,260.0,520.0
17558,8371,641,1,300.0,300.0
17559,8372,104,1,240.0,240.0
17560,8372,373,1,260.0,260.0
17561,8372,104,2,240.0,480.0
17562,8373,226,3,190.0,570.0
17563,8374,237,1,350.0,350.0
17564,8374,538,3,240.0,720.0
17565,8377,398,2,120.0,240.0
17566,8378,565,2,460.0,920.0
17567,8378,195,1,270.0,270.0
17568,8380,418,2,50.0,100.0
17569,8380,462,3,110.0,330.0
17570,8380,99,1,560.0,560.0
17571,8381,379,1,70.0,70.0
17572,8381,379,1,70.0,70.0
17573,8382,735,2,40.0,80.0
17574,8383,700,1,50.0,50.0
17575,8383,285,2,270.0,540.0
17576,8383,11,3,80.0,240.0
17577,8383,11,1,80.0,80.0
17578,8384,526,1,100.0,100.0
17579,8385,211,1,350.0,350.0
17580,8385,669,3,700.0,2100.0
17581,8386,301,3,40.0,120.0
17582,8386,305,1,160.0,160.0
17583,8387,717,1,60.0,60.0
17584,8387,184,2,500.0,1000.0
17585,8388,167,1,50.0,50.0
17586,8388,167,1,50.0,50.0
17587,8388,374,1,130.0,130.0
17588,8388,474,1,150.0,150.0
17589,8388,378,1,320.0,320.0
17590,8389,251,2,320.0,640.0
17591,8389,397,1,310.0,310.0
17592,8390,528,1,160.0,160.0
17593,8390,528,2,160.0,320.0
17594,8391,335,3,40.0,120.0
17595,8391,231,1,100.0,100.0
17596,8391,231,2,100.0,200.0
17597,8391,335,1,40.0,40.0
17598,8392,37,1,100.0,100.0
17599,8392,154,2,310.0,620.0
17600,8394,750,1,220.0,220.0
17601,8394,390,1,270.0,270.0
17602,8395,698,1,210.0,210.0
17603,8395,323,1,50.0,50.0
17604,8396,86,1,70.0,70.0
17605,8396,377,1,30.0,30.0
17606,8397,714,1,40.0,40.0
17607,8397,714,1,40.0,40.0
17608,8397,598,1,440.0,440.0
17609,8398,37,2,100.0,200.0
17610,8399,351,1,60.0,60.0
17611,8400,590,1,290.0,290.0
17612,8400,698,1,210.0,210.0
17613,8400,698,2,210.0,420.0
17614,8400,90,2,100.0,200.0
17615,8401,189,1,170.0,170.0
17616,8403,656,3,120.0,360.0
17617,8403,187,1,130.0,130.0
17618,8403,554,1,240.0,240.0
17619,8403,582,1,200.0,200.0
17620,8405,322,2,170.0,340.0
17621,8405,322,3,170.0,510.0
17622,8406,551,1,120.0,120.0
17623,8406,551,1,120.0,120.0
17624,8407,339,1,550.0,550.0
17625,8407,394,2,250.0,500.0
17626,8408,164,3,90.0,270.0
17627,8408,164,2,90.0,180.0
17628,8409,140,3,260.0,780.0
17629,8410,579,1,330.0,330.0
17630,8411,587,2,240.0,480.0
17631,8411,222,1,60.0,60.0
17632,8411,490,2,50.0,100.0
17633,8412,240,2,200.0,400.0
17634,8413,516,1,100.0,100.0
17635,8414,281,2,160.0,320.0
17636,8414,281,1,160.0,160.0
17637,8414,673,1,230.0,230.0
17638,8415,748,1,390.0,390.0
17639,8415,358,1,160.0,160.0
17640,8415,402,1,230.0,230.0
17641,8415,748,2,390.0,780.0
17642,8415,165,2,180.0,360.0
17643,8416,517,2,180.0,360.0
17644,8416,661,1,50.0,50.0
17645,8418,130,3,300.0,900.0
17646,8420,349,1,420.0,420.0
17647,8420,193,2,150.0,300.0
17648,8420,519,1,170.0,170.0
17649,8421,375,1,310.0,310.0
17650,8421,632,1,340.0,340.0
17651,8421,266,2,320.0,640.0
17652,8421,367,1,270.0,270.0
17653,8421,440,2,150.0,300.0
17654,8422,348,1,70.0,70.0
17655,8423,622,1,100.0,100.0
17656,8423,276,1,200.0,200.0
17657,8424,743,2,90.0,180.0
17658,8424,712,1,70.0,70.0
17659,8424,712,1,70.0,70.0
17660,8425,6,2,200.0,400.0
17661,8425,715,2,230.0,460.0
17662,8426,624,2,70.0,140.0
17663,8426,283,2,110.0,220.0
17664,8426,364,1,190.0,190.0
17665,8426,624,2,70.0,140.0
17666,8427,180,1,190.0,190.0
17667,8428,661,1,50.0,50.0
17668,8428,265,1,170.0,170.0
17669,8428,661,2,50.0,100.0
17670,8429,686,1,70.0,70.0
17671,8429,413,1,170.0,170.0
17672,8430,606,1,40.0,40.0
17673,8430,516,3,100.0,300.0
17674,8431,91,1,270.0,270.0
17675,8431,91,1,270.0,270.0
17676,8431,480,2,510.0,1020.0
17677,8431,361,1,60.0,60.0
17678,8433,352,3,40.0,120.0
17679,8433,234,1,130.0,130.0
17680,8434,468,1,160.0,160.0
17681,8434,26,3,300.0,900.0
17682,8434,615,1,110.0,110.0
17683,8435,642,1,260.0,260.0
17684,8436,42,1,110.0,110.0
17685,8436,616,2,190.0,380.0
17686,8436,42,1,110.0,110.0
17687,8437,59,1,100.0,100.0
17688,8437,571,1,520.0,520.0
17689,8438,512,1,50.0,50.0
17690,8438,512,2,50.0,100.0
17691,8438,503,1,270.0,270.0
17692,8439,186,3,250.0,750.0
17693,8439,186,1,250.0,250.0
17694,8440,178,2,60.0,120.0
17695,8441,55,2,140.0,280.0
17696,8442,594,1,330.0,330.0
17697,8442,341,1,150.0,150.0
17698,8443,422,1,130.0,130.0
17699,8443,488,1,180.0,180.0
17700,8444,102,1,300.0,300.0
17701,8444,34,1,310.0,310.0
17702,8444,232,1,280.0,280.0
17703,8444,102,2,300.0,600.0
17704,8444,34,2,310.0,620.0
17705,8445,363,1,670.0,670.0
17706,8445,629,2,290.0,580.0
17707,8446,641,1,300.0,300.0
17708,8448,717,1,60.0,60.0
17709,8448,722,3,140.0,420.0
17710,8449,373,2,260.0,520.0
17711,8449,534,1,80.0,80.0
17712,8449,104,1,240.0,240.0
17713,8449,534,1,80.0,80.0
17714,8450,750,2,220.0,440.0
17715,8451,255,1,70.0,70.0
17716,8451,255,1,70.0,70.0
17717,8452,649,2,320.0,640.0
17718,8452,427,2,280.0,560.0
17719,8452,192,3,270.0,810.0
17720,8453,410,1,570.0,570.0
17721,8454,667,2,310.0,620.0
17722,8454,250,1,320.0,320.0
17723,8455,108,2,230.0,460.0
17724,8455,715,1,230.0,230.0
17725,8455,660,1,250.0,250.0
17726,8456,629,1,290.0,290.0
17727,8456,629,2,290.0,580.0
17728,8457,226,1,190.0,190.0
17729,8457,255,3,70.0,210.0
17730,8458,386,1,70.0,70.0
17731,8458,70,1,50.0,50.0
17732,8458,662,1,590.0,590.0
17733,8458,320,2,100.0,200.0
17734,8459,473,1,80.0,80.0
17735,8460,436,1,110.0,110.0
17736,8460,583,2,140.0,280.0
17737,8462,345,1,330.0,330.0
17738,8463,565,2,460.0,920.0
17739,8463,533,1,530.0,530.0
17740,8464,287,2,40.0,80.0
17741,8464,287,1,40.0,40.0
17742,8464,190,2,550.0,1100.0
17743,8464,157,2,240.0,480.0
17744,8464,312,1,180.0,180.0
17745,8465,500,1,100.0,100.0
17746,8466,279,3,70.0,210.0
17747,8468,404,1,60.0,60.0
17748,8468,671,2,220.0,440.0
17749,8469,426,1,140.0,140.0
17750,8469,466,3,290.0,870.0
17751,8469,426,1,140.0,140.0
17752,8470,293,1,40.0,40.0
17753,8470,413,2,170.0,340.0
17754,8471,396,1,90.0,90.0
17755,8471,703,1,90.0,90.0
17756,8471,396,1,90.0,90.0
17757,8472,63,1,680.0,680.0
17758,8473,716,2,290.0,580.0
17759,8473,716,2,290.0,580.0
17760,8473,201,1,100.0,100.0
17761,8473,716,1,290.0,290.0
17762,8474,695,1,280.0,280.0
17763,8474,695,2,280.0,560.0
17764,8475,727,2,250.0,500.0
17765,8475,681,2,300.0,600.0
17766,8475,28,3,210.0,630.0
17767,8476,639,1,200.0,200.0
17768,8477,261,1,60.0,60.0
17769,8477,36,3,80.0,240.0
17770,8477,261,1,60.0,60.0
17771,8478,434,1,670.0,670.0
17772,8478,470,1,320.0,320.0
17773,8479,683,2,50.0,100.0
17774,8479,360,1,410.0,410.0
17775,8481,282,1,100.0,100.0
17776,8482,239,2,240.0,480.0
17777,8482,630,1,40.0,40.0
17778,8483,164,2,90.0,180.0
17779,8483,127,2,250.0,500.0
17780,8484,64,2,140.0,280.0
17781,8484,224,1,120.0,120.0
17782,8484,696,1,300.0,300.0
17783,8485,629,1,290.0,290.0
17784,8486,99,1,560.0,560.0
17785,8487,652,2,100.0,200.0
17786,8487,697,2,210.0,420.0
17787,8487,652,2,100.0,200.0
17788,8487,399,1,190.0,190.0
17789,8488,464,1,80.0,80.0
17790,8488,48,1,180.0,180.0
17791,8489,587,1,240.0,240.0
17792,8489,222,2,60.0,120.0
17793,8492,641,2,300.0,600.0
17794,8493,422,1,130.0,130.0
17795,8493,479,2,80.0,160.0
17796,8493,452,2,270.0,540.0
17797,8495,321,1,310.0,310.0
17798,8495,441,1,190.0,190.0
17799,8496,510,1,110.0,110.0
17800,8496,510,1,110.0,110.0
17801,8498,748,3,390.0,1170.0
17802,8498,27,3,60.0,180.0
17803,8498,402,1,230.0,230.0
17804,8499,163,3,90.0,270.0
17805,8499,248,1,280.0,280.0
17806,8500,729,1,90.0,90.0
